url,status,redirect_to,canonical,robots,has_disclosure,title,description
https://echowater.com/agents.md,200,,,,false,,
https://echowater.com/,200,,https://echowater.com/,,true,Echo Hydrogen Water | Feel the Echo Difference &ndash; Echo Water,"Echo Water is a leading provider of hydrogen water. Our advanced hydrogen tech delivers molecular hydrogen - an ultra-selective antioxidant - how you need it, when you need it."
https://echowater.com/products/echo-ultimate-hydrogen-water,200,,https://echowater.com/products/echo-ultimate-hydrogen-water,,true,Echo Ultimate™ Hydrogen Alkaline Water Machine - Multi-Functional Water Enhancement System &ndash; Echo Water,"Echo Ultimate Hydrogen Water Machine offers a versatile solution for your water needs, producing four types of water: hydrogen, alkaline, acidic, and filtered. Ideal for health, cleaning, and skincare, it&#39;s a perfect fit for any home with easy installation options and a 10-year warranty."
https://echowater.com/products/echo-cleaning-cartridge,200,,https://echowater.com/products/echo-cleaning-cartridge,,true,Echo Cleaning Cartridge &ndash; Echo Water,"Elevate your hydrogen water experience with our citric acid cleaning solution. The Echo Cleaning Cartridge delivers a powerful yet natural cleanse for your Echo Water Machine, removing buildup and ensuring optimal performance. Maintain pristine water quality and extend your machine&#39;s lifespan wi"
https://echowater.com/products/echo-retro-hollow-fiber-filter,200,,https://echowater.com/products/echo-retro-hollow-fiber-filter,,true,Echo Retro/NHM130 Hollow Fiber Filter &ndash; Echo Water,"As one of the required Echo Retro (Discontinued Machine, also previously named NHM-130 Machine) filters, the Echo Retro Hollow Fiber Filter (previously called NHM-130 Hollow Fiber Filter) removes: Chlorine Bacteria Chloramines Pharmaceutical drugs Water soluble metals Pesticides Other harmful chemic"
https://echowater.com/products/echo-h2-hydrogen-water-machine,200,,https://echowater.com/products/echo-h2-hydrogen-water-machine,,true,ECHO H2® Hydrogen Water Machine &ndash; Echo Water,"Upgrade your hydration with the Echo H2 Hydrogen Water Machine. This advanced machine enriches water with molecular hydrogen, offering health benefits like reduced oxidative stress and better hydration. Easy installation, either countertop or under-counter, makes it a perfect fit for any home."
https://echowater.com/products/echo-h2-server-hydrogen-water,200,,https://echowater.com/products/echo-h2-server-hydrogen-water,,true,ECHO Flow &ndash; Echo Water,"Enhance your health with the Echo H2® Server, a state-of-the-art hydrogen water generator for home use. Effortlessly connect it to your existing water system or RO unit for a continuous supply of hydrogen-enriched water, promoting wellness, energy, and better hydration for the whole family."
https://echowater.com/products/echo-retro-carbon-block-filter,200,,https://echowater.com/products/echo-retro-carbon-block-filter,,true,Echo Retro/NHM130 Carbon Block Filter &ndash; Echo Water,The Echo Retro Carbon Block Filter (previously named NHM-130 Carbon Block Filter) is one of the two necessary filters for the Echo Retro (previously named NHM-130 Machine). The proprietary Carbon Block Filter removes: Chlorine Chloramines Pharmaceutical drugs Water-soluble metals Bacteria Algae Pest
https://echowater.com/products/echo-ro-reverse-osmosis,200,,https://echowater.com/products/echo-ro-reverse-osmosis,,true,ECHO RO™ Tankless Reverse Osmosis Water Filter Machine &ndash; Echo Water,"The Echo RO Reverse Osmosis Water Filter, a tankless, space-saving solution for ultra-pure, 99% contaminant-free water. Enjoy the benefits of a multi-stage filtration system that eliminates chlorine, lead, and heavy metals, providing fresh, great-tasting water directly from your tap."
https://echowater.com/products/echo-secondary-filter,200,,https://echowater.com/products/echo-secondary-filter,,true,Echo Secondary Filter &ndash; Echo Water,"Upgrade your water quality with the Echo Secondary Filter. Designed specifically for Echo 9, Echo 9 Ultra, and Echo Ultimate systems, this essential component ensures maximum purification. Experience cleaner, better-tasting water with our advanced filtration technology that removes impurities while "
https://echowater.com/products/echo-ultimate-digital-faucet,200,,https://echowater.com/products/echo-ultimate-digital-faucet,,true,Echo Ultimate Digital Faucet &ndash; Echo Water,The Echo Ultimate Digital Faucet allows you to permanently install the Echo Ultimate Machine under the counter but still access all water types from the small touch screen interface on the top of the faucet.
https://echowater.com/products/echo-basics-faucet,200,,https://echowater.com/products/echo-basics-faucet,,true,Echo RO/Flow Faucet &ndash; Echo Water,This faucet is compatible with the Echo RO and the Echo H2 Server.The Echo RO/Flow (formerly H2 Server) Faucet™ is a manual drinking water faucet designed to work with most Echo Water Machines. This faucet has a clean design and comes in a variety of finishes to match your primary faucet. This is a 
https://echowater.com/products/echo-h2-faucet,200,,https://echowater.com/products/echo-h2-faucet,,true,Echo H2 Faucet &ndash; Echo Water,This faucet is compatible with the Echo H2 Machine and looks gorgeous with your sink.The Echo H2 Faucet™ is a manual drinking water faucet designed to work with most Echo Water Machines. This faucet has a clean design and comes in a variety of finishes to match your primary faucet. This is a seconda
https://echowater.com/products/replacement-parts-go-plus,200,,https://echowater.com/products/replacement-parts-go-plus,,true,Echo Go+ Parts For Reliable Hydrogen Water &ndash; Echo Water,"Discover essential replacement parts for your Echo Go+ hydrogen water generator. Our high-quality components ensure your device continues to deliver optimal hydrogen-rich water daily. From lids to generators, each part is precision-engineered to maintain performance and extend the life of your favor"
https://echowater.com/products/echo-ro-filter-set,200,,https://echowater.com/products/echo-ro-filter-set,,true,Echo RO Filters For Clean Water Purification &ndash; Echo Water,"The Echo Reverse Osmosis Filter will provide you with clean fresh tasting water. But in order to keep the system running at optimum levels you must replace the filters at regular intervals. We have 4 filter cartridges: Filter Cartridge Function Replacement Cycle Spun PP Filter (LABELED 1, or PP) Rem"
https://echowater.com/products/echo-replacement-filters,200,,https://echowater.com/products/echo-replacement-filters,,true,Echo Machine Replacement Filters &ndash; Echo Water,"Echo Replacement Water Filter Why Filtered Water? Living a healthy life includes drinking enough water. But simply drinking water isn’t enough. Have you ever stopped to think about what’s in the water you drink? If you’re trying to live a healthy life, odds are you have a water filter in your home. "
https://echowater.com/products/echo-gift-card,200,,https://echowater.com/products/echo-gift-card,,true,Echo Gift Card &ndash; Echo Water,"Our gift cards come with an extended two-year expiration period! That’s 24 months of flexibility to use your card whenever it suits you best. Whether you’re planning ahead for a special occasion or simply taking your time to find the perfect item, our gift cards give you plenty of time to enjoy them"
https://echowater.com/products/echo-pitcher-housing-cartridge,200,,https://echowater.com/products/echo-pitcher-housing-cartridge,,true,Echo Pitcher Replacement Cartridge &ndash; Echo Water,"Upgrade your water quality with the Echo Pitcher Replacement Cartridge. This high-performance filter removes chlorine, metals, bacteria, and even PFAS chemicals from your drinking water. Featuring activated carbon technology, it effectively eliminates contaminants while maintaining essential mineral"
https://echowater.com/products/echo-revive,200,,https://echowater.com/products/echo-revive,,true,ECHO Revive Hydrogen Bath Water Machine &ndash; Echo Water,"Upgrade your bath routine with the Echo Revive. Enjoy the benefits of hydrogen-rich water, including reduced inflammation, improved skin health, and relief from muscle soreness. Order your Echo Revive today and start your journey to ultimate health."
https://echowater.com/products/echo-pitcher-filter,200,,https://echowater.com/products/echo-pitcher-filter,,true,Echo Pitcher Filter Housing and Cartridge &ndash; Echo Water,"By popular demand, our Echo Pitcher is able to generate hydrogen water, it can now also filter your water with our new Filter Housing and Cartridge accessory. This does not include the Echo Pitcher. To use the Echo Pitcher Filter Housing and Cartridge, you must first purchase an Echo Pitcher"
https://echowater.com/products/echo-refresh-hydrogen-inhalation-machine,200,,https://echowater.com/products/echo-refresh-hydrogen-inhalation-machine,,true,ECHO Refresh Hydrogen Inhalation Machine &ndash; Echo Water,"Introducing the Echo Refresh® hydrogen inhalation machine. The Refresh enables you to inhale hydrogen gas. It goes from your lungs into your bloodstream in a matter of seconds, so you can feel the positive effects of molecular hydrogen right away. Use as a stand alone therapy or combine with other m"
https://echowater.com/products/echo-guardian,200,,https://echowater.com/products/echo-guardian,,true,Echo Guard Under Sink Leak Detection and Alarm Kit &ndash; Echo Water,Echo Guardian provides 24/7 leak monitoring with early warning alerts to protect your home from costly water damage. Easy installation. Don&#39;t wait - safeguard your home with Echo Guardian today.
https://echowater.com/products/replacement-parts-echo-clean,200,,https://echowater.com/products/replacement-parts-echo-clean,,true,Echo Clean Replacement Parts &ndash; Echo Water,"Ensure your Echo Clean system performs at its best with our genuine replacement parts. These essential components maintain the efficiency and effectiveness of your natural bleach alternative. From spray nozzles to charging accessories, our high-quality parts extend the life of your Echo Clean device"
https://echowater.com/products/ultimate-hydrogen-health-bundle,200,,https://echowater.com/products/ultimate-hydrogen-health-bundle,,true,The Ultimate Hydrogen Health Bundle &ndash; Echo Water,"Tap into the supreme level of hydrogen health with our complete suite of hydrogen health technology. Echo Revive Hydrogen Bath Water Machine Transform your bath into a healing oasis with the Echo Revive. This innovative device infuses your bath water with hydrogen gas, a potent antioxidant known for"
https://echowater.com/products/healthy-home-bundle,200,,https://echowater.com/products/healthy-home-bundle,,true,Healthy Home Bundle &ndash; Echo Water,"Your water wellness upgrade. Hydrogen water. Purified water. One bundle.Everything you need for better hydration and a healthier home. Bundle Includes: ✔️ ECHO Flow ($2,499.99 Value) — Faucet-ready system for antioxidant-rich hydrogen water, on demand.✔️ ECHO RO ($699.99 Value) — Under-sink filtrati"
https://echowater.com/products/echo-flask,200,,https://echowater.com/products/echo-flask,,true,ECHO Flask Hydrogen Water Bottle &ndash; Echo Water,"The Echo Flask: Smart hydrogen water bottle with up to 8 ppm hydrogen concentration. Track hydration, customize settings &amp; fuel your cells. Safe &amp; effective."
https://echowater.com/products/echo-flask-parts,200,,https://echowater.com/products/echo-flask-parts,,true,Echo Flask Parts For Replacement Components &ndash; Echo Water,"Discover essential replacement components for your Echo Flask. Our high-quality parts ensure your hydrogen water bottle continues performing at its best. From lids to charging accessories, we provide everything needed to maintain optimal functionality and extend the lifespan of your favorite hydrati"
https://echowater.com/products/hydrogen-prebiotic-stick-pack-30-pack,200,,https://echowater.com/products/hydrogen-prebiotic-stick-pack-30-pack,,true,Echo Hydrogen Prebiotic Water Packets (30pk) | Instant Hydrogen Water Mix &ndash; Echo Water,"Boost energy, clarity, and gut health with Echo Prebiotic Hydrogen Water Packets. Instant hydration + probiotics in one easy drink mix."
https://echowater.com/products/whole-home-replacement-filters,200,,https://echowater.com/products/whole-home-replacement-filters,,true,Whole Home Replacement Filters &ndash; Echo Water,"Protect your investment and keep your water performing at its best with our premium replacement filters — engineered for long-lasting performance, safety, and reliability. Proudly Made in the USA, these filters are constructed using NSF/ANSI Standard 61 certified materials and are California Proposi"
https://echowater.com/products/flask-hydrogen-prebiotic-bundle,200,,https://echowater.com/products/flask-hydrogen-prebiotic-bundle,,true,"Buy an Echo Flask, Get 2 Month Supply of Hydrogen Prebiotics FREE &ndash; Echo Water","Echo Water is a leading provider of hydrogen water. Our advanced hydrogen tech delivers molecular hydrogen - an ultra-selective antioxidant - how you need it, when you need it."
https://echowater.com/products/echo-forty-hydrogen-tumbler,200,,https://echowater.com/products/echo-forty-hydrogen-tumbler,,true,ECHO Forty &ndash; Echo Water,"The ECHO Forty is a 40 oz portable tumbler that generates molecular hydrogen on demand, bringing hydrogen hydration into one of the largest portable formats available."
https://echowater.com/products/echo-one-machine,200,,https://echowater.com/products/echo-one-machine,,true,ECHO One &ndash; Echo Water,"The ECHO One is a high-purity, under-counter hydrogen water system that combines reverse osmosis and on-demand hydrogen generation for clean water everyday. By filtering water before hydrogen infusion, this system helps ensure efficient hydrogen generation while limiting unwanted byproducts."
https://echowater.com/products/pure-whole-home-water-filter,200,,https://echowater.com/products/pure-whole-home-water-filter,,true,ECHO Whole Home Water Filter &ndash; Echo Water,"Protect your whole home from harmful toxins with Echo’s advanced water filtration system. Clean, safe water from every tap."
https://echowater.com/products/ro-flask,200,,https://echowater.com/products/ro-flask,,true,Echo RO + Echo Flask &ndash; Echo Water,"Clean Water + Hydrogen Anywhere Great hydration starts with clean water. The Reverse Osmosis machine helps remove many dissolved contaminants commonly found in drinking water, giving you a purified foundation for better hydration at home. Pair it with the Echo Flask, and you can transform that purif"
https://echowater.com/products/whole-home-echo-one-flask,200,,https://echowater.com/products/whole-home-echo-one-flask,,true,Whole Home Filtration + Echo One + Echo Flask &ndash; Echo Water,"Your home’s water touches everything—what you drink, cook with, bathe in, and wash with. This bundle combines whole-home purification with advanced hydrogen water technology, giving your family cleaner water at every tap and powerful hydrogen-rich hydration on demand. The Whole Home Filtration Syste"
https://echowater.com/products/whole-home-flask,200,,https://echowater.com/products/whole-home-flask,,true,Whole Home Filtration + Echo Flask &ndash; Echo Water,"Cleaner Water for Your Home + Hydrogen on the Go This bundle improves your water quality at the household level while giving you the ability to generate hydrogen-rich water anywhere. The Whole Home Filtration System helps reduce common contaminants before they reach your taps, improving water qualit"
https://echowater.com/products/ultimate-flask,200,,https://echowater.com/products/ultimate-flask,,true,"Buy an Echo Ultimate, Get a FREE Echo Flask &ndash; Echo Water","Hydrogen Water at Home and On the Go For those who want the benefits of hydrogen-rich water both at home and on the move, this bundle pairs two of Echo’s most popular hydrogen systems. The Echo Ultimate produces hydrogen-rich water at home, delivering powerful molecular hydrogen infusion for daily h"
https://echowater.com/products/flow-flask,200,,https://echowater.com/products/flow-flask,,true,Echo Flow + Echo Flask &ndash; Echo Water,"Clean Water + Hydrogen Anywhere Great hydration starts with clean water. The Flow system helps remove many dissolved contaminants commonly found in drinking water, giving you a purified foundation for better hydration at home. Pair it with the Echo Flask, and you can transform that purified water in"
https://echowater.com/products/res-municipal-ro-essential,200,,https://echowater.com/products/res-municipal-ro-essential,,true,Echo Whole Home RO (Reverse Osmosis) System &ndash; Echo Water,"We offer three levels of Whole Home Reverse Osmosis (RO) systems designed to provide cleaner, safer, and better-tasting water throughout your entire home. Each system is engineered for city water applications and built with high-performance filtration, advanced sterilization, and scalable storage so"
https://echowater.com/products/echo-product-boxes,200,,https://echowater.com/products/echo-product-boxes,,true,Echo Product Boxes &ndash; Echo Water,"Echo Water is a leading provider of hydrogen water. Our advanced hydrogen tech delivers molecular hydrogen - an ultra-selective antioxidant - how you need it, when you need it."
https://echowater.com/pages/contact,200,,https://echowater.com/pages/contact,,true,Contact &ndash; Echo Water,"Echo Water is a leading provider of hydrogen water. Our advanced hydrogen tech delivers molecular hydrogen - an ultra-selective antioxidant - how you need it, when you need it."
https://echowater.com/pages/ebook-download-page,200,,https://echowater.com/pages/ebook-download-page,,true,eBook Download Page &ndash; Echo Water,"Echo Water is a leading provider of hydrogen water. Our advanced hydrogen tech delivers molecular hydrogen - an ultra-selective antioxidant - how you need it, when you need it."
https://echowater.com/products/h2-flask,200,,https://echowater.com/products/h2-flask,,true,Echo H2 + Echo Flask &ndash; Echo Water,"Hydrogen Water Made Simple This bundle brings together two convenient ways to enjoy hydrogen-rich water. The Echo H2 system allows you to produce hydrogen-infused water at home, turning your regular drinking water into hydrogen-rich hydration in minutes. The Echo Flask gives you a portable solution "
https://echowater.com/pages/echo-hydrogen-water,200,,https://echowater.com/pages/echo-hydrogen-water,,true,Echo Hydrogen Water &ndash; Echo Water,"Echo Water is a leading provider of hydrogen water. Our advanced hydrogen tech delivers molecular hydrogen - an ultra-selective antioxidant - how you need it, when you need it."
https://echowater.com/pages/game-changer-webinar,200,,https://echowater.com/pages/game-changer-webinar,,true,Why Hydrogen Water is the #1 Game Changer for Health &amp; Performance &ndash; Echo Water,"Echo Water is a leading provider of hydrogen water. Our advanced hydrogen tech delivers molecular hydrogen - an ultra-selective antioxidant - how you need it, when you need it."
https://echowater.com/pages/terms-and-conditions,200,,https://echowater.com/pages/terms-and-conditions,,true,Terms and Conditions &ndash; Echo Water,"Read Echo Water’s Terms and Conditions to understand our policies on purchases, website use, warranties, limitations of liability, and more."
https://echowater.com/pages/rx-schedule-email-unsubscribe,200,,https://echowater.com/pages/rx-schedule-email-unsubscribe,,true,ReviewX Schedule Email Unsubscribe &ndash; Echo Water,You have been unsubscribed. You have been unsubscribed from these emails and sorry to see you go.
https://echowater.com/pages/hydrogen-studies,200,,https://echowater.com/pages/hydrogen-studies,,true,Hydrogen Studies &ndash; Echo Water,"DOCTOR APPROVED Because of our science-based philosophy, many doctors and scientific specialists support us and our products. There are many doctors educating their patients about molecular hydrogen water and recommend it to them as a therapeutic benefit. PROPRIETARY HYDROGEN TECHNOLOGY Our hydrogen"
https://echowater.com/pages/privacy-policy,200,,https://echowater.com/pages/privacy-policy,,true,Our Privacy Policy and Your Information | Echo Water,Read our privacy policy to see what data we collect online. Echo Water is just as concerned with protecting your information as we are about your health.
https://echowater.com/pages/drfab,200,,https://echowater.com/pages/drfab,,true,Dr Fab &ndash; Echo Water,WHY EVERY PRACTICE SHOULD ADD HYDROGEN WATER PROTOCOL Hydrogen increases energy and mitochondrial function. Hydrogen improves gut function. Hydrogen proven to increase cognitive (brain) function. Reduces Oxidative Stress &amp;amp; Chronic Inflammation: the leading cause of disease. Hydrogen proven t
https://echowater.com/pages/echoh2water,200,,https://echowater.com/pages/echoh2water,,true,Echo H2® Water &ndash; Echo Water,"What is Hydrogen Water? Simply, hydrogen gas dissolved into water with no pH change. Hydrogen is a selective antioxidant that has been shown to reduce oxidative stress and inflammation. It is backed by 12 years of research and over 1100 studies. Why Drink It? Improve Cognitive Function As a selectiv"
https://echowater.com/pages/careers,200,,https://echowater.com/pages/careers,,true,Careers &ndash; Echo Water,"Echo Water is a leading provider of hydrogen water. Our advanced hydrogen tech delivers molecular hydrogen - an ultra-selective antioxidant - how you need it, when you need it."
https://echowater.com/pages/affiliate-signup,200,,https://echowater.com/pages/affiliate-signup,,true,New Webinar Series &ndash; Echo Water,"Unlock the Secrets of Hydrogen Water Transform your health. Transform your life. What You Will Learn Learn the History of Hydration Uncover the history of water and its impact on health, energy, and well-being Master the 10 Essential Principles of Water Unlock the power of water with these 10 critic"
https://echowater.com/pages/lp-brain-signaling,200,,https://echowater.com/pages/lp-brain-signaling,,true,LP Brain Signaling &ndash; Echo Water,"Echo Water is a leading provider of hydrogen water. Our advanced hydrogen tech delivers molecular hydrogen - an ultra-selective antioxidant - how you need it, when you need it."
https://echowater.com/pages/echo-hydrogen-water-1,200,,https://echowater.com/pages/echo-hydrogen-water-1,,true,Echo Hydrogen Water &ndash; Echo Water,"Echo Water is a leading provider of hydrogen water. Our advanced hydrogen tech delivers molecular hydrogen - an ultra-selective antioxidant - how you need it, when you need it."
https://echowater.com/pages/ebook-thank-you,200,,https://echowater.com/pages/ebook-thank-you,,true,eBook Thank You &ndash; Echo Water,"Echo Water is a leading provider of hydrogen water. Our advanced hydrogen tech delivers molecular hydrogen - an ultra-selective antioxidant - how you need it, when you need it."
https://echowater.com/pages/echo-water-rewards,200,,https://echowater.com/pages/echo-water-rewards,,true,Echo Water Rewards,Shop &amp; save with the Echo Water loyalty program. Earn points with every purchase &amp; redeem for discounts. Join free now!
https://echowater.com/pages/file-a-claim,200,,https://echowater.com/pages/file-a-claim,"noindex, nofollow",true,File A Claim,
https://echowater.com/pages/quiz,200,,https://echowater.com/pages/quiz,,true,Quiz &ndash; Echo Water,"Echo Water is a leading provider of hydrogen water. Our advanced hydrogen tech delivers molecular hydrogen - an ultra-selective antioxidant - how you need it, when you need it."
https://echowater.com/pages/shipment-tracking,200,,https://echowater.com/pages/shipment-tracking,,true,Shipment Tracking &ndash; Echo Water,"Echo Water is a leading provider of hydrogen water. Our advanced hydrogen tech delivers molecular hydrogen - an ultra-selective antioxidant - how you need it, when you need it."
https://echowater.com/pages/echo-water-loyalty-program,200,,https://echowater.com/pages/echo-water-loyalty-program,,true,Echo Water Loyalty Program,Unlock savings with Echo Technologies&#39; loyalty program! Score points with every purchase and cash in for exclusive discounts. Sign up for free today and start earning!
https://echowater.com/pages/collection-bundles,200,,https://echowater.com/pages/collection-bundles,,true,Mix &amp; Match &ndash; Echo Water,"Echo Water is a leading provider of hydrogen water. Our advanced hydrogen tech delivers molecular hydrogen - an ultra-selective antioxidant - how you need it, when you need it."
https://echowater.com/pages/echo-technologies-product-registration,200,,https://echowater.com/pages/echo-technologies-product-registration,,true,Echo Technologies Product Registration &ndash; Echo Water,"Echo Water is a leading provider of hydrogen water. Our advanced hydrogen tech delivers molecular hydrogen - an ultra-selective antioxidant - how you need it, when you need it."
https://echowater.com/pages/product-registration,200,,https://echowater.com/pages/product-registration,,true,Product Registration &ndash; Echo Water,"Echo Water is a leading provider of hydrogen water. Our advanced hydrogen tech delivers molecular hydrogen - an ultra-selective antioxidant - how you need it, when you need it."
https://echowater.com/pages/affiliate-sign-up,200,,https://echowater.com/pages/affiliate-sign-up,,true,Echo Water Affiliate Program,"Echo Water is a leading provider of hydrogen water. Our advanced hydrogen tech delivers molecular hydrogen - an ultra-selective antioxidant - how you need it, when you need it."
https://echowater.com/pages/ebook-download-page-od,200,,https://echowater.com/pages/ebook-download-page-od,,true,Sign Up For Unlocking the Secrets of Hydrogen Water &ndash; Echo Water,"Echo Water is a leading provider of hydrogen water. Our advanced hydrogen tech delivers molecular hydrogen - an ultra-selective antioxidant - how you need it, when you need it."
https://echowater.com/pages/hydrogen-deficiency-quiz,200,,https://echowater.com/pages/hydrogen-deficiency-quiz,,true,Hydrogen Deficiency Quiz &ndash; Echo Water,"Take the Hydrogen Deficiency Quiz to see if your body may benefit from hydrogen water—personalized insights to support energy, focus, and recovery."
https://echowater.com/pages/ebook-ty-od,200,,https://echowater.com/pages/ebook-ty-od,,true,Thank You For Registering &ndash; Echo Water,"Echo Water is a leading provider of hydrogen water. Our advanced hydrogen tech delivers molecular hydrogen - an ultra-selective antioxidant - how you need it, when you need it."
https://echowater.com/pages/product-warranties,200,,https://echowater.com/pages/product-warranties,,true,Product Warranties &ndash; Echo Water,"Explore Echo Water’s product warranties—coverage details, terms, and support to keep your hydrogen water system protected and performing its best."
https://echowater.com/pages/store-locator,200,,https://echowater.com/pages/store-locator,,true,Store Locator &ndash; Echo Water,Loading store locator from Stockist store locator...
https://echowater.com/pages/echo-flask-compare,200,,https://echowater.com/pages/echo-flask-compare,,true,Echo Flask Compare &ndash; Echo Water,"Compare Echo Flask models side by side—see differences in features, performance, and pricing to find the best hydrogen water solution for your lifestyle."
https://echowater.com/pages/echo-flask-specs,200,,https://echowater.com/pages/echo-flask-specs,,true,Echo Flask Specs &ndash; Echo Water,"View detailed specifications for Echo Flask models—see hydrogen concentration levels, battery life, materials, and performance features at a glance."
https://echowater.com/pages/echo-flask-how-it-works,200,,https://echowater.com/pages/echo-flask-how-it-works,,true,Echo Flask How It Works &ndash; Echo Water,"Learn how the Echo Flask infuses water with molecular hydrogen—portable, rechargeable, and designed to support energy, recovery, and cellular health."
https://echowater.com/pages/hotel-subscribe-page,200,,https://echowater.com/pages/hotel-subscribe-page,,true,HOTEL Subscribe Page &ndash; Echo Water,"Put in your phone number below to subscribe! *By providing your phone number, you agree to receive recurring automated marketing text messages (e.g. cart reminders) from this shop and third parties acting on its behalf. Consent is not a condition to obtain goods or services. Msg &amp;amp; data rates"
https://echowater.com/pages/subscribe-to-vip,200,,https://echowater.com/pages/subscribe-to-vip,,true,Subscribe to VIP &ndash; Echo Water,"Subscribe to Echo Water VIP and get exclusive discounts, early access to new products, wellness tips, and more—clean hydration, delivered your way."
https://echowater.com/pages/why-echo,200,,https://echowater.com/pages/why-echo,,true,Why Echo &ndash; Echo Water,"Echo Water is a leading provider of hydrogen water. Our advanced hydrogen tech delivers molecular hydrogen - an ultra-selective antioxidant - how you need it, when you need it."
https://echowater.com/pages/echo-flask-app,200,,https://echowater.com/pages/echo-flask-app,,true,Echo Flask App &ndash; Echo Water,Redirecting... Redirecting to the correct store...
https://echowater.com/pages/newsroom,200,,https://echowater.com/pages/newsroom,,true,Newsroom &ndash; Echo Water,"Stay up to date with the latest Echo Water news, press releases, media features, and company announcements—see what’s making headlines in wellness."
https://echowater.com/pages/app-status,200,,https://echowater.com/pages/app-status,,true,ECHO Water App Status and Updates &ndash; Echo Water,"Check the current status of Echo Water apps and services. Stay informed about uptime, outages, and performance updates in real time."
https://echowater.com/pages/govx,200,,https://echowater.com/pages/govx,,true,Echo Hydrogen Water GovX ID Military Discount &ndash; Echo Water,"Echo Water proudly offers exclusive discounts through GovX for military, first responders, and government personnel—thank you for your service."
https://echowater.com/pages/water-type-webinar,200,,https://echowater.com/pages/water-type-webinar,,true,Water Type Webinar &ndash; Echo Water,"Learn how different types of water impact your health in Echo Water’s Water Type Webinar—exploring pH, filtration, and the benefits of hydrogen water."
https://echowater.com/pages/low-energy-webinar,200,,https://echowater.com/pages/low-energy-webinar,,true,Low Energy Webinar &ndash; Echo Water,"Discover the healing power of hydrogen water in Echo Water’s Soak to Heal Webinar—exploring detox, recovery, and the science of molecular hydrogen."
https://echowater.com/pages/schedule-consultation,200,,https://echowater.com/pages/schedule-consultation,,true,Schedule Consultation &ndash; Echo Water,"Echo Water is a leading provider of hydrogen water. Our advanced hydrogen tech delivers molecular hydrogen - an ultra-selective antioxidant - how you need it, when you need it."
https://echowater.com/pages/faq,200,,https://echowater.com/pages/faq,,true,FAQs &ndash; Echo Water,"Find quick answers to common questions about Echo Water products, shipping, returns, warranties, and hydrogen water benefits—all in one place."
https://echowater.com/pages/human-performance-webinar-series,200,,https://echowater.com/pages/human-performance-webinar-series,,true,Human Performance Webinar Series &ndash; Echo Water,"Join Echo Water’s Human Performance Webinar Series—expert-led sessions on hydration, recovery, focus, and the science behind peak wellness."
https://echowater.com/pages/echo-flask-resource-library,200,,https://echowater.com/pages/echo-flask-resource-library,,true,ECHO Flask Resource Library &ndash; Echo Water,"Explore the Echo Flask Resource Library—how-to videos, setup guides, FAQs, and tips to get the most out of your portable hydrogen water system."
https://echowater.com/pages/friends-family-program,200,,https://echowater.com/pages/friends-family-program,,true,Friends &amp; Family Program &ndash; Echo Water,"Echo Water is a leading provider of hydrogen water. Our advanced hydrogen tech delivers molecular hydrogen - an ultra-selective antioxidant - how you need it, when you need it."
https://echowater.com/pages/wellness-ambassador-program,200,,https://echowater.com/pages/wellness-ambassador-program,,true,Wellness Ambassador Program &ndash; Echo Water,"Join the Echo Water Wellness Ambassador Program—earn rewards, share clean hydration, and inspire others to live healthier, more energized lives."
https://echowater.com/pages/why-hydrogen,200,,https://echowater.com/pages/why-hydrogen,,true,Why Hydrogen &ndash; Echo Water,"Uncover the science behind hydrogen water—how molecular hydrogen supports cellular health, energy, and recovery through targeted antioxidant action."
https://echowater.com/pages/clarity,200,,https://echowater.com/pages/clarity,,true,Clarity &ndash; Echo Water,"Discover how hydrogen water may support improved mental clarity, focus, and cognitive function—fuel your brain with cleaner, more effective hydration."
https://echowater.com/pages/about,200,,https://echowater.com/pages/about,,true,About &ndash; Echo Water,"Echo Water is a leading provider of hydrogen water. Our advanced hydrogen tech delivers molecular hydrogen - an ultra-selective antioxidant - how you need it, when you need it."
https://echowater.com/pages/brand-ambassador,200,,https://echowater.com/pages/brand-ambassador,,true,Brand Ambassador &ndash; Echo Water,"Become an Echo Water Brand Ambassador—earn perks, grow your influence, and share the power of hydrogen water with your wellness community."
https://echowater.com/pages/dave-asprey,200,,https://echowater.com/pages/dave-asprey,,true,Dave Asprey &ndash; Echo Water,"Echo Water is a leading provider of hydrogen water. Our advanced hydrogen tech delivers molecular hydrogen - an ultra-selective antioxidant - how you need it, when you need it."
https://echowater.com/pages/hydrogen-health-group-classes,200,,https://echowater.com/pages/hydrogen-health-group-classes,,true,Hydrogen Health Group Classes &ndash; Echo Water,"Join Echo Water’s Human Performance Webinar Series—expert-led sessions on hydration, recovery, focus, and the science behind peak wellness."
https://echowater.com/pages/gut-health,200,,https://echowater.com/pages/gut-health,,true,Gut Health &ndash; Echo Water,"Echo Water is a leading provider of hydrogen water. Our advanced hydrogen tech delivers molecular hydrogen - an ultra-selective antioxidant - how you need it, when you need it."
https://echowater.com/pages/collab,200,,https://echowater.com/pages/collab,,true,Collabs &ndash; Echo Water,"Echo Water is a leading provider of hydrogen water. Our advanced hydrogen tech delivers molecular hydrogen - an ultra-selective antioxidant - how you need it, when you need it."
https://echowater.com/pages/water-analysis,200,,https://echowater.com/pages/water-analysis,,true,Water Analysis &ndash; Echo Water,"Echo Water is a leading provider of hydrogen water. Our advanced hydrogen tech delivers molecular hydrogen - an ultra-selective antioxidant - how you need it, when you need it."
https://echowater.com/pages/water-quality-analysis-v2,200,,https://echowater.com/pages/water-quality-analysis-v2,,true,Water Quality Analysis v2 &ndash; Echo Water,"Free Water Quality Analysis Do You Know What Your Family Is Actually Drinking? —and how to improve it? Your tap water may look clean, but “clear” doesn’t mean safe — especially for your children. Enter your zip code to see exactly which contaminants have been detected in your water supply. Free. Ins"
https://echowater.com/pages/whitelisting-and-partner-ads-disclaimer,200,,https://echowater.com/pages/whitelisting-and-partner-ads-disclaimer,,true,Whitelisting and Partner Ads Disclaimer &ndash; Echo Water,"By participating in Echo Technologies, LLC’s Partner Ads and Whitelisting Program, you grant Echo Technologies, LLC and its authorized partners a worldwide, irrevocable, perpetual, royalty-free license to use, reproduce, modify, distribute, and promote your approved content, including your name, lik"
https://echowater.com/pages/flask-v2,200,,https://echowater.com/pages/flask-v2,,true,Pro Flask V2 &ndash; Echo Water,"Echo Water is a leading provider of hydrogen water. Our advanced hydrogen tech delivers molecular hydrogen - an ultra-selective antioxidant - how you need it, when you need it."
https://echowater.com/pages/testing-new-water-quality-analysis-page,200,,https://echowater.com/pages/testing-new-water-quality-analysis-page,,true,TESTING NEW Water Quality Analysis PAGE &ndash; Echo Water,"Free Water Quality Analysis Do You Know What Your Family Is Actually Drinking? —and how to improve it? Your tap water may look clean, but “clear” doesn’t mean safe — especially for your children. Enter your zip code to see exactly which contaminants have been detected in your water supply. Free. Ins"
https://echowater.com/pages/sms-mobile-terms-of-service,200,,https://echowater.com/pages/sms-mobile-terms-of-service,,true,SMS Terms of Service | Echo Water,"Review Echo Water&#39;s SMS and text messaging terms, including message frequency, opt-out instructions, data practices, and your rights as a subscriber. Text STOP to opt out anytime."
https://echowater.com/pages/corporate-gifting,200,,https://echowater.com/pages/corporate-gifting,,true,Corporate Gifting &ndash; Echo Water,"Echo Water is a leading provider of hydrogen water. Our advanced hydrogen tech delivers molecular hydrogen - an ultra-selective antioxidant - how you need it, when you need it."
https://echowater.com/pages/why-you-re-still-bloated-tired-and-foggy-even-when-you-re-eating-clean,200,,https://echowater.com/pages/why-you-re-still-bloated-tired-and-foggy-even-when-you-re-eating-clean,,true,"Why You’re Still Bloated, Tired, and Foggy Even When You’re Eating Cle &ndash; Echo Water","Echo Water is a leading provider of hydrogen water. Our advanced hydrogen tech delivers molecular hydrogen - an ultra-selective antioxidant - how you need it, when you need it."
https://echowater.com/pages/hydrogen-water-in-the-body-timeline,200,,https://echowater.com/pages/hydrogen-water-in-the-body-timeline,,true,Hydrogen Water in the Body Timeline &ndash; Echo Water,"Hydrogen Water Timeline What to Expect with Hydrogen Water A simple timeline of how benefits may develop over time How It Works Hydrogen water works quietly—much like a daily vitamin. It acts at the cellular level, helping reduce oxidative stress and support a healthy inflammatory response. Because "
https://echowater.com/pages/hydrogen-water-bottle-rl-lp,200,,https://echowater.com/pages/hydrogen-water-bottle-rl-lp,,true,Hydrogen Water &ndash; Echo Water,"Turns ordinary water into something extraordinary, infused with molecular hydrogen, the smallest and most powerful molecule in the universe. It helps your cells fight oxidative stress, recover faster, and keep your system running clean, like a daily tune-up at the cellular level."
https://echowater.com/pages/warranty-review,200,,https://echowater.com/pages/warranty-review,,true,Warranty Claim Review &ndash; Echo Water,"Echo Water is a leading provider of hydrogen water. Our advanced hydrogen tech delivers molecular hydrogen - an ultra-selective antioxidant - how you need it, when you need it."
https://echowater.com/pages/hydrogen-water-meta,200,,https://echowater.com/pages/hydrogen-water-meta,,true,Hydrogen Water - Meta &ndash; Echo Water,"Turns ordinary water into something extraordinary, infused with molecular hydrogen, the smallest and most powerful molecule in the universe. It helps your cells fight oxidative stress, recover faster, and keep your system running clean, like a daily tune-up at the cellular level."
https://echowater.com/pages/email-sms-subscribe,200,,https://echowater.com/pages/email-sms-subscribe,,true,Email &amp; SMS Subscribe &ndash; Echo Water,"Join the Hydroelite List Better water. Better health. Better informed. Join the Echo community for exclusive offers, early access, product updates, hydrogen water education, and research-backed wellness content designed to help you get more from the water you drink every day. ✓ Subscriber-only offer"
https://echowater.com/pages/just-ingredients,200,,https://echowater.com/pages/just-ingredients,,true,Just Ingredients &ndash; Echo Water,"Echo Water is a leading provider of hydrogen water. Our advanced hydrogen tech delivers molecular hydrogen - an ultra-selective antioxidant - how you need it, when you need it."
https://echowater.com/pages/return-request,200,,https://echowater.com/pages/return-request,,true,Return Request &ndash; Echo Water,"Echo Water is a leading provider of hydrogen water. Our advanced hydrogen tech delivers molecular hydrogen - an ultra-selective antioxidant - how you need it, when you need it."
https://echowater.com/pages/video-upload,200,,https://echowater.com/pages/video-upload,,true,Video Upload &ndash; Echo Water,"Echo Water is a leading provider of hydrogen water. Our advanced hydrogen tech delivers molecular hydrogen - an ultra-selective antioxidant - how you need it, when you need it."
https://echowater.com/pages/hydrogen-water-101,200,,https://echowater.com/pages/hydrogen-water-101,,true,Hydrogen Water 101 &ndash; Echo Water,"Echo Water is a leading provider of hydrogen water. Our advanced hydrogen tech delivers molecular hydrogen - an ultra-selective antioxidant - how you need it, when you need it."
https://echowater.com/pages/hydrogen-webinar-replay,200,,https://echowater.com/pages/hydrogen-webinar-replay,,true,Webinar Replay &ndash; Echo Water,"Echo Water is a leading provider of hydrogen water. Our advanced hydrogen tech delivers molecular hydrogen - an ultra-selective antioxidant - how you need it, when you need it."
https://echowater.com/pages/actprod,200,,https://echowater.com/pages/actprod,,true,Echo Flask Recommended by Ian Clarke &ndash; Echo Water,"Echo Water is a leading provider of hydrogen water. Our advanced hydrogen tech delivers molecular hydrogen - an ultra-selective antioxidant - how you need it, when you need it."
https://echowater.com/pages/practical-strategies-for-selling-echo-products,200,,https://echowater.com/pages/practical-strategies-for-selling-echo-products,"noindex, nofollow",false,Webinar Registration &ndash; Echo Water,
https://echowater.com/pages/healthsecret,200,,https://echowater.com/pages/healthsecret,,true,Echo Flask Recommended by Health Secret &ndash; Echo Water,"Echo Water is a leading provider of hydrogen water. Our advanced hydrogen tech delivers molecular hydrogen - an ultra-selective antioxidant - how you need it, when you need it."
https://echowater.com/pages/sms,200,,https://echowater.com/pages/sms,,true,Text Message Sign-Up &ndash; Echo Water,Sign up for Echo Water text messages.
https://echowater.com/collections/bundles,200,,https://echowater.com/collections/bundles,,true,Hydrogen Water Bundles – Echo Water Systems &amp; Filters,"Save more with Echo Water bundles. Shop curated hydrogen water machine, filter, and accessory sets designed for whole-home and on-the-go hydration."
https://echowater.com/pages/hydrogen-science,200,,https://echowater.com/pages/hydrogen-science,,true,Hydrogen Science &ndash; Echo Water,"Echo Water is a leading provider of hydrogen water. Our advanced hydrogen tech delivers molecular hydrogen - an ultra-selective antioxidant - how you need it, when you need it."
https://echowater.com/pages/flaskoffer,200,,https://echowater.com/pages/flaskoffer,,true,ECHO Flask - Save 20% For A Limited Time &ndash; Echo Water,"Echo Water is a leading provider of hydrogen water. Our advanced hydrogen tech delivers molecular hydrogen - an ultra-selective antioxidant - how you need it, when you need it."
https://echowater.com/collections/water-filters,200,,https://echowater.com/collections/water-filters,,true,Water Filters for Hydrogen Systems | Echo Water,"Shop premium water filters for hydrogen water machines and whole-home systems. Clean, filtered water for every tap in your home."
https://echowater.com/collections/residential-systems,200,,https://echowater.com/collections/residential-systems,,true,Residential Hydrogen Water Systems | Echo Water,"Whole-home hydrogen water systems for residential use. Echo&#39;s under-sink and countertop solutions deliver clean, hydrogen-rich water to every room."
https://echowater.com/collections/hydrogen-water-machines,200,,https://echowater.com/collections/hydrogen-water-machines,,true,Hydrogen Water Machines | Find Your Perfect Hydrogen Water Machine &ndash; Echo Water,You know the benefits of hydrogen-rich water. A hydrogen water generator in your home brings those benefits to you 24/7 on tap. Which machine is best for your needs? Explore and compare Echo&#39;s hydrogen water machines.
https://echowater.com/collections/hydrogen-water-faucets,200,,https://echowater.com/collections/hydrogen-water-faucets,,true,Hydrogen Water Faucets &amp; Dispensers | Echo Water,"Shop Echo hydrogen water faucets for instant access to antioxidant-rich water at your sink. Easy installation, premium design, and superior filtration."
https://echowater.com/collections/reverse-osmosis,200,,https://echowater.com/collections/reverse-osmosis,,true,Reverse Osmosis Water Systems | Echo Water,"Shop Echo reverse osmosis systems for ultra-pure drinking water. Advanced RO filtration removes contaminants for clean, great-tasting water at home."
https://echowater.com/collections/portable-hydrogen-water,200,,https://echowater.com/collections/portable-hydrogen-water,,true,Portable Hydrogen Water Bottles: Hydration on the Go! &ndash; Echo Water,"Discover the ultimate convenience of hydrogen water on the go with our Portable Hydrogen Water Bottles, recommended by Gary Brecka and Joe Rogan. Experience the power of molecular hydrogen for enhanced energy, recovery, and well-being. Elevate your hydration game today!"
https://echowater.com/collections/replacement-water-filters,200,,https://echowater.com/collections/replacement-water-filters,,true,Replacement Water Filters | Echo Water Systems,Keep your Echo hydrogen water system performing at its best. Shop OEM replacement filters for all Echo water machines and filtration systems.
https://echowater.com/collections/best-sellers,200,,https://echowater.com/collections/best-sellers,,true,Best-Selling Hydrogen Water Products | Echo Water,"Discover Echo Water&#39;s top-rated hydrogen water machines, filters, and systems. Shop our most popular products trusted by thousands of customers."
https://echowater.com/collections/service-request,200,,https://echowater.com/collections/service-request,,true,service-request &ndash; Echo Water,Shop service-request at Echo Water. Free shipping on orders over $75.
https://echowater.com/collections/in-the-kitchen,200,,https://echowater.com/collections/in-the-kitchen,,true,Kitchen Hydrogen Water Systems | Echo Water,"Upgrade your kitchen with Echo hydrogen water systems. Under-sink and countertop machines for clean, antioxidant-rich water right from your tap."
https://echowater.com/collections/plumbing-parts,200,,https://echowater.com/collections/plumbing-parts,,true,Water System Plumbing Parts &amp; Fittings | Echo Water,"Shop plumbing parts and fittings for Echo hydrogen water and filtration systems. Everything you need for a clean, leak-free installation."
https://echowater.com/collections/on-the-go,200,,https://echowater.com/collections/on-the-go,,true,Portable Hydrogen Water Bottles &amp; On-the-Go | Echo &ndash; Echo Water,"Stay hydrated anywhere with Echo portable hydrogen water bottles and on-the-go generators. Compact, powerful, and built for an active lifestyle."
https://echowater.com/collections/water-filtration-systems,200,,https://echowater.com/collections/water-filtration-systems,,true,Water Filtration Systems &ndash; Echo Water,Shop Water Filtration Systems at Echo Water. Free shipping on orders over $75.
https://echowater.com/collections/all,200,,https://echowater.com/collections/all,,true,All Products – Echo Water,"Explore the full collection of Echo Water Wholesale hydrogen water machines, tankless RO systems, and whole-home filters. Free shipping on orders over $199 nationwide. Upgrade your wellness and home water quality today!"
https://echowater.com/collections/replacement-parts,200,,https://echowater.com/collections/replacement-parts,,true,Replacement Parts &ndash; Echo Water,"Discover premium hydrogen water solutions for optimal hydration. Our innovative products deliver powerful antioxidant benefits through molecular hydrogen-infused water. From portable flasks to home systems, find the perfect hydrogen water solution to support your health journey and experience the re"
https://echowater.com/collections/secret-webinar-bundles,200,,https://echowater.com/collections/secret-webinar-bundles,,true,Secret Webinar Bundles &ndash; Echo Water,Shop Secret Webinar Bundles at Echo Water. Free shipping on orders over $75.
https://echowater.com/collections/in-the-home,200,,https://echowater.com/collections/in-the-home,,true,In The Home | Hydrogen Water System For The Home &ndash; Echo Water,"Discover premium hydrogen water systems for your home. Our innovative machines infuse water with molecular hydrogen to neutralize free radicals, reduce inflammation, and boost energy levels. From countertop units to under-sink installations, find the perfect solution to enjoy fresh hydrogen-rich wat"
https://echowater.com/collections/extended-protection-collection-1,200,,https://echowater.com/collections/extended-protection-collection-1,,true,Extended Protection - Collection 1 &ndash; Echo Water,Shop Extended Protection - Collection 1 at Echo Water. Free shipping on orders over $75.
https://echowater.com/collections/extended-protection-collection-3,200,,https://echowater.com/collections/extended-protection-collection-3,,true,Extended Protection - Collection 3 &ndash; Echo Water,Shop Extended Protection - Collection 3 at Echo Water. Free shipping on orders over $75.
https://echowater.com/collections/extended-protection-collection-4,200,,https://echowater.com/collections/extended-protection-collection-4,,true,Extended Protection - Collection 4 &ndash; Echo Water,Shop Extended Protection - Collection 4 at Echo Water. Free shipping on orders over $75.
https://echowater.com/collections/deals,200,,https://echowater.com/collections/deals,,true,Deals &ndash; Echo Water,Shop Deals at Echo Water. Free shipping on orders over $75.
https://echowater.com/collections/redo-registration,200,,https://echowater.com/collections/redo-registration,,true,REDO Registration &ndash; Echo Water,Products that customers can select going through product Registration
https://echowater.com/collections/extended-protection-collection-2,200,,https://echowater.com/collections/extended-protection-collection-2,,true,Extended Protection - Collection 2 &ndash; Echo Water,Shop Extended Protection - Collection 2 at Echo Water. Free shipping on orders over $75.
https://echowater.com/collections/try-before-you-buy,200,,https://echowater.com/collections/try-before-you-buy,,true,Try Before You Buy &ndash; Echo Water,Shop Try Before You Buy at Echo Water. Free shipping on orders over $75.
https://echowater.com/collections/replacement-filters,200,,https://echowater.com/collections/replacement-filters,,true,Replacement Filters &ndash; Echo Water,Shop Replacement Filters at Echo Water. Free shipping on orders over $75.
https://echowater.com/collections/accessories,200,,https://echowater.com/collections/accessories,,true,Accessories &ndash; Echo Water,Shop Accessories at Echo Water. Free shipping on orders over $75.
https://echowater.com/collections/hydrogen-water,200,,https://echowater.com/collections/hydrogen-water,,true,Hydrogen Water &ndash; Echo Water,Shop Hydrogen Water at Echo Water. Free shipping on orders over $75.
https://echowater.com/collections/affiliate,200,,https://echowater.com/collections/affiliate,,true,Affiliate &ndash; Echo Water,Shop Affiliate at Echo Water. Free shipping on orders over $75.
https://echowater.com/collections/whole-home-filtration-system,200,,https://echowater.com/collections/whole-home-filtration-system,,true,Whole Home Filtration System &ndash; Echo Water,Shop Whole Home Filtration System at Echo Water. Free shipping on orders over $75.
https://echowater.com/collections/fsa-hsa-eligible,200,,https://echowater.com/collections/fsa-hsa-eligible,,true,FSA/HSA Eligible &ndash; Echo Water,Shop FSA/HSA Eligible at Echo Water. Free shipping on orders over $75.
https://echowater.com/collections/hydrogen-water-copy,200,,https://echowater.com/collections/hydrogen-water-copy,,true,Hydrogen Water &ndash; Echo Water,Shop Hydrogen Water at Echo Water. Free shipping on orders over $75.
https://echowater.com/collections/pre-order,200,,https://echowater.com/collections/pre-order,,true,Pre-Order &ndash; Echo Water,Shop Pre-Order at Echo Water. Free shipping on orders over $75.
https://echowater.com/collections/hydrogen-water-deals-and-discounts,200,,https://echowater.com/collections/hydrogen-water-deals-and-discounts,,true,Hydrogen Water Deals and Discounts &ndash; Echo Water,This Top Secret Collection reveals the best deals available on the website
https://echowater.com/collections/all-copy,200,,https://echowater.com/collections/all-copy,,true,All Products – Echo Water,"Explore the full collection of Echo Water Wholesale hydrogen water machines, tankless RO systems, and whole-home filters. Free shipping on orders over $199 nationwide. Upgrade your wellness and home water quality today!"
https://echowater.com/collections/attio,200,,https://echowater.com/collections/attio,,true,Attio &ndash; Echo Water,Shop Attio at Echo Water. Free shipping on orders over $75.
https://echowater.com/collections/attio-copy,200,,https://echowater.com/collections/attio-copy,,true,Attio Subscribe &ndash; Echo Water,Shop Attio Subscribe at Echo Water. Free shipping on orders over $75.
https://echowater.com/collections/filtration-hydrogen-water,200,,https://echowater.com/collections/filtration-hydrogen-water,,true,Filtration + Hydrogen Water &ndash; Echo Water,Shop Filtration + Hydrogen Water at Echo Water. Free shipping on orders over $75.
https://echowater.com/collections/fullyraw-kristinas-echo-collection,200,,https://echowater.com/collections/fullyraw-kristinas-echo-collection,,true,FullyRaw Kristina&#39;s ECHO Collection &ndash; Echo Water,Shop FullyRaw Kristina&#39;s favorite ECHO products!
https://echowater.com/collections/just-ingredients-collection,200,,https://echowater.com/collections/just-ingredients-collection,,true,Just Ingredients Collection &ndash; Echo Water,Shop Just Ingredients Collection at Echo Water. Free shipping on orders over $75.
https://echowater.com/blogs/blog,200,,https://echowater.com/blogs/blog,,true,Hydrogen Water &ndash; Echo Water,"Learn what hydrogen water is, how it works, and why it’s gaining attention for its potential health benefits. Explore the science, research, and real-world applications of molecular hydrogen."
https://echowater.com/blogs/newsroom,200,,https://echowater.com/blogs/newsroom,,true,Echo Hydrogen Water News &ndash; Echo Water,"Stay updated on the latest hydrogen water news, research, and innovations. Explore new studies, product breakthroughs, and industry trends shaping the future of hydrogen water and health."
https://echowater.com/blogs/water-quality,200,,https://echowater.com/blogs/water-quality,,true,Water Quality &ndash; Echo Water,"Learn about water quality, contaminants, and what’s really in your tap water. Explore guides, testing insights, and solutions to improve the safety and purity of your drinking water."
https://echowater.com/blogs/hydrogen-water-research,200,,https://echowater.com/blogs/hydrogen-water-research,,true,Hydrogen Water Research &ndash; Echo Water,"Hydrogen water research, studies, and clinical evidence. Learn how molecular hydrogen impacts inflammation, oxidative stress, antioxidants, energy, and recovery."
https://echowater.com/blogs/home,200,,https://echowater.com/blogs/home,,true,Echo Hydrogen Water &ndash; Echo Water,"Explore Echo Hydrogen Water and discover how our patented technology transforms everyday water into a powerful source of cellular support. Learn the benefits, science, and real-world applications of hydrogen water."
https://echowater.com/blogs/hydrogen-water-health,200,,https://echowater.com/blogs/hydrogen-water-health,,true,Hydrogen Water Health &ndash; Echo Water,"Hydrogen water benefits, research, and health insights. Learn how molecular hydrogen supports inflammation reduction, antioxidant activity, energy, and recovery."
https://echowater.com/blogs/water-quality-news,200,,https://echowater.com/blogs/water-quality-news,,true,"Water Quality News: Contamination Reports, Tap Water Safety &amp; Local Al &ndash; Echo Water","Breaking water quality news, contamination alerts, and local tap water reports—discover what’s really in your water and how it could impact your health."
https://echowater.com/blogs/blog/the-healing-power-of-hydrogen-a-natural-way-to-boost-your-immune-system,200,,https://echowater.com/blogs/blog/the-healing-power-of-hydrogen-a-natural-way-to-boost-your-immune-system,,true,Hydrogen Water And Your Immune System &ndash; Echo Water,"Hydrogen water can strengthen your immune system, reduce inflammation, and boost your body&#39;s natural defenses. Backed by science, and simple to add to your daily routine."
https://echowater.com/blogs/blog/fight-back-against-allergies-by-reducing-your-oxidative-stress,200,,https://echowater.com/blogs/blog/fight-back-against-allergies-by-reducing-your-oxidative-stress,,true,You Can Fight Back Against Allergies by Reducing Oxidative Stress &ndash; Echo Water,Do you dread allergy season? Sick of taking pills or medications to fix it? Reducing oxidative stress can help - Read this post to learn more!
https://echowater.com/blogs/blog/heart-to-heart-about-heart-health,200,,https://echowater.com/blogs/blog/heart-to-heart-about-heart-health,,true,Hydrogen Water and Heart Health: How It Benefits Cardiovascular Function &ndash; Echo Water,"Discover how hydrogen water supports heart health by reducing inflammation, protecting blood vessels, and improving circulation."
https://echowater.com/blogs/blog/watch-out-coffee-theres-a-new-drink-in-town,200,,https://echowater.com/blogs/blog/watch-out-coffee-theres-a-new-drink-in-town,,true,"Watch Out, Coffee! There&#39;s a New Drink in Town | Synergy Science &ndash; Echo Water",Synergy Science discusses the newfound health benefits of hydrogen water as an alternative to coffee. Learn more about our study on proper hydration here.
https://echowater.com/blogs/blog/do-i-have-oxidative-stress,200,,https://echowater.com/blogs/blog/do-i-have-oxidative-stress,,true,Do I Have Oxidative Stress? &ndash; Echo Water,Oxidative stress affects millions of people every year while the majority of them do nothing to combat it. Learn how it might affect you here.
https://echowater.com/blogs/blog/can-hydrogen-water-help-with-weight-loss,200,,https://echowater.com/blogs/blog/can-hydrogen-water-help-with-weight-loss,,true,Does Hydrogen Water Help You Lose Weight? [Research + Amounts Needed] &ndash; Echo Water,"Does hydrogen water can help with weight loss? Science shows it can boost metabolism, fight fat storage, and support better results — safely and naturally. Here&#39;s how it works."
https://echowater.com/blogs/blog/hydrogen-water-myth-or-miracle,200,,https://echowater.com/blogs/blog/hydrogen-water-myth-or-miracle,,true,Hydrogen-Enriched Water: Myth or Miracle? &ndash; Echo Water,Can buying a hydrogen water machine improve my health? Is drinking hydrogen-enriched water all its cracked up to be? Read more here!
https://echowater.com/blogs/blog/everything-you-need-to-know-about-the-echo-go,200,,https://echowater.com/blogs/blog/everything-you-need-to-know-about-the-echo-go,,true,Everything You Need to Know About the Echo Go™ - Synergy Science &ndash; Echo Water,Trying to find a portable and affordable hydrogen water generator? We&#39;ve got the solution for you - Click here to learn about the Echo Go™!
https://echowater.com/blogs/blog/are-you-using-the-best-water-filter,200,,https://echowater.com/blogs/blog/are-you-using-the-best-water-filter,,true,Are You Using the Best Water Filter? | Synergy Science &ndash; Echo Water,Water is full of dangerous contaminants that should be removed. Learn about the Echo Water® Filter our water machines use.
https://echowater.com/blogs/blog/hydrogen-through-history,200,,https://echowater.com/blogs/blog/hydrogen-through-history,,true,Hydrogen Through History &ndash; Echo Water,Hydrogen water isn&#39;t just a trend that has appeared over the last decade. Research behind the benefits has been around much much longer.
https://echowater.com/blogs/blog/why-echo-hydrogen-water-ppm-is-better,200,,https://echowater.com/blogs/blog/why-echo-hydrogen-water-ppm-is-better,,true,Why Echo™ Hydrogen Water PPM Is Better | Synergy Science &ndash; Echo Water,Our Echo™ hydrogen water machines have been tested &amp; certified to bring you more than the therapeutic amount of hydrogen gas. Visit to learn more!
https://echowater.com/blogs/blog/hydrogen-enriched-water-for-pets,200,,https://echowater.com/blogs/blog/hydrogen-enriched-water-for-pets,,true,Hydrogen-Enriched Water for Pets | Synergy Science &ndash; Echo Water,Did you know that the type of water you give pets can play a role in their overall health? Learn how hydrogen-enriched water can help.
https://echowater.com/blogs/blog/8-natural-ways-to-fight-inflammation,200,,https://echowater.com/blogs/blog/8-natural-ways-to-fight-inflammation,,true,8 Natural Ways to Fight Inflammation &ndash; Echo Water,"Inflammation can be a good thing, but if it lingers for too long, it could cause serious health issues. Here are 8 natural ways to fight inflammation."
https://echowater.com/blogs/blog/hard-vs-soft-water-explained,200,,https://echowater.com/blogs/blog/hard-vs-soft-water-explained,,true,Hard vs. Soft Water Explained | Synergy Science™ &ndash; Echo Water,Have you ever wondered what the difference is between hard vs. soft water? In this article we break-down the differences in great detail.
https://echowater.com/blogs/blog/10-ways-to-boost-a-childs-immune-system,200,,https://echowater.com/blogs/blog/10-ways-to-boost-a-childs-immune-system,,true,10 Ways On How to Boost A Child’s Immune System | Synergy Science™ &ndash; Echo Water,A strong immune system is vital for overall health. Read this article that covers ten different ways on how to boost a child&#39;s immune system.
https://echowater.com/blogs/blog/do-i-need-a-whole-home-filtration-system,200,,https://echowater.com/blogs/blog/do-i-need-a-whole-home-filtration-system,,true,Do I Need a Whole-Home Filtration System? | Synergy Science™ &ndash; Echo Water,"A whole-home filtration system provides your entire home with clean, filtered water free from harmful contaminants. Learn more about it here!"
https://echowater.com/blogs/blog/10-tips-to-stay-healthy-while-traveling,200,,https://echowater.com/blogs/blog/10-tips-to-stay-healthy-while-traveling,,true,10 Tips to Stay Healthy While Traveling | Synergy Science™ &ndash; Echo Water,"Have a trip planned? If so, this article is right down your alley - it covers great tips to stay healthy while you&#39;re out of town."
https://echowater.com/blogs/blog/tips-for-balancing-hormones-naturally,200,,https://echowater.com/blogs/blog/tips-for-balancing-hormones-naturally,,true,Tips for Balancing Hormones Naturally | Synergy Science™ &ndash; Echo Water,"With a few minor lifestyle changes, you can start balancing hormones naturally &amp; experience greater overall health once again! Learn more here."
https://echowater.com/blogs/blog/side-dish-recipes-with-top-antioxidant-foods,200,,https://echowater.com/blogs/blog/side-dish-recipes-with-top-antioxidant-foods,,true,Side Dish Recipes With Top Antioxidant Foods | Synergy Science™ &ndash; Echo Water,"By incorporating the top antioxidant foods into your daily meals, you can enjoy food that not only tastes great but is great for your health!"
https://echowater.com/blogs/blog/what-are-fat-soluble-vitamins,200,,https://echowater.com/blogs/blog/what-are-fat-soluble-vitamins,,true,What Are Fat-Soluble Vitamins? &ndash; Echo Water,"Navigating the world of vitamins can sometimes feel like deciphering alphabet soup. However, understanding the distinction between water-soluble and fat-soluble vitamins can shed light on their roles in maintaining our health. In this article, we&#39;ll delve into the realm of fat-soluble vitamins, "
https://echowater.com/blogs/blog/5-aspects-of-holistic-health-and-wellness,200,,https://echowater.com/blogs/blog/5-aspects-of-holistic-health-and-wellness,,true,5 Aspects of Holistic Health and Wellness | Synergy Science™ &ndash; Echo Water,"Discover how holistic health and wellness can help you come closer to experiencing a happier, fuller life."
https://echowater.com/blogs/blog/hydrogen-enriched-water-oral-health-a-summary-of-studies,200,,https://echowater.com/blogs/blog/hydrogen-enriched-water-oral-health-a-summary-of-studies,,true,Hydogent Water and Teeth? How Hydrogen Water Supports Oral Health &ndash; Echo Water,"Hydrogen-enriched water, or hydrogen-enriched water, has been shown to help with many health issues, but did you know that hydrogen-enriched water can also improve your oral health? Numerous studies show that it can help heal a variety of oral health issues, from cavities to oral cancers."
https://echowater.com/blogs/blog/which-fruits-are-considered-superfoods,200,,https://echowater.com/blogs/blog/which-fruits-are-considered-superfoods,,true,Which Fruits are Considered Superfoods? &ndash; Echo Water,Looking for a small fruit bursting with nutritional value? Try “superfruits” and see how they affect your health.
https://echowater.com/blogs/blog/what-are-the-health-benefits-of-vitamin-d,200,,https://echowater.com/blogs/blog/what-are-the-health-benefits-of-vitamin-d,,true,What Are the Health Benefits of Vitamin D? &ndash; Echo Water,"You know you need vitamins in your diet, but what about vitamin D which comes from the sun? How do you know if you are getting enough?"
https://echowater.com/blogs/blog/hydrogen-water-and-back-to-school,200,,https://echowater.com/blogs/blog/hydrogen-water-and-back-to-school,,true,Hydrogen Water and Back to School &ndash; Echo Water,"With children and teens returning to classrooms, hydrogen water is the best way to keep them healthy and help them learn."
https://echowater.com/blogs/blog/hydrogen-water-and-deuterium-unlocking-the-secrets-to-optimal-health,200,,https://echowater.com/blogs/blog/hydrogen-water-and-deuterium-unlocking-the-secrets-to-optimal-health,,true,Hydrogen Water and Deuterium: Unlocking the Secrets to Optimal Health &ndash; Echo Water,"The quest for optimal health has led many to explore alternative remedies and innovative approaches to wellness. One such promising discovery is hydrogen water, a beverage enriched with molecular hydrogen. Alongside hydrogen water, another fascinating area of study is deuterium, a naturally occurrin"
https://echowater.com/blogs/blog/reverse-osmosis-water-filters-the-superior-solution-for-hydration-and-health,200,,https://echowater.com/blogs/blog/reverse-osmosis-water-filters-the-superior-solution-for-hydration-and-health,,true,Reverse Osmosis Water Filters: The Superior Solution for Hydration and &ndash; Echo Water,"As water quality concerns continue to grow, homeowners are seeking more effective ways to ensure their families have access to safe, clean drinking water. Traditional methods, such as boiling or pitcher filters, can be cumbersome and less effective in filtering out harmful contaminants. Enter revers"
https://echowater.com/blogs/blog/hydrogen-water-harmful-the-shocking-truth-revealed,200,,https://echowater.com/blogs/blog/hydrogen-water-harmful-the-shocking-truth-revealed,,true,Hydrogen Water Harmful? The Shocking Truth Revealed! &ndash; Echo Water,"The Mother&#39;s Concern It was a quiet Wednesday afternoon when our inbox pinged with a new message. Sarah, a concerned mother, reached out to us. Her son, after hearing tales from friends, was adamant that drinking too much hydrogen water could be harmful. This claim left her worried and seeking t"
https://echowater.com/blogs/blog/unmasking-the-h2-hype-the-astonishing-truth-about-hydrogen-water,200,,https://echowater.com/blogs/blog/unmasking-the-h2-hype-the-astonishing-truth-about-hydrogen-water,,true,Unmasking the H2 Hype: The Astonishing Truth About Hydrogen Water! &ndash; Echo Water,"The Mysterious Bottle at the Gym The Hydrogen Water Encounter On a brisk morning, Diana, with her signature energy and drive, entered her local gym, ready for another intense workout session. As she adjusted her shoes, she couldn&#39;t help but notice a familiar face, Alex, an elite athlete she ofte"
https://echowater.com/blogs/newsroom/the-lyme-boss-podcast,200,,https://echowater.com/blogs/newsroom/the-lyme-boss-podcast,,true,The Lyme Boss Podcast &ndash; Echo Water,"Podcast Transcript Hello and welcome everybody. Thank you for joining us on this next episode of The Lime boss podcast. I&#39;m Heather Gray, also known as The Lime Boss. I assist frustrated professionals struggling with persistent gut issues. I help them to conquer their brain fog and relieve wides"
https://echowater.com/blogs/blog/what-is-hydrogen-water,200,,https://echowater.com/blogs/blog/what-is-hydrogen-water,,true,What is Hydrogen Water? &ndash; Echo Water,"Hydrogen water is exactly what you would think it is. It&#39;s water that has hydrogen in it, and it has a lot of amazing health benefits that are still being discovered by scientists today. If you ever took a middle school science class, you might be a little confused. Doesn&#39;t all water have hy"
https://echowater.com/blogs/blog/hydrogen-water-vs-alkaline-water,200,,https://echowater.com/blogs/blog/hydrogen-water-vs-alkaline-water,,true,Hydrogen Water vs Alkaline Water &ndash; Echo Water,"Picture this scenario. You&#39;re grocery shopping, and want to get some bottled water. You&#39;re concerned that the stuff coming out of your tap at home isn&#39;t the best for your children, and you&#39;re looking for something that might have added health benefits. &quot;Oh here&#39;s something,&"
https://echowater.com/blogs/blog/the-science-of-hydration-unveiling-the-top-5-benefits-of-drinking-hydrogen-water,200,,https://echowater.com/blogs/blog/the-science-of-hydration-unveiling-the-top-5-benefits-of-drinking-hydrogen-water,,true,The Science of Hydration: Unveiling the Top 5 Benefits of Drinking Hyd &ndash; Echo Water,"As a health enthusiast, I&#39;ve always been on the hunt for the next big thing that promises a boost in wellness. Whether it&#39;s the latest superfood or the newest fitness trend, my mantra has always been, &quot;If it benefits the body, I&#39;m on board!&quot; So, when I first heard about hydroge"
https://echowater.com/blogs/blog/structured-water-vs-hydrogen-water,200,,https://echowater.com/blogs/blog/structured-water-vs-hydrogen-water,,true,Structured Water vs. Hydrogen Water &ndash; Echo Water,"Water is the most important drink you could ever have. It makes up more than half of the human body, and it has a lot of important functions such as temperature control, lubrication for your joints, and removing wastes. It&#39;s so important that scientists recommend you get at least 3.7 liters per "
https://echowater.com/blogs/blog/health-benefits-of-hydrogen-water,200,,https://echowater.com/blogs/blog/health-benefits-of-hydrogen-water,,true,The Real Benefits of Hydrogen Water [Studies + Scientific Review] &ndash; Echo Water,"The Real Benefits of Hydrogen Water [Studies + Scientific Review] We all know that drinking water regularly is one of the healthiest things we can do for ourselves. After all, about 60% of our bodies are made up of the wet stuff.But did you know that if you drink hydrogen rich water, you can experie"
https://echowater.com/blogs/blog/top-strategies-to-enhance-your-gut-health-naturally,200,,https://echowater.com/blogs/blog/top-strategies-to-enhance-your-gut-health-naturally,,true,Top Strategies to Enhance Your Gut Health Naturally &ndash; Echo Water,"Looking to improve your gut health but unsure where to start? A balanced gut microbiome is key to digestion, mental well-being, and immune strength. This article offers straightforward strategies to nurture your gut naturally. Learn about the importance of diet, hydration, lifestyle, and more, as we"
https://echowater.com/blogs/newsroom/echo-water-makes-a-splash-on-fox-amp-friends-with-diy-expert-chip-wade,200,,https://echowater.com/blogs/newsroom/echo-water-makes-a-splash-on-fox-amp-friends-with-diy-expert-chip-wade,,true,Echo Water Makes a Splash on Fox &amp;amp; Friends with DIY Expert Chip Wa,"We&#39;re thrilled to announce that our Echo Water best sellers the Echo Go +, Echo Pitcher, and Echo Ultimate Water Machine, was recently featured on Fox &amp;amp; Friends! DIY extraordinaire Chip Wade showcased Echo Water technology live on the show, highlighting its benefits and ease of use. He g"
https://echowater.com/blogs/blog/how-to-stay-hydrated-while-traveling,200,,https://echowater.com/blogs/blog/how-to-stay-hydrated-while-traveling,,true,How to Stay Hydrated While Traveling &ndash; Echo Water,"Planning your vacation? Don&#39;t sweat it. Once you’ve nailed down your flights and lodging, your next task is to pack your bags. But before you grab your sunscreen and swimming suit, consider creating a hydration plan so you can avoid dehydration, headaches, fatigue, and cramps while taking in the"
https://echowater.com/blogs/newsroom/chip-wade-and-kathryn-emery-show-off-echo-go-at-national-hardware-show,200,,https://echowater.com/blogs/newsroom/chip-wade-and-kathryn-emery-show-off-echo-go-at-national-hardware-show,,true,Chip Wade And Kathryn Emery Show Off Echo Go+ At National Hardware Sho &ndash; Echo Water,Hydrogen water got yet another endorsement in national media coverage from home improvement experts Chip Wade and Kathryn Emery. They showed off the Echo Go+ Hydrogen Water Bottle while visiting the 2024 National Hardware Show at the Las Vegas Convention Center. The segment they filmed went to news 
https://echowater.com/blogs/blog/deep-sea-diving-can-hydrogen-reduce-decompression-sickness,200,,https://echowater.com/blogs/blog/deep-sea-diving-can-hydrogen-reduce-decompression-sickness,,true,Can Hydrogen Water Reduce Decompression Sickness For Divers? &ndash; Echo Water,"Last Saturday, your friends dragged you to the top of a mountain, where you got lightheaded and queasy. “I’m never doing that again,” you say. “Oh that’s okay,” they reply. “How about we go deep sea diving next?” “That’s the exact opposite!” you exclaim. “I’m in!”"
https://echowater.com/blogs/blog/how-hydrogen-water-boosts-your-workouts-and-improves-athletic-performance,200,,https://echowater.com/blogs/blog/how-hydrogen-water-boosts-your-workouts-and-improves-athletic-performance,,true,How Hydrogen Water Boosts Your Workouts and Improves Athletic Performa &ndash; Echo Water,"Discover how hydrogen water from Echo Water can boost your workouts, enhance recovery, and improve overall athletic performance. Explore the science behind H2 and its potential benefits for athletes. Stay hydrated, train harder, and achieve your fitness goals with Echo Water."
https://echowater.com/blogs/blog/could-hydrogen-water-treat-mountain-sickness,200,,https://echowater.com/blogs/blog/could-hydrogen-water-treat-mountain-sickness,,true,Could Hydrogen Water Treat Mountain Sickness? &ndash; Echo Water,"Imagine this scenario. Your friends want to take you to the top of a very tall mountain. It is more than 14,000 feet high. You don’t even have to hike. There’s a tram that can take you right up. You agree to go. It’s a pleasant ride up. You spot some wildlife. All is going well…until you reach the t"
https://echowater.com/blogs/blog/how-dragon-boat-athletes-improve-performance-with-hydrogen-rich-water,200,,https://echowater.com/blogs/blog/how-dragon-boat-athletes-improve-performance-with-hydrogen-rich-water,,true,How Dragon Boat Athletes Improve Performance with Hydrogen-Rich Water &ndash; Echo Water,"The Dragon Boat Festival, also known as Duanwu Jie, is a vibrant Chinese holiday celebrated on the fifth day of the fifth lunar month, which falls in late May or June on the Gregorian calendar. This year, the festival lands on June 10th. For those who aren’t familiar with the Dragon Boat Festival, i"
https://echowater.com/blogs/blog/fresh-vs-packaged-hydrogen-water,200,,https://echowater.com/blogs/blog/fresh-vs-packaged-hydrogen-water,,true,Fresh Vs. Packaged Hydrogen Water &ndash; Echo Water,"Susan Walker had been seeing all sorts of content about hydrogen water lately. On the H2O website, she read about all the health benefits it has, and she even saw a clip of it being talked about on Joe Rogan’s podcast Now, she wants to give it a try. She goes to Google and types “Hydrogen Water” in "
https://echowater.com/blogs/blog/how-does-hydrogen-water-help-with-inflammaging,200,,https://echowater.com/blogs/blog/how-does-hydrogen-water-help-with-inflammaging,,true,How Does Hydrogen Water Help With Inflammation? &ndash; Echo Water,"Becky just turned 50, and she’s starting to feel her age. As she gets up every morning, a pressurized pain builds up in the bones of her feet. She goes into the bathroom, and looks into the mirror. It is starting to dawn on her that her skin is starting is getting looser and more wrinkled. Just ten "
https://echowater.com/blogs/blog/what-is-a-pem-membrane-and-why-should-you-care,200,,https://echowater.com/blogs/blog/what-is-a-pem-membrane-and-why-should-you-care,,true,What is a PEM Membrane and Why Should You Care? &ndash; Echo Water,We all know normal water consists of two hydrogen molecules and one oxygen molecule. We also know that hydrogen-enriched water is normal water with a higher concentration of hydrogen gas dissolved in it. But you may not know how hydrogen-enriched water gets the extra PPM of hydrogen gas molecules. O
https://echowater.com/blogs/blog/how-scientists-use-cycling-to-study-hydrogen,200,,https://echowater.com/blogs/blog/how-scientists-use-cycling-to-study-hydrogen,,true,How Scientists Use Cycling To Study Hydrogen &ndash; Echo Water,"Something is missing in your life. Everything seems to be going well, but you feel sluggish and sedentary. So you get yourself a membership to a local gym, specifically for the cycling classes. Biking is one of your favorite past times. In college, that was your main means of transportation. You wou"
https://echowater.com/blogs/newsroom/major-lifestyle-brand-elle-shows-some-love-to-echo-hydrogen-water,200,,https://echowater.com/blogs/newsroom/major-lifestyle-brand-elle-shows-some-love-to-echo-hydrogen-water,,true,Major Lifestyle Brand Elle Shows Some Love To Echo Hydrogen Water &ndash; Echo Water,Things have been good for Echo Hydrogen Water lately. We’ve been featured in podcasts like “The Ultimate Human” and NELK’s “Full Send” show. Kim Kardashian posted about us on social media. Dana White — president of UFC who took a few hits at Tom Brady’s roast on Netflix — drank from an Echo Go+ on a
https://echowater.com/blogs/newsroom/echo-founder-explains-hydrogen-water-at-biohack-your-beauty-event,200,,https://echowater.com/blogs/newsroom/echo-founder-explains-hydrogen-water-at-biohack-your-beauty-event,,true,Echo Founder Explains Hydrogen Water At Biohack Your Beauty Event &ndash; Echo Water,"Here is one of the hardest questions to answer: “What is beautiful?” It’s so difficult because to different people, it can be different things. That’s why we have the age-old saying, “Beauty is in the eye of the beholder.” But what if beauty really was more than just skin deep? What if it was also a"
https://echowater.com/blogs/blog/how-hydrogen-therapy-and-hydrogen-rich-water-can-improve-reproductive-health,200,,https://echowater.com/blogs/blog/how-hydrogen-therapy-and-hydrogen-rich-water-can-improve-reproductive-health,,true,How Hydrogen-Rich Water Can Improve Reproductive Health &ndash; Echo Water,"Our bodies are constantly battling free radicals—unstable molecules that can damage cells. When this fight gets out of hand, it creates oxidative stress, which can be a culprit behind reduced female and male fertility. In women, oxidative stress can harm egg quality, hinder a healthy uterine lining,"
https://echowater.com/blogs/blog/the-truth-about-mitochondria-restoration-how-hydrogen-water-can-help,200,,https://echowater.com/blogs/blog/the-truth-about-mitochondria-restoration-how-hydrogen-water-can-help,,true,The Truth About Mitochondria Restoration: How Hydrogen Water Can Help &ndash; Echo Water,"John is constantly tired, and there doesn’t seem to be any reason why. He gets a full eight hours of sleep every single night. Every morning, he wakes up, goes to the gym, and exercises for a full hour. John has read that this is supposed to energize him, but he’s found it has the opposite effect. W"
https://echowater.com/blogs/blog/hydrogen-water-in-space,200,,https://echowater.com/blogs/blog/hydrogen-water-in-space,,true,Hydrogen Water IN SPACE &ndash; Echo Water,"Hydrogen: the final antioxidant. These are the voyages of the Echo H2O team. Its five-year mission: to explain strange new scientific miracles, to seek out new advancements and new health benefits, to boldly treat what no man has treated before…with hydrogen rich water. (Cue Catchy Space Jingle Here"
https://echowater.com/blogs/newsroom/echo-hydrogen-water-featured-in-heal-thyself-podcast,200,,https://echowater.com/blogs/newsroom/echo-hydrogen-water-featured-in-heal-thyself-podcast,,true,Echo Hydrogen Water Featured in Heal Thyself Podcast &ndash; Echo Water,"Echo Hydrogen water isn’t the only company that sells products that create hydrogen infused water, but we are the best. And yeah, we know what you’re thinking, “Well, of course they’d say that. They’re not going to tell us to go buy from their competitors.” But it’s not just us. Echo Hydrogen Water "
https://echowater.com/blogs/blog/is-stress-killing-you,200,,https://echowater.com/blogs/blog/is-stress-killing-you,,true,Is Stress Killing You? &ndash; Echo Water,"We all experience stress; it’s an inevitable part of life. Stress is a natural response to deadlines, financial burdens, and everyday challenges. But in today&#39;s fast-paced world, many of us find ourselves in a constant state of fight-or-flight, our bodies perpetually flooded with stress hormones"
https://echowater.com/blogs/blog/a-health-hack-you-can-sink-your-teeth-into,200,,https://echowater.com/blogs/blog/a-health-hack-you-can-sink-your-teeth-into,,true,A Health Hack You Can Sink Your Teeth Into &ndash; Echo Water,"It’s no secret that a hydrated mouth is a happy mouth. When our mouths are hydrated, we produce more saliva, which washes away food particles and debris. Saliva also contains minerals, like calcium and phosphate, that strengthen tooth enamel and prevent decay. It even helps break down food for easie"
https://echowater.com/blogs/blog/what-are-the-side-effects-of-drinking-hydrogen-water,200,,https://echowater.com/blogs/blog/what-are-the-side-effects-of-drinking-hydrogen-water,,true,What are the Side Effects of Drinking Hydrogen Water? &ndash; Echo Water,"Whenever you try a new health supplement or product, you need to be aware of the possible side effects. And while hydrogen water is… water, it’s enhanced and contains more hydrogen than your body is probably accustomed to. Hydrogen water is regular water that has been infused with hydrogen gas. Hydr"
https://echowater.com/blogs/blog/are-hydrogen-water-bottles-legit,200,,https://echowater.com/blogs/blog/are-hydrogen-water-bottles-legit,,true,Are Hydrogen Water Bottles Legit? &ndash; Echo Water,"If you do a Google search for “Hydrogen Water Bottles,” you’ll find about about a million different results of a million different bottles. Okay…maybe we’re exaggerating — just a little. The truth is, there are quite a few hydrogen water bottles on the market. They look the same, but they vary a lot"
https://echowater.com/blogs/blog/drinking-hydrogen-water-days-1-7,200,,https://echowater.com/blogs/blog/drinking-hydrogen-water-days-1-7,,true,Drinking Hydrogen Water: Days 1-7 &ndash; Echo Water,"Today’s the big day! You’ve been hearing all about the Echo Go+ and all the health benefits that your body can get from it. After looking into it, you think it could be a big help to you on your health journey. You had ordered one a week ago, and it just arrived at your doorstep. When you get the no"
https://echowater.com/blogs/newsroom/echo-go-reviewed-by-youtube-influencer-pigmie,200,,https://echowater.com/blogs/newsroom/echo-go-reviewed-by-youtube-influencer-pigmie,,true,Echo Go+ Reviewed by YouTube Influencer Pigmie &ndash; Echo Water,"We always knew the Echo Go+ was better than any other hydrogen water bottle on the market, but now we have even more confirmation. Lucas Ball or &quot;Pigmie&quot; is a YouTuber with a follower count of more than 3.27 million. He’s known for videos about health and fitness. One of his more popular p"
https://echowater.com/blogs/blog/drinking-hydrogen-water-days-7-14,200,,https://echowater.com/blogs/blog/drinking-hydrogen-water-days-7-14,,true,Drinking Hydrogen Water: Days 7-14 &ndash; Echo Water,"In our last article, we let you know what you can expect during the first seven days of consistently drinking hydrogen water out of your Echo Go+. Now that you’ve actually tried it, you may have already been experiencing health benefits, especially when it comes to fitness. When you went out for a j"
https://echowater.com/blogs/blog/drinking-hydrogen-water-days-14-30,200,,https://echowater.com/blogs/blog/drinking-hydrogen-water-days-14-30,,true,Drinking Hydrogen Water: Days 14-30 &ndash; Echo Water,"You are now a pro at drinking hydrogen water. From the first day it arrived on your doorstep to now — 14 days later — you’ve had it one-to-two times every single day. You’ve already been reaping the health benefits of hydrogen water. Exercising has become easier, you’re digesting things more easily,"
https://echowater.com/blogs/blog/what-is-biohacking-a-beginners-guide-to-getting-started,200,,https://echowater.com/blogs/blog/what-is-biohacking-a-beginners-guide-to-getting-started,,true,What is Biohacking: A Beginners Guide to Getting Started &ndash; Echo Water,"Biohacking is an exciting fusion of biology and technology, aimed at optimizing health and maximizing performance. Through the understanding and manipulation of our biological systems, unprecedented control over physical and mental well-being can be achieved. For many, biohacking represents a desire"
https://echowater.com/blogs/blog/hydrogen-water-can-improve-your-sleep,200,,https://echowater.com/blogs/blog/hydrogen-water-can-improve-your-sleep,,true,Hydrogen Water Can Improve Your Sleep &ndash; Echo Water,"Hydrogen water is gaining attention as a natural aid for improving sleep quality. As more people seek alternatives to pharmaceuticals, hydrogen-rich water offers a promising, side-effect-free solution. The Science Behind Hydrogen Water and SleepHydrogen water is water (h2o) infused with molecular hy"
https://echowater.com/blogs/blog/10-natural-benefits-of-hydrogen-water-for-health-and-wellness,200,,https://echowater.com/blogs/blog/10-natural-benefits-of-hydrogen-water-for-health-and-wellness,,true,10 Natural Benefits of Hydrogen Water for Health and Wellness &ndash; Echo Water,"Hydrogen water, simply put, is water that contains extra hydrogen molecules. People are curious about whether it offers real health benefits, such as reducing inflammation, improving athletic performance, or supporting mental health. This article dives into the science and benefits of hydrogen water"
https://echowater.com/blogs/newsroom/what-water-bottle-does-jake-paul-use-in-the-netflix-series-countdown-paul-vs-tyson,200,,https://echowater.com/blogs/newsroom/what-water-bottle-does-jake-paul-use-in-the-netflix-series-countdown-paul-vs-tyson,,true,What Water Bottle Does Jake Paul Use in the Netflix Series Countdown: &ndash; Echo Water,"If you’ve been following Jake Paul’s journey to the boxing ring, you may have noticed something interesting during his Netflix docuseries, Countdown: Paul vs. Tyson. While training for his big fight with “Iron” Mike Tyson, Jake Paul was often seen using a sleek, high-tech water bottle – the Echo Go+"
https://echowater.com/blogs/blog/exciting-changes-at-echo-new-features-support-upgrades-for-a-better-customer-experience,429,,,,false,,
https://echowater.com/blogs/blog/the-surprising-secret-behind-the-world-s-most-popular-healing-springs,200,,https://echowater.com/blogs/blog/the-surprising-secret-behind-the-world-s-most-popular-healing-springs,,true,The Surprising Secret Behind the World’s Most Popular Healing Springs! &ndash; Echo Water,"Around the world, ancient healing springs have been revered for their therapeutic properties. For centuries, people have sought solace in these natural sources of water, believing that the mineral-rich waters held powerful restorative effects. But what if the real secret to their healing power was s"
https://echowater.com/blogs/newsroom/jonny-bones-and-the-echo-go-bottle-the-secret-to-his-fight-preparation,200,,https://echowater.com/blogs/newsroom/jonny-bones-and-the-echo-go-bottle-the-secret-to-his-fight-preparation,,true,Jonny Bones and the Echo Go+ Bottle: The Secret to His Fight Preparati &ndash; Echo Water,"As Jonny &quot;Bones&quot; Jones gears up for his highly anticipated fight against Stipe Miocic on November 16th, fans and analysts alike are closely monitoring every aspect of his training routine. One tool that’s making waves in Jones’s regimen is the Echo Go+ hydrogen water bottle, a key part of "
https://echowater.com/blogs/blog/hydrogen-water-benefits-for-skin-science-review,200,,https://echowater.com/blogs/blog/hydrogen-water-benefits-for-skin-science-review,,true,Hydrogen Water Benefits for Skin [Science Review] &ndash; Echo Water,"Skin care routines can be complicated, but if you could only add one ingredient to your routine, hydrogen water might just be the pick. Infusing ordinary H₂O with tiny molecular hydrogen (H₂) particles, gives you antioxidant-rich water for skincare benefits that go well beyond mere hydration. Think:"
https://echowater.com/blogs/newsroom/echo-expands-its-national-footprint-with-major-u-s-retailers,429,,,,false,,
https://echowater.com/blogs/blog/do-hydrogen-water-bottles-run-out-of-hydrogen,200,,https://echowater.com/blogs/blog/do-hydrogen-water-bottles-run-out-of-hydrogen,,true,Do Hydrogen Water Bottles Run Out Of Hydrogen? &ndash; Echo Water,"Hydrogen water is a not-so-new frontier in wellness, with promising upsides like boosted energy and increased antioxidant capacity. But does the hydrogen in your water bottle simply disappear once you’ve used it for a while? First, let’s take a look at how hydrogen bottles work. The Science Behind E"
https://echowater.com/blogs/blog/how-do-hydrogen-water-bottles-work,200,,https://echowater.com/blogs/blog/how-do-hydrogen-water-bottles-work,,true,How Do Hydrogen Water Bottles Work? &ndash; Echo Water,"To understand how hydrogen water bottles work, lets first talk about what hydrogen water is. Hydrogen-enriched water is regular water with extra hydrogen molecules in it. That’s the simple version. Hydrogen gas (H₂) is electrically infused into water, boosting the water’s antioxidant potential. This"
https://echowater.com/blogs/newsroom/echo-launches-industry-s-first-smart-hydrogen-bottle-and-app-at-ces-2025,200,,https://echowater.com/blogs/newsroom/echo-launches-industry-s-first-smart-hydrogen-bottle-and-app-at-ces-2025,,true,Echo Launches Industry’s First Smart Hydrogen Bottle and App at CES 20 &ndash; Echo Water,"Science and technology combine to advance the benefits of molecular hydrogen LAS VEGAS, January 07, 2025--(BUSINESS WIRE)--Echo Water today unveiled its latest breakthrough in hydrogen enriched water technology at CES 2025 in Las Vegas. The Echo Flask and its companion app is the industry’s first sm"
https://echowater.com/blogs/newsroom/fitness-accessories-to-elevate-your-at-home-studio,429,,,,false,,
https://echowater.com/blogs/newsroom/ces-2025-beverage-startups-changing-how-we-consume-water-coffee-and-beer,429,,,,false,,
https://echowater.com/blogs/newsroom/can-a-hydrogen-water-bottle-actually-offer-health-benefits-doctors-weigh-in,429,,,,false,,
https://echowater.com/blogs/blog/does-hydrogen-water-work,200,,https://echowater.com/blogs/blog/does-hydrogen-water-work,,true,Does Hydrogen Water Work? &ndash; Echo Water,"In recent years, hydrogen water has become one of the most talked-about health trends. With its promise of providing enhanced hydration and a range of potential health benefits, it’s no wonder people are curious about its effectiveness. But the question remains: does hydrogen water really work? And,"
https://echowater.com/blogs/newsroom/echo-flask-review-innovation-in-hydration-or-just-another-fancy-bottle,429,,,,false,,
https://echowater.com/blogs/newsroom/hydrogen-water-benefits-hype-or-hope,429,,,,false,,
https://echowater.com/blogs/newsroom/echo-unveils-next-generation-hydrogen-therapy-products-for-home-commercial-spas-and-wellness-centers,200,,https://echowater.com/blogs/newsroom/echo-unveils-next-generation-hydrogen-therapy-products-for-home-commercial-spas-and-wellness-centers,,true,"Echo Unveils Next-Generation Hydrogen Therapy Products for Home, Comme &ndash; Echo Water","Echo Unveils Next-Generation Hydrogen Therapy Products for Home, Commercial Spas and Wellness Centers"
https://echowater.com/blogs/newsroom/echo-water-and-truemed-partner-to-unlock-pre-tax-hsa-fsa-spending-for-echo-flask,200,,https://echowater.com/blogs/newsroom/echo-water-and-truemed-partner-to-unlock-pre-tax-hsa-fsa-spending-for-echo-flask,,true,Echo Water and Truemed Partner to Unlock Pre-Tax HSA/FSA Spending for,Echo Water and Truemed Partner to Unlock Pre-Tax HSA/FSA Spending for Echo Flask
https://echowater.com/blogs/newsroom/echo-launches-industry-s-first-smart-hydrogen-bottle-and-app-at-ces-2026,200,,https://echowater.com/blogs/newsroom/echo-launches-industry-s-first-smart-hydrogen-bottle-and-app-at-ces-2026,,true,Echo Launches Industry’s First Smart Hydrogen Bottle and App at CES 20 &ndash; Echo Water,Echo Launches Industry’s First Smart Hydrogen Bottle and App at CES 2025
https://echowater.com/blogs/newsroom/echo-partners-with-icryo-to-offer-guests-innovative-hydrogen-water-solutions,200,,https://echowater.com/blogs/newsroom/echo-partners-with-icryo-to-offer-guests-innovative-hydrogen-water-solutions,,true,Echo Partners with iCRYO to Offer Guests Innovative Hydrogen Water Sol &ndash; Echo Water,Echo Partners with iCRYO to Offer Guests Innovative Hydrogen Water Solutions
https://echowater.com/blogs/newsroom/healing-your-gut-with-hydrogen,200,,https://echowater.com/blogs/newsroom/healing-your-gut-with-hydrogen,,true,Healing Your Gut with Hydrogen &ndash; Echo Water,"Echo Water is a leading provider of hydrogen water. Our advanced hydrogen tech delivers molecular hydrogen - an ultra-selective antioxidant - how you need it, when you need it."
https://echowater.com/blogs/newsroom/dr-paul-barattiero-hydrogen-water-pioneer,200,,https://echowater.com/blogs/newsroom/dr-paul-barattiero-hydrogen-water-pioneer,,true,"Dr. Paul Barattiero, Hydrogen Water Pioneer &ndash; Echo Water","Echo Water is a leading provider of hydrogen water. Our advanced hydrogen tech delivers molecular hydrogen - an ultra-selective antioxidant - how you need it, when you need it."
https://echowater.com/blogs/newsroom/joe-rogan-hydrogen-water-is-the-best-water-to-drink,200,,https://echowater.com/blogs/newsroom/joe-rogan-hydrogen-water-is-the-best-water-to-drink,,true,Joe Rogan - Hydrogen Water Is The Best Water To Drink &ndash; Echo Water,"Echo Water is a leading provider of hydrogen water. Our advanced hydrogen tech delivers molecular hydrogen - an ultra-selective antioxidant - how you need it, when you need it."
https://echowater.com/blogs/newsroom/the-benefits-of-hydrogen-water-to-fight-oxidative-stress,200,,https://echowater.com/blogs/newsroom/the-benefits-of-hydrogen-water-to-fight-oxidative-stress,,true,The Benefits Of Hydrogen Water To Fight Oxidative Stress &ndash; Echo Water,"Echo Water is a leading provider of hydrogen water. Our advanced hydrogen tech delivers molecular hydrogen - an ultra-selective antioxidant - how you need it, when you need it."
https://echowater.com/blogs/newsroom/hydrogen-water-for-the-relief-of-chronic-pain,200,,https://echowater.com/blogs/newsroom/hydrogen-water-for-the-relief-of-chronic-pain,,true,Hydrogen Water for the Relief of Chronic Pain &ndash; Echo Water,"Echo Water is a leading provider of hydrogen water. Our advanced hydrogen tech delivers molecular hydrogen - an ultra-selective antioxidant - how you need it, when you need it."
https://echowater.com/blogs/newsroom/reclaim-your-health-with-hydrogen-water,200,,https://echowater.com/blogs/newsroom/reclaim-your-health-with-hydrogen-water,,true,Reclaim Your Health With Hydrogen Water &ndash; Echo Water,"Echo Water is a leading provider of hydrogen water. Our advanced hydrogen tech delivers molecular hydrogen - an ultra-selective antioxidant - how you need it, when you need it."
https://echowater.com/blogs/newsroom/hydrogen-water-system-revolutionizes-cellular-health,200,,https://echowater.com/blogs/newsroom/hydrogen-water-system-revolutionizes-cellular-health,,true,Hydrogen Water System REVOLUTIONIZES Cellular Health &ndash; Echo Water,"Echo Water is a leading provider of hydrogen water. Our advanced hydrogen tech delivers molecular hydrogen - an ultra-selective antioxidant - how you need it, when you need it."
https://echowater.com/blogs/newsroom/hydrogen-water-a-must-for-preventing-disease-engendering-health,200,,https://echowater.com/blogs/newsroom/hydrogen-water-a-must-for-preventing-disease-engendering-health,,true,Hydrogen Water: A MUST for Preventing Disease &amp; Engendering Health &ndash; Echo Water,"Echo Water is a leading provider of hydrogen water. Our advanced hydrogen tech delivers molecular hydrogen - an ultra-selective antioxidant - how you need it, when you need it."
https://echowater.com/blogs/newsroom/attaining-synergy-through-hydrogen-water-and-emf-protection,200,,https://echowater.com/blogs/newsroom/attaining-synergy-through-hydrogen-water-and-emf-protection,,true,Attaining Synergy through Hydrogen Water and EMF Protection &ndash; Echo Water,"Echo Water is a leading provider of hydrogen water. Our advanced hydrogen tech delivers molecular hydrogen - an ultra-selective antioxidant - how you need it, when you need it."
https://echowater.com/blogs/newsroom/the-miracle-of-hydrogen-water,200,,https://echowater.com/blogs/newsroom/the-miracle-of-hydrogen-water,,true,The “Miracle” of Hydrogen Water &ndash; Echo Water,"Echo Water is a leading provider of hydrogen water. Our advanced hydrogen tech delivers molecular hydrogen - an ultra-selective antioxidant - how you need it, when you need it."
https://echowater.com/blogs/newsroom/hydrogen-water-technology-a-new-frontier-in-health-and-wellness,200,,https://echowater.com/blogs/newsroom/hydrogen-water-technology-a-new-frontier-in-health-and-wellness,,true,Hydrogen Water Technology: A New Frontier in Health and Wellness &ndash; Echo Water,"Echo Water is a leading provider of hydrogen water. Our advanced hydrogen tech delivers molecular hydrogen - an ultra-selective antioxidant - how you need it, when you need it."
https://echowater.com/blogs/newsroom/echo-water-and-10x-health-system-announce-strategic-partnership,200,,https://echowater.com/blogs/newsroom/echo-water-and-10x-health-system-announce-strategic-partnership,,true,Echo Water and 10X Health System Announce Strategic Partnership,"Echo Water, a leader in hydrogen water therapy, announced a new strategic partnership with wellness company 10X Health System (Miami, FL). The collaboration will see the acclaimed Echo Flask white-labeled and sold under 10X’s brand, expanding its reach to more customers. The Echo Flask launched in 2"
https://echowater.com/blogs/newsroom/how-hydrogen-water-helps-prevent-chronic-illness-with-paul-barattiero,200,,https://echowater.com/blogs/newsroom/how-hydrogen-water-helps-prevent-chronic-illness-with-paul-barattiero,,true,How Hydrogen Water Helps Prevent Chronic Illness with Paul Barattiero &ndash; Echo Water,"With so many water options available today, it&#39;s hard to separate fact from fiction. Dr. Katie Deming speaks with Dr. Paul Barattiero, founder of Echo Water and an expert on hydrogen water&#39;s therapeutic properties.You&#39;ll discover how hydrogen water works in your body to reduce inflammati"
https://echowater.com/blogs/newsroom/benefits-of-hydrogen-water-for-your-gut-brain,200,,https://echowater.com/blogs/newsroom/benefits-of-hydrogen-water-for-your-gut-brain,,true,Benefits of Hydrogen Water for Your Gut &amp; Brain &ndash; Echo Water,"Echo Water is a leading provider of hydrogen water. Our advanced hydrogen tech delivers molecular hydrogen - an ultra-selective antioxidant - how you need it, when you need it."
https://echowater.com/blogs/newsroom/lets-talk-tech-with-debbie,200,,https://echowater.com/blogs/newsroom/lets-talk-tech-with-debbie,,true,Let&#39;s Talk Tech With Debbie &ndash; Echo Water,"Echo Water is a leading provider of hydrogen water. Our advanced hydrogen tech delivers molecular hydrogen - an ultra-selective antioxidant - how you need it, when you need it."
https://echowater.com/blogs/blog/what-is-a-smart-water-bottle,200,,https://echowater.com/blogs/blog/what-is-a-smart-water-bottle,,true,What Is a Smart Water Bottle? Discover the Echo Flask | Echo Water,"Learn what makes a smart water bottle truly smart—and why the Echo Flask is leading the way. Track hydration, boost recovery, and upgrade your water with molecular hydrogen."
https://echowater.com/blogs/blog/customer-experience-enhancements-at-echo,200,,https://echowater.com/blogs/blog/customer-experience-enhancements-at-echo,,true,Customer Experience Enhancements at Echo &ndash; Echo Water,"As we begin Q2 of 2025, we&#39;re proud of the strides we&#39;ve made in enhancing our customer experience to serve you better. We believe in continuous improvement, and the feedback from our loyal customers is central to shaping how we evolve. Here&#39;s a look at the key improvements we’ve made th"
https://echowater.com/blogs/blog/is-a-glass-water-bottle-better-than-plastic,200,,https://echowater.com/blogs/blog/is-a-glass-water-bottle-better-than-plastic,,true,Is a Glass Water Bottle Better than Plastic? (Not All Plastics are Cre &ndash; Echo Water,"Is Glass Really Better Than Plastic? Let’s Talk About Your Water Bottle Glass has a clean reputation. People think it’s the safest, purest choice for drinking water—and in some ways, that’s true. It’s non-toxic, doesn’t leach, and feels premium. But here’s what most people miss: not all plastics are"
https://echowater.com/blogs/blog/is-hydrogen-soluble-in-water,200,,https://echowater.com/blogs/blog/is-hydrogen-soluble-in-water,,true,Is Hydrogen Soluble in Water? &ndash; Echo Water,"Is Hydrogen Soluble in Water? The simple answer, is yes, molecular hydrogen is soluble in water. But not all hydrogen is molecular (molecular means it has two hydrogen atoms in a molecule).Single hydrogen atoms (H) are unstable and disappear quickly. But molecular hydrogen (H₂)—two atoms bonded toge"
https://echowater.com/blogs/blog/is-alkaline-water-the-same-as-hydrogen-water,200,,https://echowater.com/blogs/blog/is-alkaline-water-the-same-as-hydrogen-water,,true,Is Alkaline Water the Same as Hydrogen Water? &ndash; Echo Water,"Is Alkaline Water the Same as Hydrogen Water? Short answer? Nope! But if you’re confused, you’re not alone. These two types of “enhanced” water are often lumped together. They both sound high-tech. They both get talked about as better-for-you options. They’re both popular among health-conscious folk"
https://echowater.com/blogs/blog/how-to-clean-a-hydrogen-water-bottle,200,,https://echowater.com/blogs/blog/how-to-clean-a-hydrogen-water-bottle,,true,How To Clean a Hydrogen Water Bottle? &ndash; Echo Water,"Learn how to properly clean any hydrogen water bottle—including the Echo Flask—to keep your water fresh, boost hydrogen performance, and extend your bottle’s lifespan. Simple steps, big benefits."
https://echowater.com/blogs/blog/how-much-hydrogen-water-a-day,200,,https://echowater.com/blogs/blog/how-much-hydrogen-water-a-day,,true,How Much Hydrogen Water Should You Drink Per Day? &ndash; Echo Water,"Most people need 1-3 bottles of hydrogen water per day to feel results, but not all bottles create the same concentration. See the research and breakdown here."
https://echowater.com/blogs/blog/gut-health-on-the-go-meet-the-echo-hydrogen-prebiotic-packet,200,,https://echowater.com/blogs/blog/gut-health-on-the-go-meet-the-echo-hydrogen-prebiotic-packet,,true,Gut Health on the Go: Meet the Echo Hydrogen Prebiotic Packet &ndash; Echo Water,"In a world where our schedules never seem to slow down, taking care of your gut health shouldn’t be complicated—or boring. That’s why Echo has launched the Echo Hydrogen Prebiotic, a powerful new supplement designed to support digestion, hydration, and energy wherever life takes you. These convenien"
https://echowater.com/blogs/newsroom/how-echo-built-a-tariff-proof-supply-chain-and-saved-9-8m,200,,https://echowater.com/blogs/newsroom/how-echo-built-a-tariff-proof-supply-chain-and-saved-9-8m,,true,How Echo Built a Tariff-Proof Supply Chain—and Saved $9.8M &ndash; Echo Water,"As the latest wave of tariffs slams Chinese imports, Echo—the hydrogen-powered health brand behind the popular Echo Flask—is reaping the rewards of a bold decision made last year: pulling manufacturing out of China."
https://echowater.com/blogs/newsroom/echo-water-and-10x-health-system-co-founded-by-grant-cardone-and-brandon-dawson-announce-partnership-to-co-brand-and-distribute-the-innovative-echo-flask,200,,https://echowater.com/blogs/newsroom/echo-water-and-10x-health-system-co-founded-by-grant-cardone-and-brandon-dawson-announce-partnership-to-co-brand-and-distribute-the-innovative-echo-flask,,true,"Echo Water and 10X Health System, Co-Founded by Grant Cardone and Bran","a leading innovator in hydrogen water therapy, and 10X Health System, a wellness company co-founded by business tycoons Grant Cardone and Brandon Dawson, announced today a new strategic partnership"
https://echowater.com/blogs/newsroom/echo-launches-first-of-its-kind-hydrogen-supplement-packets-with-added-prebiotics,200,,https://echowater.com/blogs/newsroom/echo-launches-first-of-its-kind-hydrogen-supplement-packets-with-added-prebiotics,,true,Echo Launches First-of-Its-Kind Hydrogen Supplement Packets with Added &ndash; Echo Water,"Echo, the leader in hydrogen wellness, announced today the release of its latest innovation: the Echo Hydrogen Prebiotic—a portable, single-serve wellness powder combining the power of hydrogen with prebiotics."
https://echowater.com/blogs/newsroom/hydrogen-hustle-echo-s-wild-ride-from-gut-instinct-to-global-wellness-disruptor,200,,https://echowater.com/blogs/newsroom/hydrogen-hustle-echo-s-wild-ride-from-gut-instinct-to-global-wellness-disruptor,,true,Hydrogen Hustle: Echo’s Wild Ride From Gut Instinct to Global Wellness &ndash; Echo Water,"In two years Echo Water (Pleasant Grove, UT) has become booming $30M business, leveraging hydrogen water, patented tech, and influencer strategy to dominate the growing hydrogen health market."
https://echowater.com/blogs/newsroom/echo-water-and-10x-health-system-launch-a-co-branded-echo-flask-1,200,,https://echowater.com/blogs/newsroom/echo-water-and-10x-health-system-launch-a-co-branded-echo-flask-1,,true,Echo Water and 10X Health System Launch a Co-Branded Echo Flask,"Echo Water has entered a strategic alliance with 10X Health System to distribute a co-branded version of its innovative Echo Flask, an innovation that combines advanced hydrogen water technology with premium wellness branding."
https://echowater.com/blogs/newsroom/tariff-proof-echo-s-shift-delivers-9-8m-in-savings,200,,https://echowater.com/blogs/newsroom/tariff-proof-echo-s-shift-delivers-9-8m-in-savings,,true,Tariff-Proof: Echo’s Shift Delivers $9.8M in Savings &ndash; Echo Water,"Echo, the hydrogen water specialist behind the Echo Flask, is reflecting on its decision to move manufacturing out of China and relocate production to the Philippines—a shift that has saved the company an estimated $9.8 million this year alone by avoiding rising costs and shipping disruptions."
https://echowater.com/blogs/newsroom/one-companys-bid-to-tariff-proof-its-supply-chain,200,,https://echowater.com/blogs/newsroom/one-companys-bid-to-tariff-proof-its-supply-chain,,true,One Company&#39;s Bid to &#39;Tariff-Proof&#39; its Supply Chain &ndash; Echo Water,"In a period where many companies have spoken of a need to increase prices for consumers to cover the added costs from new tariffs, hydrogen water flask and filter company Echo says that it has successfully built a &quot;tariff-proof&quot; supply chain."
https://echowater.com/blogs/newsroom/review-echo-flask-hydrogren-water,200,,https://echowater.com/blogs/newsroom/review-echo-flask-hydrogren-water,,true,Review: Echo Flask Hydrogren Water &ndash; Echo Water,"The Flask is a simple design that hides its INSANE amount of technology and benefits. The rectangular Flask with the screw top stands tall at 10 inches, 3 inches wide and 2 inches thick allowing for 12 ounces of water. The Flask does weigh about a pound which doesn’t feel like it. The matte black ex"
https://echowater.com/blogs/newsroom/how-echo-built-a-tariff-proof-supply-chain-and-saved-9-8m-1,200,,https://echowater.com/blogs/newsroom/how-echo-built-a-tariff-proof-supply-chain-and-saved-9-8m-1,,true,How Echo Built a Tariff-Proof Supply Chain—and Saved $9.8M &ndash; Echo Water,"As the latest wave of tariffs slams Chinese imports, Echo—the hydrogen-powered health brand behind the popular Echo Flask—is reaping the rewards of a bold decision made last year: pulling manufacturing out of China...."
https://echowater.com/blogs/newsroom/echo-flask-featured-in-humanrace-wellbeing-gifting-experience-during-met-gala-weekend,200,,https://echowater.com/blogs/newsroom/echo-flask-featured-in-humanrace-wellbeing-gifting-experience-during-met-gala-weekend,,true,Echo Flask Featured in Humanrace Wellbeing Gifting Experience During M &ndash; Echo Water,"NEW YORK - Echo, the category leader in hydrogen-enriched wellness technology, is proud to announce that its flagship product, the Echo Flask, has been selected as part of the Humanrace gifting experience during the 2025 Met Gala weekend...."
https://echowater.com/blogs/newsroom/i-tried-a-299-hydrogen-water-bottle-but-is-it-worth-the-price,200,,https://echowater.com/blogs/newsroom/i-tried-a-299-hydrogen-water-bottle-but-is-it-worth-the-price,,true,I tried a £299 hydrogen water bottle - but is it worth the price? &ndash; Echo Water,"Thousands have lived without love, not one without water,” said W. H. Auden. Though water is life’s most essential and vital resource, the majority of Brits drink less than a litre of water a day – far below the recommended daily dose."
https://echowater.com/blogs/newsroom/dr-paul-barattiero-unlocks-the-power-of-hydrogen-water,200,,https://echowater.com/blogs/newsroom/dr-paul-barattiero-unlocks-the-power-of-hydrogen-water,,true,Dr. Paul Barattiero Unlocks the Power of Hydrogen Water &ndash; Echo Water,"Echo Water is a leading provider of hydrogen water. Our advanced hydrogen tech delivers molecular hydrogen - an ultra-selective antioxidant - how you need it, when you need it."
https://echowater.com/blogs/newsroom/echo-flask-honored-with-mom-s-choice-award-for-excellence-in-wellness-innovation,200,,https://echowater.com/blogs/newsroom/echo-flask-honored-with-mom-s-choice-award-for-excellence-in-wellness-innovation,,true,Echo Flask Honored With Mom’s Choice Award for Excellence in Wellness &ndash; Echo Water,"Echo is proud to announce that its flagship product, the Echo Flask, has been recognized with a prestigious Mom’s Choice Award® in the Health &amp;amp; Wellness category. This accolade underscores the Echo Flask’s commitment to enhancing family health through cutting-edge hydrogen water technology."
https://echowater.com/blogs/newsroom/what-is-molecular-hydrogen-the-healing-journey-with-dr-paul-barattiero,200,,https://echowater.com/blogs/newsroom/what-is-molecular-hydrogen-the-healing-journey-with-dr-paul-barattiero,,true,What is Molecular Hydrogen? | The Healing Journey with Dr. Paul Baratt &ndash; Echo Water,"Echo Water is a leading provider of hydrogen water. Our advanced hydrogen tech delivers molecular hydrogen - an ultra-selective antioxidant - how you need it, when you need it."
https://echowater.com/blogs/newsroom/hydration-that-performs-echo-and-10x-health-launch-co-branded-hydrogen-flask,200,,https://echowater.com/blogs/newsroom/hydration-that-performs-echo-and-10x-health-launch-co-branded-hydrogen-flask,,true,Hydration That Performs: Echo and 10X Health Launch Co-Branded Hydroge &ndash; Echo Water,"If there’s one thing performance-driven people have in common, it’s the desire for tools that actually work. That’s exactly what led to the partnership between Echo Water and 10X Health System, co-founded by Grant Cardone and Brandon Dawson. The goal? To bring functional, science-backed hydration to"
https://echowater.com/blogs/blog/can-you-combine-hydrogen-water-with-medications,200,,https://echowater.com/blogs/blog/can-you-combine-hydrogen-water-with-medications,,true,Can You Combine Hydrogen Water With Medications? &ndash; Echo Water,"If you’re taking medication and thinking about adding hydrogen water to your routine, it’s natural to wonder if the two can safely mix. The good news: for most people, the answer is yes. Hydrogen water is known for its antioxidant properties and ability to reduce oxidative stress—but how does that i"
https://echowater.com/blogs/blog/hydrogen-water-and-prostate-health,200,,https://echowater.com/blogs/blog/hydrogen-water-and-prostate-health,,true,Hydrogen Water and Prostate Health &ndash; Echo Water,Hydrogen water can support prostate health by fighting oxidative stress and inflammation. Learn why this simple daily habit protects against aging and prostate issues.
https://echowater.com/blogs/blog/how-does-hydrogen-water-work,200,,https://echowater.com/blogs/blog/how-does-hydrogen-water-work,,true,How Does Hydrogen Water Work? Is it Healthy and Why? &ndash; Echo Water,"Hydrogen water works by delivering a powerful, targeted antioxidant (H₂) that helps your cells fight stress, boost energy, and slow aging—discover how it works and why it could change how you feel every day."
https://echowater.com/blogs/newsroom/unlocking-human-potential-echos-vision-with-will-ahmed-on-modern-wisdom,200,,https://echowater.com/blogs/newsroom/unlocking-human-potential-echos-vision-with-will-ahmed-on-modern-wisdom,,true,Echo Makes an Appearance on Modern Wisdom with Whoop CEO Will Ahmed &ndash; Echo Water,"Echo Water is a leading provider of hydrogen water. Our advanced hydrogen tech delivers molecular hydrogen - an ultra-selective antioxidant - how you need it, when you need it."
https://echowater.com/blogs/blog/where-can-i-get-hydrogen-bath-bombs-bad-and-good-news,200,,https://echowater.com/blogs/blog/where-can-i-get-hydrogen-bath-bombs-bad-and-good-news,,true,Where Can I Get Hydrogen Bath Bombs? [Bad and Good News] &ndash; Echo Water,"Interest in hydrogen bath bombs is rising—and with good reason. People are looking for new ways to relax, recover, and recharge. The idea of soaking in hydrogen sounds powerful. The bad news: as of today, no company produces molecular hydrogen bath bombs. The products on the market right now are “hy"
https://echowater.com/blogs/blog/hydrogen-water-bottle-vs-hydrogen-drink-mix-packets-which-one-s-right-for-you,200,,https://echowater.com/blogs/blog/hydrogen-water-bottle-vs-hydrogen-drink-mix-packets-which-one-s-right-for-you,,true,Hydrogen Water Bottle vs. Drink Packets [Buying Guide] &ndash; Echo Water,"Whether you mix it or make it, hydrogen water delivers proven benefits—more energy, clearer focus, better recovery, and stronger gut health"
https://echowater.com/blogs/blog/what-is-oxidative-stress,200,,https://echowater.com/blogs/blog/what-is-oxidative-stress,,true,What Is Oxidative Stress? &ndash; Echo Water,"What Is Oxidative Stress? You’re Doing Everything Right—So Why Don’t You Feel Right? You drink more water. You get sleep. You try to eat clean, maybe even take your supplements. But somehow, you still feel off. You’re tired when you shouldn’t be. Recovery takes longer. Your body feels like it’s work"
https://echowater.com/blogs/newsroom/8-gifts-to-honor-the-outdoorsy-dad-this-fathers-day,200,,https://echowater.com/blogs/newsroom/8-gifts-to-honor-the-outdoorsy-dad-this-fathers-day,,true,8 Gifts to Honor the Outdoorsy Dad This Father&#39;s Day &ndash; Echo Water,"This Father&#39;s Day, forget the cliche socks and coffee mugs; let&#39;s take Dad to the great outdoors this year by celebrating him with unique gifts that match Dad&#39;s love for fresh air and adventure."
https://echowater.com/blogs/newsroom/every-winning-product-from-the-inaugural-harpers-bazaar-gadget-awards,200,,https://echowater.com/blogs/newsroom/every-winning-product-from-the-inaugural-harpers-bazaar-gadget-awards,,true,Every winning product from the inaugural Harper&#39;s Bazaar Gadget Awards &ndash; Echo Water,"This 340ml bottle uses infusion technology to increase the hydrogen concentration in water, which supports cellular health and raises energy levels. Plus, it pairs with your smartphone to help you take a detailed look at your personal hydration cycles. . ."
https://echowater.com/blogs/newsroom/the-best-products-for-staying-cool-healthy-in-the-summer-heat,200,,https://echowater.com/blogs/newsroom/the-best-products-for-staying-cool-healthy-in-the-summer-heat,,true,The Best Products For Staying Cool &amp; Healthy in the Summer Heat &ndash; Echo Water,"The Echo Flask is a portable hydrogen water bottle that delivers up to 8 ppm of molecular hydrogen, one of the highest concentrations available, to support energy, recovery and overall performance. Using advanced electrolysis tech, it infuses your water with hydrogen gas in minutes, helping reduce o"
https://echowater.com/blogs/newsroom/impact-wealth-father-s-day-gift-guide-2025,200,,https://echowater.com/blogs/newsroom/impact-wealth-father-s-day-gift-guide-2025,,true,Impact Wealth Father’s Day Gift Guide 2025 &ndash; Echo Water,"Father’s Day is an opportunity to honor the discerning men in our lives, fathers, mentors, and partners, whose refined tastes deserve equally exceptional recognition. At Impact Wealth, we believe that gifting should be an experience that mirrors the excellence and intention of the recipient. . ."
https://echowater.com/blogs/newsroom/top-10-health-experts-transforming-wellness-in-2025,200,,https://echowater.com/blogs/newsroom/top-10-health-experts-transforming-wellness-in-2025,,true,Top 10 Health Experts Transforming Wellness in 2025 &ndash; Echo Water,"For over 20 years, Dr. Paul Barattiero has dedicated his work to one question: how can we help the body heal itself without drugs or gimmicks? That pursuit led him to the world of molecular hydrogen and eventually to founding Echo, a wellness brand that’s turning water into one of the most powerful "
https://echowater.com/blogs/newsroom/the-ultimate-hybrid-working-kit,200,,https://echowater.com/blogs/newsroom/the-ultimate-hybrid-working-kit,,true,The Ultimate Hybrid Working Kit &ndash; Echo Water,"Hydration is one of the best ways to support wellness during a busy workday. The Echo Flask, a smart, health forward designed to enhance your water, not just carry it. . ."
https://echowater.com/blogs/newsroom/coast-to-coast-dr-paul-barattiero,200,,https://echowater.com/blogs/newsroom/coast-to-coast-dr-paul-barattiero,,true,Coast to Coast: Dr. Paul Barattiero &ndash; Echo Water,"Doctor of naturopathy, Paul Barattiero is a pioneering advocate for molecular hydrogen therapy with over two decades of experience in the health and wellness industry. As the founder of Echo Water, he has also held C-level executive positions at prominent wellness companies. His career is marked by "
https://echowater.com/blogs/blog/echo-webinar-recap-july-10-july-17,200,,https://echowater.com/blogs/blog/echo-webinar-recap-july-10-july-17,,true,Echo Webinar Recap: July 10 &amp; July 17 &ndash; Echo Water,"Echo’s July webinars brought together the science, innovation, and practical benefits of hydrogen water technology with an insider look at the Echo Flask. Whether you’re a wellness seeker, biohacker, or just curious about portable performance tools, these sessions offered deep insights from Echo’s f"
https://echowater.com/blogs/blog/hydrogen-water-vs-hydrogen-tablets-why-echo-is-taking-a-stand-for-science-nbsp,200,,https://echowater.com/blogs/blog/hydrogen-water-vs-hydrogen-tablets-why-echo-is-taking-a-stand-for-science-nbsp,,true,Hydrogen Water vs. Hydrogen Tablets: Why Echo Is Taking a Stand for Sc &ndash; Echo Water,"The wellness world is no stranger to big claims and viral trends. But when misinformation puts consumer safety at risk, it&#39;s time to speak up. That’s exactly what Echo, a leader in hydrogen health technology, is doing in response to a wave of false claims being spread by influencers with financi"
https://echowater.com/blogs/blog/how-to-measure-oxidative-stress-and-what-to-do-about-it,200,,https://echowater.com/blogs/blog/how-to-measure-oxidative-stress-and-what-to-do-about-it,,true,How to Measure Oxidative Stress (and What To Do About It) &ndash; Echo Water,"The Invisible Battle Inside Your Body Your body is constantly in a silent war. On one side, you have free radicals—unstable molecules that damage cells. On the other, you have antioxidants—your natural defense system working to keep things in balance. When the free radicals win, you experience somet"
https://echowater.com/blogs/blog/can-oxidative-stress-be-reversed-research-treatments,200,,https://echowater.com/blogs/blog/can-oxidative-stress-be-reversed-research-treatments,,true,Can Oxidative Stress Be Reversed? Research &amp; Treatments &ndash; Echo Water,"Oxidative stress can be reduced through proven lifestyle changes. Learn what works, why it matters, and how to start reversing it today."
https://echowater.com/blogs/blog/can-you-mix-hydrogen-water-with-electrolytes,200,,https://echowater.com/blogs/blog/can-you-mix-hydrogen-water-with-electrolytes,,true,Can You Mix Hydrogen Water With Electrolytes? &ndash; Echo Water,"Can you mix hydrogen water with electrolytes? Yes! Learn how to combine them effectively and why this duo supports energy, focus, and recovery."
https://echowater.com/blogs/blog/webinar-recap-soak-sip-the-real-power-of-hydrogen-water-and-baths,200,,https://echowater.com/blogs/blog/webinar-recap-soak-sip-the-real-power-of-hydrogen-water-and-baths,,true,Webinar Recap: Soak &amp; Sip: The Real Power of Hydrogen Water and Baths &ndash; Echo Water,"Soak &amp;amp; Sip: The Real Power of Hydrogen Water and Baths From ancient healing springs to modern clinical research, hydrogen water is gaining serious momentum — and Echo is at the forefront of this hydration revolution. In two recent webinars, Echo explored the science and history behind hydrog"
https://echowater.com/blogs/blog/drinking-hydrogen-water-at-night,200,,https://echowater.com/blogs/blog/drinking-hydrogen-water-at-night,,true,Can You Drink Hydrogen Water at Night? A Brief Review – Echo Water,Curious about drinking hydrogen water at night? See how it can become a part of your nighttime routine and support your sleep schedule.
https://echowater.com/blogs/blog/can-you-freeze-hydrogen-water,200,,https://echowater.com/blogs/blog/can-you-freeze-hydrogen-water,,true,Can You Freeze Hydrogen Water? – Echo Water,Freezing hydrogen water doesn’t preserve the benefits. Learn why hydrogen escapes and how to keep your water cold the right way.
https://echowater.com/blogs/blog/reverse-osmosis-vs-hydrogen-water,200,,https://echowater.com/blogs/blog/reverse-osmosis-vs-hydrogen-water,,true,Reverse Osmosis vs Hydrogen Water: Different &amp; Complementary &ndash; Echo Water,RO gives you clean water. Hydrogenating water provides studied health benefits. They work hand in hand.
https://echowater.com/blogs/blog/hydrogen-water-vs-carbonated-water,200,,https://echowater.com/blogs/blog/hydrogen-water-vs-carbonated-water,,true,Hydrogen Water vs Carbonated Water [Breakdown] &ndash; Echo Water,Hydrogen water is studied and used for its health benefits. Carbonated drinks are just for taste. Learn more about the differences here.
https://echowater.com/blogs/blog/q3-customer-experience-update-built-around-real-people-nbsp,200,,https://echowater.com/blogs/blog/q3-customer-experience-update-built-around-real-people-nbsp,,true,Q3 Customer Experience Update: Built Around Real People&amp;nbsp; &ndash; Echo Water,"At Echo, customer care isn’t something you visit after something goes wrong—it’s part of how our products work. This quarter, we focused on one simple idea: when you reach out, you should feel known, helped, and on your way quickly. Here’s how that showed up in Q3. Faster help, fewer hoops We starte"
https://echowater.com/blogs/newsroom/echo-s-9-8m-logistics-play-dodging-tariffs-delivering-savings,200,,https://echowater.com/blogs/newsroom/echo-s-9-8m-logistics-play-dodging-tariffs-delivering-savings,,true,"Echo’s $9.8M Logistics Play: Dodging Tariffs, Delivering Savings &ndash; Echo Water","When trade tremors hit, hydrogen health tech company Echo didn’t flinch. Faced with looming tariffs and rising risk, the wellness brand moved fast—overhauling its supply chain, shifting manufacturing to the Philippines, and saving nearly $10 million in one year. Here’s a firsthand account of how sma"
https://echowater.com/blogs/newsroom/the-truth-about-hydrogen-water-health-benefits-my-journey-with-dr-paul-barattiero,200,,https://echowater.com/blogs/newsroom/the-truth-about-hydrogen-water-health-benefits-my-journey-with-dr-paul-barattiero,,true,The Truth About Hydrogen Water: Health Benefits &amp; My Journey with Dr. &ndash; Echo Water,"Echo Water is a leading provider of hydrogen water. Our advanced hydrogen tech delivers molecular hydrogen - an ultra-selective antioxidant - how you need it, when you need it."
https://echowater.com/blogs/newsroom/the-worlds-most-advanced-hydrogen-water-hot-tub,200,,https://echowater.com/blogs/newsroom/the-worlds-most-advanced-hydrogen-water-hot-tub,,true,The Worlds Most Advanced Hydrogen Water Hot Tub &ndash; Echo Water,Discover the world’s most advanced hydrogen water hot tub—where luxury meets wellness through therapeutic hydrogen infusion and cutting-edge tech.
https://echowater.com/blogs/newsroom/echo-water-makes-waves-at-ces-2026-featured-in-forbes-10-healthtech-innovations-driving-a-2-trillion-revolution-nbsp,200,,https://echowater.com/blogs/newsroom/echo-water-makes-waves-at-ces-2026-featured-in-forbes-10-healthtech-innovations-driving-a-2-trillion-revolution-nbsp,,true,Echo Water Makes Waves at CES 2026 — Featured in Forbes’ “10 HealthTec,"At CES 2026 in Las Vegas, the future of health and wellness technology was on full display — and Echo Water stood out as a true innovation leader. We’re proud to share that Forbes included Echo Water in its coverage of the top 10 health‑tech breakthroughs shaping a projected $2 trillion revolution i"
https://echowater.com/blogs/newsroom/echo-water-s-award-winning-year-what-the-industry-recognition-really-means-nbsp,200,,https://echowater.com/blogs/newsroom/echo-water-s-award-winning-year-what-the-industry-recognition-really-means-nbsp,,true,Echo Water’s Award‑Winning Year: What the Industry Recognition Really,"It’s been a milestone year for Echo Water—and we’re just getting started. In an industry filled with bold claims and fleeting trends, receiving real‑world recognition from respected institutions is something we don’t take lightly. That’s why we’re incredibly proud to share some of the honors Echo Wa"
https://echowater.com/blogs/newsroom/echo-water-s-award-winning-year-what-the-industry-recognition-really-means,200,,https://echowater.com/blogs/newsroom/echo-water-s-award-winning-year-what-the-industry-recognition-really-means,,true,Echo Water’s Award-Winning Year: What the Industry Recognition Really,"It’s been a milestone year for Echo Water—and we’re just getting started. In an industry filled with bold claims and fleeting trends, receiving real-world recognition from respected institutions is something we don’t take lightly. That’s why we’re incredibly proud to share some of the honors Echo Wa"
https://echowater.com/blogs/blog/echo-flask-featured-in-new-york-post-300-rechargeable-bottle-bringing-hydrogen-water-mainstream-nbsp,200,,https://echowater.com/blogs/blog/echo-flask-featured-in-new-york-post-300-rechargeable-bottle-bringing-hydrogen-water-mainstream-nbsp,,true,Echo Flask Featured in New York Post: $300 Rechargeable Bottle Bringin &ndash; Echo Water,"Echo Water is thrilled to share that the New York Post recently featured our Echo Flask — a smart, rechargeable hydrogen water bottle — in a major piece about next‑generation wellness tech. The article highlights how this advanced hydration device captured attention at CES 2026 and why hydrogen‑infu"
https://echowater.com/blogs/newsroom/reclaim-your-health-with-hydrogen-water-with-paul-barattiero-from-synergy-science,200,,https://echowater.com/blogs/newsroom/reclaim-your-health-with-hydrogen-water-with-paul-barattiero-from-synergy-science,,true,Reclaim Your Health With Hydrogen Water with Paul Barattiero from Syne &ndash; Echo Water,"Echo Water is a leading provider of hydrogen water. Our advanced hydrogen tech delivers molecular hydrogen - an ultra-selective antioxidant - how you need it, when you need it."
https://echowater.com/blogs/blog/is-hydrogen-water-the-next-big-thing-in-wellness-our-take-on-the-echo-bottle,200,,https://echowater.com/blogs/blog/is-hydrogen-water-the-next-big-thing-in-wellness-our-take-on-the-echo-bottle,,true,Is Hydrogen Water the Next Big Thing in Wellness? Our Take on the Echo &ndash; Echo Water,"Hydration just got a futuristic upgrade. In a recent hands‑on review on Gadget Review, the Echo Hydrogen Water Bottle impresses with its ability to infuse regular water with dissolved molecular hydrogen — hitting 6–8 ppm in lab‑verified results, putting it at the high end of what’s available today. "
https://echowater.com/blogs/blog/show-your-significant-other-how-much-you-love-their-body-this-valentine-s-day,200,,https://echowater.com/blogs/blog/show-your-significant-other-how-much-you-love-their-body-this-valentine-s-day,,true,Show Your Significant Other How Much You Love Their Body—This Valentin &ndash; Echo Water,"Flowers wilt. Candy disappears. But health? That’s a gift that lasts.This Valentine’s Day, skip the sugar rush and give something that actually supports your partner’s body from the inside out: the Echo Flask, the world’s first smart hydrogen water bottle. At Echo Water, we believe true love is more"
https://echowater.com/blogs/blog/how-echo-stole-the-spotlight-at-ces-2026,200,,https://echowater.com/blogs/blog/how-echo-stole-the-spotlight-at-ces-2026,,true,How Echo Stole the Spotlight at CES 2026 &ndash; Echo Water,"At this year’s CES 2026 — the world’s premier tech showcase — Athletech News rounded up the most exciting fitness, health, and wellness innovations that are shaping the future of well‑being. From AI‑powered wearables to intelligent recovery tools, the expo floor was buzzing with next‑generation tech"
https://echowater.com/blogs/blog/top-presidents-day-tech-gift-picks-including-the-echo-flask-hydrogen-water-bottle,200,,https://echowater.com/blogs/blog/top-presidents-day-tech-gift-picks-including-the-echo-flask-hydrogen-water-bottle,,true,Top Presidents’ Day Tech Gift Picks — Including the Echo Flask Hydroge &ndash; Echo Water,"Looking for standout tech gifts this Presidents’ Day? Innovation &amp;amp; Tech Today just dropped its curated Presidents’ Day Gift Guide, featuring the latest gadgets and wellness innovations worth celebrating this season. From productivity gear to lifestyle extras, the list covers thoughtful picks"
https://echowater.com/blogs/blog/give-the-gift-of-wellness-this-valentine-s-day-featuring-echo,200,,https://echowater.com/blogs/blog/give-the-gift-of-wellness-this-valentine-s-day-featuring-echo,,true,Give the Gift of Wellness This Valentine’s Day — Featuring Echo &ndash; Echo Water,"This Valentine’s Day, BuzzFeed’s annual gift roundup is redefining romance — it’s not just about candy and flowers anymore. Their 2026 Valentine’s Day gift guide spotlights well-being, self-care, and thoughtful tech that helps the people you love feel their best every single day. Among the curated p"
https://echowater.com/blogs/blog/worst-tap-water-cities-in-america,200,,https://echowater.com/blogs/blog/worst-tap-water-cities-in-america,,true,25 US Cities With the Worst Tap Water (2026 Data) &ndash; Echo Water,We analyzed tap water data for 500+ US cities. These 25 have the most contaminants above health guidelines.
https://echowater.com/blogs/water-quality/water-quality-explained-what-s-in-your-tap-water-and-how-to-check-it,200,,https://echowater.com/blogs/water-quality/water-quality-explained-what-s-in-your-tap-water-and-how-to-check-it,,true,Water Quality Explained: What’s in Your Tap Water and How to Check It &ndash; Echo Water,"What Is Water Quality? Water quality refers to the chemical, physical, and biological characteristics of your drinking water. It determines whether your tap water is safe, clean, and healthy for daily use. Most people assume that if water is clear and odorless, it is safe. But water quality is not d"
https://echowater.com/blogs/blog/best-tap-water-cities-in-america,200,,https://echowater.com/blogs/blog/best-tap-water-cities-in-america,,true,25 US Cities With the Best Tap Water (2026 Data) &ndash; Echo Water,We analyzed tap water data for 500+ US cities. These 25 have the cleanest drinking water.
https://echowater.com/blogs/blog/chromium-6-in-drinking-water,200,,https://echowater.com/blogs/blog/chromium-6-in-drinking-water,,true,25 Cities With the Most Chromium-6 in Drinking Water (2026) &ndash; Echo Water,These 25 US cities have the highest detected levels of chromium-6 (hexavalent chromium) in their tap water.
https://echowater.com/blogs/blog/california-worst-tap-water,200,,https://echowater.com/blogs/blog/california-worst-tap-water,,true,25 California Cities With the Worst Tap Water (2026) &ndash; Echo Water,These 25 California cities have the most contaminants above health guidelines in their tap water.
https://echowater.com/blogs/blog/florida-worst-tap-water,200,,https://echowater.com/blogs/blog/florida-worst-tap-water,,true,25 Florida Cities With the Worst Tap Water (2026) &ndash; Echo Water,These 25 Florida cities have the most contaminants above health guidelines in their tap water.
https://echowater.com/blogs/water-quality/texas-worst-tap-water,200,,https://echowater.com/blogs/water-quality/texas-worst-tap-water,,true,25 Texas Cities With the Worst Tap Water (2026) &ndash; Echo Water,These 25 Texas cities have the most contaminants above health guidelines in their tap water.
https://echowater.com/blogs/water-quality/water-quality-00501,200,,https://echowater.com/blogs/water-quality/water-quality-00501,,true,"Water Quality Report for Zip Code 00501 (Hauppauge, New York) &ndash; Echo Water","Water Quality in 00501 Hauppauge, New York • Served by: Brookhaven National Laboratory, Calverton Hills Owners Association 36 Above EWG Guideline Updated March 2026 • Data from EWG &amp;amp; EPA 105 Contaminants Detected 36 Above EWG Health Guideline 28 Water Systems Serving Area Contaminants Detect"
https://echowater.com/blogs/water-quality/water-quality-00544,200,,https://echowater.com/blogs/water-quality/water-quality-00544,,true,"Water Quality Report for Zip Code 00544 (Ocean Beach, New York) &ndash; Echo Water","Water Quality in 00544 Ocean Beach, New York • Served by: Brookhaven National Laboratory, Calverton Hills Owners Association 17 Above EWG Guideline Updated March 2026 • Data from EWG &amp;amp; EPA 47 Contaminants Detected 17 Above EWG Health Guideline 17 Water Systems Serving Area Contaminants Detec"
https://echowater.com/blogs/water-quality/water-quality-00636,200,,https://echowater.com/blogs/water-quality/water-quality-00636,,true,"Water Quality Report for Zip Code 00636 (La Verne, California) &ndash; Echo Water","Water Quality in 00636 La Verne, California • Served by: Albuquerque Water System, Aqua Pennsylvania Main System 36 Above EWG Guideline Updated March 2026 • Data from EWG &amp;amp; EPA 121 Contaminants Detected 36 Above EWG Health Guideline 50 Water Systems Serving Area Contaminants Detected in 0063"
https://echowater.com/blogs/water-quality/water-quality-01002,200,,https://echowater.com/blogs/water-quality/water-quality-01002,,true,"Water Quality Report for Zip Code 01002 (Amherst, Massachusetts) &ndash; Echo Water","Water Quality in 01002 Amherst, Massachusetts • Served by: Amherst DPW Water Division, Hadley DPW Water Division 15 Above EWG Guideline Updated March 2026 • Data from EWG &amp;amp; EPA 30 Contaminants Detected 15 Above EWG Health Guideline 2 Water Systems Serving Area Contaminants Detected in 01002 "
https://echowater.com/blogs/water-quality/water-quality-01004,200,,https://echowater.com/blogs/water-quality/water-quality-01004,,true,"Water Quality Report for Zip Code 01004 (Ware, Massachusetts) &ndash; Echo Water","Water Quality in 01004 Ware, Massachusetts • Served by: Ware Water Department, Washington Acres 15 Above EWG Guideline Updated March 2026 • Data from EWG &amp;amp; EPA 24 Contaminants Detected 15 Above EWG Health Guideline 7 Water Systems Serving Area Contaminants Detected in 01004 Water Levels show"
https://echowater.com/blogs/water-quality/water-quality-01005,200,,https://echowater.com/blogs/water-quality/water-quality-01005,,true,"Water Quality Report for Zip Code 01005 (Barre, Massachusetts) &ndash; Echo Water","Water Quality in 01005 Barre, Massachusetts • Served by: Barre Mobile Home Park/waterwheel Village, Barre Water Department 9 Above EWG Guideline Updated March 2026 • Data from EWG &amp;amp; EPA 19 Contaminants Detected 9 Above EWG Health Guideline 2 Water Systems Serving Area Contaminants Detected i"
https://echowater.com/blogs/water-quality/water-quality-00930,200,,https://echowater.com/blogs/water-quality/water-quality-00930,,true,"Water Quality Report for Zip Code 00930 (La Verne, California) &ndash; Echo Water","Water Quality in 00930 La Verne, California • Served by: Albuquerque Water System, Aqua Pennsylvania Main System 36 Above EWG Guideline Updated March 2026 • Data from EWG &amp;amp; EPA 121 Contaminants Detected 36 Above EWG Health Guideline 50 Water Systems Serving Area Contaminants Detected in 0093"
https://echowater.com/blogs/water-quality/water-quality-01007,200,,https://echowater.com/blogs/water-quality/water-quality-01007,,true,"Water Quality Report for Zip Code 01007 (Bondsville, Massachusetts) &ndash; Echo Water","Water Quality in 01007 Bondsville, Massachusetts • Served by: Bondsville Fire and Water District, Pine Valley Plantation 11 Above EWG Guideline Updated March 2026 • Data from EWG &amp;amp; EPA 22 Contaminants Detected 11 Above EWG Health Guideline 3 Water Systems Serving Area Contaminants Detected i"
https://echowater.com/blogs/water-quality/water-quality-01009,200,,https://echowater.com/blogs/water-quality/water-quality-01009,,true,"Water Quality Report for Zip Code 01009 (Bondsville, Massachusetts) &ndash; Echo Water","Water Quality in 01009 Bondsville, Massachusetts • Served by: Bondsville Fire and Water District, Thorndike Fire and Water District 10 Above EWG Guideline Updated March 2026 • Data from EWG &amp;amp; EPA 17 Contaminants Detected 10 Above EWG Health Guideline 2 Water Systems Serving Area Contaminants"
https://echowater.com/blogs/water-quality/water-quality-01003,200,,https://echowater.com/blogs/water-quality/water-quality-01003,,true,"Water Quality Report for Zip Code 01003 (Amherst, Massachusetts) &ndash; Echo Water","Water Quality in 01003 Amherst, Massachusetts • Served by: Amherst DPW Water Division 12 Above EWG Guideline Updated March 2026 • Data from EWG &amp;amp; EPA 27 Contaminants Detected 12 Above EWG Health Guideline 1 Water Systems Serving Area Contaminants Detected in 01003 Water Levels shown are the "
https://echowater.com/blogs/water-quality/water-quality-01001,200,,https://echowater.com/blogs/water-quality/water-quality-01001,,true,"Water Quality Report for Zip Code 01001 (Agawam, Massachusetts) &ndash; Echo Water","Water Quality in 01001 Agawam, Massachusetts • Served by: Agawam Water Department, West Springfield Dpw Water Division 16 Above EWG Guideline Updated March 2026 • Data from EWG &amp;amp; EPA 34 Contaminants Detected 16 Above EWG Health Guideline 2 Water Systems Serving Area Contaminants Detected in "
https://echowater.com/blogs/water-quality/water-quality-01010,200,,https://echowater.com/blogs/water-quality/water-quality-01010,,true,"Water Quality Report for Zip Code 01010 (Brimfield, Massachusetts) &ndash; Echo Water","Water Quality in 01010 Brimfield, Massachusetts • Served by: Brimfield Housing Authority, Meadowbrook Acres Mobile Home Park 5 Above EWG Guideline Updated March 2026 • Data from EWG &amp;amp; EPA 11 Contaminants Detected 5 Above EWG Health Guideline 2 Water Systems Serving Area Contaminants Detected"
https://echowater.com/blogs/blog/water-quality-01011,200,,https://echowater.com/blogs/blog/water-quality-01011,,true,"Water Quality Report for Zip Code 01011 (Chester, Massachusetts) &ndash; Echo Water","Water Quality in 01011 Chester, Massachusetts • Served by: Chester Water Department 6 Above EWG Guideline Updated March 2026 • Data from EWG &amp;amp; EPA 13 Contaminants Detected 6 Above EWG Health Guideline 1 Water Systems Serving Area Contaminants Detected in 01011 Water Levels shown are the maxi"
https://echowater.com/blogs/water-quality/water-quality-01013,200,,https://echowater.com/blogs/water-quality/water-quality-01013,,true,"Water Quality Report for Zip Code 01013 (Chicopee, Massachusetts) &ndash; Echo Water","Water Quality in 01013 Chicopee, Massachusetts • Served by: Chicopee Water Department (MWRA), Springfield Water and Sewer Commission 15 Above EWG Guideline Updated March 2026 • Data from EWG &amp;amp; EPA 29 Contaminants Detected 15 Above EWG Health Guideline 3 Water Systems Serving Area Contaminant"
https://echowater.com/blogs/water-quality/water-quality-01008,200,,https://echowater.com/blogs/water-quality/water-quality-01008,,true,"Water Quality Report for Zip Code 01008 (Blandford, Massachusetts) &ndash; Echo Water","Water Quality in 01008 Blandford, Massachusetts • Served by: Blandford Water Department, Russell Water Department 11 Above EWG Guideline Updated March 2026 • Data from EWG &amp;amp; EPA 18 Contaminants Detected 11 Above EWG Health Guideline 2 Water Systems Serving Area Contaminants Detected in 01008"
https://echowater.com/blogs/water-quality/water-quality-01020,200,,https://echowater.com/blogs/water-quality/water-quality-01020,,true,"Water Quality Report for Zip Code 01020 (Chicopee, Massachusetts) &ndash; Echo Water","Water Quality in 01020 Chicopee, Massachusetts • Served by: Chicopee Water Department (MWRA), Holyoke Water Works 10 Above EWG Guideline Updated March 2026 • Data from EWG &amp;amp; EPA 23 Contaminants Detected 10 Above EWG Health Guideline 3 Water Systems Serving Area Contaminants Detected in 01020"
https://echowater.com/blogs/water-quality/water-quality-01014,200,,https://echowater.com/blogs/water-quality/water-quality-01014,,true,"Water Quality Report for Zip Code 01014 (Springfield, Massachusetts) &ndash; Echo Water","Water Quality in 01014 Springfield, Massachusetts • Served by: Agawam Water Department, Blandford Water Department 28 Above EWG Guideline Updated March 2026 • Data from EWG &amp;amp; EPA 69 Contaminants Detected 28 Above EWG Health Guideline 31 Water Systems Serving Area Contaminants Detected in 010"
https://echowater.com/blogs/water-quality/water-quality-01021,200,,https://echowater.com/blogs/water-quality/water-quality-01021,,true,"Water Quality Report for Zip Code 01021 (Palmer, Massachusetts) &ndash; Echo Water","Water Quality in 01021 Palmer, Massachusetts • Served by: Breton Estates, Brimfield Housing Authority 27 Above EWG Guideline Updated March 2026 • Data from EWG &amp;amp; EPA 67 Contaminants Detected 27 Above EWG Health Guideline 28 Water Systems Serving Area Contaminants Detected in 01021 Water Leve"
https://echowater.com/blogs/water-quality/water-quality-01022,200,,https://echowater.com/blogs/water-quality/water-quality-01022,,true,"Water Quality Report for Zip Code 01022 (Chicopee, Massachusetts) &ndash; Echo Water","Water Quality in 01022 Chicopee, Massachusetts • Served by: Chicopee Water Department (MWRA) 8 Above EWG Guideline Updated March 2026 • Data from EWG &amp;amp; EPA 11 Contaminants Detected 8 Above EWG Health Guideline 1 Water Systems Serving Area Contaminants Detected in 01022 Water Levels shown are"
https://echowater.com/blogs/water-quality/water-quality-01027,200,,https://echowater.com/blogs/water-quality/water-quality-01027,,true,"Water Quality Report for Zip Code 01027 (Easthampton, Massachusetts) &ndash; Echo Water","Water Quality in 01027 Easthampton, Massachusetts • Served by: Easthampton Water Department, Northampton Water Department 17 Above EWG Guideline Updated March 2026 • Data from EWG &amp;amp; EPA 50 Contaminants Detected 17 Above EWG Health Guideline 3 Water Systems Serving Area Contaminants Detected "
https://echowater.com/blogs/water-quality/water-quality-01026,200,,https://echowater.com/blogs/water-quality/water-quality-01026,,true,"Water Quality Report for Zip Code 01026 (Cummington, Massachusetts) &ndash; Echo Water","Water Quality in 01026 Cummington, Massachusetts • Served by: Cummington Water Department, West Cummington Water Department 2 Above EWG Guideline Updated March 2026 • Data from EWG &amp;amp; EPA 5 Contaminants Detected 2 Above EWG Health Guideline 2 Water Systems Serving Area Contaminants Detected i"
https://echowater.com/blogs/water-quality/water-quality-01029,200,,https://echowater.com/blogs/water-quality/water-quality-01029,,true,"Water Quality Report for Zip Code 01029 (Pittsfield, Massachusetts) &ndash; Echo Water","Water Quality in 01029 Pittsfield, Massachusetts • Served by: Adams Fire District, Ashmere Water Service 31 Above EWG Guideline Updated March 2026 • Data from EWG &amp;amp; EPA 60 Contaminants Detected 31 Above EWG Health Guideline 40 Water Systems Serving Area Contaminants Detected in 01029 Water L"
https://echowater.com/blogs/water-quality/water-quality-01032,200,,https://echowater.com/blogs/water-quality/water-quality-01032,,true,"Water Quality Report for Zip Code 01032 (Goshen, Massachusetts) &ndash; Echo Water","Water Quality in 01032 Goshen, Massachusetts • Served by: Wildwood Condominium Within EWG Guidelines Updated March 2026 • Data from EWG &amp;amp; EPA 3 Contaminants Detected 0 Above EWG Health Guideline 1 Water Systems Serving Area Contaminants Detected in 01032 Water Levels shown are the maximum de"
https://echowater.com/blogs/water-quality/water-quality-01031,200,,https://echowater.com/blogs/water-quality/water-quality-01031,,true,"Water Quality Report for Zip Code 01031 (Hardwick, Massachusetts) &ndash; Echo Water","Water Quality in 01031 Hardwick, Massachusetts • Served by: Barre Water Department, Gilbertville Water District 8 Above EWG Guideline Updated March 2026 • Data from EWG &amp;amp; EPA 15 Contaminants Detected 8 Above EWG Health Guideline 3 Water Systems Serving Area Contaminants Detected in 01031 Wat"
https://echowater.com/blogs/water-quality/water-quality-01012,200,,https://echowater.com/blogs/water-quality/water-quality-01012,,true,"Water Quality Report for Zip Code 01012 (Springfield, Massachusetts) &ndash; Echo Water","Water Quality in 01012 Springfield, Massachusetts • Served by: Amherst DPW Water Division, Bachelor Knolls 24 Above EWG Guideline Updated March 2026 • Data from EWG &amp;amp; EPA 61 Contaminants Detected 24 Above EWG Health Guideline 34 Water Systems Serving Area Contaminants Detected in 01012 Water"
https://echowater.com/blogs/water-quality/water-quality-01028,200,,https://echowater.com/blogs/water-quality/water-quality-01028,,true,"Water Quality Report for Zip Code 01028 (East Longmeadow, Massachusett &ndash; Echo Water","Water Quality in 01028 East Longmeadow, Massachusetts • Served by: East Longmeadow DPW Water Department, Springfield Water and Sewer Commission 10 Above EWG Guideline Updated March 2026 • Data from EWG &amp;amp; EPA 26 Contaminants Detected 10 Above EWG Health Guideline 2 Water Systems Serving Area "
https://echowater.com/blogs/water-quality/water-quality-01030,200,,https://echowater.com/blogs/water-quality/water-quality-01030,,true,"Water Quality Report for Zip Code 01030 (West Springfield, Massachuset &ndash; Echo Water","Water Quality in 01030 West Springfield, Massachusetts • Served by: Agawam Water Department, Southwick Water Department 20 Above EWG Guideline Updated March 2026 • Data from EWG &amp;amp; EPA 40 Contaminants Detected 20 Above EWG Health Guideline 3 Water Systems Serving Area Contaminants Detected in"
https://echowater.com/blogs/water-quality/water-quality-01033,200,,https://echowater.com/blogs/water-quality/water-quality-01033,,true,"Water Quality Report for Zip Code 01033 (South Hadley, Massachusetts) &ndash; Echo Water","Water Quality in 01033 South Hadley, Massachusetts • Served by: Bachelor Knolls, Crescent Valley Condos 14 Above EWG Guideline Updated March 2026 • Data from EWG &amp;amp; EPA 26 Contaminants Detected 14 Above EWG Health Guideline 9 Water Systems Serving Area Contaminants Detected in 01033 Water Lev"
https://echowater.com/blogs/water-quality/water-quality-01035,200,,https://echowater.com/blogs/water-quality/water-quality-01035,,true,"Water Quality Report for Zip Code 01035 (Hadley, Massachusetts) &ndash; Echo Water","Water Quality in 01035 Hadley, Massachusetts • Served by: Amherst DPW Water Division, Hadley DPW Water Division 18 Above EWG Guideline Updated March 2026 • Data from EWG &amp;amp; EPA 36 Contaminants Detected 18 Above EWG Health Guideline 5 Water Systems Serving Area Contaminants Detected in 01035 W"
https://echowater.com/blogs/water-quality/water-quality-01034,200,,https://echowater.com/blogs/water-quality/water-quality-01034,,true,"Water Quality Report for Zip Code 01034 (Granville, Massachusetts) &ndash; Echo Water","Water Quality in 01034 Granville, Massachusetts • Served by: Granville Centre Water Company, Westfield Water Department 14 Above EWG Guideline Updated March 2026 • Data from EWG &amp;amp; EPA 29 Contaminants Detected 14 Above EWG Health Guideline 2 Water Systems Serving Area Contaminants Detected in"
https://echowater.com/blogs/water-quality/water-quality-01036,200,,https://echowater.com/blogs/water-quality/water-quality-01036,,true,"Water Quality Report for Zip Code 01036 (Hampden, Massachusetts) &ndash; Echo Water","Water Quality in 01036 Hampden, Massachusetts • Served by: East Longmeadow DPW Water Department, Hampden Housing Authority 14 Above EWG Guideline Updated March 2026 • Data from EWG &amp;amp; EPA 36 Contaminants Detected 14 Above EWG Health Guideline 6 Water Systems Serving Area Contaminants Detected"
https://echowater.com/blogs/water-quality/water-quality-01037,200,,https://echowater.com/blogs/water-quality/water-quality-01037,,true,"Water Quality Report for Zip Code 01037 (Hardwick, Massachusetts) &ndash; Echo Water","Water Quality in 01037 Hardwick, Massachusetts • Served by: Eagle Hill School, Hardwick Center Water District 5 Above EWG Guideline Updated March 2026 • Data from EWG &amp;amp; EPA 10 Contaminants Detected 5 Above EWG Health Guideline 2 Water Systems Serving Area Contaminants Detected in 01037 Water"
https://echowater.com/blogs/water-quality/water-quality-01038,200,,https://echowater.com/blogs/water-quality/water-quality-01038,,true,"Water Quality Report for Zip Code 01038 (Hatfield, Massachusetts) &ndash; Echo Water","Water Quality in 01038 Hatfield, Massachusetts • Served by: Hadley DPW Water Division, Hatfield Water Department 16 Above EWG Guideline Updated March 2026 • Data from EWG &amp;amp; EPA 36 Contaminants Detected 16 Above EWG Health Guideline 3 Water Systems Serving Area Contaminants Detected in 01038 "
https://echowater.com/blogs/water-quality/water-quality-01056,429,,,,false,,
https://echowater.com/blogs/water-quality/water-quality-01054,429,,,,false,,
https://echowater.com/blogs/water-quality/water-quality-01041,200,,https://echowater.com/blogs/water-quality/water-quality-01041,,true,"Water Quality Report for Zip Code 01041 (Springfield, Massachusetts) &ndash; Echo Water","Water Quality in 01041 Springfield, Massachusetts • Served by: Agawam Water Department, Blandford Water Department 28 Above EWG Guideline Updated March 2026 • Data from EWG &amp;amp; EPA 69 Contaminants Detected 28 Above EWG Health Guideline 31 Water Systems Serving Area Contaminants Detected in 010"
https://echowater.com/blogs/water-quality/water-quality-01059,429,,,,false,,
https://echowater.com/blogs/water-quality/water-quality-01040,200,,https://echowater.com/blogs/water-quality/water-quality-01040,,true,"Water Quality Report for Zip Code 01040 (Holyoke, Massachusetts) &ndash; Echo Water","Water Quality in 01040 Holyoke, Massachusetts • Served by: Chicopee Water Department (MWRA), Holyoke Water Works 15 Above EWG Guideline Updated March 2026 • Data from EWG &amp;amp; EPA 31 Contaminants Detected 15 Above EWG Health Guideline 3 Water Systems Serving Area Contaminants Detected in 01040 "
https://echowater.com/blogs/water-quality/water-quality-01039,200,,https://echowater.com/blogs/water-quality/water-quality-01039,,true,"Water Quality Report for Zip Code 01039 (Northampton, Massachusetts) &ndash; Echo Water","Water Quality in 01039 Northampton, Massachusetts • Served by: Northampton Water Department, Whately Water District 14 Above EWG Guideline Updated March 2026 • Data from EWG &amp;amp; EPA 30 Contaminants Detected 14 Above EWG Health Guideline 3 Water Systems Serving Area Contaminants Detected in 010"
https://echowater.com/blogs/water-quality/water-quality-01063,429,,,,false,,
https://echowater.com/blogs/water-quality/water-quality-01066,429,,,,false,,
https://echowater.com/blogs/water-quality/water-quality-01050,200,,https://echowater.com/blogs/water-quality/water-quality-01050,,true,"Water Quality Report for Zip Code 01050 (Huntington, Massachusetts) &ndash; Echo Water","Water Quality in 01050 Huntington, Massachusetts • Served by: Huntington Water Department 4 Above EWG Guideline Updated March 2026 • Data from EWG &amp;amp; EPA 9 Contaminants Detected 4 Above EWG Health Guideline 1 Water Systems Serving Area Contaminants Detected in 01050 Water Levels shown are the"
https://echowater.com/blogs/water-quality/water-quality-01053,200,,https://echowater.com/blogs/water-quality/water-quality-01053,,true,"Water Quality Report for Zip Code 01053 (Northampton, Massachusetts) &ndash; Echo Water","Water Quality in 01053 Northampton, Massachusetts • Served by: Northampton Water Department 12 Above EWG Guideline Updated March 2026 • Data from EWG &amp;amp; EPA 28 Contaminants Detected 12 Above EWG Health Guideline 1 Water Systems Serving Area Contaminants Detected in 01053 Water Levels shown ar"
https://echowater.com/blogs/water-quality/water-quality-01071,429,,,,false,,
https://echowater.com/blogs/water-quality/water-quality-01057,200,,https://echowater.com/blogs/water-quality/water-quality-01057,,true,"Water Quality Report for Zip Code 01057 (Monson, Massachusetts) &ndash; Echo Water","Water Quality in 01057 Monson, Massachusetts • Served by: Monson Water and Sewer Department, Palmer Water District No.1 14 Above EWG Guideline Updated March 2026 • Data from EWG &amp;amp; EPA 26 Contaminants Detected 14 Above EWG Health Guideline 2 Water Systems Serving Area Contaminants Detected in"
https://echowater.com/blogs/water-quality/water-quality-01060,200,,https://echowater.com/blogs/water-quality/water-quality-01060,,true,"Water Quality Report for Zip Code 01060 (Northampton, Massachusetts) &ndash; Echo Water","Water Quality in 01060 Northampton, Massachusetts • Served by: Easthampton Water Department, Northampton Water Department 14 Above EWG Guideline Updated March 2026 • Data from EWG &amp;amp; EPA 35 Contaminants Detected 14 Above EWG Health Guideline 2 Water Systems Serving Area Contaminants Detected "
https://echowater.com/blogs/water-quality/water-quality-01061,200,,https://echowater.com/blogs/water-quality/water-quality-01061,,true,"Water Quality Report for Zip Code 01061 (Springfield, Massachusetts) &ndash; Echo Water","Water Quality in 01061 Springfield, Massachusetts • Served by: Amherst DPW Water Division, Bachelor Knolls 24 Above EWG Guideline Updated March 2026 • Data from EWG &amp;amp; EPA 61 Contaminants Detected 24 Above EWG Health Guideline 34 Water Systems Serving Area Contaminants Detected in 01061 Water"
https://echowater.com/blogs/water-quality/water-quality-01062,200,,https://echowater.com/blogs/water-quality/water-quality-01062,,true,"Water Quality Report for Zip Code 01062 (Northampton, Massachusetts) &ndash; Echo Water","Water Quality in 01062 Northampton, Massachusetts • Served by: Easthampton Water Department, Northampton Water Department 14 Above EWG Guideline Updated March 2026 • Data from EWG &amp;amp; EPA 35 Contaminants Detected 14 Above EWG Health Guideline 2 Water Systems Serving Area Contaminants Detected "
https://echowater.com/blogs/water-quality/water-quality-01074,429,,,,false,,
https://echowater.com/blogs/water-quality/water-quality-01068,200,,https://echowater.com/blogs/water-quality/water-quality-01068,,true,"Water Quality Report for Zip Code 01068 (Barre, Massachusetts) &ndash; Echo Water","Water Quality in 01068 Barre, Massachusetts • Served by: Barre Water Department 7 Above EWG Guideline Updated March 2026 • Data from EWG &amp;amp; EPA 13 Contaminants Detected 7 Above EWG Health Guideline 1 Water Systems Serving Area Contaminants Detected in 01068 Water Levels shown are the maximum "
https://echowater.com/blogs/water-quality/water-quality-01069,200,,https://echowater.com/blogs/water-quality/water-quality-01069,,true,"Water Quality Report for Zip Code 01069 (Palmer, Massachusetts) &ndash; Echo Water","Water Quality in 01069 Palmer, Massachusetts • Served by: Bondsville Fire and Water District, Breton Estates 16 Above EWG Guideline Updated March 2026 • Data from EWG &amp;amp; EPA 31 Contaminants Detected 16 Above EWG Health Guideline 6 Water Systems Serving Area Contaminants Detected in 01069 Wate"
https://echowater.com/blogs/water-quality/water-quality-01072,200,,https://echowater.com/blogs/water-quality/water-quality-01072,,true,"Water Quality Report for Zip Code 01072 (Amherst, Massachusetts) &ndash; Echo Water","Water Quality in 01072 Amherst, Massachusetts • Served by: 122 Main Street, Amherst DPW Water Division 30 Above EWG Guideline Updated March 2026 • Data from EWG &amp;amp; EPA 67 Contaminants Detected 30 Above EWG Health Guideline 32 Water Systems Serving Area Contaminants Detected in 01072 Water Lev"
https://echowater.com/blogs/water-quality/water-quality-01080,429,,,,false,,
https://echowater.com/blogs/water-quality/water-quality-01070,200,,https://echowater.com/blogs/water-quality/water-quality-01070,,true,"Water Quality Report for Zip Code 01070 (Springfield, Massachusetts) &ndash; Echo Water","Water Quality in 01070 Springfield, Massachusetts • Served by: Amherst DPW Water Division, Bachelor Knolls 24 Above EWG Guideline Updated March 2026 • Data from EWG &amp;amp; EPA 61 Contaminants Detected 24 Above EWG Health Guideline 34 Water Systems Serving Area Contaminants Detected in 01070 Water"
https://echowater.com/blogs/water-quality/water-quality-01077,200,,https://echowater.com/blogs/water-quality/water-quality-01077,,true,"Water Quality Report for Zip Code 01077 (Southwick, Massachusetts) &ndash; Echo Water","Water Quality in 01077 Southwick, Massachusetts • Served by: Southwick Water Department, Westfield Water Department 20 Above EWG Guideline Updated March 2026 • Data from EWG &amp;amp; EPA 41 Contaminants Detected 20 Above EWG Health Guideline 3 Water Systems Serving Area Contaminants Detected in 010"
https://echowater.com/blogs/water-quality/water-quality-01073,200,,https://echowater.com/blogs/water-quality/water-quality-01073,,true,"Water Quality Report for Zip Code 01073 (Southampton, Massachusetts) &ndash; Echo Water","Water Quality in 01073 Southampton, Massachusetts • Served by: Easthampton Water Department, Southampton Water Department 10 Above EWG Guideline Updated March 2026 • Data from EWG &amp;amp; EPA 39 Contaminants Detected 10 Above EWG Health Guideline 2 Water Systems Serving Area Contaminants Detected "
https://echowater.com/blogs/water-quality/water-quality-01084,429,,,,false,,
https://echowater.com/blogs/water-quality/water-quality-01079,200,,https://echowater.com/blogs/water-quality/water-quality-01079,,true,"Water Quality Report for Zip Code 01079 (Thorndike, Massachusetts) &ndash; Echo Water","Water Quality in 01079 Thorndike, Massachusetts • Served by: Palmer Water District No.1, Thorndike Fire and Water District 16 Above EWG Guideline Updated March 2026 • Data from EWG &amp;amp; EPA 27 Contaminants Detected 16 Above EWG Health Guideline 3 Water Systems Serving Area Contaminants Detected"
https://echowater.com/blogs/water-quality/water-quality-01081,200,,https://echowater.com/blogs/water-quality/water-quality-01081,,true,"Water Quality Report for Zip Code 01081 (Wales, Massachusetts) &ndash; Echo Water","Water Quality in 01081 Wales, Massachusetts • Served by: Brookside Village, Silver Meadow 3 Above EWG Guideline Updated March 2026 • Data from EWG &amp;amp; EPA 10 Contaminants Detected 3 Above EWG Health Guideline 2 Water Systems Serving Area Contaminants Detected in 01081 Water Levels shown are th"
https://echowater.com/blogs/water-quality/water-quality-01082,200,,https://echowater.com/blogs/water-quality/water-quality-01082,,true,"Water Quality Report for Zip Code 01082 (Ware, Massachusetts) &ndash; Echo Water","Water Quality in 01082 Ware, Massachusetts • Served by: Eagle Hill School, Quabbin Sunrise Cooperative Inc. 13 Above EWG Guideline Updated March 2026 • Data from EWG &amp;amp; EPA 21 Contaminants Detected 13 Above EWG Health Guideline 3 Water Systems Serving Area Contaminants Detected in 01082 Water"
https://echowater.com/blogs/water-quality/water-quality-01075,200,,https://echowater.com/blogs/water-quality/water-quality-01075,,true,"Water Quality Report for Zip Code 01075 (South Hadley, Massachusetts) &ndash; Echo Water","Water Quality in 01075 South Hadley, Massachusetts • Served by: Chicopee Water Department (MWRA), Holyoke Water Works 11 Above EWG Guideline Updated March 2026 • Data from EWG &amp;amp; EPA 22 Contaminants Detected 11 Above EWG Health Guideline 4 Water Systems Serving Area Contaminants Detected in 0"
https://echowater.com/blogs/water-quality/water-quality-01083,200,,https://echowater.com/blogs/water-quality/water-quality-01083,,true,"Water Quality Report for Zip Code 01083 (Warren, Massachusetts) &ndash; Echo Water","Water Quality in 01083 Warren, Massachusetts • Served by: Ware Water Department, Warren Water District 13 Above EWG Guideline Updated March 2026 • Data from EWG &amp;amp; EPA 21 Contaminants Detected 13 Above EWG Health Guideline 3 Water Systems Serving Area Contaminants Detected in 01083 Water Leve"
https://echowater.com/blogs/water-quality/water-quality-01085,200,,https://echowater.com/blogs/water-quality/water-quality-01085,,true,"Water Quality Report for Zip Code 01085 (Westfield, Massachusetts) &ndash; Echo Water","Water Quality in 01085 Westfield, Massachusetts • Served by: Holyoke Water Works, Liberty Manor Inc. 22 Above EWG Guideline Updated March 2026 • Data from EWG &amp;amp; EPA 52 Contaminants Detected 22 Above EWG Health Guideline 6 Water Systems Serving Area Contaminants Detected in 01085 Water Levels"
https://echowater.com/blogs/water-quality/water-quality-01088,200,,https://echowater.com/blogs/water-quality/water-quality-01088,,true,"Water Quality Report for Zip Code 01088 (Northampton, Massachusetts) &ndash; Echo Water","Water Quality in 01088 Northampton, Massachusetts • Served by: Northampton Water Department 12 Above EWG Guideline Updated March 2026 • Data from EWG &amp;amp; EPA 28 Contaminants Detected 12 Above EWG Health Guideline 1 Water Systems Serving Area Contaminants Detected in 01088 Water Levels shown ar"
https://echowater.com/blogs/water-quality/water-quality-01086,200,,https://echowater.com/blogs/water-quality/water-quality-01086,,true,"Water Quality Report for Zip Code 01086 (Springfield, Massachusetts) &ndash; Echo Water","Water Quality in 01086 Springfield, Massachusetts • Served by: Agawam Water Department, Blandford Water Department 28 Above EWG Guideline Updated March 2026 • Data from EWG &amp;amp; EPA 69 Contaminants Detected 28 Above EWG Health Guideline 31 Water Systems Serving Area Contaminants Detected in 010"
https://echowater.com/blogs/water-quality/water-quality-01089,200,,https://echowater.com/blogs/water-quality/water-quality-01089,,true,"Water Quality Report for Zip Code 01089 (West Springfield, Massachuset &ndash; Echo Water","Water Quality in 01089 West Springfield, Massachusetts • Served by: Agawam Water Department, Holyoke Water Works 16 Above EWG Guideline Updated March 2026 • Data from EWG &amp;amp; EPA 37 Contaminants Detected 16 Above EWG Health Guideline 3 Water Systems Serving Area Contaminants Detected in 01089 "
https://echowater.com/blogs/water-quality/water-quality-01092,200,,https://echowater.com/blogs/water-quality/water-quality-01092,,true,"Water Quality Report for Zip Code 01092 (Warren, Massachusetts) &ndash; Echo Water","Water Quality in 01092 Warren, Massachusetts • Served by: Warren Water District, West Warren Water District 6 Above EWG Guideline Updated March 2026 • Data from EWG &amp;amp; EPA 12 Contaminants Detected 6 Above EWG Health Guideline 2 Water Systems Serving Area Contaminants Detected in 01092 Water L"
https://echowater.com/blogs/water-quality/water-quality-01094,200,,https://echowater.com/blogs/water-quality/water-quality-01094,,true,"Water Quality Report for Zip Code 01094 (Worcester, Massachusetts) &ndash; Echo Water","Water Quality in 01094 Worcester, Massachusetts • Served by: Applewood Home For Elders, Aquarion Water Company, Millbury 54 Above EWG Guideline Updated March 2026 • Data from EWG &amp;amp; EPA 135 Contaminants Detected 54 Above EWG Health Guideline 123 Water Systems Serving Area Contaminants Detecte"
https://echowater.com/blogs/water-quality/water-quality-01095,200,,https://echowater.com/blogs/water-quality/water-quality-01095,,true,"Water Quality Report for Zip Code 01095 (Wilbraham, Massachusetts) &ndash; Echo Water","Water Quality in 01095 Wilbraham, Massachusetts • Served by: East Longmeadow DPW Water Department, South Ashmere Water Association Inc. 14 Above EWG Guideline Updated March 2026 • Data from EWG &amp;amp; EPA 32 Contaminants Detected 14 Above EWG Health Guideline 4 Water Systems Serving Area Contamin"
https://echowater.com/blogs/water-quality/water-quality-01097,200,,https://echowater.com/blogs/water-quality/water-quality-01097,,true,"Water Quality Report for Zip Code 01097 (Springfield, Massachusetts) &ndash; Echo Water","Water Quality in 01097 Springfield, Massachusetts • Served by: Agawam Water Department, Blandford Water Department 28 Above EWG Guideline Updated March 2026 • Data from EWG &amp;amp; EPA 69 Contaminants Detected 28 Above EWG Health Guideline 31 Water Systems Serving Area Contaminants Detected in 010"
https://echowater.com/blogs/water-quality/water-quality-01090,200,,https://echowater.com/blogs/water-quality/water-quality-01090,,true,"Water Quality Report for Zip Code 01090 (Springfield, Massachusetts) &ndash; Echo Water","Water Quality in 01090 Springfield, Massachusetts • Served by: Agawam Water Department, Blandford Water Department 28 Above EWG Guideline Updated March 2026 • Data from EWG &amp;amp; EPA 69 Contaminants Detected 28 Above EWG Health Guideline 31 Water Systems Serving Area Contaminants Detected in 010"
https://echowater.com/blogs/water-quality/water-quality-01096,200,,https://echowater.com/blogs/water-quality/water-quality-01096,,true,"Water Quality Report for Zip Code 01096 (Haydenville, Massachusetts) &ndash; Echo Water","Water Quality in 01096 Haydenville, Massachusetts • Served by: Williamsburg Water Department 6 Above EWG Guideline Updated March 2026 • Data from EWG &amp;amp; EPA 12 Contaminants Detected 6 Above EWG Health Guideline 1 Water Systems Serving Area Contaminants Detected in 01096 Water Levels shown are"
https://echowater.com/blogs/water-quality/water-quality-01093,200,,https://echowater.com/blogs/water-quality/water-quality-01093,,true,"Water Quality Report for Zip Code 01093 (Amherst, Massachusetts) &ndash; Echo Water","Water Quality in 01093 Amherst, Massachusetts • Served by: 122 Main Street, Amherst DPW Water Division 30 Above EWG Guideline Updated March 2026 • Data from EWG &amp;amp; EPA 67 Contaminants Detected 30 Above EWG Health Guideline 32 Water Systems Serving Area Contaminants Detected in 01093 Water Lev"
https://echowater.com/blogs/water-quality/water-quality-01101,200,,https://echowater.com/blogs/water-quality/water-quality-01101,,true,"Water Quality Report for Zip Code 01101 (Springfield, Massachusetts) &ndash; Echo Water","Water Quality in 01101 Springfield, Massachusetts • Served by: Agawam Water Department, Blandford Water Department 28 Above EWG Guideline Updated March 2026 • Data from EWG &amp;amp; EPA 69 Contaminants Detected 28 Above EWG Health Guideline 31 Water Systems Serving Area Contaminants Detected in 011"
https://echowater.com/blogs/water-quality/water-quality-01098,200,,https://echowater.com/blogs/water-quality/water-quality-01098,,true,"Water Quality Report for Zip Code 01098 (Worthington, Massachusetts) &ndash; Echo Water","Water Quality in 01098 Worthington, Massachusetts • Served by: Worthington Fire District 8 Above EWG Guideline Updated March 2026 • Data from EWG &amp;amp; EPA 10 Contaminants Detected 8 Above EWG Health Guideline 1 Water Systems Serving Area Contaminants Detected in 01098 Water Levels shown are the"
https://echowater.com/blogs/water-quality/water-quality-01104,200,,https://echowater.com/blogs/water-quality/water-quality-01104,,true,"Water Quality Report for Zip Code 01104 (Springfield, Massachusetts) &ndash; Echo Water","Water Quality in 01104 Springfield, Massachusetts • Served by: Chicopee Water Department (MWRA), Springfield Water and Sewer Commission 10 Above EWG Guideline Updated March 2026 • Data from EWG &amp;amp; EPA 19 Contaminants Detected 10 Above EWG Health Guideline 2 Water Systems Serving Area Contamin"
https://echowater.com/blogs/water-quality/water-quality-01105,200,,https://echowater.com/blogs/water-quality/water-quality-01105,,true,"Water Quality Report for Zip Code 01105 (Springfield, Massachusetts) &ndash; Echo Water","Water Quality in 01105 Springfield, Massachusetts • Served by: Springfield Water and Sewer Commission 9 Above EWG Guideline Updated March 2026 • Data from EWG &amp;amp; EPA 18 Contaminants Detected 9 Above EWG Health Guideline 1 Water Systems Serving Area Contaminants Detected in 01105 Water Levels "
https://echowater.com/blogs/water-quality/water-quality-01102,200,,https://echowater.com/blogs/water-quality/water-quality-01102,,true,"Water Quality Report for Zip Code 01102 (Springfield, Massachusetts) &ndash; Echo Water","Water Quality in 01102 Springfield, Massachusetts • Served by: Agawam Water Department, Blandford Water Department 28 Above EWG Guideline Updated March 2026 • Data from EWG &amp;amp; EPA 69 Contaminants Detected 28 Above EWG Health Guideline 31 Water Systems Serving Area Contaminants Detected in 011"
https://echowater.com/blogs/water-quality/water-quality-01103,200,,https://echowater.com/blogs/water-quality/water-quality-01103,,true,"Water Quality Report for Zip Code 01103 (Springfield, Massachusetts) &ndash; Echo Water","Water Quality in 01103 Springfield, Massachusetts • Served by: Springfield Water and Sewer Commission 9 Above EWG Guideline Updated March 2026 • Data from EWG &amp;amp; EPA 18 Contaminants Detected 9 Above EWG Health Guideline 1 Water Systems Serving Area Contaminants Detected in 01103 Water Levels "
https://echowater.com/blogs/water-quality/water-quality-01106,200,,https://echowater.com/blogs/water-quality/water-quality-01106,,true,"Water Quality Report for Zip Code 01106 (East Longmeadow, Massachusett &ndash; Echo Water","Water Quality in 01106 East Longmeadow, Massachusetts • Served by: East Longmeadow DPW Water Department, Longmeadow Water Department 10 Above EWG Guideline Updated March 2026 • Data from EWG &amp;amp; EPA 26 Contaminants Detected 10 Above EWG Health Guideline 3 Water Systems Serving Area Contaminant"
https://echowater.com/blogs/water-quality/water-quality-01107,200,,https://echowater.com/blogs/water-quality/water-quality-01107,,true,"Water Quality Report for Zip Code 01107 (Springfield, Massachusetts) &ndash; Echo Water","Water Quality in 01107 Springfield, Massachusetts • Served by: Chicopee Water Department (MWRA), Springfield Water and Sewer Commission 15 Above EWG Guideline Updated March 2026 • Data from EWG &amp;amp; EPA 29 Contaminants Detected 15 Above EWG Health Guideline 3 Water Systems Serving Area Contamin"
https://echowater.com/blogs/water-quality/water-quality-01109,200,,https://echowater.com/blogs/water-quality/water-quality-01109,,true,"Water Quality Report for Zip Code 01109 (Springfield, Massachusetts) &ndash; Echo Water","Water Quality in 01109 Springfield, Massachusetts • Served by: Springfield Water and Sewer Commission 9 Above EWG Guideline Updated March 2026 • Data from EWG &amp;amp; EPA 18 Contaminants Detected 9 Above EWG Health Guideline 1 Water Systems Serving Area Contaminants Detected in 01109 Water Levels "
https://echowater.com/blogs/water-quality/water-quality-01108,200,,https://echowater.com/blogs/water-quality/water-quality-01108,,true,"Water Quality Report for Zip Code 01108 (Springfield, Massachusetts) &ndash; Echo Water","Water Quality in 01108 Springfield, Massachusetts • Served by: East Longmeadow DPW Water Department, Springfield Water and Sewer Commission 10 Above EWG Guideline Updated March 2026 • Data from EWG &amp;amp; EPA 26 Contaminants Detected 10 Above EWG Health Guideline 2 Water Systems Serving Area Cont"
https://echowater.com/blogs/water-quality/water-quality-01111,200,,https://echowater.com/blogs/water-quality/water-quality-01111,,true,"Water Quality Report for Zip Code 01111 (Springfield, Massachusetts) &ndash; Echo Water","Water Quality in 01111 Springfield, Massachusetts • Served by: Agawam Water Department, Blandford Water Department 28 Above EWG Guideline Updated March 2026 • Data from EWG &amp;amp; EPA 69 Contaminants Detected 28 Above EWG Health Guideline 31 Water Systems Serving Area Contaminants Detected in 011"
https://echowater.com/blogs/water-quality/water-quality-01116,200,,https://echowater.com/blogs/water-quality/water-quality-01116,,true,"Water Quality Report for Zip Code 01116 (Springfield, Massachusetts) &ndash; Echo Water","Water Quality in 01116 Springfield, Massachusetts • Served by: Agawam Water Department, Blandford Water Department 28 Above EWG Guideline Updated March 2026 • Data from EWG &amp;amp; EPA 69 Contaminants Detected 28 Above EWG Health Guideline 31 Water Systems Serving Area Contaminants Detected in 011"
https://echowater.com/blogs/water-quality/water-quality-01119,200,,https://echowater.com/blogs/water-quality/water-quality-01119,,true,"Water Quality Report for Zip Code 01119 (Springfield, Massachusetts) &ndash; Echo Water","Water Quality in 01119 Springfield, Massachusetts • Served by: Springfield Water and Sewer Commission 9 Above EWG Guideline Updated March 2026 • Data from EWG &amp;amp; EPA 18 Contaminants Detected 9 Above EWG Health Guideline 1 Water Systems Serving Area Contaminants Detected in 01119 Water Levels "
https://echowater.com/blogs/water-quality/water-quality-01118,200,,https://echowater.com/blogs/water-quality/water-quality-01118,,true,"Water Quality Report for Zip Code 01118 (Springfield, Massachusetts) &ndash; Echo Water","Water Quality in 01118 Springfield, Massachusetts • Served by: East Longmeadow DPW Water Department, Springfield Water and Sewer Commission 10 Above EWG Guideline Updated March 2026 • Data from EWG &amp;amp; EPA 26 Contaminants Detected 10 Above EWG Health Guideline 2 Water Systems Serving Area Cont"
https://echowater.com/blogs/water-quality/water-quality-01128,200,,https://echowater.com/blogs/water-quality/water-quality-01128,,true,"Water Quality Report for Zip Code 01128 (Springfield, Massachusetts) &ndash; Echo Water","Water Quality in 01128 Springfield, Massachusetts • Served by: East Longmeadow DPW Water Department, Springfield Water and Sewer Commission 10 Above EWG Guideline Updated March 2026 • Data from EWG &amp;amp; EPA 26 Contaminants Detected 10 Above EWG Health Guideline 2 Water Systems Serving Area Cont"
https://echowater.com/blogs/water-quality/water-quality-01115,200,,https://echowater.com/blogs/water-quality/water-quality-01115,,true,"Water Quality Report for Zip Code 01115 (Springfield, Massachusetts) &ndash; Echo Water","Water Quality in 01115 Springfield, Massachusetts • Served by: Agawam Water Department, Blandford Water Department 28 Above EWG Guideline Updated March 2026 • Data from EWG &amp;amp; EPA 69 Contaminants Detected 28 Above EWG Health Guideline 31 Water Systems Serving Area Contaminants Detected in 011"
https://echowater.com/blogs/water-quality/water-quality-01138,200,,https://echowater.com/blogs/water-quality/water-quality-01138,,true,"Water Quality Report for Zip Code 01138 (Springfield, Massachusetts) &ndash; Echo Water","Water Quality in 01138 Springfield, Massachusetts • Served by: Agawam Water Department, Blandford Water Department 28 Above EWG Guideline Updated March 2026 • Data from EWG &amp;amp; EPA 69 Contaminants Detected 28 Above EWG Health Guideline 31 Water Systems Serving Area Contaminants Detected in 011"
https://echowater.com/blogs/water-quality/water-quality-01129,200,,https://echowater.com/blogs/water-quality/water-quality-01129,,true,"Water Quality Report for Zip Code 01129 (Springfield, Massachusetts) &ndash; Echo Water","Water Quality in 01129 Springfield, Massachusetts • Served by: Springfield Water and Sewer Commission, Wilbraham Water Department (MWRA) 10 Above EWG Guideline Updated March 2026 • Data from EWG &amp;amp; EPA 19 Contaminants Detected 10 Above EWG Health Guideline 2 Water Systems Serving Area Contami"
https://echowater.com/blogs/water-quality/water-quality-01139,200,,https://echowater.com/blogs/water-quality/water-quality-01139,,true,"Water Quality Report for Zip Code 01139 (Springfield, Massachusetts) &ndash; Echo Water","Water Quality in 01139 Springfield, Massachusetts • Served by: Agawam Water Department, Blandford Water Department 28 Above EWG Guideline Updated March 2026 • Data from EWG &amp;amp; EPA 69 Contaminants Detected 28 Above EWG Health Guideline 31 Water Systems Serving Area Contaminants Detected in 011"
https://echowater.com/blogs/water-quality/water-quality-01151,200,,https://echowater.com/blogs/water-quality/water-quality-01151,,true,"Water Quality Report for Zip Code 01151 (Springfield, Massachusetts) &ndash; Echo Water","Water Quality in 01151 Springfield, Massachusetts • Served by: Chicopee Water Department (MWRA), Springfield Water and Sewer Commission 10 Above EWG Guideline Updated March 2026 • Data from EWG &amp;amp; EPA 20 Contaminants Detected 10 Above EWG Health Guideline 3 Water Systems Serving Area Contamin"
https://echowater.com/blogs/water-quality/water-quality-01144,200,,https://echowater.com/blogs/water-quality/water-quality-01144,,true,"Water Quality Report for Zip Code 01144 (Springfield, Massachusetts) &ndash; Echo Water","Water Quality in 01144 Springfield, Massachusetts • Served by: Agawam Water Department, Blandford Water Department 28 Above EWG Guideline Updated March 2026 • Data from EWG &amp;amp; EPA 69 Contaminants Detected 28 Above EWG Health Guideline 31 Water Systems Serving Area Contaminants Detected in 011"
https://echowater.com/blogs/water-quality/water-quality-01201,200,,https://echowater.com/blogs/water-quality/water-quality-01201,,true,"Water Quality Report for Zip Code 01201 (Pittsfield, Massachusetts) &ndash; Echo Water","Water Quality in 01201 Pittsfield, Massachusetts • Served by: Dalton Fire District, Lanesborough Fire and Water District 23 Above EWG Guideline Updated March 2026 • Data from EWG &amp;amp; EPA 43 Contaminants Detected 23 Above EWG Health Guideline 4 Water Systems Serving Area Contaminants Detected i"
https://echowater.com/blogs/water-quality/water-quality-01199,200,,https://echowater.com/blogs/water-quality/water-quality-01199,,true,"Water Quality Report for Zip Code 01199 (Springfield, Massachusetts) &ndash; Echo Water","Water Quality in 01199 Springfield, Massachusetts • Served by: Agawam Water Department, Blandford Water Department 28 Above EWG Guideline Updated March 2026 • Data from EWG &amp;amp; EPA 69 Contaminants Detected 28 Above EWG Health Guideline 31 Water Systems Serving Area Contaminants Detected in 011"
https://echowater.com/blogs/water-quality/water-quality-01152,200,,https://echowater.com/blogs/water-quality/water-quality-01152,,true,"Water Quality Report for Zip Code 01152 (Springfield, Massachusetts) &ndash; Echo Water","Water Quality in 01152 Springfield, Massachusetts • Served by: Agawam Water Department, Blandford Water Department 28 Above EWG Guideline Updated March 2026 • Data from EWG &amp;amp; EPA 69 Contaminants Detected 28 Above EWG Health Guideline 31 Water Systems Serving Area Contaminants Detected in 011"
https://echowater.com/blogs/water-quality/water-quality-01202,200,,https://echowater.com/blogs/water-quality/water-quality-01202,,true,"Water Quality Report for Zip Code 01202 (Pittsfield, Massachusetts) &ndash; Echo Water","Water Quality in 01202 Pittsfield, Massachusetts • Served by: Adams Fire District, Ashmere Water Service 31 Above EWG Guideline Updated March 2026 • Data from EWG &amp;amp; EPA 60 Contaminants Detected 31 Above EWG Health Guideline 40 Water Systems Serving Area Contaminants Detected in 01202 Water L"
https://echowater.com/blogs/water-quality/water-quality-01203,200,,https://echowater.com/blogs/water-quality/water-quality-01203,,true,"Water Quality Report for Zip Code 01203 (Pittsfield, Massachusetts) &ndash; Echo Water","Water Quality in 01203 Pittsfield, Massachusetts • Served by: Adams Fire District, Ashmere Water Service 31 Above EWG Guideline Updated March 2026 • Data from EWG &amp;amp; EPA 60 Contaminants Detected 31 Above EWG Health Guideline 40 Water Systems Serving Area Contaminants Detected in 01203 Water L"
https://echowater.com/blogs/blog/total-trihalomethanes-tthms-in-drinking-water,200,,https://echowater.com/blogs/blog/total-trihalomethanes-tthms-in-drinking-water,,true,Total trihalomethanes (TTHMs)* in Water | Echo Water,Total trihalomethanes (TTHMs)* found in 447 water systems. 443 exceed EWG guidelines. See affected cities and filtration advice.
https://echowater.com/blogs/water-quality/water-quality-01220,200,,https://echowater.com/blogs/water-quality/water-quality-01220,,true,"Water Quality Report for Zip Code 01220 (Adams, Massachusetts) &ndash; Echo Water","Water Quality in 01220 Adams, Massachusetts • Served by: Adams Fire District, North Adams Water Department 13 Above EWG Guideline Updated March 2026 • Data from EWG &amp;amp; EPA 24 Contaminants Detected 13 Above EWG Health Guideline 2 Water Systems Serving Area Contaminants Detected in 01220 Water "
https://echowater.com/blogs/blog/haloacetic-acids-haa5-in-drinking-water,200,,https://echowater.com/blogs/blog/haloacetic-acids-haa5-in-drinking-water,,true,Haloacetic acids (HAA5)* in Water | Echo Water,Haloacetic acids (HAA5)* found in 545 water systems. 540 exceed EWG guidelines. See affected cities and filtration advice.
https://echowater.com/blogs/blog/dibromochloromethane-in-drinking-water,200,,https://echowater.com/blogs/blog/dibromochloromethane-in-drinking-water,,true,Dibromochloromethane* in Drinking Water (2026) | Echo Water,Dibromochloromethane* found in 749 water systems. 627 exceed EWG guidelines. See affected cities and filtration advice.
https://echowater.com/blogs/blog/bromodichloromethane-in-drinking-water,200,,https://echowater.com/blogs/blog/bromodichloromethane-in-drinking-water,,true,Bromodichloromethane* in Drinking Water (2026) | Echo Water,Bromodichloromethane* found in 653 water systems. 645 exceed EWG guidelines. See affected cities and filtration advice.
https://echowater.com/blogs/blog/chloroform-in-drinking-water,200,,https://echowater.com/blogs/blog/chloroform-in-drinking-water,,true,Chloroform* in Drinking Water (2026) | Echo Water,Chloroform* found in 657 water systems. 588 exceed EWG guidelines. See affected cities and filtration advice.
https://echowater.com/blogs/blog/fluoride-in-drinking-water,200,,https://echowater.com/blogs/blog/fluoride-in-drinking-water,,true,Fluoride* in Drinking Water (2026) | Echo Water,Fluoride* found in 5127 water systems. 1 exceed EWG guidelines. See affected cities and filtration advice.
https://echowater.com/blogs/blog/barium-in-drinking-water,200,,https://echowater.com/blogs/blog/barium-in-drinking-water,,true,Barium* in Drinking Water (2026) | Echo Water,Barium* found in 4391 water systems. 4 exceed EWG guidelines. See affected cities and filtration advice.
https://echowater.com/blogs/blog/dichloroacetic-acid-in-drinking-water,200,,https://echowater.com/blogs/blog/dichloroacetic-acid-in-drinking-water,,true,Dichloroacetic acid* in Drinking Water (2026) | Echo Water,Dichloroacetic acid* found in 565 water systems. 539 exceed EWG guidelines. See affected cities and filtration advice.
https://echowater.com/blogs/blog/trichloroacetic-acid-in-drinking-water,200,,https://echowater.com/blogs/blog/trichloroacetic-acid-in-drinking-water,,true,Trichloroacetic acid* in Drinking Water (2026) | Echo Water,Trichloroacetic acid* found in 675 water systems. 637 exceed EWG guidelines. See affected cities and filtration advice.
https://echowater.com/blogs/blog/manganese-in-drinking-water,200,,https://echowater.com/blogs/blog/manganese-in-drinking-water,,true,Manganese* in Drinking Water (2026) | Echo Water,Manganese* found in 4061 water systems. 117 exceed EWG guidelines. See affected cities and filtration advice.
https://echowater.com/blogs/blog/radium-combined-226-and-228-in-drinking-water,200,,https://echowater.com/blogs/blog/radium-combined-226-and-228-in-drinking-water,,true,"Radium, combined (-226 and -228)* in Water | Echo Water","Radium, combined (-226 and -228)* found in 2764 water systems. 2697 exceed EWG guidelines. See affected cities and filtration advice."
https://echowater.com/blogs/blog/chromium-total-in-drinking-water,429,,,,false,,
https://echowater.com/blogs/blog/bromoform-in-drinking-water,200,,https://echowater.com/blogs/blog/bromoform-in-drinking-water,,true,Bromoform* in Drinking Water (2026) | Echo Water,Bromoform* found in 898 water systems. 290 exceed EWG guidelines. See affected cities and filtration advice.
https://echowater.com/blogs/blog/selenium-in-drinking-water,429,,,,false,,
https://echowater.com/blogs/blog/strontium-in-drinking-water,429,,,,false,,
https://echowater.com/blogs/blog/nitrate-in-drinking-water,200,,https://echowater.com/blogs/blog/nitrate-in-drinking-water,,true,Nitrate* in Drinking Water (2026) | Echo Water,Nitrate* found in 3549 water systems. 2737 exceed EWG guidelines. See affected cities and filtration advice.
https://echowater.com/blogs/blog/dibromoacetic-acid-in-drinking-water,200,,https://echowater.com/blogs/blog/dibromoacetic-acid-in-drinking-water,,true,Dibromoacetic acid* in Drinking Water (2026) | Echo Water,Dibromoacetic acid* found in 961 water systems. 871 exceed EWG guidelines. See affected cities and filtration advice.
https://echowater.com/blogs/blog/aluminum-in-drinking-water,429,,,,false,,
https://echowater.com/blogs/blog/vanadium-in-drinking-water,429,,,,false,,
https://echowater.com/blogs/blog/nitrate-and-nitrite-in-drinking-water,200,,https://echowater.com/blogs/blog/nitrate-and-nitrite-in-drinking-water,,true,Nitrate and nitrite* in Drinking Water (2026) | Echo Water,Nitrate and nitrite* found in 2882 water systems. 2079 exceed EWG guidelines. See affected cities and filtration advice.
https://echowater.com/blogs/blog/arsenic-in-drinking-water,200,,https://echowater.com/blogs/blog/arsenic-in-drinking-water,,true,Arsenic* in Drinking Water (2026) | Echo Water,Arsenic* found in 1840 water systems. 1840 exceed EWG guidelines. See affected cities and filtration advice.
https://echowater.com/blogs/blog/haloacetic-acids-haa9-in-drinking-water,429,,,,false,,
https://echowater.com/blogs/blog/perfluorobutane-sulfonate-pfbs-in-drinking-water,429,,,,false,,
https://echowater.com/blogs/blog/monochloroacetic-acid-in-drinking-water,200,,https://echowater.com/blogs/blog/monochloroacetic-acid-in-drinking-water,,true,Monochloroacetic acid* in Drinking Water (2026) | Echo Water,Monochloroacetic acid* found in 1336 water systems. 0 exceed EWG guidelines. See affected cities and filtration advice.
https://echowater.com/blogs/blog/uranium-in-drinking-water,200,,https://echowater.com/blogs/blog/uranium-in-drinking-water,,true,Uranium* in Drinking Water (2026) | Echo Water,Uranium* found in 926 water systems. 640 exceed EWG guidelines. See affected cities and filtration advice.
https://echowater.com/blogs/blog/molybdenum-in-drinking-water,429,,,,false,,
https://echowater.com/blogs/blog/perfluorohexanoic-acid-pfhxa-in-drinking-water,429,,,,false,,
https://echowater.com/blogs/blog/monobromoacetic-acid-in-drinking-water,200,,https://echowater.com/blogs/blog/monobromoacetic-acid-in-drinking-water,,true,Monobromoacetic acid* in Drinking Water (2026) | Echo Water,Monobromoacetic acid* found in 1248 water systems. 0 exceed EWG guidelines. See affected cities and filtration advice.
https://echowater.com/blogs/blog/lithium-in-drinking-water,429,,,,false,,
https://echowater.com/blogs/blog/perfluorobutanoic-acid-pfba-in-drinking-water,429,,,,false,,
https://echowater.com/blogs/blog/perfluoroheptanoic-acid-pfhpa-in-drinking-water,429,,,,false,,
https://echowater.com/blogs/blog/perfluorooctane-sulfonate-pfos-in-drinking-water,200,,https://echowater.com/blogs/blog/perfluorooctane-sulfonate-pfos-in-drinking-water,,true,Perfluorooctane sulfonate (PFOS)* in Water | Echo Water,Perfluorooctane sulfonate (PFOS)* found in 1160 water systems. 971 exceed EWG guidelines. See affected cities and filtration advice.
https://echowater.com/blogs/blog/chromium-hexavalent-in-drinking-water,200,,https://echowater.com/blogs/blog/chromium-hexavalent-in-drinking-water,,true,Chromium (hexavalent)* in Drinking Water (2026) | Echo Water,Chromium (hexavalent)* found in 3149 water systems. 2808 exceed EWG guidelines. See affected cities and filtration advice.
https://echowater.com/blogs/blog/xylenes-total-in-drinking-water,429,,,,false,,
https://echowater.com/blogs/blog/bromochloroacetic-acid-in-drinking-water,200,,https://echowater.com/blogs/blog/bromochloroacetic-acid-in-drinking-water,,true,Bromochloroacetic acid* in Water | Echo Water,Bromochloroacetic acid* found in 170 water systems. 170 exceed EWG guidelines. See affected cities and filtration advice.
https://echowater.com/blogs/blog/perfluorohexane-sulfonate-pfhxs-in-drinking-water,200,,https://echowater.com/blogs/blog/perfluorohexane-sulfonate-pfhxs-in-drinking-water,,true,Perfluorohexane sulfonate (PFHXS)* in Water | Echo Water,Perfluorohexane sulfonate (PFHXS)* found in 705 water systems. 705 exceed EWG guidelines. See affected cities and filtration advice.
https://echowater.com/blogs/blog/chlorate-in-drinking-water,200,,https://echowater.com/blogs/blog/chlorate-in-drinking-water,,true,Chlorate* in Drinking Water (2026) | Echo Water,Chlorate* found in 2374 water systems. 579 exceed EWG guidelines. See affected cities and filtration advice.
https://echowater.com/blogs/blog/perfluoropentanoic-acid-pfpea-in-drinking-water,200,,https://echowater.com/blogs/blog/perfluoropentanoic-acid-pfpea-in-drinking-water,,true,Perfluoropentanoic Acid (PFPeA)* in Water | Echo Water,Perfluoropentanoic Acid (PFPeA)* found in 1010 water systems. 0 exceed EWG guidelines. See affected cities and filtration advice.
https://echowater.com/blogs/blog/nitrite-in-drinking-water,200,,https://echowater.com/blogs/blog/nitrite-in-drinking-water,,true,Nitrite* in Drinking Water (2026) | Echo Water,Nitrite* found in 402 water systems. 0 exceed EWG guidelines. See affected cities and filtration advice.
https://echowater.com/blogs/blog/14-dioxane-in-drinking-water,200,,https://echowater.com/blogs/blog/14-dioxane-in-drinking-water,,true,"1,4-Dioxane* in Drinking Water (2026) | Echo Water","1,4-Dioxane* found in 887 water systems. 87 exceed EWG guidelines. See affected cities and filtration advice."
https://echowater.com/blogs/blog/cyanide-in-drinking-water,200,,https://echowater.com/blogs/blog/cyanide-in-drinking-water,,true,Cyanide* in Drinking Water (2026) | Echo Water,Cyanide* found in 702 water systems. 0 exceed EWG guidelines. See affected cities and filtration advice.
https://echowater.com/blogs/blog/di2-ethylhexyl-phthalate-in-drinking-water,200,,https://echowater.com/blogs/blog/di2-ethylhexyl-phthalate-in-drinking-water,,true,Di(2-ethylhexyl) phthalate* in Water | Echo Water,Di(2-ethylhexyl) phthalate* found in 288 water systems. 2 exceed EWG guidelines. See affected cities and filtration advice.
https://echowater.com/blogs/blog/antimony-in-drinking-water,200,,https://echowater.com/blogs/blog/antimony-in-drinking-water,,true,Antimony* in Drinking Water (2026) | Echo Water,Antimony* found in 380 water systems. 6 exceed EWG guidelines. See affected cities and filtration advice.
https://echowater.com/blogs/blog/chlorite-in-drinking-water,200,,https://echowater.com/blogs/blog/chlorite-in-drinking-water,,true,Chlorite in Drinking Water (2026) | Echo Water,Chlorite found in 356 water systems. 319 exceed EWG guidelines. See affected cities and filtration advice.
https://echowater.com/blogs/blog/atrazine-in-drinking-water,200,,https://echowater.com/blogs/blog/atrazine-in-drinking-water,,true,Atrazine in Drinking Water (2026) | Echo Water,Atrazine found in 956 water systems. 456 exceed EWG guidelines. See affected cities and filtration advice.
https://echowater.com/blogs/blog/hexadecanoic-acid-in-drinking-water,200,,https://echowater.com/blogs/blog/hexadecanoic-acid-in-drinking-water,,true,Hexadecanoic acid* in Drinking Water (2026) | Echo Water,Hexadecanoic acid* found in 331 water systems. 0 exceed EWG guidelines. See affected cities and filtration advice.
https://echowater.com/blogs/blog/chloromethane-in-drinking-water,200,,https://echowater.com/blogs/blog/chloromethane-in-drinking-water,,true,Chloromethane* in Drinking Water (2026) | Echo Water,Chloromethane* found in 146 water systems. 3 exceed EWG guidelines. See affected cities and filtration advice.
https://echowater.com/blogs/blog/germanium-in-drinking-water,200,,https://echowater.com/blogs/blog/germanium-in-drinking-water,,true,Germanium* in Drinking Water (2026) | Echo Water,Germanium* found in 382 water systems. 0 exceed EWG guidelines. See affected cities and filtration advice.
https://echowater.com/blogs/blog/perfluorononanoic-acid-pfna-in-drinking-water,200,,https://echowater.com/blogs/blog/perfluorononanoic-acid-pfna-in-drinking-water,,true,Perfluorononanoic acid (PFNA)* in Water | Echo Water,Perfluorononanoic acid (PFNA)* found in 240 water systems. 239 exceed EWG guidelines. See affected cities and filtration advice.
https://echowater.com/blogs/blog/ethylbenzene-in-drinking-water,200,,https://echowater.com/blogs/blog/ethylbenzene-in-drinking-water,,true,Ethylbenzene* in Drinking Water (2026) | Echo Water,Ethylbenzene* found in 138 water systems. 0 exceed EWG guidelines. See affected cities and filtration advice.
https://echowater.com/blogs/blog/mercury-inorganic-in-drinking-water,200,,https://echowater.com/blogs/blog/mercury-inorganic-in-drinking-water,,true,Mercury (inorganic)* in Drinking Water (2026) | Echo Water,Mercury (inorganic)* found in 101 water systems. 0 exceed EWG guidelines. See affected cities and filtration advice.
https://echowater.com/blogs/blog/toluene-in-drinking-water,200,,https://echowater.com/blogs/blog/toluene-in-drinking-water,,true,Toluene* in Drinking Water (2026) | Echo Water,Toluene* found in 136 water systems. 0 exceed EWG guidelines. See affected cities and filtration advice.
https://echowater.com/blogs/blog/cadmium-in-drinking-water,200,,https://echowater.com/blogs/blog/cadmium-in-drinking-water,,true,Cadmium* in Drinking Water (2026) | Echo Water,Cadmium* found in 144 water systems. 77 exceed EWG guidelines. See affected cities and filtration advice.
https://echowater.com/blogs/blog/total-pfos-and-pfoa-in-drinking-water,200,,https://echowater.com/blogs/blog/total-pfos-and-pfoa-in-drinking-water,,true,Total PFOS and PFOA* in Drinking Water (2026) | Echo Water,Total PFOS and PFOA* found in 48 water systems. 48 exceed EWG guidelines. See affected cities and filtration advice.
https://echowater.com/blogs/blog/octadecanoic-acid-in-drinking-water,200,,https://echowater.com/blogs/blog/octadecanoic-acid-in-drinking-water,,true,Octadecanoic acid* in Drinking Water (2026) | Echo Water,Octadecanoic acid* found in 305 water systems. 0 exceed EWG guidelines. See affected cities and filtration advice.
https://echowater.com/blogs/blog/tetrachloroethylene-perchloroethylene-in-drinking-water,200,,https://echowater.com/blogs/blog/tetrachloroethylene-perchloroethylene-in-drinking-water,,true,Tetrachloroethylene (perchloroethylene)* in Water | Echo ... &ndash; Echo Water,Tetrachloroethylene (perchloroethylene)* found in 92 water systems. 72 exceed EWG guidelines. See affected cities and filtration advice.
https://echowater.com/blogs/blog/bromate-in-drinking-water,200,,https://echowater.com/blogs/blog/bromate-in-drinking-water,,true,Bromate in Drinking Water (2026) | Echo Water,Bromate found in 165 water systems. 152 exceed EWG guidelines. See affected cities and filtration advice.
https://echowater.com/blogs/blog/perchlorate-in-drinking-water,200,,https://echowater.com/blogs/blog/perchlorate-in-drinking-water,,true,Perchlorate* in Drinking Water (2026) | Echo Water,Perchlorate* found in 53 water systems. 2 exceed EWG guidelines. See affected cities and filtration advice.
https://echowater.com/blogs/blog/thallium-in-drinking-water,200,,https://echowater.com/blogs/blog/thallium-in-drinking-water,,true,Thallium* in Drinking Water (2026) | Echo Water,Thallium* found in 148 water systems. 42 exceed EWG guidelines. See affected cities and filtration advice.
https://echowater.com/blogs/blog/dalapon-in-drinking-water,200,,https://echowater.com/blogs/blog/dalapon-in-drinking-water,,true,Dalapon* in Drinking Water (2026) | Echo Water,Dalapon* found in 207 water systems. 0 exceed EWG guidelines. See affected cities and filtration advice.
https://echowater.com/blogs/blog/bromochloromethane-in-drinking-water,200,,https://echowater.com/blogs/blog/bromochloromethane-in-drinking-water,,true,Bromochloromethane* in Drinking Water (2026) | Echo Water,Bromochloromethane* found in 383 water systems. 95 exceed EWG guidelines. See affected cities and filtration advice.
https://echowater.com/blogs/blog/beryllium-in-drinking-water,200,,https://echowater.com/blogs/blog/beryllium-in-drinking-water,,true,Beryllium* in Drinking Water (2026) | Echo Water,Beryllium* found in 80 water systems. 1 exceed EWG guidelines. See affected cities and filtration advice.
https://echowater.com/blogs/blog/methyl-isobutyl-ketone-in-drinking-water,200,,https://echowater.com/blogs/blog/methyl-isobutyl-ketone-in-drinking-water,,true,Methyl isobutyl ketone* in Water | Echo Water,Methyl isobutyl ketone* found in 142 water systems. 0 exceed EWG guidelines. See affected cities and filtration advice.
https://echowater.com/blogs/blog/123-trichloropropane-in-drinking-water,200,,https://echowater.com/blogs/blog/123-trichloropropane-in-drinking-water,,true,"1,2,3-Trichloropropane* in Water | Echo Water","1,2,3-Trichloropropane* found in 164 water systems. 104 exceed EWG guidelines. See affected cities and filtration advice."
https://echowater.com/blogs/blog/acetone-in-drinking-water,200,,https://echowater.com/blogs/blog/acetone-in-drinking-water,,true,Acetone* in Drinking Water (2026) | Echo Water,Acetone* found in 132 water systems. 0 exceed EWG guidelines. See affected cities and filtration advice.
https://echowater.com/blogs/blog/simazine-in-drinking-water,200,,https://echowater.com/blogs/blog/simazine-in-drinking-water,,true,Simazine in Drinking Water (2026) | Echo Water,Simazine found in 354 water systems. 57 exceed EWG guidelines. See affected cities and filtration advice.
https://echowater.com/blogs/blog/metolachlor-in-drinking-water,200,,https://echowater.com/blogs/blog/metolachlor-in-drinking-water,,true,Metolachlor in Drinking Water (2026) | Echo Water,Metolachlor found in 174 water systems. 0 exceed EWG guidelines. See affected cities and filtration advice.
https://echowater.com/blogs/blog/silver-in-drinking-water,200,,https://echowater.com/blogs/blog/silver-in-drinking-water,,true,Silver* in Drinking Water (2026) | Echo Water,Silver* found in 50 water systems. 0 exceed EWG guidelines. See affected cities and filtration advice.
https://echowater.com/blogs/blog/trichloroethylene-in-drinking-water,200,,https://echowater.com/blogs/blog/trichloroethylene-in-drinking-water,,true,Trichloroethylene* in Drinking Water (2026) | Echo Water,Trichloroethylene* found in 74 water systems. 15 exceed EWG guidelines. See affected cities and filtration advice.
https://echowater.com/blogs/blog/11-dichloroethane-in-drinking-water,200,,https://echowater.com/blogs/blog/11-dichloroethane-in-drinking-water,,true,"1,1-Dichloroethane* in Drinking Water (2026) | Echo Water","1,1-Dichloroethane* found in 144 water systems. 0 exceed EWG guidelines. See affected cities and filtration advice."
https://echowater.com/blogs/blog/chlorodifluoromethane-in-drinking-water,200,,https://echowater.com/blogs/blog/chlorodifluoromethane-in-drinking-water,,true,Chlorodifluoromethane* in Drinking Water (2026) | Echo Water,Chlorodifluoromethane* found in 156 water systems. 0 exceed EWG guidelines. See affected cities and filtration advice.
https://echowater.com/blogs/blog/dichloromethane-methylene-chloride-in-drinking-water,200,,https://echowater.com/blogs/blog/dichloromethane-methylene-chloride-in-drinking-water,,true,Dichloromethane (methylene chloride)* in Water | Echo Water,Dichloromethane (methylene chloride)* found in 70 water systems. 0 exceed EWG guidelines. See affected cities and filtration advice.
https://echowater.com/blogs/blog/bromomethane-in-drinking-water,200,,https://echowater.com/blogs/blog/bromomethane-in-drinking-water,,true,Bromomethane* in Drinking Water (2026) | Echo Water,Bromomethane* found in 50 water systems. 0 exceed EWG guidelines. See affected cities and filtration advice.
https://echowater.com/blogs/blog/radon-in-drinking-water,429,,,,false,,
https://echowater.com/blogs/blog/bromide-in-drinking-water,429,,,,false,,
https://echowater.com/blogs/water-quality/carbon-tetrachloride-in-drinking-water,429,,,,false,,
https://echowater.com/blogs/blog/perfluoropentane-sulfonic-acid-pfpes-in-drinking-water,429,,,,false,,
https://echowater.com/blogs/water-quality/mtbe-in-drinking-water,429,,,,false,,
https://echowater.com/blogs/blog/asbestos-in-drinking-water,429,,,,false,,
https://echowater.com/blogs/blog/4-androstene-317-dione-in-drinking-water,200,,https://echowater.com/blogs/blog/4-androstene-317-dione-in-drinking-water,,true,"4-Androstene-3,17-dione in Water | Echo Water","4-Androstene-3,17-dione found in 67 water systems. 0 exceed EWG guidelines. See affected cities and filtration advice."
https://echowater.com/blogs/blog/1-butanol-in-drinking-water,429,,,,false,,
https://echowater.com/blogs/blog/pfos-pfoa-pfhxs-pfna-in-drinking-water,429,,,,false,,
https://echowater.com/blogs/blog/perfluorodecanoic-acid-pfda-in-drinking-water,429,,,,false,,
https://echowater.com/blogs/blog/24-d-in-drinking-water,200,,https://echowater.com/blogs/blog/24-d-in-drinking-water,,true,"2,4-D* in Drinking Water (2026) | Echo Water","2,4-D* found in 188 water systems. 0 exceed EWG guidelines. See affected cities and filtration advice."
https://echowater.com/blogs/water-quality/12-dibromo-3-chloropropane-dbcp-in-drinking-water,429,,,,false,,
https://echowater.com/blogs/water-quality/n-ethyl-perfluorooctane-sulfonamido-acetic-acid-n-etfosaa-in-drinking-water,429,,,,false,,
https://echowater.com/blogs/blog/hexachlorocyclopentadiene-in-drinking-water,429,,,,false,,
https://echowater.com/blogs/blog/methyl-ethyl-ketone-in-drinking-water,429,,,,false,,
https://echowater.com/blogs/blog/cobalt-in-drinking-water,200,,https://echowater.com/blogs/blog/cobalt-in-drinking-water,,true,Cobalt* in Drinking Water (2026) | Echo Water,Cobalt* found in 155 water systems. 0 exceed EWG guidelines. See affected cities and filtration advice.
https://echowater.com/blogs/blog/62-fluorotelomer-sulfonic-acid-62-ftsa-in-drinking-water,429,,,,false,,
https://echowater.com/blogs/water-quality/tetrahydrofuran-in-drinking-water,429,,,,false,,
https://echowater.com/blogs/water-quality/n-methyl-perfluorooctanesulfonamidoacetic-acid-nmefosaa-in-drinking-water,429,,,,false,,
https://echowater.com/blogs/water-quality/styrene-in-drinking-water,429,,,,false,,
https://echowater.com/blogs/blog/testosterone-in-drinking-water,429,,,,false,,
https://echowater.com/blogs/blog/11-dichloroethylene-in-drinking-water,429,,,,false,,
https://echowater.com/blogs/blog/62-fluorotelomer-sulfonate-6-2fts-in-drinking-water,429,,,,false,,
https://echowater.com/blogs/blog/hexafluoropropylene-oxide-dimer-acid-hfpo-da-in-drinking-water,429,,,,false,,
https://echowater.com/blogs/blog/o-toluidine-in-drinking-water,429,,,,false,,
https://echowater.com/blogs/blog/picloram-in-drinking-water,429,,,,false,,
https://echowater.com/blogs/blog/pentachlorophenol-in-drinking-water,429,,,,false,,
https://echowater.com/blogs/water-quality/124-trimethylbenzene-in-drinking-water,429,,,,false,,
https://echowater.com/blogs/blog/quinoline-in-drinking-water,429,,,,false,,
https://echowater.com/blogs/water-quality/benzene-in-drinking-water,429,,,,false,,
https://echowater.com/blogs/blog/2-methoxyethanol-in-drinking-water,429,,,,false,,
https://echowater.com/blogs/blog/perfluoroundecanoic-acid-pfuna-in-drinking-water,429,,,,false,,
https://echowater.com/blogs/blog/chloroethane-in-drinking-water,429,,,,false,,
https://echowater.com/blogs/blog/heptachlor-epoxide-in-drinking-water,429,,,,false,,
https://echowater.com/blogs/blog/benzoapyrene-in-drinking-water,429,,,,false,,
https://echowater.com/blogs/water-quality/12-dichloroethane-in-drinking-water,429,,,,false,,
https://echowater.com/blogs/water-quality/di2-ethylhexyl-adipate-in-drinking-water,429,,,,false,,
https://echowater.com/blogs/water-quality/111-trichloroethane-in-drinking-water,429,,,,false,,
https://echowater.com/blogs/water-quality/vinyl-chloride-in-drinking-water,429,,,,false,,
https://echowater.com/blogs/blog/oleic-acid-in-drinking-water,429,,,,false,,
https://echowater.com/blogs/water-quality/n-propylbenzene-in-drinking-water,429,,,,false,,
https://echowater.com/blogs/water-quality/methoxychlor-in-drinking-water,429,,,,false,,
https://echowater.com/blogs/blog/12-dichloropropane-in-drinking-water,429,,,,false,,
https://echowater.com/blogs/blog/perfluorooctanoic-acid-pfoa-in-drinking-water,429,,,,false,,
https://echowater.com/blogs/blog/erucylamide-in-drinking-water,429,,,,false,,
https://echowater.com/blogs/blog/perfluorododecanoic-acid-pfdoa-in-drinking-water,429,,,,false,,
https://echowater.com/blogs/water-quality/trans-12-dichloroethylene-in-drinking-water,429,,,,false,,
https://echowater.com/blogs/blog/ethylene-dibromide-in-drinking-water,429,,,,false,,
https://echowater.com/blogs/water-quality/2-methyl-1-propene-in-drinking-water,429,,,,false,,
https://echowater.com/blogs/water-quality/perfluorotetradecanoic-acid-pfta-in-drinking-water,429,,,,false,,
https://echowater.com/blogs/water-quality/naphthalene-in-drinking-water,429,,,,false,,
https://echowater.com/blogs/blog/isopropyl-alcohol-in-drinking-water,429,,,,false,,
https://echowater.com/blogs/water-quality/diquat-in-drinking-water,429,,,,false,,
https://echowater.com/blogs/water-quality/cyanogen-chloride-in-drinking-water,429,,,,false,,
https://echowater.com/blogs/water-quality/dichlorodifluoromethane-in-drinking-water,429,,,,false,,
https://echowater.com/blogs/water-quality/perfluoro-2-methyl-3-oxahexanoic-acid-genx-in-drinking-water,429,,,,false,,
https://echowater.com/blogs/water-quality/perfluoroheptane-sulfonic-acid-pfhps-in-drinking-water,429,,,,false,,
https://echowater.com/blogs/blog/ethanethiol-in-drinking-water,429,,,,false,,
https://echowater.com/blogs/water-quality/di-n-butyl-phthalate-in-drinking-water,429,,,,false,,
https://echowater.com/blogs/water-quality/monochlorobenzene-chlorobenzene-in-drinking-water,429,,,,false,,
https://echowater.com/blogs/water-quality/48-dioxa-3h-perfluorononanoic-acid-adona-in-drinking-water,429,,,,false,,
https://echowater.com/blogs/blog/phenanthrene-in-drinking-water,429,,,,false,,
https://echowater.com/blogs/blog/11-chloroeicosafluoro-3-oxaundecane-1-sulfonic-acid-11cl-pf3ouds-in-drinking-water,429,,,,false,,
https://echowater.com/blogs/blog/p-dichlorobenzene-in-drinking-water,429,,,,false,,
https://echowater.com/blogs/blog/cis-12-dichloroethylene-in-drinking-water,429,,,,false,,
https://echowater.com/blogs/water-quality/124-trichlorobenzene-in-drinking-water,429,,,,false,,
https://echowater.com/blogs/water-quality/butyl-benzyl-phthalate-in-drinking-water,429,,,,false,,
https://echowater.com/blogs/blog/2-furancarboxyaldehyde-in-drinking-water,429,,,,false,,
https://echowater.com/blogs/blog/perfluorotridecanoic-acid-pftrda-in-drinking-water,429,,,,false,,
https://echowater.com/blogs/blog/dichloroacetonitrile-in-drinking-water,429,,,,false,,
https://echowater.com/blogs/blog/chlordane-in-drinking-water,429,,,,false,,
https://echowater.com/blogs/water-quality/endrin-in-drinking-water,429,,,,false,,
https://echowater.com/blogs/water-quality/glyphosate-in-drinking-water,429,,,,false,,
https://echowater.com/blogs/water-quality/9-chlorohexadecafluoro-3-oxanone-1-sulfonic-acid-9cl-pf3ons-in-drinking-water,429,,,,false,,
https://echowater.com/blogs/blog/alachlor-lasso-in-drinking-water,429,,,,false,,
https://echowater.com/blogs/water-quality/oxamyl-vydate-in-drinking-water,429,,,,false,,
https://echowater.com/blogs/water-quality/dicamba-in-drinking-water,429,,,,false,,
https://echowater.com/blogs/blog/cyanide-free-in-drinking-water,429,,,,false,,
https://echowater.com/blogs/water-quality/isobutane-in-drinking-water,429,,,,false,,
https://echowater.com/blogs/water-quality/o-dichlorobenzene-in-drinking-water,429,,,,false,,
https://echowater.com/blogs/water-quality/135-trimethylbenzene-in-drinking-water,429,,,,false,,
https://echowater.com/blogs/water-quality/heptachlor-in-drinking-water,429,,,,false,,
https://echowater.com/blogs/water-quality/propanoic-acid-2233-tetrafluoro-3-trifluorome-in-drinking-water,429,,,,false,,
https://echowater.com/blogs/water-quality/2-propen-1-ol-in-drinking-water,429,,,,false,,
https://echowater.com/blogs/water-quality/245-tp-silvex-in-drinking-water,429,,,,false,,
https://echowater.com/blogs/water-quality/dinoseb-in-drinking-water,429,,,,false,,
https://echowater.com/blogs/water-quality/2-methylbutane-in-drinking-water,429,,,,false,,
https://echowater.com/blogs/blog/dibromomethane-in-drinking-water,429,,,,false,,
https://echowater.com/blogs/water-quality/112-trichloroethane-in-drinking-water,429,,,,false,,
https://echowater.com/blogs/blog/tritium-in-drinking-water,429,,,,false,,
https://echowater.com/blogs/water-quality/dimethyl-sulfide-in-drinking-water,429,,,,false,,
https://echowater.com/blogs/water-quality/lindane-in-drinking-water,429,,,,false,,
https://echowater.com/blogs/water-quality/butane-in-drinking-water,429,,,,false,,
https://echowater.com/blogs/water-quality/trichlorofluoromethane-in-drinking-water,429,,,,false,,
https://echowater.com/blogs/water-quality/polychlorinated-biphenyls-pcbs-in-drinking-water,429,,,,false,,
https://echowater.com/blogs/water-quality/endothall-in-drinking-water,429,,,,false,,
https://echowater.com/blogs/water-quality/strontium-89-in-drinking-water,429,,,,false,,
https://echowater.com/blogs/blog/dcpa-di-acid-degradate-in-drinking-water,429,,,,false,,
https://echowater.com/blogs/water-quality/isopropyl-chloride-in-drinking-water,429,,,,false,,
https://echowater.com/blogs/water-quality/o-ethyltoluene-in-drinking-water,429,,,,false,,
https://echowater.com/blogs/water-quality/2-hexanone-in-drinking-water,429,,,,false,,
https://echowater.com/blogs/water-quality/isopropylbenzene-in-drinking-water,429,,,,false,,
https://echowater.com/blogs/water-quality/permethrin-in-drinking-water,429,,,,false,,
https://echowater.com/blogs/water-quality/1112-tetrachloroethane-in-drinking-water,429,,,,false,,
https://echowater.com/blogs/water-quality/phenol-p-tert-butyl-in-drinking-water,429,,,,false,,
https://echowater.com/blogs/water-quality/hexachlorobenzene-hcb-in-drinking-water,429,,,,false,,
https://echowater.com/blogs/water-quality/alpha-methyl-styrene-dimer-in-drinking-water,429,,,,false,,
https://echowater.com/blogs/water-quality/1-ethyl-3-methylbenzene-in-drinking-water,429,,,,false,,
https://echowater.com/blogs/water-quality/dieldrin-in-drinking-water,429,,,,false,,
https://echowater.com/blogs/water-quality/sec-butylbenzene-in-drinking-water,429,,,,false,,
https://echowater.com/blogs/water-quality/o-chlorotoluene-in-drinking-water,429,,,,false,,
https://echowater.com/blogs/water-quality/toxaphene-in-drinking-water,429,,,,false,,
https://echowater.com/blogs/water-quality/isooctyl-alcohol-in-drinking-water,429,,,,false,,
https://echowater.com/blogs/water-quality/13-dichloropropane-in-drinking-water,429,,,,false,,
https://echowater.com/blogs/water-quality/acetaldhyde-in-drinking-water,429,,,,false,,
https://echowater.com/blogs/water-quality/11-dichloropropene-in-drinking-water,429,,,,false,,
https://echowater.com/blogs/water-quality/desethylatrazine-in-drinking-water,429,,,,false,,
https://echowater.com/blogs/water-quality/carbofuran-in-drinking-water,429,,,,false,,
https://echowater.com/blogs/water-quality/dichloroiodomethane-in-drinking-water,429,,,,false,,
https://echowater.com/blogs/water-quality/trichlorotrifluoroethane-in-drinking-water,429,,,,false,,
https://echowater.com/blogs/water-quality/butyl-citrate-in-drinking-water,429,,,,false,,
https://echowater.com/blogs/water-quality/cyclohexane-in-drinking-water,429,,,,false,,
https://echowater.com/blogs/water-quality/tetradecanoic-acid-in-drinking-water,429,,,,false,,
https://echowater.com/blogs/water-quality/42-fluorotelomer-sulfonate-42-fts-in-drinking-water,429,,,,false,,
https://echowater.com/blogs/water-quality/methylcyclohexane-in-drinking-water,429,,,,false,,
https://echowater.com/blogs/water-quality/nonafluoro-36-dioxaheptanoic-acid-in-drinking-water,429,,,,false,,
https://echowater.com/blogs/water-quality/p-isopropyltoluene-in-drinking-water,429,,,,false,,
https://echowater.com/blogs/water-quality/bromo-chloro-iodomethane-in-drinking-water,429,,,,false,,
https://echowater.com/blogs/water-quality/dcpa-mono-and-di-acid-degradates-in-drinking-water,429,,,,false,,
https://echowater.com/blogs/water-quality/diethyl-phthalate-in-drinking-water,429,,,,false,,
https://echowater.com/blogs/water-quality/aldicarb-sulfoxide-in-drinking-water,429,,,,false,,
https://echowater.com/blogs/water-quality/2-bromo-13-dimethylbenzene-in-drinking-water,429,,,,false,,
https://echowater.com/blogs/water-quality/1-bromo-35-dimethylbenzene-in-drinking-water,429,,,,false,,
https://echowater.com/blogs/water-quality/la-verne-california-water-quality,429,,,,false,,
https://echowater.com/blogs/water-quality/ddt-in-drinking-water,429,,,,false,,
https://echowater.com/blogs/water-quality/los-angeles-california-water-quality,429,,,,false,,
https://echowater.com/blogs/water-quality/flushing-new-york-water-quality,429,,,,false,,
https://echowater.com/blogs/water-quality/san-diego-california-water-quality,429,,,,false,,
https://echowater.com/blogs/water-quality/miami-florida-water-quality,429,,,,false,,
https://echowater.com/blogs/water-quality/chicago-illinois-water-quality,429,,,,false,,
https://echowater.com/blogs/water-quality/san-antonio-texas-water-quality,429,,,,false,,
https://echowater.com/blogs/water-quality/phoenix-arizona-water-quality,429,,,,false,,
https://echowater.com/blogs/water-quality/san-jose-california-water-quality,429,,,,false,,
https://echowater.com/blogs/water-quality/houston-texas-water-quality,429,,,,false,,
https://echowater.com/blogs/water-quality/philadelphia-pennsylvania-water-quality,429,,,,false,,
https://echowater.com/blogs/water-quality/silver-spring-maryland-water-quality,429,,,,false,,
https://echowater.com/blogs/water-quality/baltimore-maryland-water-quality,429,,,,false,,
https://echowater.com/blogs/water-quality/las-vegas-nevada-water-quality,429,,,,false,,
https://echowater.com/blogs/water-quality/propene-in-drinking-water,429,,,,false,,
https://echowater.com/blogs/water-quality/oakland-california-water-quality,429,,,,false,,
https://echowater.com/blogs/water-quality/dallas-texas-water-quality,429,,,,false,,
https://echowater.com/blogs/water-quality/columbus-ohio-water-quality,429,,,,false,,
https://echowater.com/blogs/water-quality/denver-colorado-water-quality,429,,,,false,,
https://echowater.com/blogs/water-quality/charlotte-north-carolina-water-quality,429,,,,false,,
https://echowater.com/blogs/water-quality/alpha-hexachlorocyclohexane-in-drinking-water,429,,,,false,,
https://echowater.com/blogs/water-quality/cleveland-ohio-water-quality,429,,,,false,,
https://echowater.com/blogs/water-quality/herndon-virginia-water-quality,429,,,,false,,
https://echowater.com/blogs/water-quality/atlanta-georgia-water-quality,429,,,,false,,
https://echowater.com/blogs/water-quality/hauppauge-new-york-water-quality,429,,,,false,,
https://echowater.com/blogs/water-quality/austin-texas-water-quality,429,,,,false,,
https://echowater.com/blogs/water-quality/seattle-washington-water-quality,429,,,,false,,
https://echowater.com/blogs/water-quality/lawrenceville-georgia-water-quality,429,,,,false,,
https://echowater.com/blogs/water-quality/chesterfield-missouri-water-quality,429,,,,false,,
https://echowater.com/blogs/water-quality/indianapolis-indiana-water-quality,429,,,,false,,
https://echowater.com/blogs/water-quality/fort-worth-texas-water-quality,429,,,,false,,
https://echowater.com/blogs/water-quality/burlingame-california-water-quality,429,,,,false,,
https://echowater.com/blogs/water-quality/louisville-kentucky-water-quality,429,,,,false,,
https://echowater.com/blogs/water-quality/highland-lakes-new-jersey-water-quality,429,,,,false,,
https://echowater.com/blogs/water-quality/jacksonville-florida-water-quality,429,,,,false,,
https://echowater.com/blogs/water-quality/nashville-tennessee-water-quality,429,,,,false,,
https://echowater.com/blogs/water-quality/tucson-arizona-water-quality,429,,,,false,,
https://echowater.com/blogs/water-quality/bryn-mawr-pennsylvania-water-quality,429,,,,false,,
https://echowater.com/blogs/water-quality/stone-mountain-georgia-water-quality,429,,,,false,,
https://echowater.com/blogs/water-quality/cincinnati-ohio-water-quality,429,,,,false,,
https://echowater.com/blogs/water-quality/22-dichloropropane-in-drinking-water,429,,,,false,,
https://echowater.com/blogs/water-quality/detroit-michigan-water-quality,429,,,,false,,
https://echowater.com/blogs/water-quality/tampa-florida-water-quality,429,,,,false,,
https://echowater.com/blogs/water-quality/marietta-georgia-water-quality,429,,,,false,,
https://echowater.com/blogs/water-quality/mcmurray-pennsylvania-water-quality,429,,,,false,,
https://echowater.com/blogs/water-quality/portland-oregon-water-quality,429,,,,false,,
https://echowater.com/blogs/water-quality/el-paso-texas-water-quality,429,,,,false,,
https://echowater.com/blogs/water-quality/milwaukee-wisconsin-water-quality,429,,,,false,,
https://echowater.com/blogs/water-quality/buellton-california-water-quality,429,,,,false,,
https://echowater.com/blogs/water-quality/albuquerque-new-mexico-water-quality,429,,,,false,,
https://echowater.com/blogs/water-quality/memphis-tennessee-water-quality,429,,,,false,,
https://echowater.com/blogs/water-quality/thousand-oaks-california-water-quality,429,,,,false,,
https://echowater.com/blogs/water-quality/perris-california-water-quality,429,,,,false,,
https://echowater.com/blogs/water-quality/washington-district-of-columbia-water-quality,429,,,,false,,
https://echowater.com/blogs/water-quality/honolulu-hawaii-water-quality,429,,,,false,,
https://echowater.com/blogs/water-quality/oklahoma-city-oklahoma-water-quality,429,,,,false,,
https://echowater.com/blogs/water-quality/raleigh-north-carolina-water-quality,429,,,,false,,
https://echowater.com/blogs/water-quality/boston-massachusetts-water-quality,429,,,,false,,
https://echowater.com/blogs/water-quality/west-palm-beach-florida-water-quality,429,,,,false,,
https://echowater.com/blogs/water-quality/bound-brook-new-jersey-water-quality,429,,,,false,,
https://echowater.com/blogs/water-quality/omaha-nebraska-water-quality,429,,,,false,,
https://echowater.com/blogs/water-quality/birmingham-alabama-water-quality,429,,,,false,,
https://echowater.com/blogs/water-quality/baton-rouge-louisiana-water-quality,429,,,,false,,
https://echowater.com/blogs/water-quality/sacramento-california-water-quality,429,,,,false,,
https://echowater.com/blogs/water-quality/syracuse-new-york-water-quality,429,,,,false,,
https://echowater.com/blogs/water-quality/buffalo-new-york-water-quality,429,,,,false,,
https://echowater.com/blogs/water-quality/pittsburgh-pennsylvania-water-quality,429,,,,false,,
https://echowater.com/blogs/water-quality/kansas-city-missouri-water-quality,429,,,,false,,
https://echowater.com/blogs/water-quality/clearwater-florida-water-quality,429,,,,false,,
https://echowater.com/blogs/water-quality/toledo-ohio-water-quality,429,,,,false,,
https://echowater.com/blogs/water-quality/rochester-new-york-water-quality,429,,,,false,,
https://echowater.com/blogs/water-quality/lithia-florida-water-quality,429,,,,false,,
https://echowater.com/blogs/water-quality/tulsa-oklahoma-water-quality,429,,,,false,,
https://echowater.com/blogs/water-quality/kansas-city-kansas-water-quality,429,,,,false,,
https://echowater.com/blogs/water-quality/irvine-california-water-quality,429,,,,false,,
https://echowater.com/blogs/water-quality/mesa-arizona-water-quality,429,,,,false,,
https://echowater.com/blogs/water-quality/orlando-florida-water-quality,429,,,,false,,
https://echowater.com/blogs/water-quality/long-beach-california-water-quality,429,,,,false,,
https://echowater.com/blogs/water-quality/tacoma-washington-water-quality,429,,,,false,,
https://echowater.com/blogs/water-quality/colorado-springs-colorado-water-quality,429,,,,false,,
https://echowater.com/blogs/water-quality/newport-news-virginia-water-quality,429,,,,false,,
https://echowater.com/blogs/water-quality/reno-nevada-water-quality,429,,,,false,,
https://echowater.com/blogs/water-quality/virginia-beach-virginia-water-quality,429,,,,false,,
https://echowater.com/blogs/water-quality/minneapolis-minnesota-water-quality,429,,,,false,,
https://echowater.com/blogs/water-quality/arlington-texas-water-quality,429,,,,false,,
https://echowater.com/blogs/water-quality/wichita-kansas-water-quality,429,,,,false,,
https://echowater.com/blogs/water-quality/ontario-california-water-quality,429,,,,false,,
https://echowater.com/blogs/water-quality/pfafftown-north-carolina-water-quality,429,,,,false,,
https://echowater.com/blogs/water-quality/vancouver-washington-water-quality,429,,,,false,,
https://echowater.com/blogs/water-quality/covina-california-water-quality,429,,,,false,,
https://echowater.com/blogs/water-quality/randleman-north-carolina-water-quality,429,,,,false,,
https://echowater.com/blogs/water-quality/stockton-california-water-quality,429,,,,false,,
https://echowater.com/blogs/water-quality/st-paul-minnesota-water-quality,429,,,,false,,
https://echowater.com/blogs/water-quality/greenville-south-carolina-water-quality,429,,,,false,,
https://echowater.com/blogs/water-quality/salt-lake-city-utah-water-quality,429,,,,false,,
https://echowater.com/blogs/water-quality/bridgeport-connecticut-water-quality,429,,,,false,,
https://echowater.com/blogs/water-quality/odessa-florida-water-quality,429,,,,false,,
https://echowater.com/blogs/water-quality/bradenton-florida-water-quality,429,,,,false,,
https://echowater.com/blogs/water-quality/fremont-california-water-quality,429,,,,false,,
https://echowater.com/blogs/water-quality/alabama-water-quality,429,,,,false,,
https://echowater.com/blogs/water-quality/spokane-washington-water-quality,429,,,,false,,
https://echowater.com/blogs/water-quality/alaska-water-quality,429,,,,false,,
https://echowater.com/blogs/water-quality/arizona-water-quality,429,,,,false,,
https://echowater.com/blogs/water-quality/arkansas-water-quality,429,,,,false,,
https://echowater.com/blogs/water-quality/california-water-quality,429,,,,false,,
https://echowater.com/blogs/water-quality/colorado-water-quality,429,,,,false,,
https://echowater.com/blogs/water-quality/connecticut-water-quality,429,,,,false,,
https://echowater.com/blogs/water-quality/district-of-columbia-water-quality,429,,,,false,,
https://echowater.com/blogs/water-quality/florida-water-quality,429,,,,false,,
https://echowater.com/blogs/water-quality/georgia-water-quality,429,,,,false,,
https://echowater.com/blogs/water-quality/hawaii-water-quality,429,,,,false,,
https://echowater.com/blogs/water-quality/iowa-water-quality,429,,,,false,,
https://echowater.com/blogs/water-quality/idaho-water-quality,429,,,,false,,
https://echowater.com/blogs/water-quality/illinois-water-quality,429,,,,false,,
https://echowater.com/blogs/water-quality/indiana-water-quality,429,,,,false,,
https://echowater.com/blogs/water-quality/kansas-water-quality,429,,,,false,,
https://echowater.com/blogs/water-quality/kentucky-water-quality,429,,,,false,,
https://echowater.com/blogs/water-quality/louisiana-water-quality,429,,,,false,,
https://echowater.com/blogs/water-quality/massachusetts-water-quality,429,,,,false,,
https://echowater.com/blogs/water-quality/maryland-water-quality,429,,,,false,,
https://echowater.com/blogs/water-quality/michigan-water-quality,429,,,,false,,
https://echowater.com/blogs/water-quality/minnesota-water-quality,429,,,,false,,
https://echowater.com/blogs/water-quality/missouri-water-quality,429,,,,false,,
https://echowater.com/blogs/water-quality/mississippi-water-quality,429,,,,false,,
https://echowater.com/blogs/water-quality/montana-water-quality,429,,,,false,,
https://echowater.com/blogs/water-quality/north-carolina-water-quality,429,,,,false,,
https://echowater.com/blogs/water-quality/fresno-california-water-quality,429,,,,false,,
https://echowater.com/blogs/water-quality/north-dakota-water-quality,429,,,,false,,
https://echowater.com/blogs/water-quality/pentane-in-drinking-water,429,,,,false,,
https://echowater.com/blogs/water-quality/nebraska-water-quality,429,,,,false,,
https://echowater.com/blogs/water-quality/new-jersey-water-quality,429,,,,false,,
https://echowater.com/blogs/water-quality/new-haven-connecticut-water-quality,429,,,,false,,
https://echowater.com/blogs/water-quality/new-hampshire-water-quality,429,,,,false,,
https://echowater.com/blogs/water-quality/new-york-water-quality,429,,,,false,,
https://echowater.com/blogs/water-quality/ohio-water-quality,429,,,,false,,
https://echowater.com/blogs/water-quality/new-mexico-water-quality,429,,,,false,,
https://echowater.com/blogs/water-quality/oklahoma-water-quality,429,,,,false,,
https://echowater.com/blogs/water-quality/pennsylvania-water-quality,429,,,,false,,
https://echowater.com/blogs/water-quality/oregon-water-quality,429,,,,false,,
https://echowater.com/blogs/water-quality/south-carolina-water-quality,429,,,,false,,
https://echowater.com/blogs/water-quality/tennessee-water-quality,429,,,,false,,
https://echowater.com/blogs/water-quality/south-dakota-water-quality,429,,,,false,,
https://echowater.com/blogs/water-quality/texas-water-quality,429,,,,false,,
https://echowater.com/blogs/water-quality/utah-water-quality,429,,,,false,,
https://echowater.com/blogs/water-quality/nevada-water-quality,429,,,,false,,
https://echowater.com/blogs/water-quality/washington-water-quality,429,,,,false,,
https://echowater.com/blogs/water-quality/maine-water-quality,429,,,,false,,
https://echowater.com/blogs/water-quality/virginia-water-quality,429,,,,false,,
https://echowater.com/blogs/water-quality/vermont-water-quality,429,,,,false,,
https://echowater.com/blogs/water-quality/west-virginia-water-quality,429,,,,false,,
https://echowater.com/blogs/water-quality/wyoming-water-quality,429,,,,false,,
https://echowater.com/blogs/water-quality/alaska-worst-tap-water,429,,,,false,,
https://echowater.com/blogs/water-quality/alabama-worst-tap-water,429,,,,false,,
https://echowater.com/blogs/water-quality/arizona-worst-tap-water,429,,,,false,,
https://echowater.com/blogs/water-quality/arkansas-worst-tap-water,429,,,,false,,
https://echowater.com/blogs/water-quality/connecticut-worst-tap-water,429,,,,false,,
https://echowater.com/blogs/water-quality/colorado-worst-tap-water,429,,,,false,,
https://echowater.com/blogs/water-quality/delaware-worst-tap-water,429,,,,false,,
https://echowater.com/blogs/water-quality/district-of-columbia-worst-tap-water,429,,,,false,,
https://echowater.com/blogs/water-quality/georgia-worst-tap-water,429,,,,false,,
https://echowater.com/blogs/water-quality/hawaii-worst-tap-water,429,,,,false,,
https://echowater.com/blogs/water-quality/idaho-worst-tap-water,429,,,,false,,
https://echowater.com/blogs/water-quality/indiana-worst-tap-water,429,,,,false,,
https://echowater.com/blogs/water-quality/iowa-worst-tap-water,429,,,,false,,
https://echowater.com/blogs/water-quality/kansas-worst-tap-water,429,,,,false,,
https://echowater.com/blogs/water-quality/illinois-worst-tap-water,429,,,,false,,
https://echowater.com/blogs/water-quality/kentucky-worst-tap-water,429,,,,false,,
https://echowater.com/blogs/water-quality/maine-worst-tap-water,429,,,,false,,
https://echowater.com/blogs/water-quality/maryland-worst-tap-water,429,,,,false,,
https://echowater.com/blogs/water-quality/massachusetts-worst-tap-water,429,,,,false,,
https://echowater.com/blogs/water-quality/michigan-worst-tap-water,429,,,,false,,
https://echowater.com/blogs/water-quality/mississippi-worst-tap-water,429,,,,false,,
https://echowater.com/blogs/water-quality/missouri-worst-tap-water,429,,,,false,,
https://echowater.com/blogs/water-quality/minnesota-worst-tap-water,429,,,,false,,
https://echowater.com/blogs/water-quality/montana-worst-tap-water,429,,,,false,,
https://echowater.com/blogs/water-quality/nebraska-worst-tap-water,429,,,,false,,
https://echowater.com/blogs/water-quality/nevada-worst-tap-water,429,,,,false,,
https://echowater.com/blogs/water-quality/new-jersey-worst-tap-water,429,,,,false,,
https://echowater.com/blogs/water-quality/new-hampshire-worst-tap-water,429,,,,false,,
https://echowater.com/blogs/water-quality/new-mexico-worst-tap-water,429,,,,false,,
https://echowater.com/blogs/water-quality/new-york-worst-tap-water,429,,,,false,,
https://echowater.com/blogs/water-quality/north-dakota-worst-tap-water,429,,,,false,,
https://echowater.com/blogs/water-quality/north-carolina-worst-tap-water,429,,,,false,,
https://echowater.com/blogs/water-quality/ohio-worst-tap-water,429,,,,false,,
https://echowater.com/blogs/water-quality/oklahoma-worst-tap-water,429,,,,false,,
https://echowater.com/blogs/water-quality/oregon-worst-tap-water,429,,,,false,,
https://echowater.com/blogs/water-quality/pennsylvania-worst-tap-water,429,,,,false,,
https://echowater.com/blogs/water-quality/south-carolina-worst-tap-water,429,,,,false,,
https://echowater.com/blogs/water-quality/rhode-island-worst-tap-water,429,,,,false,,
https://echowater.com/blogs/water-quality/south-dakota-worst-tap-water,429,,,,false,,
https://echowater.com/blogs/water-quality/tennessee-worst-tap-water,429,,,,false,,
https://echowater.com/blogs/water-quality/delaware-water-quality,429,,,,false,,
https://echowater.com/blogs/water-quality/utah-worst-tap-water,429,,,,false,,
https://echowater.com/blogs/water-quality/vermont-worst-tap-water,429,,,,false,,
https://echowater.com/blogs/water-quality/virginia-worst-tap-water,429,,,,false,,
https://echowater.com/blogs/water-quality/west-virginia-worst-tap-water,429,,,,false,,
https://echowater.com/blogs/water-quality/washington-worst-tap-water,429,,,,false,,
https://echowater.com/blogs/water-quality/wyoming-worst-tap-water,429,,,,false,,
https://echowater.com/blogs/water-quality/chromium-in-drinking-water,429,,,,false,,
https://echowater.com/blogs/water-quality/wisconsin-worst-tap-water,429,,,,false,,
https://echowater.com/blogs/water-quality/radium-in-drinking-water,429,,,,false,,
https://echowater.com/blogs/water-quality/trihalomethane-in-drinking-water,429,,,,false,,
https://echowater.com/blogs/water-quality/small-towns-cleanest-tap-water,429,,,,false,,
https://echowater.com/blogs/water-quality/haloacetic-in-drinking-water,429,,,,false,,
https://echowater.com/blogs/water-quality/small-towns-terrible-tap-water,429,,,,false,,
https://echowater.com/blogs/water-quality/wisconsin-water-quality,429,,,,false,,
https://echowater.com/blogs/water-quality/worst-contaminants-in-us-drinking-water,429,,,,false,,
https://echowater.com/blogs/water-quality/cities-never-drink-tap-water-unfiltered,429,,,,false,,
https://echowater.com/blogs/water-quality/most-contaminated-water-systems-america,429,,,,false,,
https://echowater.com/blogs/water-quality/safest-tap-water-cities-for-families,429,,,,false,,
https://echowater.com/blogs/blog/why-everyone-is-talking-about-hydrogen-water-just-ingredients-dr-paul-barattiero,429,,,,false,,
https://echowater.com/blogs/blog/echo-ceo-josh-carr-featured-on-breakout-ceo-podcast,429,,,,false,,
https://echowater.com/blogs/blog/echo-ceo-josh-carr,429,,,,false,,
https://echowater.com/blogs/blog/mothers-day-and-the-biology-of-doing-it-all,429,,,,false,,
https://echowater.com/blogs/blog/the-good-gas-your-gut-depends-on-nbsp,429,,,,false,,
https://echowater.com/blogs/blog/have-we-overlooked-a-solution-molecular-hydrogen-and-the-microplastic-health-crisis,429,,,,false,,
https://echowater.com/blogs/blog/stress-is-killing-you-but-not-all-at-once,429,,,,false,,
https://echowater.com/blogs/blog/mental-health-is-not-just-in-your-head,429,,,,false,,
https://echowater.com/blogs/blog/magnesium-the-mineral-that-makes-hydrogen,429,,,,false,,
https://echowater.com/blogs/blog/the-good-gas-your-gut-depends-on-part-ii-fibermaxxing-vs-gasmaxxing,429,,,,false,,
https://echowater.com/blogs/blog/exercise-is-stress-that-s-why-it-works,429,,,,false,,
https://echowater.com/blogs/blog/men-s-health-is-not-a-masculinity-test,429,,,,false,,
https://echowater.com/blogs/blog/why-employee-wellness-has-to-start-with-recovery,429,,,,false,,
https://echowater.com/blogs/blog/heat-is-stress-the-body-knows-it,429,,,,false,,
https://echowater.com/blogs/blog/before-you-drink-hydrogen-water-kristina-separates-the-myths-from-the-facts,429,,,,false,,
https://echowater.com/blogs/blog/the-hidden-pattern-behind-modern-chronic-disease,429,,,,false,,
https://echowater.com/blogs/blog/the-burn-is-only-the-beginning-uv-damage-skin-recovery-and-molecular-hydrogen,429,,,,false,,
https://echowater.com/blogs/blog/the-plaque-is-only-the-surface-psoriasis-inflammation-and-molecular-hydrogen,429,,,,false,,
https://echowater.com/blogs/water-quality/clear-water-is-not-the-same-as-clean-water,429,,,,false,,
https://echowater.com/blogs/blog/the-brain-does-not-think-alone-molecular-hydrogen-the-microbiome-and-cognitive-resilience,429,,,,false,,
https://echowater.com/blogs/water-quality/louisiana-worst-tap-water,429,,,,false,,
https://echowater.com/blogs/blog/the-biology-of-seeing-molecular-hydrogen-and-eye-health,429,,,,false,,
https://echowater.com/blogs/blog/from-exposure-to-adaptation-what-to-expect-over-time-with-molecular-hydrogen,429,,,,false,,
https://echowater.com/blogs/blog/when-inflammation-won-t-stand-down-autoinflammatory-disease-and-molecular-hydrogen,429,,,,false,,
https://echowater.com/blogs/blog/the-biology-of-staying-independent-molecular-hydrogen-and-assisted-living,429,,,,false,,
https://echowater.com/blogs/blog/when-the-alarm-stays-on-molecular-hydrogen-and-the-biology-of-persistent-pain,429,,,,false,,
https://echowater.com/en-mx,302,https://echowater.com/,,,false,,
https://echowater.com/en-mx/products/echo-retro-hollow-fiber-filter,429,,,,false,,
https://echowater.com/en-mx/products/echo-h2-hydrogen-water-machine,302,https://echowater.com/products/echo-h2-hydrogen-water-machine,,,false,,
https://echowater.com/en-mx/products/echo-h2-server-hydrogen-water,302,https://echowater.com/products/echo-h2-server-hydrogen-water,,,false,,
https://echowater.com/en-mx/products/echo-ultimate-hydrogen-water,429,,,,false,,
https://echowater.com/en-mx/products/echo-cleaning-cartridge,429,,,,false,,
https://echowater.com/blogs/blog/the-creator-with-18-million-followers-who-tried-hydrogen-water-why-kaz-sawyer-uses-the-echo-flask-daily,429,,,,false,,
https://echowater.com/en-mx/products/echo-replacement-filters,429,,,,false,,
https://echowater.com/en-mx/products/echo-secondary-filter,302,https://echowater.com/products/echo-secondary-filter,,,false,,
https://echowater.com/en-mx/products/echo-basics-faucet,302,https://echowater.com/products/echo-basics-faucet,,,false,,
https://echowater.com/en-mx/products/echo-ultimate-digital-faucet,302,https://echowater.com/products/echo-ultimate-digital-faucet,,,false,,
https://echowater.com/en-mx/products/echo-h2-faucet,429,,,,false,,
https://echowater.com/en-mx/products/echo-gift-card,429,,,,false,,
https://echowater.com/en-mx/products/echo-ro-filter-set,302,https://echowater.com/products/echo-ro-filter-set,,,false,,
https://echowater.com/en-mx/products/replacement-parts-go-plus,429,,,,false,,
https://echowater.com/en-mx/products/echo-revive,429,,,,false,,
https://echowater.com/en-mx/products/echo-refresh-hydrogen-inhalation-machine,429,,,,false,,
https://echowater.com/en-mx/products/echo-guardian,302,https://echowater.com/products/echo-guardian,,,false,,
https://echowater.com/en-mx/products/echo-pitcher-housing-cartridge,429,,,,false,,
https://echowater.com/en-mx/products/echo-retro-carbon-block-filter,429,,,,false,,
https://echowater.com/en-mx/products/echo-pitcher-filter,302,https://echowater.com/products/echo-pitcher-filter,,,false,,
https://echowater.com/en-mx/products/ultimate-hydrogen-health-bundle,302,https://echowater.com/products/ultimate-hydrogen-health-bundle,,,false,,
https://echowater.com/en-mx/products/healthy-home-bundle,302,https://echowater.com/products/healthy-home-bundle,,,false,,
https://echowater.com/en-mx/products/echo-ro-reverse-osmosis,429,,,,false,,
https://echowater.com/en-mx/products/echo-flask-parts,302,https://echowater.com/products/echo-flask-parts,,,false,,
https://echowater.com/en-mx/products/whole-home-replacement-filters,429,,,,false,,
https://echowater.com/en-mx/products/echo-flask,429,,,,false,,
https://echowater.com/blogs/blog/strontium-90-in-drinking-water,429,,,,false,,
https://echowater.com/en-mx/products/echo-forty-hydrogen-tumbler,302,https://echowater.com/products/echo-forty-hydrogen-tumbler,,,false,,
https://echowater.com/en-mx/products/echo-one-machine,302,https://echowater.com/products/echo-one-machine,,,false,,
https://echowater.com/en-mx/products/ro-flask,429,,,,false,,
https://echowater.com/en-mx/products/whole-home-echo-one-flask,302,https://echowater.com/products/whole-home-echo-one-flask,,,false,,
https://echowater.com/en-mx/products/flow-flask,302,https://echowater.com/products/flow-flask,,,false,,
https://echowater.com/en-mx/products/whole-home-flask,429,,,,false,,
https://echowater.com/en-mx/products/h2-flask,429,,,,false,,
https://echowater.com/en-mx/products/ultimate-flask,302,https://echowater.com/products/ultimate-flask,,,false,,
https://echowater.com/en-mx/pages/contact,429,,,,false,,
https://echowater.com/en-mx/products/res-municipal-ro-essential,302,https://echowater.com/products/res-municipal-ro-essential,,,false,,
https://echowater.com/en-mx/products/echo-product-boxes,302,https://echowater.com/products/echo-product-boxes,,,false,,
https://echowater.com/blogs/water-quality/hartford-connecticut-water-quality,429,,,,false,,
https://echowater.com/en-mx/pages/ebook-download-page,302,https://echowater.com/pages/ebook-download-page,,,false,,
https://echowater.com/en-mx/pages/terms-and-conditions,429,,,,false,,
https://echowater.com/en-mx/pages/echo-hydrogen-water,302,https://echowater.com/pages/echo-hydrogen-water,,,false,,
https://echowater.com/en-mx/pages/rx-schedule-email-unsubscribe,302,https://echowater.com/pages/rx-schedule-email-unsubscribe,,,false,,
https://echowater.com/en-mx/pages/hydrogen-studies,302,https://echowater.com/pages/hydrogen-studies,,,false,,
https://echowater.com/en-mx/pages/careers,429,,,,false,,
https://echowater.com/en-mx/pages/privacy-policy,302,https://echowater.com/pages/privacy-policy,,,false,,
https://echowater.com/en-mx/pages/drfab,429,,,,false,,
https://echowater.com/en-mx/pages/affiliate-signup,429,,,,false,,
https://echowater.com/en-mx/pages/echoh2water,429,,,,false,,
https://echowater.com/en-mx/pages/echo-hydrogen-water-1,429,,,,false,,
https://echowater.com/en-mx/pages/lp-brain-signaling,429,,,,false,,
https://echowater.com/en-mx/pages/echo-water-rewards,429,,,,false,,
https://echowater.com/en-mx/pages/shipment-tracking,429,,,,false,,
https://echowater.com/en-mx/pages/file-a-claim,302,https://echowater.com/pages/file-a-claim,,,false,,
https://echowater.com/en-mx/pages/echo-water-loyalty-program,302,https://echowater.com/pages/echo-water-loyalty-program,,,false,,
https://echowater.com/en-mx/pages/collection-bundles,429,,,,false,,
https://echowater.com/en-mx/pages/affiliate-sign-up,429,,,,false,,
https://echowater.com/en-mx/pages/echo-technologies-product-registration,429,,,,false,,
https://echowater.com/en-mx/pages/quiz,429,,,,false,,
https://echowater.com/en-mx/pages/product-registration,302,https://echowater.com/pages/product-registration,,,false,,
https://echowater.com/en-mx/pages/ebook-ty-od,429,,,,false,,
https://echowater.com/en-mx/pages/hydrogen-deficiency-quiz,302,https://echowater.com/pages/hydrogen-deficiency-quiz,,,false,,
https://echowater.com/en-mx/pages/ebook-download-page-od,429,,,,false,,
https://echowater.com/en-mx/pages/store-locator,302,https://echowater.com/pages/store-locator,,,false,,
https://echowater.com/en-mx/pages/echo-flask-compare,302,https://echowater.com/pages/echo-flask-compare,,,false,,
https://echowater.com/en-mx/pages/echo-flask-how-it-works,429,,,,false,,
https://echowater.com/en-mx/pages/product-warranties,302,https://echowater.com/pages/product-warranties,,,false,,
https://echowater.com/en-mx/products/pure-whole-home-water-filter,429,,,,false,,
https://echowater.com/en-mx/pages/echo-flask-specs,429,,,,false,,
https://echowater.com/en-mx/pages/why-echo,429,,,,false,,
https://echowater.com/en-mx/pages/hotel-subscribe-page,429,,,,false,,
https://echowater.com/en-mx/pages/subscribe-to-vip,302,https://echowater.com/pages/subscribe-to-vip,,,false,,
https://echowater.com/en-mx/pages/echo-flask-app,429,,,,false,,
https://echowater.com/en-mx/pages/app-status,429,,,,false,,
https://echowater.com/en-mx/pages/schedule-consultation,429,,,,false,,
https://echowater.com/en-mx/pages/newsroom,302,https://echowater.com/pages/newsroom,,,false,,
https://echowater.com/en-mx/pages/govx,302,https://echowater.com/pages/govx,,,false,,
https://echowater.com/en-mx/pages/water-type-webinar,302,https://echowater.com/pages/water-type-webinar,,,false,,
https://echowater.com/en-mx/pages/human-performance-webinar-series,429,,,,false,,
https://echowater.com/en-mx/pages/low-energy-webinar,302,https://echowater.com/pages/low-energy-webinar,,,false,,
https://echowater.com/en-mx/pages/echo-flask-resource-library,429,,,,false,,
https://echowater.com/en-mx/pages/why-hydrogen,429,,,,false,,
https://echowater.com/en-mx/pages/clarity,429,,,,false,,
https://echowater.com/en-mx/pages/faq,302,https://echowater.com/pages/faq,,,false,,
https://echowater.com/en-mx/pages/ebook-thank-you,429,,,,false,,
https://echowater.com/en-mx/pages/about,429,,,,false,,
https://echowater.com/en-mx/pages/friends-family-program,302,https://echowater.com/pages/friends-family-program,,,false,,
https://echowater.com/en-mx/pages/brand-ambassador,302,https://echowater.com/pages/brand-ambassador,,,false,,
https://echowater.com/en-mx/pages/wellness-ambassador-program,302,https://echowater.com/pages/wellness-ambassador-program,,,false,,
https://echowater.com/en-mx/pages/hydrogen-health-group-classes,429,,,,false,,
https://echowater.com/en-mx/pages/dave-asprey,429,,,,false,,
https://echowater.com/en-mx/pages/water-analysis,429,,,,false,,
https://echowater.com/en-mx/pages/gut-health,429,,,,false,,
https://echowater.com/en-mx/pages/collab,302,https://echowater.com/pages/collab,,,false,,
https://echowater.com/en-mx/pages/sms-mobile-terms-of-service,429,,,,false,,
https://echowater.com/en-mx/pages/whitelisting-and-partner-ads-disclaimer,429,,,,false,,
https://echowater.com/en-mx/pages/flask-v2,302,https://echowater.com/pages/flask-v2,,,false,,
https://echowater.com/en-mx/pages/water-quality-analysis-v2,429,,,,false,,
https://echowater.com/en-mx/pages/testing-new-water-quality-analysis-page,429,,,,false,,
https://echowater.com/en-mx/pages/why-you-re-still-bloated-tired-and-foggy-even-when-you-re-eating-clean,429,,,,false,,
https://echowater.com/en-mx/pages/hydrogen-water-bottle-rl-lp,429,,,,false,,
https://echowater.com/en-mx/pages/corporate-gifting,429,,,,false,,
https://echowater.com/en-mx/pages/hydrogen-water-in-the-body-timeline,429,,,,false,,
https://echowater.com/en-mx/pages/hydrogen-water-meta,429,,,,false,,
https://echowater.com/en-mx/pages/email-sms-subscribe,429,,,,false,,
https://echowater.com/en-mx/pages/just-ingredients,429,,,,false,,
https://echowater.com/en-mx/pages/warranty-review,302,https://echowater.com/pages/warranty-review,,,false,,
https://echowater.com/en-mx/pages/game-changer-webinar,429,,,,false,,
https://echowater.com/en-mx/pages/return-request,302,https://echowater.com/pages/return-request,,,false,,
https://echowater.com/en-mx/pages/video-upload,302,https://echowater.com/pages/video-upload,,,false,,
https://echowater.com/en-mx/pages/hydrogen-webinar-replay,429,,,,false,,
https://echowater.com/en-mx/pages/hydrogen-water-101,302,https://echowater.com/pages/hydrogen-water-101,,,false,,
https://echowater.com/en-mx/pages/healthsecret,429,,,,false,,
https://echowater.com/en-mx/pages/actprod,302,https://echowater.com/pages/actprod,,,false,,
https://echowater.com/en-mx/pages/practical-strategies-for-selling-echo-products,302,https://echowater.com/pages/practical-strategies-for-selling-echo-products,,,false,,
https://echowater.com/en-mx/pages/hydrogen-science,302,https://echowater.com/pages/hydrogen-science,,,false,,
https://echowater.com/en-mx/pages/flaskoffer,302,https://echowater.com/pages/flaskoffer,,,false,,
https://echowater.com/en-mx/pages/sms,302,https://echowater.com/pages/sms,,,false,,
https://echowater.com/en-mx/collections/residential-systems,429,,,,false,,
https://echowater.com/en-mx/collections/hydrogen-water-machines,429,,,,false,,
https://echowater.com/en-mx/collections/bundles,302,https://echowater.com/collections/bundles,,,false,,
https://echowater.com/en-mx/collections/water-filters,302,https://echowater.com/collections/water-filters,,,false,,
https://echowater.com/en-mx/collections/replacement-water-filters,302,https://echowater.com/collections/replacement-water-filters,,,false,,
https://echowater.com/en-mx/collections/portable-hydrogen-water,429,,,,false,,
https://echowater.com/en-mx/collections/best-sellers,429,,,,false,,
https://echowater.com/en-mx/collections/reverse-osmosis,302,https://echowater.com/collections/reverse-osmosis,,,false,,
https://echowater.com/en-mx/collections/service-request,302,https://echowater.com/collections/service-request,,,false,,
https://echowater.com/en-mx/collections/in-the-kitchen,302,https://echowater.com/collections/in-the-kitchen,,,false,,
https://echowater.com/en-mx/collections/plumbing-parts,302,https://echowater.com/collections/plumbing-parts,,,false,,
https://echowater.com/en-mx/collections/on-the-go,302,https://echowater.com/collections/on-the-go,,,false,,
https://echowater.com/en-mx/collections/all,429,,,,false,,
https://echowater.com/en-mx/collections/water-filtration-systems,429,,,,false,,
https://echowater.com/en-mx/collections/replacement-parts,429,,,,false,,
https://echowater.com/en-mx/collections/in-the-home,429,,,,false,,
https://echowater.com/en-mx/collections/deals,302,https://echowater.com/collections/deals,,,false,,
https://echowater.com/en-mx/collections/extended-protection-collection-2,429,,,,false,,
https://echowater.com/en-mx/collections/extended-protection-collection-1,302,https://echowater.com/collections/extended-protection-collection-1,,,false,,
https://echowater.com/en-mx/collections/extended-protection-collection-3,302,https://echowater.com/collections/extended-protection-collection-3,,,false,,
https://echowater.com/en-mx/collections/extended-protection-collection-4,302,https://echowater.com/collections/extended-protection-collection-4,,,false,,
https://echowater.com/en-mx/collections/redo-registration,302,https://echowater.com/collections/redo-registration,,,false,,
https://echowater.com/en-mx/collections/try-before-you-buy,302,https://echowater.com/collections/try-before-you-buy,,,false,,
https://echowater.com/en-mx/collections/hydrogen-water,302,https://echowater.com/collections/hydrogen-water,,,false,,
https://echowater.com/en-mx/collections/replacement-filters,302,https://echowater.com/collections/replacement-filters,,,false,,
https://echowater.com/en-mx/collections/affiliate,429,,,,false,,
https://echowater.com/en-mx/collections/whole-home-filtration-system,429,,,,false,,
https://echowater.com/en-mx/collections/fsa-hsa-eligible,429,,,,false,,
https://echowater.com/en-mx/collections/all-copy,302,https://echowater.com/collections/all-copy,,,false,,
https://echowater.com/en-mx/collections/hydrogen-water-copy,302,https://echowater.com/collections/hydrogen-water-copy,,,false,,
https://echowater.com/en-mx/collections/pre-order,429,,,,false,,
https://echowater.com/en-mx/collections/attio,429,,,,false,,
https://echowater.com/en-mx/collections/attio-copy,429,,,,false,,
https://echowater.com/en-mx/collections/hydrogen-water-deals-and-discounts,302,https://echowater.com/collections/hydrogen-water-deals-and-discounts,,,false,,
https://echowater.com/blogs/water-quality/rhode-island-water-quality,429,,,,false,,
https://echowater.com/blogs/water-quality/cities-purest-tap-water,429,,,,false,,
https://echowater.com/en-mx/collections/fullyraw-kristinas-echo-collection,429,,,,false,,
https://echowater.com/en-mx/blogs/blog,429,,,,false,,
https://echowater.com/en-mx/collections/just-ingredients-collection,302,https://echowater.com/collections/just-ingredients-collection,,,false,,
https://echowater.com/en-mx/collections/accessories,429,,,,false,,
https://echowater.com/en-mx/blogs/water-quality,429,,,,false,,
https://echowater.com/en-mx/blogs/home,429,,,,false,,
https://echowater.com/en-mx/blogs/hydrogen-water-research,429,,,,false,,
https://echowater.com/en-mx/blogs/hydrogen-water-health,429,,,,false,,
https://echowater.com/en-mx/blogs/blog/fight-back-against-allergies-by-reducing-your-oxidative-stress,429,,,,false,,
https://echowater.com/en-mx/blogs/water-quality-news,429,,,,false,,
https://echowater.com/en-mx/blogs/blog/the-healing-power-of-hydrogen-a-natural-way-to-boost-your-immune-system,429,,,,false,,
https://echowater.com/en-mx/blogs/blog/watch-out-coffee-theres-a-new-drink-in-town,429,,,,false,,
https://echowater.com/en-mx/collections/filtration-hydrogen-water,429,,,,false,,
https://echowater.com/en-mx/blogs/blog/heart-to-heart-about-heart-health,429,,,,false,,
https://echowater.com/en-mx/blogs/blog/can-hydrogen-water-help-with-weight-loss,429,,,,false,,
https://echowater.com/en-mx/blogs/blog/do-i-have-oxidative-stress,429,,,,false,,
https://echowater.com/en-mx/blogs/blog/hydrogen-water-myth-or-miracle,429,,,,false,,
https://echowater.com/en-mx/blogs/blog/hydrogen-through-history,429,,,,false,,
https://echowater.com/en-mx/blogs/blog/why-echo-hydrogen-water-ppm-is-better,429,,,,false,,
https://echowater.com/en-mx/blogs/newsroom,429,,,,false,,
https://echowater.com/en-mx/blogs/blog/everything-you-need-to-know-about-the-echo-go,429,,,,false,,
https://echowater.com/en-mx/blogs/blog/are-you-using-the-best-water-filter,429,,,,false,,
https://echowater.com/en-mx/blogs/blog/8-natural-ways-to-fight-inflammation,429,,,,false,,
https://echowater.com/en-mx/blogs/blog/hard-vs-soft-water-explained,429,,,,false,,
https://echowater.com/en-mx/blogs/blog/10-ways-to-boost-a-childs-immune-system,429,,,,false,,
https://echowater.com/en-mx/blogs/blog/5-aspects-of-holistic-health-and-wellness,429,,,,false,,
https://echowater.com/en-mx/blogs/blog/10-tips-to-stay-healthy-while-traveling,429,,,,false,,
https://echowater.com/en-mx/blogs/blog/what-are-fat-soluble-vitamins,429,,,,false,,
https://echowater.com/en-mx/blogs/blog/side-dish-recipes-with-top-antioxidant-foods,429,,,,false,,
https://echowater.com/en-mx/blogs/blog/tips-for-balancing-hormones-naturally,429,,,,false,,
https://echowater.com/en-mx/blogs/blog/do-i-need-a-whole-home-filtration-system,429,,,,false,,
https://echowater.com/en-mx/blogs/blog/which-fruits-are-considered-superfoods,429,,,,false,,
https://echowater.com/en-mx/blogs/blog/what-are-the-health-benefits-of-vitamin-d,429,,,,false,,
https://echowater.com/en-mx/blogs/blog/hydrogen-water-and-back-to-school,429,,,,false,,
https://echowater.com/en-mx/blogs/blog/hydrogen-water-and-deuterium-unlocking-the-secrets-to-optimal-health,429,,,,false,,
https://echowater.com/en-mx/blogs/blog/hydrogen-enriched-water-oral-health-a-summary-of-studies,429,,,,false,,
https://echowater.com/en-mx/blogs/blog/reverse-osmosis-water-filters-the-superior-solution-for-hydration-and-health,429,,,,false,,
https://echowater.com/en-mx/blogs/blog/hydrogen-water-harmful-the-shocking-truth-revealed,429,,,,false,,
https://echowater.com/en-mx/blogs/newsroom/the-lyme-boss-podcast,429,,,,false,,
https://echowater.com/en-mx/blogs/blog/unmasking-the-h2-hype-the-astonishing-truth-about-hydrogen-water,429,,,,false,,
https://echowater.com/en-mx/blogs/blog/the-science-of-hydration-unveiling-the-top-5-benefits-of-drinking-hydrogen-water,429,,,,false,,
https://echowater.com/en-mx/blogs/blog/what-is-hydrogen-water,429,,,,false,,
https://echowater.com/en-mx/blogs/blog/hydrogen-water-vs-alkaline-water,429,,,,false,,
https://echowater.com/en-mx/blogs/blog/structured-water-vs-hydrogen-water,429,,,,false,,
https://echowater.com/en-mx/blogs/blog/top-strategies-to-enhance-your-gut-health-naturally,429,,,,false,,
https://echowater.com/en-mx/blogs/newsroom/echo-water-makes-a-splash-on-fox-amp-friends-with-diy-expert-chip-wade,429,,,,false,,
https://echowater.com/en-mx/blogs/newsroom/chip-wade-and-kathryn-emery-show-off-echo-go-at-national-hardware-show,429,,,,false,,
https://echowater.com/en-mx/blogs/blog/how-to-stay-hydrated-while-traveling,429,,,,false,,
https://echowater.com/en-mx/blogs/blog/how-hydrogen-water-boosts-your-workouts-and-improves-athletic-performance,429,,,,false,,
https://echowater.com/en-mx/blogs/blog/fresh-vs-packaged-hydrogen-water,429,,,,false,,
https://echowater.com/en-mx/blogs/blog/could-hydrogen-water-treat-mountain-sickness,429,,,,false,,
https://echowater.com/en-mx/blogs/blog/deep-sea-diving-can-hydrogen-reduce-decompression-sickness,429,,,,false,,
https://echowater.com/en-mx/blogs/blog/how-dragon-boat-athletes-improve-performance-with-hydrogen-rich-water,429,,,,false,,
https://echowater.com/en-mx/collections/secret-webinar-bundles,429,,,,false,,
https://echowater.com/en-mx/blogs/blog/how-does-hydrogen-water-help-with-inflammaging,429,,,,false,,
https://echowater.com/en-mx/blogs/blog/how-scientists-use-cycling-to-study-hydrogen,429,,,,false,,
https://echowater.com/en-mx/blogs/blog/what-is-a-pem-membrane-and-why-should-you-care,429,,,,false,,
https://echowater.com/en-mx/blogs/blog/hydrogen-enriched-water-for-pets,429,,,,false,,
https://echowater.com/en-mx/blogs/newsroom/major-lifestyle-brand-elle-shows-some-love-to-echo-hydrogen-water,429,,,,false,,
https://echowater.com/en-mx/blogs/blog/hydrogen-water-in-space,429,,,,false,,
https://echowater.com/en-mx/blogs/newsroom/echo-founder-explains-hydrogen-water-at-biohack-your-beauty-event,429,,,,false,,
https://echowater.com/en-mx/blogs/blog/the-truth-about-mitochondria-restoration-how-hydrogen-water-can-help,429,,,,false,,
https://echowater.com/en-mx/blogs/blog/is-stress-killing-you,429,,,,false,,
https://echowater.com/en-mx/blogs/newsroom/echo-hydrogen-water-featured-in-heal-thyself-podcast,429,,,,false,,
https://echowater.com/en-mx/blogs/blog/are-hydrogen-water-bottles-legit,429,,,,false,,
https://echowater.com/en-mx/blogs/blog/what-are-the-side-effects-of-drinking-hydrogen-water,429,,,,false,,
https://echowater.com/en-mx/blogs/blog/drinking-hydrogen-water-days-7-14,429,,,,false,,
https://echowater.com/en-mx/blogs/blog/a-health-hack-you-can-sink-your-teeth-into,429,,,,false,,
https://echowater.com/en-mx/blogs/blog/how-hydrogen-therapy-and-hydrogen-rich-water-can-improve-reproductive-health,429,,,,false,,
https://echowater.com/en-mx/blogs/blog/drinking-hydrogen-water-days-1-7,429,,,,false,,
https://echowater.com/en-mx/blogs/newsroom/echo-go-reviewed-by-youtube-influencer-pigmie,429,,,,false,,
https://echowater.com/en-mx/blogs/newsroom/what-water-bottle-does-jake-paul-use-in-the-netflix-series-countdown-paul-vs-tyson,429,,,,false,,
https://echowater.com/en-mx/blogs/blog/drinking-hydrogen-water-days-14-30,429,,,,false,,
https://echowater.com/en-mx/blogs/blog/what-is-biohacking-a-beginners-guide-to-getting-started,429,,,,false,,
https://echowater.com/en-mx/blogs/blog/10-natural-benefits-of-hydrogen-water-for-health-and-wellness,429,,,,false,,
https://echowater.com/en-mx/blogs/blog/hydrogen-water-can-improve-your-sleep,429,,,,false,,
https://echowater.com/en-mx/blogs/blog/hydrogen-water-benefits-for-skin-science-review,429,,,,false,,
https://echowater.com/en-mx/blogs/newsroom/jonny-bones-and-the-echo-go-bottle-the-secret-to-his-fight-preparation,429,,,,false,,
https://echowater.com/en-mx/blogs/blog/the-surprising-secret-behind-the-world-s-most-popular-healing-springs,429,,,,false,,
https://echowater.com/en-mx/blogs/blog/do-hydrogen-water-bottles-run-out-of-hydrogen,429,,,,false,,
https://echowater.com/en-mx/blogs/newsroom/echo-launches-industry-s-first-smart-hydrogen-bottle-and-app-at-ces-2025,429,,,,false,,
https://echowater.com/en-mx/blogs/blog/how-do-hydrogen-water-bottles-work,429,,,,false,,
https://echowater.com/en-mx/blogs/blog/does-hydrogen-water-work,429,,,,false,,
https://echowater.com/en-mx/blogs/newsroom/echo-expands-its-national-footprint-with-major-u-s-retailers,429,,,,false,,
https://echowater.com/en-mx/blogs/newsroom/echo-water-and-truemed-partner-to-unlock-pre-tax-hsa-fsa-spending-for-echo-flask,429,,,,false,,
https://echowater.com/en-mx/blogs/newsroom/echo-launches-industry-s-first-smart-hydrogen-bottle-and-app-at-ces-2026,429,,,,false,,
https://echowater.com/en-mx/blogs/newsroom/fitness-accessories-to-elevate-your-at-home-studio,429,,,,false,,
https://echowater.com/en-mx/blogs/newsroom/echo-unveils-next-generation-hydrogen-therapy-products-for-home-commercial-spas-and-wellness-centers,429,,,,false,,
https://echowater.com/en-mx/blogs/newsroom/echo-partners-with-icryo-to-offer-guests-innovative-hydrogen-water-solutions,429,,,,false,,
https://echowater.com/en-mx/blogs/newsroom/ces-2025-beverage-startups-changing-how-we-consume-water-coffee-and-beer,429,,,,false,,
https://echowater.com/en-mx/blogs/newsroom/echo-flask-review-innovation-in-hydration-or-just-another-fancy-bottle,429,,,,false,,
https://echowater.com/en-mx/blogs/newsroom/can-a-hydrogen-water-bottle-actually-offer-health-benefits-doctors-weigh-in,429,,,,false,,
https://echowater.com/en-mx/blogs/newsroom/joe-rogan-hydrogen-water-is-the-best-water-to-drink,429,,,,false,,
https://echowater.com/en-mx/blogs/newsroom/hydrogen-water-benefits-hype-or-hope,429,,,,false,,
https://echowater.com/en-mx/blogs/newsroom/dr-paul-barattiero-hydrogen-water-pioneer,429,,,,false,,
https://echowater.com/en-mx/blogs/newsroom/hydrogen-water-for-the-relief-of-chronic-pain,429,,,,false,,
https://echowater.com/en-mx/blogs/newsroom/the-benefits-of-hydrogen-water-to-fight-oxidative-stress,429,,,,false,,
https://echowater.com/en-mx/collections/hydrogen-water-faucets,429,,,,false,,
https://echowater.com/en-mx/blogs/newsroom/healing-your-gut-with-hydrogen,429,,,,false,,
https://echowater.com/en-mx/blogs/newsroom/hydrogen-water-system-revolutionizes-cellular-health,429,,,,false,,
https://echowater.com/en-mx/blogs/newsroom/reclaim-your-health-with-hydrogen-water,429,,,,false,,
https://echowater.com/en-mx/blogs/newsroom/hydrogen-water-a-must-for-preventing-disease-engendering-health,429,,,,false,,
https://echowater.com/en-mx/blogs/newsroom/hydrogen-water-technology-a-new-frontier-in-health-and-wellness,429,,,,false,,
https://echowater.com/en-mx/blogs/newsroom/benefits-of-hydrogen-water-for-your-gut-brain,429,,,,false,,
https://echowater.com/en-mx/blogs/newsroom/attaining-synergy-through-hydrogen-water-and-emf-protection,429,,,,false,,
https://echowater.com/en-mx/blogs/newsroom/the-miracle-of-hydrogen-water,429,,,,false,,
https://echowater.com/en-mx/blogs/blog/what-is-a-smart-water-bottle,429,,,,false,,
https://echowater.com/en-mx/blogs/newsroom/lets-talk-tech-with-debbie,429,,,,false,,
https://echowater.com/en-mx/blogs/blog/is-alkaline-water-the-same-as-hydrogen-water,429,,,,false,,
https://echowater.com/en-mx/blogs/newsroom/echo-water-and-10x-health-system-announce-strategic-partnership,429,,,,false,,
https://echowater.com/en-mx/blogs/blog/customer-experience-enhancements-at-echo,429,,,,false,,
https://echowater.com/en-mx/blogs/newsroom/how-hydrogen-water-helps-prevent-chronic-illness-with-paul-barattiero,429,,,,false,,
https://echowater.com/en-mx/blogs/blog/is-hydrogen-soluble-in-water,429,,,,false,,
https://echowater.com/en-mx/blogs/blog/how-much-hydrogen-water-a-day,429,,,,false,,
https://echowater.com/en-mx/blogs/blog/is-a-glass-water-bottle-better-than-plastic,429,,,,false,,
https://echowater.com/en-mx/blogs/blog/how-to-clean-a-hydrogen-water-bottle,429,,,,false,,
https://echowater.com/en-mx/blogs/newsroom/echo-water-and-10x-health-system-launch-a-co-branded-echo-flask-1,429,,,,false,,
https://echowater.com/en-mx/blogs/blog/gut-health-on-the-go-meet-the-echo-hydrogen-prebiotic-packet,429,,,,false,,
https://echowater.com/en-mx/blogs/newsroom/echo-water-and-10x-health-system-co-founded-by-grant-cardone-and-brandon-dawson-announce-partnership-to-co-brand-and-distribute-the-innovative-echo-flask,429,,,,false,,
https://echowater.com/en-mx/blogs/newsroom/how-echo-built-a-tariff-proof-supply-chain-and-saved-9-8m,429,,,,false,,
https://echowater.com/en-mx/blogs/newsroom/review-echo-flask-hydrogren-water,429,,,,false,,
https://echowater.com/en-mx/blogs/newsroom/echo-launches-first-of-its-kind-hydrogen-supplement-packets-with-added-prebiotics,429,,,,false,,
https://echowater.com/en-mx/blogs/newsroom/hydrogen-hustle-echo-s-wild-ride-from-gut-instinct-to-global-wellness-disruptor,429,,,,false,,
https://echowater.com/en-mx/blogs/newsroom/how-echo-built-a-tariff-proof-supply-chain-and-saved-9-8m-1,429,,,,false,,
https://echowater.com/en-mx/blogs/newsroom/tariff-proof-echo-s-shift-delivers-9-8m-in-savings,429,,,,false,,
https://echowater.com/en-mx/blogs/newsroom/one-companys-bid-to-tariff-proof-its-supply-chain,429,,,,false,,
https://echowater.com/en-mx/blogs/newsroom/hydration-that-performs-echo-and-10x-health-launch-co-branded-hydrogen-flask,429,,,,false,,
https://echowater.com/en-mx/blogs/newsroom/echo-flask-featured-in-humanrace-wellbeing-gifting-experience-during-met-gala-weekend,429,,,,false,,
https://echowater.com/en-mx/blogs/newsroom/dr-paul-barattiero-unlocks-the-power-of-hydrogen-water,429,,,,false,,
https://echowater.com/en-mx/blogs/newsroom/echo-flask-honored-with-mom-s-choice-award-for-excellence-in-wellness-innovation,429,,,,false,,
https://echowater.com/en-mx/blogs/newsroom/unlocking-human-potential-echos-vision-with-will-ahmed-on-modern-wisdom,429,,,,false,,
https://echowater.com/en-mx/blogs/blog/can-you-combine-hydrogen-water-with-medications,429,,,,false,,
https://echowater.com/en-mx/blogs/newsroom/i-tried-a-299-hydrogen-water-bottle-but-is-it-worth-the-price,429,,,,false,,
https://echowater.com/en-mx/blogs/newsroom/what-is-molecular-hydrogen-the-healing-journey-with-dr-paul-barattiero,429,,,,false,,
https://echowater.com/en-mx/blogs/blog/what-is-oxidative-stress,429,,,,false,,
https://echowater.com/en-mx/blogs/blog/hydrogen-water-bottle-vs-hydrogen-drink-mix-packets-which-one-s-right-for-you,429,,,,false,,
https://echowater.com/en-mx/blogs/blog/how-does-hydrogen-water-work,429,,,,false,,
https://echowater.com/en-mx/blogs/blog/where-can-i-get-hydrogen-bath-bombs-bad-and-good-news,429,,,,false,,
https://echowater.com/en-mx/blogs/blog/hydrogen-water-and-prostate-health,429,,,,false,,
https://echowater.com/en-mx/blogs/newsroom/8-gifts-to-honor-the-outdoorsy-dad-this-fathers-day,429,,,,false,,
https://echowater.com/en-mx/blogs/newsroom/every-winning-product-from-the-inaugural-harpers-bazaar-gadget-awards,429,,,,false,,
https://echowater.com/en-mx/blogs/newsroom/the-ultimate-hybrid-working-kit,429,,,,false,,
https://echowater.com/en-mx/blogs/newsroom/top-10-health-experts-transforming-wellness-in-2025,429,,,,false,,
https://echowater.com/en-mx/blogs/newsroom/the-best-products-for-staying-cool-healthy-in-the-summer-heat,429,,,,false,,
https://echowater.com/en-mx/blogs/blog/how-to-measure-oxidative-stress-and-what-to-do-about-it,429,,,,false,,
https://echowater.com/en-mx/blogs/blog/hydrogen-water-vs-hydrogen-tablets-why-echo-is-taking-a-stand-for-science-nbsp,429,,,,false,,
https://echowater.com/en-mx/blogs/newsroom/coast-to-coast-dr-paul-barattiero,429,,,,false,,
https://echowater.com/en-mx/blogs/blog/echo-webinar-recap-july-10-july-17,429,,,,false,,
https://echowater.com/en-mx/blogs/blog/can-oxidative-stress-be-reversed-research-treatments,429,,,,false,,
https://echowater.com/en-mx/blogs/blog/can-you-freeze-hydrogen-water,429,,,,false,,
https://echowater.com/en-mx/blogs/blog/webinar-recap-soak-sip-the-real-power-of-hydrogen-water-and-baths,429,,,,false,,
https://echowater.com/en-mx/blogs/blog/can-you-mix-hydrogen-water-with-electrolytes,429,,,,false,,
https://echowater.com/en-mx/blogs/blog/drinking-hydrogen-water-at-night,429,,,,false,,
https://echowater.com/en-mx/blogs/blog/hydrogen-water-vs-carbonated-water,429,,,,false,,
https://echowater.com/en-mx/blogs/newsroom/echo-s-9-8m-logistics-play-dodging-tariffs-delivering-savings,429,,,,false,,
https://echowater.com/en-mx/blogs/blog/reverse-osmosis-vs-hydrogen-water,429,,,,false,,
https://echowater.com/en-mx/blogs/blog/q3-customer-experience-update-built-around-real-people-nbsp,429,,,,false,,
https://echowater.com/en-mx/blogs/blog/health-benefits-of-hydrogen-water,429,,,,false,,
https://echowater.com/en-mx/blogs/newsroom/the-truth-about-hydrogen-water-health-benefits-my-journey-with-dr-paul-barattiero,429,,,,false,,
https://echowater.com/en-mx/blogs/newsroom/the-worlds-most-advanced-hydrogen-water-hot-tub,429,,,,false,,
https://echowater.com/en-mx/blogs/blog/echo-flask-featured-in-new-york-post-300-rechargeable-bottle-bringing-hydrogen-water-mainstream-nbsp,429,,,,false,,
https://echowater.com/en-mx/blogs/newsroom/echo-water-s-award-winning-year-what-the-industry-recognition-really-means,429,,,,false,,
https://echowater.com/en-mx/blogs/newsroom/echo-water-makes-waves-at-ces-2026-featured-in-forbes-10-healthtech-innovations-driving-a-2-trillion-revolution-nbsp,429,,,,false,,
https://echowater.com/en-mx/blogs/blog/is-hydrogen-water-the-next-big-thing-in-wellness-our-take-on-the-echo-bottle,429,,,,false,,
https://echowater.com/en-mx/blogs/newsroom/reclaim-your-health-with-hydrogen-water-with-paul-barattiero-from-synergy-science,429,,,,false,,
https://echowater.com/en-mx/blogs/newsroom/echo-water-s-award-winning-year-what-the-industry-recognition-really-means-nbsp,429,,,,false,,
https://echowater.com/en-mx/blogs/blog/show-your-significant-other-how-much-you-love-their-body-this-valentine-s-day,429,,,,false,,
https://echowater.com/en-mx/blogs/blog/how-echo-stole-the-spotlight-at-ces-2026,429,,,,false,,
https://echowater.com/en-mx/blogs/blog/give-the-gift-of-wellness-this-valentine-s-day-featuring-echo,429,,,,false,,
https://echowater.com/en-mx/blogs/water-quality/water-quality-explained-what-s-in-your-tap-water-and-how-to-check-it,429,,,,false,,
https://echowater.com/en-mx/blogs/blog/worst-tap-water-cities-in-america,429,,,,false,,
https://echowater.com/en-mx/blogs/blog/chromium-6-in-drinking-water,429,,,,false,,
https://echowater.com/en-mx/blogs/water-quality/texas-worst-tap-water,429,,,,false,,
https://echowater.com/en-mx/blogs/blog/california-worst-tap-water,429,,,,false,,
https://echowater.com/en-mx/blogs/blog/best-tap-water-cities-in-america,429,,,,false,,
https://echowater.com/en-mx/blogs/water-quality/water-quality-00501,429,,,,false,,
https://echowater.com/en-mx/blogs/water-quality/water-quality-00544,429,,,,false,,
https://echowater.com/en-mx/blogs/water-quality/water-quality-00636,429,,,,false,,
https://echowater.com/en-mx/blogs/blog/florida-worst-tap-water,429,,,,false,,
https://echowater.com/en-mx/blogs/water-quality/water-quality-01001,429,,,,false,,
https://echowater.com/en-mx/blogs/water-quality/water-quality-00930,429,,,,false,,
https://echowater.com/en-mx/blogs/water-quality/water-quality-01003,429,,,,false,,
https://echowater.com/en-mx/blogs/water-quality/water-quality-01002,429,,,,false,,
https://echowater.com/en-mx/blogs/water-quality/water-quality-01007,429,,,,false,,
https://echowater.com/en-mx/blogs/water-quality/water-quality-01004,429,,,,false,,
https://echowater.com/en-mx/blogs/water-quality/water-quality-01008,429,,,,false,,
https://echowater.com/en-mx/blogs/water-quality/water-quality-01009,429,,,,false,,
https://echowater.com/en-mx/blogs/water-quality/water-quality-01010,429,,,,false,,
https://echowater.com/en-mx/blogs/water-quality/water-quality-01012,429,,,,false,,
https://echowater.com/en-mx/blogs/blog/water-quality-01011,429,,,,false,,
https://echowater.com/en-mx/blogs/blog/exciting-changes-at-echo-new-features-support-upgrades-for-a-better-customer-experience,429,,,,false,,
https://echowater.com/en-mx/blogs/water-quality/water-quality-01013,429,,,,false,,
https://echowater.com/en-mx/blogs/water-quality/water-quality-01021,429,,,,false,,
https://echowater.com/en-mx/blogs/water-quality/water-quality-01022,429,,,,false,,
https://echowater.com/en-mx/blogs/water-quality/water-quality-01026,429,,,,false,,
https://echowater.com/en-mx/blogs/water-quality/water-quality-01027,429,,,,false,,
https://echowater.com/en-mx/blogs/water-quality/water-quality-01020,429,,,,false,,
https://echowater.com/en-mx/blogs/water-quality/water-quality-01014,429,,,,false,,
https://echowater.com/en-mx/blogs/water-quality/water-quality-01028,429,,,,false,,
https://echowater.com/en-mx/blogs/water-quality/water-quality-01030,429,,,,false,,
https://echowater.com/en-mx/blogs/water-quality/water-quality-01029,429,,,,false,,
https://echowater.com/en-mx/blogs/water-quality/water-quality-01033,429,,,,false,,
https://echowater.com/en-mx/blogs/water-quality/water-quality-01031,429,,,,false,,
https://echowater.com/en-mx/blogs/water-quality/water-quality-01034,429,,,,false,,
https://echowater.com/en-mx/blogs/water-quality/water-quality-01035,429,,,,false,,
https://echowater.com/en-mx/blogs/water-quality/water-quality-01032,429,,,,false,,
https://echowater.com/en-mx/blogs/water-quality/water-quality-01040,429,,,,false,,
https://echowater.com/en-mx/blogs/water-quality/water-quality-01037,429,,,,false,,
https://echowater.com/en-mx/blogs/water-quality/water-quality-01038,429,,,,false,,
https://echowater.com/en-mx/blogs/water-quality/water-quality-01036,429,,,,false,,
https://echowater.com/en-mx/blogs/water-quality/water-quality-01041,429,,,,false,,
https://echowater.com/en-mx/blogs/water-quality/water-quality-01053,429,,,,false,,
https://echowater.com/en-mx/blogs/water-quality/water-quality-01039,429,,,,false,,
https://echowater.com/en-mx/blogs/water-quality/water-quality-01050,429,,,,false,,
https://echowater.com/en-mx/blogs/water-quality/water-quality-01060,429,,,,false,,
https://echowater.com/en-mx/blogs/water-quality/water-quality-01056,429,,,,false,,
https://echowater.com/en-mx/blogs/water-quality/water-quality-01057,429,,,,false,,
https://echowater.com/en-mx/blogs/water-quality/water-quality-01059,429,,,,false,,
https://echowater.com/en-mx/blogs/water-quality/water-quality-01061,429,,,,false,,
https://echowater.com/en-mx/blogs/water-quality/water-quality-01062,429,,,,false,,
https://echowater.com/en-mx/blogs/water-quality/water-quality-01066,429,,,,false,,
https://echowater.com/en-mx/blogs/water-quality/water-quality-01069,429,,,,false,,
https://echowater.com/en-mx/blogs/water-quality/water-quality-01071,429,,,,false,,
https://echowater.com/en-mx/blogs/water-quality/water-quality-01063,429,,,,false,,
https://echowater.com/en-mx/blogs/water-quality/water-quality-01068,429,,,,false,,
https://echowater.com/en-mx/blogs/water-quality/water-quality-01070,429,,,,false,,
https://echowater.com/en-mx/blogs/water-quality/water-quality-01072,429,,,,false,,
https://echowater.com/en-mx/blogs/water-quality/water-quality-01073,429,,,,false,,
https://echowater.com/en-mx/blogs/water-quality/water-quality-01075,429,,,,false,,
https://echowater.com/en-mx/blogs/water-quality/water-quality-01074,429,,,,false,,
https://echowater.com/en-mx/blogs/water-quality/water-quality-01079,429,,,,false,,
https://echowater.com/en-mx/blogs/water-quality/water-quality-01077,429,,,,false,,
https://echowater.com/en-mx/blogs/water-quality/water-quality-01080,429,,,,false,,
https://echowater.com/en-mx/blogs/water-quality/water-quality-01081,429,,,,false,,
https://echowater.com/en-mx/blogs/water-quality/water-quality-01085,429,,,,false,,
https://echowater.com/en-mx/blogs/water-quality/water-quality-01083,429,,,,false,,
https://echowater.com/en-mx/blogs/water-quality/water-quality-01084,429,,,,false,,
https://echowater.com/en-mx/blogs/water-quality/water-quality-01086,429,,,,false,,
https://echowater.com/en-mx/blogs/water-quality/water-quality-01090,429,,,,false,,
https://echowater.com/en-mx/blogs/water-quality/water-quality-01089,429,,,,false,,
https://echowater.com/en-mx/blogs/water-quality/water-quality-01092,429,,,,false,,
https://echowater.com/en-mx/blogs/water-quality/water-quality-01088,429,,,,false,,
https://echowater.com/en-mx/blogs/water-quality/water-quality-01095,429,,,,false,,
https://echowater.com/en-mx/blogs/water-quality/water-quality-01093,429,,,,false,,
https://echowater.com/en-mx/blogs/water-quality/water-quality-01094,429,,,,false,,
https://echowater.com/en-mx/blogs/water-quality/water-quality-01097,429,,,,false,,
https://echowater.com/en-mx/blogs/water-quality/water-quality-01096,429,,,,false,,
https://echowater.com/en-mx/blogs/water-quality/water-quality-01102,429,,,,false,,
https://echowater.com/en-mx/blogs/water-quality/water-quality-01098,429,,,,false,,
https://echowater.com/en-mx/blogs/water-quality/water-quality-01101,429,,,,false,,
https://echowater.com/en-mx/blogs/water-quality/water-quality-01104,429,,,,false,,
https://echowater.com/en-mx/blogs/water-quality/water-quality-01105,429,,,,false,,
https://echowater.com/en-mx/blogs/water-quality/water-quality-01106,429,,,,false,,
https://echowater.com/en-mx/blogs/water-quality/water-quality-01107,429,,,,false,,
https://echowater.com/en-mx/blogs/water-quality/water-quality-01108,429,,,,false,,
https://echowater.com/en-mx/blogs/water-quality/water-quality-01109,429,,,,false,,
https://echowater.com/en-mx/blogs/water-quality/water-quality-01115,429,,,,false,,
https://echowater.com/en-mx/blogs/water-quality/water-quality-01111,429,,,,false,,
https://echowater.com/en-mx/blogs/blog/top-presidents-day-tech-gift-picks-including-the-echo-flask-hydrogen-water-bottle,429,,,,false,,
https://echowater.com/en-mx/blogs/water-quality/water-quality-01118,429,,,,false,,
https://echowater.com/en-mx/blogs/water-quality/water-quality-01116,429,,,,false,,
https://echowater.com/en-mx/blogs/water-quality/water-quality-01119,429,,,,false,,
https://echowater.com/en-mx/blogs/water-quality/water-quality-01129,429,,,,false,,
https://echowater.com/en-mx/blogs/water-quality/water-quality-01128,429,,,,false,,
https://echowater.com/en-mx/blogs/water-quality/water-quality-01139,429,,,,false,,
https://echowater.com/en-mx/blogs/water-quality/water-quality-01144,429,,,,false,,
https://echowater.com/en-mx/blogs/water-quality/water-quality-01138,429,,,,false,,
https://echowater.com/en-mx/blogs/water-quality/water-quality-01151,429,,,,false,,
https://echowater.com/en-mx/blogs/water-quality/water-quality-01152,429,,,,false,,
https://echowater.com/en-mx/blogs/water-quality/water-quality-01201,429,,,,false,,
https://echowater.com/en-mx/blogs/water-quality/water-quality-01199,429,,,,false,,
https://echowater.com/en-mx/blogs/water-quality/water-quality-01203,429,,,,false,,
https://echowater.com/en-mx/blogs/water-quality/water-quality-01220,429,,,,false,,
https://echowater.com/en-mx/blogs/newsroom/impact-wealth-father-s-day-gift-guide-2025,429,,,,false,,
https://echowater.com/en-mx/blogs/blog/total-trihalomethanes-tthms-in-drinking-water,429,,,,false,,
https://echowater.com/en-mx/blogs/blog/haloacetic-acids-haa5-in-drinking-water,429,,,,false,,
https://echowater.com/en-mx/blogs/blog/bromodichloromethane-in-drinking-water,429,,,,false,,
https://echowater.com/en-mx/blogs/blog/dibromochloromethane-in-drinking-water,429,,,,false,,
https://echowater.com/en-mx/blogs/blog/chloroform-in-drinking-water,429,,,,false,,
https://echowater.com/en-mx/blogs/blog/barium-in-drinking-water,429,,,,false,,
https://echowater.com/en-mx/blogs/blog/fluoride-in-drinking-water,429,,,,false,,
https://echowater.com/en-mx/blogs/blog/nitrate-in-drinking-water,429,,,,false,,
https://echowater.com/en-mx/blogs/blog/dichloroacetic-acid-in-drinking-water,429,,,,false,,
https://echowater.com/en-mx/blogs/blog/manganese-in-drinking-water,429,,,,false,,
https://echowater.com/en-mx/blogs/blog/radium-combined-226-and-228-in-drinking-water,429,,,,false,,
https://echowater.com/en-mx/blogs/water-quality/water-quality-01005,429,,,,false,,
https://echowater.com/en-mx/blogs/blog/dibromoacetic-acid-in-drinking-water,429,,,,false,,
https://echowater.com/en-mx/blogs/blog/trichloroacetic-acid-in-drinking-water,429,,,,false,,
https://echowater.com/en-mx/blogs/blog/bromoform-in-drinking-water,429,,,,false,,
https://echowater.com/en-mx/blogs/blog/arsenic-in-drinking-water,429,,,,false,,
https://echowater.com/en-mx/blogs/blog/nitrate-and-nitrite-in-drinking-water,429,,,,false,,
https://echowater.com/en-mx/blogs/blog/chromium-total-in-drinking-water,429,,,,false,,
https://echowater.com/en-mx/blogs/blog/monochloroacetic-acid-in-drinking-water,429,,,,false,,
https://echowater.com/en-mx/blogs/blog/selenium-in-drinking-water,429,,,,false,,
https://echowater.com/en-mx/blogs/blog/monobromoacetic-acid-in-drinking-water,429,,,,false,,
https://echowater.com/en-mx/blogs/blog/uranium-in-drinking-water,429,,,,false,,
https://echowater.com/en-mx/blogs/blog/haloacetic-acids-haa9-in-drinking-water,429,,,,false,,
https://echowater.com/en-mx/blogs/blog/chromium-hexavalent-in-drinking-water,429,,,,false,,
https://echowater.com/en-mx/blogs/blog/perfluorooctanoic-acid-pfoa-in-drinking-water,429,,,,false,,
https://echowater.com/en-mx/blogs/blog/vanadium-in-drinking-water,429,,,,false,,
https://echowater.com/en-mx/blogs/blog/perfluorooctane-sulfonate-pfos-in-drinking-water,429,,,,false,,
https://echowater.com/en-mx/blogs/blog/perfluorobutane-sulfonate-pfbs-in-drinking-water,429,,,,false,,
https://echowater.com/en-mx/blogs/blog/bromochloroacetic-acid-in-drinking-water,429,,,,false,,
https://echowater.com/en-mx/blogs/blog/chlorate-in-drinking-water,429,,,,false,,
https://echowater.com/en-mx/blogs/blog/perfluorohexanoic-acid-pfhxa-in-drinking-water,429,,,,false,,
https://echowater.com/en-mx/blogs/blog/molybdenum-in-drinking-water,429,,,,false,,
https://echowater.com/en-mx/blogs/blog/perfluorohexane-sulfonate-pfhxs-in-drinking-water,429,,,,false,,
https://echowater.com/en-mx/blogs/blog/perfluorobutanoic-acid-pfba-in-drinking-water,429,,,,false,,
https://echowater.com/en-mx/blogs/blog/lithium-in-drinking-water,429,,,,false,,
https://echowater.com/en-mx/blogs/blog/perfluoropentanoic-acid-pfpea-in-drinking-water,429,,,,false,,
https://echowater.com/en-mx/blogs/blog/perfluoroheptanoic-acid-pfhpa-in-drinking-water,429,,,,false,,
https://echowater.com/en-mx/blogs/blog/xylenes-total-in-drinking-water,429,,,,false,,
https://echowater.com/en-mx/blogs/blog/nitrite-in-drinking-water,429,,,,false,,
https://echowater.com/en-mx/blogs/blog/cyanide-in-drinking-water,429,,,,false,,
https://echowater.com/en-mx/blogs/blog/atrazine-in-drinking-water,429,,,,false,,
https://echowater.com/en-mx/blogs/blog/14-dioxane-in-drinking-water,429,,,,false,,
https://echowater.com/en-mx/blogs/blog/di2-ethylhexyl-phthalate-in-drinking-water,429,,,,false,,
https://echowater.com/en-mx/blogs/blog/antimony-in-drinking-water,429,,,,false,,
https://echowater.com/en-mx/blogs/blog/chlorite-in-drinking-water,429,,,,false,,
https://echowater.com/en-mx/blogs/blog/hexadecanoic-acid-in-drinking-water,429,,,,false,,
https://echowater.com/en-mx/blogs/blog/chloromethane-in-drinking-water,429,,,,false,,
https://echowater.com/en-mx/blogs/blog/perfluorononanoic-acid-pfna-in-drinking-water,429,,,,false,,
https://echowater.com/en-mx/blogs/blog/germanium-in-drinking-water,429,,,,false,,
https://echowater.com/en-mx/blogs/blog/toluene-in-drinking-water,429,,,,false,,
https://echowater.com/en-mx/blogs/blog/mercury-inorganic-in-drinking-water,429,,,,false,,
https://echowater.com/en-mx/blogs/blog/cadmium-in-drinking-water,429,,,,false,,
https://echowater.com/en-mx/blogs/blog/ethylbenzene-in-drinking-water,429,,,,false,,
https://echowater.com/en-mx/blogs/blog/octadecanoic-acid-in-drinking-water,429,,,,false,,
https://echowater.com/en-mx/blogs/blog/total-pfos-and-pfoa-in-drinking-water,429,,,,false,,
https://echowater.com/en-mx/blogs/blog/tetrachloroethylene-perchloroethylene-in-drinking-water,429,,,,false,,
https://echowater.com/en-mx/blogs/blog/aluminum-in-drinking-water,429,,,,false,,
https://echowater.com/en-mx/blogs/blog/perchlorate-in-drinking-water,429,,,,false,,
https://echowater.com/en-mx/blogs/blog/bromate-in-drinking-water,429,,,,false,,
https://echowater.com/en-mx/blogs/blog/dalapon-in-drinking-water,429,,,,false,,
https://echowater.com/en-mx/blogs/blog/bromochloromethane-in-drinking-water,429,,,,false,,
https://echowater.com/en-mx/blogs/blog/thallium-in-drinking-water,429,,,,false,,
https://echowater.com/en-mx/blogs/blog/beryllium-in-drinking-water,429,,,,false,,
https://echowater.com/en-mx/blogs/blog/123-trichloropropane-in-drinking-water,429,,,,false,,
https://echowater.com/en-mx/blogs/blog/methyl-isobutyl-ketone-in-drinking-water,429,,,,false,,
https://echowater.com/en-mx/blogs/blog/acetone-in-drinking-water,429,,,,false,,
https://echowater.com/en-mx/blogs/blog/metolachlor-in-drinking-water,429,,,,false,,
https://echowater.com/en-mx/blogs/blog/silver-in-drinking-water,429,,,,false,,
https://echowater.com/en-mx/blogs/blog/trichloroethylene-in-drinking-water,429,,,,false,,
https://echowater.com/en-mx/blogs/blog/11-dichloroethane-in-drinking-water,429,,,,false,,
https://echowater.com/en-mx/blogs/blog/bromomethane-in-drinking-water,429,,,,false,,
https://echowater.com/en-mx/blogs/blog/simazine-in-drinking-water,429,,,,false,,
https://echowater.com/en-mx/blogs/blog/dichloromethane-methylene-chloride-in-drinking-water,429,,,,false,,
https://echowater.com/en-mx/blogs/blog/24-d-in-drinking-water,429,,,,false,,
https://echowater.com/en-mx/blogs/blog/4-androstene-317-dione-in-drinking-water,429,,,,false,,
https://echowater.com/en-mx/blogs/blog/strontium-in-drinking-water,429,,,,false,,
https://echowater.com/en-mx/blogs/water-quality/water-quality-01202,429,,,,false,,
https://echowater.com/en-mx/blogs/blog/bromide-in-drinking-water,429,,,,false,,
https://echowater.com/en-mx/blogs/blog/cobalt-in-drinking-water,429,,,,false,,
https://echowater.com/en-mx/blogs/water-quality/carbon-tetrachloride-in-drinking-water,429,,,,false,,
https://echowater.com/en-mx/blogs/water-quality/mtbe-in-drinking-water,429,,,,false,,
https://echowater.com/en-mx/blogs/blog/asbestos-in-drinking-water,429,,,,false,,
https://echowater.com/en-mx/blogs/blog/perfluoropentane-sulfonic-acid-pfpes-in-drinking-water,429,,,,false,,
https://echowater.com/en-mx/blogs/blog/cis-12-dichloroethylene-in-drinking-water,429,,,,false,,
https://echowater.com/en-mx/blogs/blog/perfluorodecanoic-acid-pfda-in-drinking-water,429,,,,false,,
https://echowater.com/en-mx/blogs/blog/1-butanol-in-drinking-water,429,,,,false,,
https://echowater.com/en-mx/blogs/water-quality/n-ethyl-perfluorooctane-sulfonamido-acetic-acid-n-etfosaa-in-drinking-water,429,,,,false,,
https://echowater.com/en-mx/blogs/blog/pfos-pfoa-pfhxs-pfna-in-drinking-water,429,,,,false,,
https://echowater.com/en-mx/blogs/blog/hexachlorocyclopentadiene-in-drinking-water,429,,,,false,,
https://echowater.com/en-mx/blogs/water-quality/12-dibromo-3-chloropropane-dbcp-in-drinking-water,429,,,,false,,
https://echowater.com/en-mx/blogs/blog/62-fluorotelomer-sulfonic-acid-62-ftsa-in-drinking-water,429,,,,false,,
https://echowater.com/en-mx/blogs/blog/methyl-ethyl-ketone-in-drinking-water,429,,,,false,,
https://echowater.com/en-mx/blogs/blog/62-fluorotelomer-sulfonate-6-2fts-in-drinking-water,429,,,,false,,
https://echowater.com/en-mx/blogs/water-quality/n-methyl-perfluorooctanesulfonamidoacetic-acid-nmefosaa-in-drinking-water,429,,,,false,,
https://echowater.com/en-mx/blogs/blog/testosterone-in-drinking-water,429,,,,false,,
https://echowater.com/en-mx/blogs/water-quality/styrene-in-drinking-water,429,,,,false,,
https://echowater.com/en-mx/blogs/water-quality/tetrahydrofuran-in-drinking-water,429,,,,false,,
https://echowater.com/en-mx/blogs/blog/11-dichloroethylene-in-drinking-water,429,,,,false,,
https://echowater.com/en-mx/blogs/blog/o-toluidine-in-drinking-water,429,,,,false,,
https://echowater.com/en-mx/blogs/blog/picloram-in-drinking-water,429,,,,false,,
https://echowater.com/en-mx/blogs/water-quality/124-trimethylbenzene-in-drinking-water,429,,,,false,,
https://echowater.com/en-mx/blogs/blog/quinoline-in-drinking-water,429,,,,false,,
https://echowater.com/en-mx/blogs/blog/pentachlorophenol-in-drinking-water,429,,,,false,,
https://echowater.com/en-mx/blogs/blog/chlorodifluoromethane-in-drinking-water,429,,,,false,,
https://echowater.com/en-mx/blogs/blog/dibromomethane-in-drinking-water,429,,,,false,,
https://echowater.com/en-mx/blogs/blog/2-methoxyethanol-in-drinking-water,429,,,,false,,
https://echowater.com/en-mx/blogs/blog/perfluoroundecanoic-acid-pfuna-in-drinking-water,429,,,,false,,
https://echowater.com/en-mx/blogs/water-quality/di2-ethylhexyl-adipate-in-drinking-water,429,,,,false,,
https://echowater.com/en-mx/blogs/blog/heptachlor-epoxide-in-drinking-water,429,,,,false,,
https://echowater.com/en-mx/blogs/water-quality/benzene-in-drinking-water,429,,,,false,,
https://echowater.com/en-mx/blogs/blog/chloroethane-in-drinking-water,429,,,,false,,
https://echowater.com/en-mx/blogs/blog/radon-in-drinking-water,429,,,,false,,
https://echowater.com/en-mx/blogs/blog/benzoapyrene-in-drinking-water,429,,,,false,,
https://echowater.com/en-mx/blogs/water-quality/111-trichloroethane-in-drinking-water,429,,,,false,,
https://echowater.com/en-mx/blogs/water-quality/methoxychlor-in-drinking-water,429,,,,false,,
https://echowater.com/en-mx/blogs/blog/12-dichloropropane-in-drinking-water,429,,,,false,,
https://echowater.com/en-mx/blogs/blog/perfluorododecanoic-acid-pfdoa-in-drinking-water,429,,,,false,,
https://echowater.com/en-mx/blogs/water-quality/vinyl-chloride-in-drinking-water,429,,,,false,,
https://echowater.com/en-mx/blogs/blog/oleic-acid-in-drinking-water,429,,,,false,,
https://echowater.com/en-mx/blogs/water-quality/n-propylbenzene-in-drinking-water,429,,,,false,,
https://echowater.com/en-mx/blogs/water-quality/naphthalene-in-drinking-water,429,,,,false,,
https://echowater.com/en-mx/blogs/blog/erucylamide-in-drinking-water,429,,,,false,,
https://echowater.com/en-mx/blogs/water-quality/2-methyl-1-propene-in-drinking-water,429,,,,false,,
https://echowater.com/en-mx/blogs/blog/ethylene-dibromide-in-drinking-water,429,,,,false,,
https://echowater.com/en-mx/blogs/water-quality/perfluorotetradecanoic-acid-pfta-in-drinking-water,429,,,,false,,
https://echowater.com/en-mx/blogs/water-quality/diquat-in-drinking-water,429,,,,false,,
https://echowater.com/en-mx/blogs/blog/isopropyl-alcohol-in-drinking-water,429,,,,false,,
https://echowater.com/en-mx/blogs/water-quality/cyanogen-chloride-in-drinking-water,429,,,,false,,
https://echowater.com/en-mx/blogs/water-quality/perfluoroheptane-sulfonic-acid-pfhps-in-drinking-water,429,,,,false,,
https://echowater.com/en-mx/blogs/water-quality/perfluoro-2-methyl-3-oxahexanoic-acid-genx-in-drinking-water,429,,,,false,,
https://echowater.com/en-mx/blogs/water-quality/dichlorodifluoromethane-in-drinking-water,429,,,,false,,
https://echowater.com/en-mx/blogs/blog/cyanide-free-in-drinking-water,429,,,,false,,
https://echowater.com/en-mx/blogs/water-quality/di-n-butyl-phthalate-in-drinking-water,429,,,,false,,
https://echowater.com/en-mx/blogs/water-quality/monochlorobenzene-chlorobenzene-in-drinking-water,429,,,,false,,
https://echowater.com/en-mx/blogs/water-quality/48-dioxa-3h-perfluorononanoic-acid-adona-in-drinking-water,429,,,,false,,
https://echowater.com/en-mx/blogs/blog/p-dichlorobenzene-in-drinking-water,429,,,,false,,
https://echowater.com/en-mx/blogs/blog/11-chloroeicosafluoro-3-oxaundecane-1-sulfonic-acid-11cl-pf3ouds-in-drinking-water,429,,,,false,,
https://echowater.com/en-mx/blogs/water-quality/124-trichlorobenzene-in-drinking-water,429,,,,false,,
https://echowater.com/en-mx/blogs/water-quality/butyl-benzyl-phthalate-in-drinking-water,429,,,,false,,
https://echowater.com/en-mx/blogs/blog/phenanthrene-in-drinking-water,429,,,,false,,
https://echowater.com/en-mx/blogs/blog/dichloroacetonitrile-in-drinking-water,429,,,,false,,
https://echowater.com/en-mx/blogs/blog/2-furancarboxyaldehyde-in-drinking-water,429,,,,false,,
https://echowater.com/en-mx/blogs/blog/tritium-in-drinking-water,429,,,,false,,
https://echowater.com/en-mx/blogs/blog/chlordane-in-drinking-water,429,,,,false,,
https://echowater.com/en-mx/blogs/blog/hexafluoropropylene-oxide-dimer-acid-hfpo-da-in-drinking-water,429,,,,false,,
https://echowater.com/en-mx/blogs/blog/perfluorotridecanoic-acid-pftrda-in-drinking-water,429,,,,false,,
https://echowater.com/en-mx/blogs/water-quality/endrin-in-drinking-water,429,,,,false,,
https://echowater.com/en-mx/blogs/water-quality/water-quality-01103,429,,,,false,,
https://echowater.com/en-mx/blogs/water-quality/glyphosate-in-drinking-water,429,,,,false,,
https://echowater.com/en-mx/blogs/water-quality/9-chlorohexadecafluoro-3-oxanone-1-sulfonic-acid-9cl-pf3ons-in-drinking-water,429,,,,false,,
https://echowater.com/en-mx/blogs/blog/alachlor-lasso-in-drinking-water,429,,,,false,,
https://echowater.com/en-mx/blogs/blog/strontium-90-in-drinking-water,429,,,,false,,
https://echowater.com/en-mx/blogs/water-quality/oxamyl-vydate-in-drinking-water,429,,,,false,,
https://echowater.com/en-mx/blogs/blog/dcpa-di-acid-degradate-in-drinking-water,429,,,,false,,
https://echowater.com/en-mx/blogs/water-quality/heptachlor-in-drinking-water,429,,,,false,,
https://echowater.com/en-mx/blogs/water-quality/o-dichlorobenzene-in-drinking-water,429,,,,false,,
https://echowater.com/en-mx/blogs/water-quality/isobutane-in-drinking-water,429,,,,false,,
https://echowater.com/en-mx/blogs/water-quality/alpha-hexachlorocyclohexane-in-drinking-water,429,,,,false,,
https://echowater.com/en-mx/blogs/water-quality/135-trimethylbenzene-in-drinking-water,429,,,,false,,
https://echowater.com/en-mx/blogs/water-quality/2-propen-1-ol-in-drinking-water,429,,,,false,,
https://echowater.com/en-mx/blogs/water-quality/245-tp-silvex-in-drinking-water,429,,,,false,,
https://echowater.com/en-mx/blogs/water-quality/dicamba-in-drinking-water,429,,,,false,,
https://echowater.com/en-mx/blogs/water-quality/dinoseb-in-drinking-water,429,,,,false,,
https://echowater.com/en-mx/blogs/water-quality/2-methylbutane-in-drinking-water,429,,,,false,,
https://echowater.com/en-mx/blogs/water-quality/propene-in-drinking-water,429,,,,false,,
https://echowater.com/en-mx/blogs/water-quality/112-trichloroethane-in-drinking-water,429,,,,false,,
https://echowater.com/en-mx/blogs/water-quality/trichlorofluoromethane-in-drinking-water,429,,,,false,,
https://echowater.com/en-mx/blogs/water-quality/dimethyl-sulfide-in-drinking-water,429,,,,false,,
https://echowater.com/en-mx/blogs/water-quality/butane-in-drinking-water,429,,,,false,,
https://echowater.com/en-mx/blogs/water-quality/polychlorinated-biphenyls-pcbs-in-drinking-water,429,,,,false,,
https://echowater.com/en-mx/blogs/water-quality/lindane-in-drinking-water,429,,,,false,,
https://echowater.com/en-mx/blogs/water-quality/2-hexanone-in-drinking-water,429,,,,false,,
https://echowater.com/en-mx/blogs/water-quality/endothall-in-drinking-water,429,,,,false,,
https://echowater.com/en-mx/blogs/water-quality/strontium-89-in-drinking-water,429,,,,false,,
https://echowater.com/en-mx/blogs/water-quality/isopropyl-chloride-in-drinking-water,429,,,,false,,
https://echowater.com/en-mx/blogs/water-quality/o-ethyltoluene-in-drinking-water,429,,,,false,,
https://echowater.com/en-mx/blogs/water-quality/isopropylbenzene-in-drinking-water,429,,,,false,,
https://echowater.com/en-mx/blogs/water-quality/permethrin-in-drinking-water,429,,,,false,,
https://echowater.com/en-mx/blogs/water-quality/propanoic-acid-2233-tetrafluoro-3-trifluorome-in-drinking-water,429,,,,false,,
https://echowater.com/en-mx/blogs/water-quality/alpha-methyl-styrene-dimer-in-drinking-water,429,,,,false,,
https://echowater.com/en-mx/blogs/water-quality/1112-tetrachloroethane-in-drinking-water,429,,,,false,,
https://echowater.com/en-mx/blogs/water-quality/dieldrin-in-drinking-water,429,,,,false,,
https://echowater.com/en-mx/blogs/water-quality/o-chlorotoluene-in-drinking-water,429,,,,false,,
https://echowater.com/en-mx/blogs/water-quality/hexachlorobenzene-hcb-in-drinking-water,429,,,,false,,
https://echowater.com/en-mx/blogs/water-quality/isooctyl-alcohol-in-drinking-water,429,,,,false,,
https://echowater.com/en-mx/blogs/water-quality/water-quality-01082,429,,,,false,,
https://echowater.com/en-mx/blogs/water-quality/sec-butylbenzene-in-drinking-water,429,,,,false,,
https://echowater.com/en-mx/blogs/water-quality/toxaphene-in-drinking-water,429,,,,false,,
https://echowater.com/en-mx/blogs/water-quality/13-dichloropropane-in-drinking-water,429,,,,false,,
https://echowater.com/en-mx/blogs/water-quality/22-dichloropropane-in-drinking-water,429,,,,false,,
https://echowater.com/en-mx/blogs/water-quality/acetaldhyde-in-drinking-water,429,,,,false,,
https://echowater.com/en-mx/blogs/water-quality/11-dichloropropene-in-drinking-water,429,,,,false,,
https://echowater.com/en-mx/blogs/water-quality/carbofuran-in-drinking-water,429,,,,false,,
https://echowater.com/en-mx/blogs/water-quality/desethylatrazine-in-drinking-water,429,,,,false,,
https://echowater.com/en-mx/blogs/water-quality/trichlorotrifluoroethane-in-drinking-water,429,,,,false,,
https://echowater.com/en-mx/blogs/water-quality/dichloroiodomethane-in-drinking-water,429,,,,false,,
https://echowater.com/en-mx/blogs/water-quality/pentane-in-drinking-water,429,,,,false,,
https://echowater.com/en-mx/blogs/water-quality/butyl-citrate-in-drinking-water,429,,,,false,,
https://echowater.com/en-mx/blogs/water-quality/cyclohexane-in-drinking-water,429,,,,false,,
https://echowater.com/en-mx/blogs/water-quality/42-fluorotelomer-sulfonate-42-fts-in-drinking-water,429,,,,false,,
https://echowater.com/en-mx/blogs/water-quality/tetradecanoic-acid-in-drinking-water,429,,,,false,,
https://echowater.com/en-mx/blogs/water-quality/methylcyclohexane-in-drinking-water,429,,,,false,,
https://echowater.com/en-mx/blogs/water-quality/bromo-chloro-iodomethane-in-drinking-water,429,,,,false,,
https://echowater.com/en-mx/blogs/water-quality/p-isopropyltoluene-in-drinking-water,429,,,,false,,
https://echowater.com/en-mx/blogs/water-quality/nonafluoro-36-dioxaheptanoic-acid-in-drinking-water,429,,,,false,,
https://echowater.com/en-mx/blogs/water-quality/diethyl-phthalate-in-drinking-water,429,,,,false,,
https://echowater.com/en-mx/blogs/water-quality/aldicarb-sulfoxide-in-drinking-water,429,,,,false,,
https://echowater.com/en-mx/blogs/water-quality/1-bromo-35-dimethylbenzene-in-drinking-water,429,,,,false,,
https://echowater.com/en-mx/blogs/water-quality/2-bromo-13-dimethylbenzene-in-drinking-water,429,,,,false,,
https://echowater.com/en-mx/blogs/water-quality/12-dichloroethane-in-drinking-water,429,,,,false,,
https://echowater.com/en-mx/blogs/water-quality/water-quality-01054,-1,,,,false,,
https://echowater.com/en-mx/blogs/water-quality/flushing-new-york-water-quality,429,,,,false,,
https://echowater.com/en-mx/blogs/water-quality/la-verne-california-water-quality,429,,,,false,,
https://echowater.com/en-mx/blogs/water-quality/los-angeles-california-water-quality,429,,,,false,,
https://echowater.com/en-mx/blogs/water-quality/san-diego-california-water-quality,429,,,,false,,
https://echowater.com/en-mx/blogs/water-quality/chicago-illinois-water-quality,429,,,,false,,
https://echowater.com/en-mx/blogs/water-quality/phenol-p-tert-butyl-in-drinking-water,429,,,,false,,
https://echowater.com/en-mx/blogs/water-quality/san-antonio-texas-water-quality,429,,,,false,,
https://echowater.com/en-mx/blogs/water-quality/miami-florida-water-quality,429,,,,false,,
https://echowater.com/en-mx/blogs/water-quality/houston-texas-water-quality,429,,,,false,,
https://echowater.com/en-mx/blogs/water-quality/phoenix-arizona-water-quality,429,,,,false,,
https://echowater.com/en-mx/blogs/water-quality/philadelphia-pennsylvania-water-quality,429,,,,false,,
https://echowater.com/en-mx/blogs/water-quality/san-jose-california-water-quality,429,,,,false,,
https://echowater.com/en-mx/blogs/water-quality/silver-spring-maryland-water-quality,429,,,,false,,
https://echowater.com/en-mx/blogs/water-quality/baltimore-maryland-water-quality,429,,,,false,,
https://echowater.com/en-mx/blogs/water-quality/las-vegas-nevada-water-quality,429,,,,false,,
https://echowater.com/en-mx/blogs/water-quality/oakland-california-water-quality,429,,,,false,,
https://echowater.com/en-mx/blogs/water-quality/cleveland-ohio-water-quality,429,,,,false,,
https://echowater.com/en-mx/blogs/water-quality/1-ethyl-3-methylbenzene-in-drinking-water,429,,,,false,,
https://echowater.com/en-mx/blogs/water-quality/dallas-texas-water-quality,429,,,,false,,
https://echowater.com/en-mx/blogs/water-quality/denver-colorado-water-quality,429,,,,false,,
https://echowater.com/en-mx/blogs/water-quality/columbus-ohio-water-quality,429,,,,false,,
https://echowater.com/en-mx/blogs/water-quality/austin-texas-water-quality,429,,,,false,,
https://echowater.com/en-mx/blogs/water-quality/charlotte-north-carolina-water-quality,429,,,,false,,
https://echowater.com/en-mx/blogs/water-quality/herndon-virginia-water-quality,429,,,,false,,
https://echowater.com/en-mx/blogs/water-quality/chesterfield-missouri-water-quality,429,,,,false,,
https://echowater.com/en-mx/blogs/water-quality/seattle-washington-water-quality,429,,,,false,,
https://echowater.com/en-mx/blogs/water-quality/atlanta-georgia-water-quality,429,,,,false,,
https://echowater.com/en-mx/blogs/water-quality/hauppauge-new-york-water-quality,429,,,,false,,
https://echowater.com/en-mx/blogs/water-quality/lawrenceville-georgia-water-quality,429,,,,false,,
https://echowater.com/en-mx/blogs/water-quality/fort-worth-texas-water-quality,429,,,,false,,
https://echowater.com/en-mx/blogs/water-quality/indianapolis-indiana-water-quality,429,,,,false,,
https://echowater.com/en-mx/blogs/water-quality/burlingame-california-water-quality,429,,,,false,,
https://echowater.com/en-mx/blogs/water-quality/highland-lakes-new-jersey-water-quality,429,,,,false,,
https://echowater.com/en-mx/blogs/water-quality/louisville-kentucky-water-quality,429,,,,false,,
https://echowater.com/en-mx/blogs/water-quality/jacksonville-florida-water-quality,429,,,,false,,
https://echowater.com/en-mx/blogs/water-quality/nashville-tennessee-water-quality,429,,,,false,,
https://echowater.com/en-mx/blogs/water-quality/bryn-mawr-pennsylvania-water-quality,429,,,,false,,
https://echowater.com/en-mx/blogs/water-quality/cincinnati-ohio-water-quality,429,,,,false,,
https://echowater.com/en-mx/blogs/water-quality/el-paso-texas-water-quality,429,,,,false,,
https://echowater.com/en-mx/blogs/water-quality/tampa-florida-water-quality,429,,,,false,,
https://echowater.com/en-mx/blogs/water-quality/tucson-arizona-water-quality,429,,,,false,,
https://echowater.com/en-mx/blogs/water-quality/stone-mountain-georgia-water-quality,429,,,,false,,
https://echowater.com/en-mx/blogs/water-quality/detroit-michigan-water-quality,429,,,,false,,
https://echowater.com/en-mx/blogs/water-quality/marietta-georgia-water-quality,429,,,,false,,
https://echowater.com/en-mx/blogs/water-quality/mcmurray-pennsylvania-water-quality,429,,,,false,,
https://echowater.com/en-mx/blogs/water-quality/portland-oregon-water-quality,429,,,,false,,
https://echowater.com/en-mx/blogs/water-quality/memphis-tennessee-water-quality,429,,,,false,,
https://echowater.com/en-mx/blogs/water-quality/milwaukee-wisconsin-water-quality,429,,,,false,,
https://echowater.com/en-mx/blogs/water-quality/buellton-california-water-quality,429,,,,false,,
https://echowater.com/en-mx/blogs/water-quality/oklahoma-city-oklahoma-water-quality,429,,,,false,,
https://echowater.com/en-mx/blogs/water-quality/thousand-oaks-california-water-quality,429,,,,false,,
https://echowater.com/en-mx/blogs/water-quality/washington-district-of-columbia-water-quality,429,,,,false,,
https://echowater.com/en-mx/blogs/water-quality/perris-california-water-quality,429,,,,false,,
https://echowater.com/en-mx/blogs/water-quality/honolulu-hawaii-water-quality,429,,,,false,,
https://echowater.com/en-mx/blogs/water-quality/dcpa-mono-and-di-acid-degradates-in-drinking-water,429,,,,false,,
https://echowater.com/en-mx/blogs/water-quality/albuquerque-new-mexico-water-quality,429,,,,false,,
https://echowater.com/en-mx/blogs/water-quality/raleigh-north-carolina-water-quality,429,,,,false,,
https://echowater.com/en-mx/blogs/water-quality/boston-massachusetts-water-quality,429,,,,false,,
https://echowater.com/en-mx/blogs/water-quality/bound-brook-new-jersey-water-quality,429,,,,false,,
https://echowater.com/en-mx/blogs/water-quality/omaha-nebraska-water-quality,429,,,,false,,
https://echowater.com/en-mx/blogs/water-quality/baton-rouge-louisiana-water-quality,429,,,,false,,
https://echowater.com/en-mx/blogs/water-quality/west-palm-beach-florida-water-quality,429,,,,false,,
https://echowater.com/en-mx/blogs/water-quality/birmingham-alabama-water-quality,429,,,,false,,
https://echowater.com/en-mx/blogs/water-quality/fresno-california-water-quality,429,,,,false,,
https://echowater.com/en-mx/blogs/water-quality/syracuse-new-york-water-quality,429,,,,false,,
https://echowater.com/en-mx/blogs/water-quality/kansas-city-missouri-water-quality,429,,,,false,,
https://echowater.com/en-mx/blogs/water-quality/sacramento-california-water-quality,429,,,,false,,
https://echowater.com/en-mx/blogs/water-quality/pittsburgh-pennsylvania-water-quality,429,,,,false,,
https://echowater.com/en-mx/blogs/water-quality/rochester-new-york-water-quality,429,,,,false,,
https://echowater.com/en-mx/blogs/water-quality/clearwater-florida-water-quality,429,,,,false,,
https://echowater.com/en-mx/blogs/water-quality/toledo-ohio-water-quality,429,,,,false,,
https://echowater.com/en-mx/blogs/water-quality/lithia-florida-water-quality,429,,,,false,,
https://echowater.com/en-mx/blogs/water-quality/kansas-city-kansas-water-quality,429,,,,false,,
https://echowater.com/en-mx/blogs/water-quality/irvine-california-water-quality,429,,,,false,,
https://echowater.com/en-mx/blogs/water-quality/tulsa-oklahoma-water-quality,429,,,,false,,
https://echowater.com/en-mx/blogs/water-quality/orlando-florida-water-quality,429,,,,false,,
https://echowater.com/en-mx/blogs/water-quality/colorado-springs-colorado-water-quality,429,,,,false,,
https://echowater.com/en-mx/blogs/water-quality/long-beach-california-water-quality,429,,,,false,,
https://echowater.com/en-mx/blogs/water-quality/mesa-arizona-water-quality,429,,,,false,,
https://echowater.com/en-mx/blogs/water-quality/tacoma-washington-water-quality,429,,,,false,,
https://echowater.com/en-mx/blogs/water-quality/virginia-beach-virginia-water-quality,429,,,,false,,
https://echowater.com/en-mx/blogs/water-quality/reno-nevada-water-quality,429,,,,false,,
https://echowater.com/en-mx/blogs/water-quality/new-haven-connecticut-water-quality,429,,,,false,,
https://echowater.com/en-mx/blogs/water-quality/minneapolis-minnesota-water-quality,429,,,,false,,
https://echowater.com/en-mx/blogs/water-quality/newport-news-virginia-water-quality,429,,,,false,,
https://echowater.com/en-mx/blogs/water-quality/wichita-kansas-water-quality,429,,,,false,,
https://echowater.com/en-mx/blogs/water-quality/arlington-texas-water-quality,429,,,,false,,
https://echowater.com/en-mx/blogs/water-quality/hartford-connecticut-water-quality,429,,,,false,,
https://echowater.com/en-mx/blogs/water-quality/ontario-california-water-quality,429,,,,false,,
https://echowater.com/en-mx/blogs/water-quality/pfafftown-north-carolina-water-quality,429,,,,false,,
https://echowater.com/en-mx/blogs/water-quality/randleman-north-carolina-water-quality,429,,,,false,,
https://echowater.com/en-mx/blogs/water-quality/vancouver-washington-water-quality,429,,,,false,,
https://echowater.com/en-mx/blogs/water-quality/covina-california-water-quality,429,,,,false,,
https://echowater.com/en-mx/blogs/water-quality/stockton-california-water-quality,429,,,,false,,
https://echowater.com/en-mx/blogs/water-quality/greenville-south-carolina-water-quality,429,,,,false,,
https://echowater.com/en-mx/blogs/water-quality/salt-lake-city-utah-water-quality,429,,,,false,,
https://echowater.com/en-mx/blogs/water-quality/st-paul-minnesota-water-quality,429,,,,false,,
https://echowater.com/en-mx/blogs/water-quality/bradenton-florida-water-quality,429,,,,false,,
https://echowater.com/en-mx/blogs/water-quality/bridgeport-connecticut-water-quality,429,,,,false,,
https://echowater.com/en-mx/blogs/water-quality/fremont-california-water-quality,429,,,,false,,
https://echowater.com/en-mx/blogs/water-quality/spokane-washington-water-quality,429,,,,false,,
https://echowater.com/en-mx/blogs/water-quality/odessa-florida-water-quality,429,,,,false,,
https://echowater.com/en-mx/blogs/water-quality/arkansas-water-quality,429,,,,false,,
https://echowater.com/en-mx/blogs/water-quality/alabama-water-quality,429,,,,false,,
https://echowater.com/en-mx/blogs/water-quality/arizona-water-quality,429,,,,false,,
https://echowater.com/en-mx/blogs/water-quality/alaska-water-quality,429,,,,false,,
https://echowater.com/en-mx/blogs/water-quality/connecticut-water-quality,429,,,,false,,
https://echowater.com/en-mx/blogs/water-quality/district-of-columbia-water-quality,429,,,,false,,
https://echowater.com/en-mx/blogs/water-quality/delaware-water-quality,429,,,,false,,
https://echowater.com/en-mx/blogs/water-quality/colorado-water-quality,429,,,,false,,
https://echowater.com/en-mx/blogs/water-quality/hawaii-water-quality,429,,,,false,,
https://echowater.com/en-mx/blogs/water-quality/florida-water-quality,429,,,,false,,
https://echowater.com/en-mx/blogs/water-quality/georgia-water-quality,429,,,,false,,
https://echowater.com/en-mx/blogs/water-quality/iowa-water-quality,429,,,,false,,
https://echowater.com/en-mx/blogs/water-quality/illinois-water-quality,429,,,,false,,
https://echowater.com/en-mx/blogs/water-quality/idaho-water-quality,429,,,,false,,
https://echowater.com/en-mx/blogs/water-quality/kentucky-water-quality,429,,,,false,,
https://echowater.com/en-mx/blogs/water-quality/indiana-water-quality,429,,,,false,,
https://echowater.com/en-mx/blogs/water-quality/kansas-water-quality,429,,,,false,,
https://echowater.com/en-mx/blogs/water-quality/louisiana-water-quality,429,,,,false,,
https://echowater.com/en-mx/blogs/water-quality/massachusetts-water-quality,429,,,,false,,
https://echowater.com/en-mx/blogs/water-quality/maryland-water-quality,429,,,,false,,
https://echowater.com/en-mx/blogs/water-quality/michigan-water-quality,429,,,,false,,
https://echowater.com/en-mx/blogs/water-quality/maine-water-quality,429,,,,false,,
https://echowater.com/en-mx/blogs/water-quality/minnesota-water-quality,429,,,,false,,
https://echowater.com/en-mx/blogs/water-quality/montana-water-quality,429,,,,false,,
https://echowater.com/en-mx/blogs/water-quality/missouri-water-quality,429,,,,false,,
https://echowater.com/en-mx/blogs/water-quality/mississippi-water-quality,429,,,,false,,
https://echowater.com/en-mx/blogs/water-quality/nebraska-water-quality,429,,,,false,,
https://echowater.com/en-mx/blogs/water-quality/new-hampshire-water-quality,429,,,,false,,
https://echowater.com/en-mx/blogs/water-quality/new-jersey-water-quality,429,,,,false,,
https://echowater.com/en-mx/blogs/water-quality/new-mexico-water-quality,429,,,,false,,
https://echowater.com/en-mx/blogs/water-quality/nevada-water-quality,429,,,,false,,
https://echowater.com/en-mx/blogs/water-quality/new-york-water-quality,429,,,,false,,
https://echowater.com/en-mx/blogs/water-quality/ohio-water-quality,429,,,,false,,
https://echowater.com/en-mx/blogs/blog/ethanethiol-in-drinking-water,429,,,,false,,
https://echowater.com/en-mx/blogs/water-quality/oklahoma-water-quality,429,,,,false,,
https://echowater.com/en-mx/blogs/water-quality/oregon-water-quality,429,,,,false,,
https://echowater.com/en-mx/blogs/water-quality/pennsylvania-water-quality,429,,,,false,,
https://echowater.com/en-mx/blogs/water-quality/rhode-island-water-quality,429,,,,false,,
https://echowater.com/en-mx/blogs/water-quality/tennessee-water-quality,429,,,,false,,
https://echowater.com/en-mx/blogs/water-quality/trans-12-dichloroethylene-in-drinking-water,429,,,,false,,
https://echowater.com/en-mx/blogs/water-quality/south-dakota-water-quality,429,,,,false,,
https://echowater.com/en-mx/blogs/water-quality/south-carolina-water-quality,429,,,,false,,
https://echowater.com/en-mx/blogs/water-quality/texas-water-quality,429,,,,false,,
https://echowater.com/en-mx/blogs/water-quality/virginia-water-quality,429,,,,false,,
https://echowater.com/en-mx/blogs/water-quality/utah-water-quality,429,,,,false,,
https://echowater.com/en-mx/blogs/water-quality/vermont-water-quality,429,,,,false,,
https://echowater.com/en-mx/blogs/water-quality/washington-water-quality,429,,,,false,,
https://echowater.com/en-mx/blogs/water-quality/wisconsin-water-quality,429,,,,false,,
https://echowater.com/en-mx/blogs/water-quality/west-virginia-water-quality,429,,,,false,,
https://echowater.com/en-mx/blogs/water-quality/wyoming-water-quality,429,,,,false,,
https://echowater.com/en-mx/blogs/water-quality/alabama-worst-tap-water,429,,,,false,,
https://echowater.com/en-mx/blogs/water-quality/arkansas-worst-tap-water,429,,,,false,,
https://echowater.com/en-mx/blogs/water-quality/buffalo-new-york-water-quality,429,,,,false,,
https://echowater.com/en-mx/blogs/water-quality/alaska-worst-tap-water,302,https://echowater.com/blogs/water-quality/alaska-worst-tap-water,,,false,,
https://echowater.com/en-mx/blogs/water-quality/connecticut-worst-tap-water,429,,,,false,,
https://echowater.com/en-mx/blogs/water-quality/colorado-worst-tap-water,429,,,,false,,
https://echowater.com/en-mx/blogs/water-quality/delaware-worst-tap-water,429,,,,false,,
https://echowater.com/en-mx/blogs/water-quality/georgia-worst-tap-water,429,,,,false,,
https://echowater.com/en-mx/blogs/water-quality/district-of-columbia-worst-tap-water,429,,,,false,,
https://echowater.com/en-mx/blogs/water-quality/idaho-worst-tap-water,429,,,,false,,
https://echowater.com/en-mx/blogs/water-quality/hawaii-worst-tap-water,429,,,,false,,
https://echowater.com/en-mx/blogs/water-quality/illinois-worst-tap-water,429,,,,false,,
https://echowater.com/en-mx/blogs/water-quality/iowa-worst-tap-water,429,,,,false,,
https://echowater.com/en-mx/blogs/water-quality/indiana-worst-tap-water,429,,,,false,,
https://echowater.com/en-mx/blogs/water-quality/kentucky-worst-tap-water,429,,,,false,,
https://echowater.com/en-mx/blogs/water-quality/louisiana-worst-tap-water,429,,,,false,,
https://echowater.com/en-mx/blogs/water-quality/kansas-worst-tap-water,429,,,,false,,
https://echowater.com/en-mx/blogs/water-quality/maryland-worst-tap-water,429,,,,false,,
https://echowater.com/en-mx/blogs/water-quality/michigan-worst-tap-water,429,,,,false,,
https://echowater.com/en-mx/blogs/water-quality/north-dakota-water-quality,429,,,,false,,
https://echowater.com/en-mx/blogs/water-quality/minnesota-worst-tap-water,429,,,,false,,
https://echowater.com/en-mx/blogs/water-quality/maine-worst-tap-water,429,,,,false,,
https://echowater.com/en-mx/blogs/water-quality/mississippi-worst-tap-water,429,,,,false,,
https://echowater.com/en-mx/blogs/water-quality/missouri-worst-tap-water,429,,,,false,,
https://echowater.com/en-mx/blogs/water-quality/montana-worst-tap-water,429,,,,false,,
https://echowater.com/en-mx/blogs/water-quality/nebraska-worst-tap-water,429,,,,false,,
https://echowater.com/en-mx/blogs/water-quality/new-hampshire-worst-tap-water,429,,,,false,,
https://echowater.com/en-mx/blogs/water-quality/new-jersey-worst-tap-water,429,,,,false,,
https://echowater.com/en-mx/blogs/water-quality/nevada-worst-tap-water,429,,,,false,,
https://echowater.com/en-mx/blogs/water-quality/north-carolina-worst-tap-water,429,,,,false,,
https://echowater.com/en-mx/blogs/water-quality/new-mexico-worst-tap-water,429,,,,false,,
https://echowater.com/en-mx/blogs/water-quality/north-dakota-worst-tap-water,429,,,,false,,
https://echowater.com/en-mx/blogs/water-quality/north-carolina-water-quality,429,,,,false,,
https://echowater.com/en-mx/blogs/water-quality/ohio-worst-tap-water,429,,,,false,,
https://echowater.com/en-mx/blogs/water-quality/oklahoma-worst-tap-water,429,,,,false,,
https://echowater.com/en-mx/blogs/water-quality/oregon-worst-tap-water,429,,,,false,,
https://echowater.com/en-mx/blogs/water-quality/pennsylvania-worst-tap-water,429,,,,false,,
https://echowater.com/en-mx/blogs/water-quality/rhode-island-worst-tap-water,429,,,,false,,
https://echowater.com/en-mx/blogs/water-quality/south-dakota-worst-tap-water,429,,,,false,,
https://echowater.com/en-mx/blogs/water-quality/south-carolina-worst-tap-water,429,,,,false,,
https://echowater.com/en-mx/blogs/water-quality/utah-worst-tap-water,429,,,,false,,
https://echowater.com/en-mx/blogs/water-quality/tennessee-worst-tap-water,429,,,,false,,
https://echowater.com/en-mx/blogs/water-quality/vermont-worst-tap-water,429,,,,false,,
https://echowater.com/en-mx/blogs/water-quality/virginia-worst-tap-water,429,,,,false,,
https://echowater.com/en-mx/blogs/water-quality/washington-worst-tap-water,429,,,,false,,
https://echowater.com/en-mx/blogs/water-quality/west-virginia-worst-tap-water,429,,,,false,,
https://echowater.com/en-mx/blogs/water-quality/wisconsin-worst-tap-water,429,,,,false,,
https://echowater.com/en-mx/blogs/water-quality/chromium-in-drinking-water,429,,,,false,,
https://echowater.com/en-mx/blogs/water-quality/wyoming-worst-tap-water,429,,,,false,,
https://echowater.com/en-mx/blogs/water-quality/radium-in-drinking-water,429,,,,false,,
https://echowater.com/en-mx/blogs/water-quality/trihalomethane-in-drinking-water,429,,,,false,,
https://echowater.com/en-mx/blogs/water-quality/small-towns-terrible-tap-water,429,,,,false,,
https://echowater.com/en-mx/blogs/water-quality/worst-contaminants-in-us-drinking-water,429,,,,false,,
https://echowater.com/en-mx/blogs/water-quality/small-towns-cleanest-tap-water,429,,,,false,,
https://echowater.com/en-mx/blogs/water-quality/cities-never-drink-tap-water-unfiltered,429,,,,false,,
https://echowater.com/en-mx/blogs/water-quality/cities-purest-tap-water,429,,,,false,,
https://echowater.com/en-mx/blogs/water-quality/haloacetic-in-drinking-water,429,,,,false,,
https://echowater.com/en-mx/blogs/water-quality/most-contaminated-water-systems-america,429,,,,false,,
https://echowater.com/en-mx/blogs/water-quality/safest-tap-water-cities-for-families,429,,,,false,,
https://echowater.com/en-mx/blogs/blog/why-everyone-is-talking-about-hydrogen-water-just-ingredients-dr-paul-barattiero,429,,,,false,,
https://echowater.com/en-mx/blogs/blog/echo-ceo-josh-carr,429,,,,false,,
https://echowater.com/en-mx/blogs/blog/echo-ceo-josh-carr-featured-on-breakout-ceo-podcast,429,,,,false,,
https://echowater.com/en-mx/blogs/blog/the-creator-with-18-million-followers-who-tried-hydrogen-water-why-kaz-sawyer-uses-the-echo-flask-daily,429,,,,false,,
https://echowater.com/en-mx/blogs/blog/mothers-day-and-the-biology-of-doing-it-all,429,,,,false,,
https://echowater.com/en-mx/blogs/blog/have-we-overlooked-a-solution-molecular-hydrogen-and-the-microplastic-health-crisis,429,,,,false,,
https://echowater.com/en-mx/blogs/blog/stress-is-killing-you-but-not-all-at-once,429,,,,false,,
https://echowater.com/en-mx/blogs/blog/magnesium-the-mineral-that-makes-hydrogen,429,,,,false,,
https://echowater.com/en-mx/blogs/blog/exercise-is-stress-that-s-why-it-works,429,,,,false,,
https://echowater.com/en-mx/blogs/blog/mental-health-is-not-just-in-your-head,429,,,,false,,
https://echowater.com/en-mx/blogs/blog/the-good-gas-your-gut-depends-on-part-ii-fibermaxxing-vs-gasmaxxing,429,,,,false,,
https://echowater.com/en-mx/blogs/blog/men-s-health-is-not-a-masculinity-test,429,,,,false,,
https://echowater.com/en-mx/blogs/blog/why-employee-wellness-has-to-start-with-recovery,302,https://echowater.com/blogs/blog/why-employee-wellness-has-to-start-with-recovery,,,false,,
https://echowater.com/en-mx/blogs/blog/the-hidden-pattern-behind-modern-chronic-disease,429,,,,false,,
https://echowater.com/en-mx/blogs/blog/before-you-drink-hydrogen-water-kristina-separates-the-myths-from-the-facts,429,,,,false,,
https://echowater.com/en-mx/blogs/blog/the-plaque-is-only-the-surface-psoriasis-inflammation-and-molecular-hydrogen,429,,,,false,,
https://echowater.com/en-mx/blogs/blog/the-burn-is-only-the-beginning-uv-damage-skin-recovery-and-molecular-hydrogen,429,,,,false,,
https://echowater.com/en-mx/blogs/blog/the-brain-does-not-think-alone-molecular-hydrogen-the-microbiome-and-cognitive-resilience,429,,,,false,,
https://echowater.com/en-mx/blogs/water-quality/clear-water-is-not-the-same-as-clean-water,429,,,,false,,
https://echowater.com/en-mx/blogs/blog/from-exposure-to-adaptation-what-to-expect-over-time-with-molecular-hydrogen,429,,,,false,,
https://echowater.com/en-mx/blogs/blog/when-inflammation-won-t-stand-down-autoinflammatory-disease-and-molecular-hydrogen,429,,,,false,,
https://echowater.com/en-mx/blogs/blog/the-biology-of-seeing-molecular-hydrogen-and-eye-health,429,,,,false,,
https://echowater.com/en-mx/blogs/blog/when-the-alarm-stays-on-molecular-hydrogen-and-the-biology-of-persistent-pain,429,,,,false,,
https://echowater.com/en-mx/blogs/blog/the-biology-of-staying-independent-molecular-hydrogen-and-assisted-living,429,,,,false,,
https://echowater.com/en-mx/blogs/blog/the-good-gas-your-gut-depends-on-nbsp,429,,,,false,,
https://echowater.com/en-mx/blogs/water-quality/massachusetts-worst-tap-water,429,,,,false,,
https://echowater.com/en-mx/blogs/water-quality/california-water-quality,429,,,,false,,
https://echowater.com/en-mx/blogs/water-quality/ddt-in-drinking-water,429,,,,false,,
https://echowater.com/en-mx/blogs/water-quality/arizona-worst-tap-water,429,,,,false,,
https://echowater.com/en-mx/blogs/blog/heat-is-stress-the-body-knows-it,429,,,,false,,
https://echowater.com/en-mx/blogs/water-quality/new-york-worst-tap-water,429,,,,false,,