url,id,action,clicks,impressions,avg_position,backlinks,word_count,title_template,cluster,title
https://hydrogenstudies.com/blog/hydrogen-water-health-benefits-for-workouts-your-questions-answered-230894,3311,retire,0,0,,0,900,,hydrogen-water-health-benefits-workouts-questions-answered,Hydrogen Water Health Benefits for Workouts: Your Questions Answered
https://hydrogenstudies.com/blog/hydrogen-water-brain-health-can-it-protect-from-sepsis-460272,3317,retire,0,0,,0,855,,hydrogen-water-brain-health-protect-sepsis,Hydrogen Water Brain Health: Can It Protect From Sepsis?
https://hydrogenstudies.com/blog/hydrogen-water-health-benefits-what-2024-research-shows-about-dose-540204,3318,retire,0,0,,0,679,,hydrogen-water-health-benefits-research-shows-about-dose,Hydrogen Water Health Benefits: What 2024 Research Shows About Dose
https://hydrogenstudies.com/blog/how-to-get-hydrogen-water-health-benefits-safely-dosage-guide-540430,3319,retire,0,0,,0,710,,get-hydrogen-water-health-benefits-safely-dosage,How to Get Hydrogen Water Health Benefits Safely: Dosage Guide
https://hydrogenstudies.com/blog/hydrogen-water-health-benefits-does-it-weaken-your-immune-system-572553,3320,retire,0,0,,0,829,,hydrogen-water-health-benefits-weaken-immune-system,Hydrogen Water Health Benefits: Does It Weaken Your Immune System?
https://hydrogenstudies.com/blog/hydrogen-water-skin-benefits-your-acne-questions-answered-678030,3323,retire,0,1,97.0,0,767,,hydrogen-water-skin-benefits-acne-questions-answered,Hydrogen Water Skin Benefits: Your Acne Questions Answered
https://hydrogenstudies.com/blog/how-to-use-hydrogen-water-for-penis-health-a-science-backed-guide-863395,3327,retire,0,0,,0,736,how-to-use,use-hydrogen-water-penis-health-science-backed,How to Use Hydrogen Water for Penis Health: A Science-Backed Guide
https://hydrogenstudies.com/blog/hydrogen-water-and-penis-surgery-what-2024-research-shows-865318,3328,retire,0,0,,0,759,what-20xx-research-shows,hydrogen-water-penis-surgery-research-shows,Hydrogen Water and Penis Surgery: What 2024 Research Shows
https://hydrogenstudies.com/blog/hydrogen-water-for-penis-health-your-questions-answered-898022,3329,retire,0,0,,0,856,,hydrogen-water-penis-health-questions-answered,Hydrogen Water for Penis Health: Your Questions Answered
https://hydrogenstudies.com/blog/how-to-use-hydrogen-water-health-benefits-for-stress-relief-977293,3330,retire,0,0,,0,660,,use-hydrogen-water-health-benefits-stress-relief,How to Use Hydrogen Water Health Benefits for Stress Relief
https://hydrogenstudies.com/blog/how-to-use-hydrogen-water-for-bone-marrow-health-during-cancer-treatment-983424,3333,retire,0,0,,0,800,how-to-use,use-hydrogen-water-bone-marrow-health-during-cancer-treatment,How to Use Hydrogen Water for Bone Marrow Health During Cancer Treatment
https://hydrogenstudies.com/blog/hydrogen-water-health-benefits-stress-relief-for-your-body-010281,3334,retire,0,0,,0,805,,hydrogen-water-health-benefits-stress-relief-body,Hydrogen Water Health Benefits: Stress Relief for Your Body
https://hydrogenstudies.com/blog/hydrogen-water-bone-marrow-your-questions-answered-013438,3335,retire,0,0,,0,867,,hydrogen-water-bone-marrow-questions-answered,Hydrogen Water Bone Marrow: Your Questions Answered
https://hydrogenstudies.com/blog/hydrogen-water-kidney-health-can-it-help-diabetes-110486,3338,retire,0,0,,0,812,,hydrogen-water-kidney-health-help-diabetes,Hydrogen Water Kidney Health: Can It Help Diabetes?
https://hydrogenstudies.com/blog/how-to-use-hydrogen-water-baths-for-better-blood-flow-a-science-backed-guide-302292,3342,retire,0,0,,0,661,,use-hydrogen-water-baths-better-blood-flow-science-backed,How to Use Hydrogen Water Baths for Better Blood Flow: A Science-Backed Guide
https://hydrogenstudies.com/blog/hydrogen-water-health-benefits-does-it-keep-you-warmer-336315,3344,retire,0,0,,0,839,,hydrogen-water-health-benefits-keep-warmer,Hydrogen Water Health Benefits: Does It Keep You Warmer?
https://hydrogenstudies.com/blog/how-to-use-hydrogen-water-for-dry-eyes-a-science-backed-guide-412923,3345,retire,0,0,,0,665,how-to-use,use-hydrogen-water-dry-eyes-science-backed,How to Use Hydrogen Water for Dry Eyes: A Science-Backed Guide
https://hydrogenstudies.com/blog/hydrogen-water-and-dry-eyes-what-2024-research-shows-415871,3346,retire,0,0,,0,828,what-20xx-research-shows,hydrogen-water-dry-eyes-research-shows,Hydrogen Water and Dry Eyes: What 2024 Research Shows
https://hydrogenstudies.com/blog/hydrogen-water-for-dry-eyes-your-questions-answered-445430,3347,retire,0,0,,0,853,,hydrogen-water-dry-eyes-questions-answered,Hydrogen Water for Dry Eyes: Your Questions Answered
https://hydrogenstudies.com/blog/how-to-use-hydrogen-water-for-brain-health-keep-pain-meds-working-747364,3354,retire,0,0,,0,688,how-to-use,use-hydrogen-water-brain-health-keep-pain-meds-working,How to Use Hydrogen Water for Brain Health: Keep Pain Meds Working
https://hydrogenstudies.com/blog/hydrogen-water-brain-health-can-it-help-chronic-pain-779658,3356,retire,0,1,92.0,0,846,,hydrogen-water-brain-health-help-chronic-pain,Hydrogen Water Brain Health: Can It Help Chronic Pain?
https://hydrogenstudies.com/blog/how-to-use-hydrogen-water-for-nerve-pain-relief-a-science-backed-guide-875401,3359,retire,0,0,,0,634,how-to-use,use-hydrogen-water-nerve-pain-relief-science-backed,How to Use Hydrogen Water for Nerve Pain Relief: A Science-Backed Guide
https://hydrogenstudies.com/blog/hydrogen-water-health-benefits-cancer-pain-relief-study-877341,3360,retire,0,0,,0,783,,hydrogen-water-health-benefits-cancer-pain-relief-study,Hydrogen Water Health Benefits: Cancer Pain Relief Study
https://hydrogenstudies.com/blog/hydrogen-water-health-benefits-for-nerve-pain-your-questions-answered-907119,3362,retire,0,0,,0,813,,hydrogen-water-health-benefits-nerve-pain-questions-answered,Hydrogen Water Health Benefits for Nerve Pain: Your Questions Answered
https://hydrogenstudies.com/blog/hydrogen-water-and-joints-what-2024-research-shows-989263,3364,retire,0,0,,0,842,what-20xx-research-shows,hydrogen-water-joints-research-shows,Hydrogen Water and Joints: What 2024 Research Shows
https://hydrogenstudies.com/blog/hydrogen-water-heart-health-what-2024-research-shows-about-recovery-331869,3373,retire,0,0,,0,888,,hydrogen-water-heart-health-research-shows-about-recovery,Hydrogen Water Heart Health: What 2024 Research Shows About Recovery
https://hydrogenstudies.com/blog/how-to-use-hydrogen-water-for-kidney-health-after-transplant-451791,3376,retire,0,0,,0,794,how-to-use,use-hydrogen-water-kidney-health-after-transplant,How to Use Hydrogen Water for Kidney Health After Transplant
https://hydrogenstudies.com/blog/hydrogen-water-kidney-health-can-it-protect-from-damage-590264,3380,retire,0,0,,0,908,,hydrogen-water-kidney-health-protect-damage,Hydrogen Water Kidney Health: Can It Protect From Damage?
https://hydrogenstudies.com/blog/hydrogen-water-and-mouth-cancer-what-2024-research-shows-887705,3391,retire,0,0,,0,775,what-20xx-research-shows,hydrogen-water-mouth-cancer-research-shows,Hydrogen Water and Mouth Cancer: What 2024 Research Shows
https://hydrogenstudies.com/blog/hydrogen-water-oral-health-cancer-fighting-questions-answered-918291,3392,retire,0,0,,0,786,,hydrogen-water-oral-health-cancer-fighting-questions-answered,Hydrogen Water Oral Health: Cancer Fighting Questions Answered
https://hydrogenstudies.com/blog/hydrogen-water-liver-health-can-it-help-fight-cancer-348099,3404,retire,0,0,,0,874,,hydrogen-water-liver-health-help-fight-cancer,Hydrogen Water Liver Health: Can It Help Fight Cancer?
https://hydrogenstudies.com/blog/how-to-use-hydrogen-water-health-benefits-to-fight-fat-damage-428295,3405,retire,0,0,,0,635,,use-hydrogen-water-health-benefits-fight-fat-damage,How to Use Hydrogen Water Health Benefits to Fight Fat Damage
https://hydrogenstudies.com/blog/hydrogen-water-health-benefits-for-weight-loss-what-2024-research-shows-429890,3406,retire,0,0,,0,767,what-20xx-research-shows,hydrogen-water-health-benefits-weight-loss-research-shows,Hydrogen Water Health Benefits for Weight Loss: What 2024 Research Shows
https://hydrogenstudies.com/blog/hydrogen-therapy-bone-health-what-2024-robot-research-shows-539449,3408,retire,0,0,,0,813,,hydrogen-therapy-bone-health-robot-research-shows,Hydrogen Therapy Bone Health: What 2024 Robot Research Shows
https://hydrogenstudies.com/blog/how-to-use-hydrogen-water-for-joint-pain-a-science-backed-guide-538856,3409,retire,0,7,86.9,0,809,how-to-use,use-hydrogen-water-joint-pain-science-backed,How to Use Hydrogen Water for Joint Pain: A Science-Backed Guide
https://hydrogenstudies.com/blog/hydrogen-water-brain-health-what-2024-research-shows-about-memory-649473,3412,retire,0,0,,0,759,,hydrogen-water-brain-health-research-shows-about-memory,Hydrogen Water Brain Health: What 2024 Research Shows About Memory
https://hydrogenstudies.com/blog/hydrogen-water-brain-health-can-it-protect-your-mind-684654,3413,retire,0,0,,0,892,,hydrogen-water-brain-health-protect-mind,Hydrogen Water Brain Health: Can It Protect Your Mind?
https://hydrogenstudies.com/blog/how-to-use-hydrogen-water-for-better-breathing-a-science-backed-guide-706618,3414,retire,0,13,40.8,0,780,how-to-use,use-hydrogen-water-better-breathing-science-backed,How to Use Hydrogen Water for Better Breathing: A Science-Backed Guide
https://hydrogenstudies.com/blog/hydrogen-water-brain-health-your-parkinsons-questions-answered-963182,3423,retire,0,0,,0,877,,hydrogen-water-brain-health-parkinsons-questions-answered,Hydrogen Water Brain Health: Your Parkinson's Questions Answered
https://hydrogenstudies.com/blog/hydrogen-water-for-stomach-cancer-your-questions-answered-298976,3432,retire,0,0,,0,850,,hydrogen-water-stomach-cancer-questions-answered,Hydrogen Water for Stomach Cancer: Your Questions Answered
https://hydrogenstudies.com/blog/how-to-use-hydrogen-therapy-for-bone-health-after-surgery-489878,3436,retire,0,0,,0,655,,use-hydrogen-therapy-bone-health-after-surgery,How to Use Hydrogen Therapy for Bone Health After Surgery
https://hydrogenstudies.com/blog/hydrogen-water-and-brain-pain-what-2024-research-shows-616663,3443,retire,0,0,,0,748,what-20xx-research-shows,hydrogen-water-brain-pain-research-shows,Hydrogen Water and Brain Pain: What 2024 Research Shows
https://hydrogenstudies.com/blog/hydrogen-water-brain-health-can-it-stop-nerve-pain-641694,3444,retire,0,0,,0,627,,hydrogen-water-brain-health-stop-nerve-pain,Hydrogen Water Brain Health: Can It Stop Nerve Pain?
https://hydrogenstudies.com/blog/hydrogen-water-eye-health-can-it-help-chemical-burns-656017,3445,retire,0,0,,0,784,,hydrogen-water-eye-health-help-chemical-burns,Hydrogen Water Eye Health: Can It Help Chemical Burns?
https://hydrogenstudies.com/blog/how-to-use-hydrogen-water-for-better-running-a-science-backed-guide-932742,3452,retire,0,0,,0,689,how-to-use,use-hydrogen-water-better-running-science-backed,How to Use Hydrogen Water for Better Running: A Science-Backed Guide
https://hydrogenstudies.com/blog/hydrogen-water-health-benefits-what-2024-research-shows-for-uphill-running-935728,3453,retire,0,0,,0,803,,hydrogen-water-health-benefits-research-shows-uphill-running,Hydrogen Water Health Benefits: What 2024 Research Shows for Uphill Running
https://hydrogenstudies.com/blog/hydrogen-water-health-benefits-does-it-help-running-967030,3454,retire,0,0,,0,802,,hydrogen-water-health-benefits-help-running,Hydrogen Water Health Benefits: Does It Help Running?
https://hydrogenstudies.com/blog/hydrogen-water-eye-health-why-one-study-was-pulled-073152,3457,retire,0,0,,0,37,,hydrogen-water-eye-health-one-study-pulled,Hydrogen Water Eye Health: Why One Study Was Pulled
https://hydrogenstudies.com/blog/hydrogen-water-and-stomach-pain-what-2024-research-shows-156863,3458,retire,0,0,,0,783,what-20xx-research-shows,hydrogen-water-stomach-pain-research-shows,Hydrogen Water and Stomach Pain: What 2024 Research Shows
https://hydrogenstudies.com/blog/how-to-use-hydrogen-water-for-stomach-pain-a-science-backed-guide-156784,3459,retire,0,0,,0,769,how-to-use,use-hydrogen-water-stomach-pain-science-backed,How to Use Hydrogen Water for Stomach Pain: A Science-Backed Guide
https://hydrogenstudies.com/blog/how-to-use-hydrogen-therapy-lung-health-to-boost-immunity-257738,3462,retire,0,0,,0,698,,use-hydrogen-therapy-lung-health-boost-immunity,How to Use Hydrogen Therapy Lung Health to Boost Immunity
https://hydrogenstudies.com/blog/hydrogen-water-and-jaw-bones-what-2024-research-shows-372278,3464,retire,0,0,,0,847,what-20xx-research-shows,hydrogen-water-jaw-bones-research-shows,Hydrogen Water and Jaw Bones: What 2024 Research Shows
https://hydrogenstudies.com/blog/how-to-use-hydrogen-water-for-jaw-bone-health-a-science-backed-guide-375812,3465,retire,0,0,,0,861,how-to-use,use-hydrogen-water-jaw-bone-health-science-backed,How to Use Hydrogen Water for Jaw Bone Health: A Science-Backed Guide
https://hydrogenstudies.com/blog/hydrogen-water-for-radiation-bone-damage-your-questions-answered-406166,3466,retire,0,0,,0,756,,hydrogen-water-radiation-bone-damage-questions-answered,Hydrogen Water for Radiation Bone Damage: Your Questions Answered
https://hydrogenstudies.com/blog/how-to-use-hydrogen-water-for-better-digestion-a-science-backed-guide-480603,3470,retire,0,0,,0,826,how-to-use,use-hydrogen-water-better-digestion-science-backed,How to Use Hydrogen Water for Better Digestion: A Science-Backed Guide
https://hydrogenstudies.com/blog/how-to-use-hydrogen-water-for-joint-health-a-science-backed-guide-586863,3474,retire,0,0,,0,724,how-to-use,use-hydrogen-water-joint-health-science-backed,How to Use Hydrogen Water for Joint Health: A Science-Backed Guide
https://hydrogenstudies.com/blog/how-to-use-hydrogen-therapy-bone-health-for-arthritis-pain-601821,3476,retire,0,0,,0,793,,use-hydrogen-therapy-bone-health-arthritis-pain,How to Use Hydrogen Therapy Bone Health for Arthritis Pain
https://hydrogenstudies.com/blog/how-to-use-hydrogen-water-health-benefits-for-fat-loss-a-science-backed-guide-697182,3480,retire,0,0,,0,771,,use-hydrogen-water-health-benefits-fat-loss-science-backed,How to Use Hydrogen Water Health Benefits for Fat Loss: A Science-Backed Guide
https://hydrogenstudies.com/blog/how-to-use-hydrogen-therapy-lung-health-for-covid-recovery-921557,3486,retire,0,0,,0,784,,use-hydrogen-therapy-lung-health-covid-recovery,How to Use Hydrogen Therapy Lung Health for COVID Recovery
https://hydrogenstudies.com/blog/hydrogen-therapy-lung-health-your-covid-questions-answered-954019,3487,retire,0,0,,0,849,,hydrogen-therapy-lung-health-covid-questions-answered,Hydrogen Therapy Lung Health: Your COVID Questions Answered
https://hydrogenstudies.com/blog/how-to-use-hydrogen-water-for-better-skin-a-science-guide-250701,3494,retire,0,0,,0,683,how-to-use,use-hydrogen-water-better-skin-science,How to Use Hydrogen Water for Better Skin: A Science Guide
https://hydrogenstudies.com/blog/hydrogen-water-skin-benefits-can-it-help-vitiligo-patches-287091,3496,retire,0,1,6.0,0,825,,hydrogen-water-skin-benefits-help-vitiligo-patches,Hydrogen Water Skin Benefits: Can It Help Vitiligo Patches?
https://hydrogenstudies.com/blog/how-to-use-hydrogen-water-health-benefits-for-better-body-defense-498031,3503,retire,0,0,,0,674,,use-hydrogen-water-health-benefits-better-body-defense,How to Use Hydrogen Water Health Benefits for Better Body Defense
https://hydrogenstudies.com/blog/hydrogen-water-health-benefits-how-it-boosts-your-bodys-cell-defense-498199,3504,retire,0,0,,0,779,,hydrogen-water-health-benefits-boosts-bodys-cell-defense,Hydrogen Water Health Benefits: How It Boosts Your Body's Cell Defense
https://hydrogenstudies.com/blog/how-to-use-hydrogen-water-for-nerve-health-a-science-backed-guide-609361,3506,retire,0,0,,0,746,how-to-use,use-hydrogen-water-nerve-health-science-backed,How to Use Hydrogen Water for Nerve Health: A Science-Backed Guide
https://hydrogenstudies.com/blog/hydrogen-water-and-nerve-health-what-2024-research-shows-613242,3507,retire,0,0,,0,770,what-20xx-research-shows,hydrogen-water-nerve-health-research-shows,Hydrogen Water and Nerve Health: What 2024 Research Shows
https://hydrogenstudies.com/blog/hydrogen-water-health-benefits-for-nerves-your-questions-answered-644069,3508,retire,0,0,,0,805,,hydrogen-water-health-benefits-nerves-questions-answered,Hydrogen Water Health Benefits for Nerves: Your Questions Answered
https://hydrogenstudies.com/blog/how-to-use-hydrogen-water-for-liver-health-boost-fat-burn-726567,3510,retire,0,0,,0,795,how-to-use,use-hydrogen-water-liver-health-boost-fat-burn,How to Use Hydrogen Water for Liver Health: Boost Fat Burn
https://hydrogenstudies.com/blog/hydrogen-water-liver-health-does-it-boost-fat-burning-755753,3511,retire,0,0,,0,801,,hydrogen-water-liver-health-boost-fat-burning,Hydrogen Water Liver Health: Does It Boost Fat Burning?
https://hydrogenstudies.com/blog/hydrogen-water-health-benefits-for-exercise-what-2024-research-shows-833716,3513,retire,0,0,,0,810,what-20xx-research-shows,hydrogen-water-health-benefits-exercise-research-shows,Hydrogen Water Health Benefits for Exercise: What 2024 Research Shows
https://hydrogenstudies.com/blog/how-to-use-hydrogen-water-for-heart-health-better-blood-flow-048208,3519,retire,0,0,,0,766,how-to-use,use-hydrogen-water-heart-health-better-blood-flow,How to Use Hydrogen Water for Heart Health: Better Blood Flow
https://hydrogenstudies.com/blog/how-to-use-hydrogen-water-for-hot-weather-workouts-a-science-guide-271460,3525,retire,0,0,,0,741,how-to-use,use-hydrogen-water-hot-weather-workouts-science,How to Use Hydrogen Water for Hot Weather Workouts: A Science Guide
https://hydrogenstudies.com/blog/hydrogen-water-and-ankle-sprains-what-2024-research-shows-286507,3526,retire,0,0,,0,842,what-20xx-research-shows,hydrogen-water-ankle-sprains-research-shows,Hydrogen Water and Ankle Sprains: What 2024 Research Shows
https://hydrogenstudies.com/blog/how-to-use-hydrogen-water-for-ankle-sprains-a-science-backed-guide-288584,3527,retire,0,0,,0,732,how-to-use,use-hydrogen-water-ankle-sprains-science-backed,How to Use Hydrogen Water for Ankle Sprains: A Science-Backed Guide
https://hydrogenstudies.com/blog/hydrogen-water-health-benefits-does-it-save-energy-during-exercise-300701,3528,retire,0,0,,0,851,,hydrogen-water-health-benefits-save-energy-during-exercise,Hydrogen Water Health Benefits: Does It Save Energy During Exercise?
https://hydrogenstudies.com/blog/hydrogen-therapy-bone-health-your-ankle-injury-questions-320939,3529,retire,0,0,,0,872,,hydrogen-therapy-bone-health-ankle-injury-questions,Hydrogen Therapy Bone Health: Your Ankle Injury Questions
https://hydrogenstudies.com/blog/hydrogen-water-and-bone-injuries-what-2024-research-shows-399063,3530,retire,0,0,,0,766,what-20xx-research-shows,hydrogen-water-bone-injuries-research-shows,Hydrogen Water and Bone Injuries: What 2024 Research Shows
https://hydrogenstudies.com/blog/how-to-use-hydrogen-water-for-faster-bone-healing-a-science-guide-400028,3531,retire,0,0,,0,777,how-to-use,use-hydrogen-water-faster-bone-healing-science,How to Use Hydrogen Water for Faster Bone Healing: A Science Guide
https://hydrogenstudies.com/blog/hydrogen-water-for-bone-injuries-your-questions-answered-432422,3532,retire,0,0,,0,818,,hydrogen-water-bone-injuries-questions-answered,Hydrogen Water for Bone Injuries: Your Questions Answered
https://hydrogenstudies.com/blog/hydrogen-water-brain-health-what-2024-research-shows-about-memory-protection-513728,3534,retire,0,0,,0,709,,hydrogen-water-brain-health-research-shows-about-memory-protection,Hydrogen Water Brain Health: What 2024 Research Shows About Memory Protection
https://hydrogenstudies.com/blog/how-to-use-hydrogen-water-for-gut-health-protect-your-intestines-626099,3536,retire,0,0,,0,725,how-to-use,use-hydrogen-water-gut-health-protect-intestines,How to Use Hydrogen Water for Gut Health: Protect Your Intestines
https://hydrogenstudies.com/blog/how-to-use-hydrogen-water-for-brain-health-during-illness-744725,3539,retire,0,0,,0,733,how-to-use,use-hydrogen-water-brain-health-during-illness,How to Use Hydrogen Water for Brain Health During Illness
https://hydrogenstudies.com/blog/hydrogen-water-brain-health-what-2024-research-shows-about-sepsis-747137,3540,retire,0,0,,0,772,,hydrogen-water-brain-health-research-shows-about-sepsis,Hydrogen Water Brain Health: What 2024 Research Shows About Sepsis
https://hydrogenstudies.com/blog/hydrogen-water-gut-health-what-2024-research-shows-about-sepsis-860360,3543,retire,0,0,,0,765,,hydrogen-water-gut-health-research-shows-about-sepsis,Hydrogen Water Gut Health: What 2024 Research Shows About Sepsis
https://hydrogenstudies.com/blog/hydrogen-water-brain-health-what-2024-diabetes-study-shows-086216,3549,retire,0,0,,0,785,,hydrogen-water-brain-health-diabetes-study-shows,Hydrogen Water Brain Health: What 2024 Diabetes Study Shows
https://hydrogenstudies.com/blog/how-to-use-hydrogen-water-for-nose-relief-a-science-guide-184963,3551,retire,0,0,,0,727,how-to-use,use-hydrogen-water-nose-relief-science,How to Use Hydrogen Water for Nose Relief: A Science Guide
https://hydrogenstudies.com/blog/hydrogen-water-nose-rinses-what-2024-research-shows-185274,3552,retire,0,0,,0,775,what-20xx-research-shows,hydrogen-water-nose-rinses-research-shows,Hydrogen Water Nose Rinses: What 2024 Research Shows
https://hydrogenstudies.com/blog/hydrogen-water-nose-rinse-what-2024-research-shows-195439,3554,retire,0,0,,0,751,what-20xx-research-shows,hydrogen-water-nose-rinse-research-shows,Hydrogen Water Nose Rinse: What 2024 Research Shows
https://hydrogenstudies.com/blog/hydrogen-water-oral-health-what-2024-cancer-research-shows-299086,3559,retire,0,0,,0,757,,hydrogen-water-oral-health-cancer-research-shows,Hydrogen Water Oral Health: What 2024 Cancer Research Shows
https://hydrogenstudies.com/blog/how-to-use-hydrogen-water-for-oral-health-during-cancer-care-299003,3560,retire,0,0,,0,753,how-to-use,use-hydrogen-water-oral-health-during-cancer-care,How to Use Hydrogen Water for Oral Health During Cancer Care
https://hydrogenstudies.com/blog/how-to-use-hydrogen-water-for-lung-transplants-a-science-backed-guide-516947,3567,retire,0,0,,0,738,how-to-use,use-hydrogen-water-lung-transplants-science-backed,How to Use Hydrogen Water for Lung Transplants: A Science-Backed Guide
https://hydrogenstudies.com/blog/hydrogen-therapy-lung-health-can-it-help-surgery-recovery-550133,3568,retire,0,0,,0,832,,hydrogen-therapy-lung-health-help-surgery-recovery,Hydrogen Therapy Lung Health: Can It Help Surgery Recovery?
https://hydrogenstudies.com/blog/hydrogen-water-brain-health-what-2024-science-shows-744758,3573,retire,0,0,,0,813,,hydrogen-water-brain-health-science-shows,Hydrogen Water Brain Health: What 2024 Science Shows
https://hydrogenstudies.com/blog/how-to-use-hydrogen-water-for-brain-health-boost-memory-daily-844843,3575,retire,0,0,,0,647,how-to-use,use-hydrogen-water-brain-health-boost-memory-daily,How to Use Hydrogen Water for Brain Health: Boost Memory Daily
https://hydrogenstudies.com/blog/hydrogen-water-brain-health-what-2024-research-shows-about-newborns-953866,3578,retire,0,0,,0,722,,hydrogen-water-brain-health-research-shows-about-newborns,Hydrogen Water Brain Health: What 2024 Research Shows About Newborns
https://hydrogenstudies.com/blog/how-to-use-hydrogen-water-for-brain-health-what-parents-need-to-know-952219,3579,retire,0,0,,0,628,how-to-use,use-hydrogen-water-brain-health-parents-need-know,How to Use Hydrogen Water for Brain Health: What Parents Need to Know
https://hydrogenstudies.com/blog/hydrogen-water-brain-health-does-it-really-work-faq-980980,3580,retire,0,0,,0,751,,hydrogen-water-brain-health-really-work-faq,Hydrogen Water Brain Health: Does It Really Work? FAQ
https://hydrogenstudies.com/blog/hydrogen-water-health-benefits-metabolic-syndrome-faq-337210,3592,retire,0,7,33.0,0,825,,hydrogen-water-health-benefits-metabolic-syndrome-faq,Hydrogen Water Health Benefits: Metabolic Syndrome FAQ
https://hydrogenstudies.com/blog/hydrogen-water-health-benefits-for-radiation-your-questions-answered-456391,3595,retire,0,0,,0,825,,hydrogen-water-health-benefits-radiation-questions-answered,Hydrogen Water Health Benefits for Radiation: Your Questions Answered
https://hydrogenstudies.com/blog/hydrogen-water-for-lung-cancer-your-questions-answered-573071,3598,retire,0,0,,0,842,,hydrogen-water-lung-cancer-questions-answered,Hydrogen Water for Lung Cancer: Your Questions Answered
https://hydrogenstudies.com/blog/hydrogen-water-heart-health-what-2024-research-shows-about-protection-772943,3603,retire,0,0,,0,799,,hydrogen-water-heart-health-research-shows-about-protection,Hydrogen Water Heart Health: What 2024 Research Shows About Protection
https://hydrogenstudies.com/blog/hydrogen-water-brain-health-what-2024-research-shows-about-recovery-973599,3609,retire,0,0,,0,753,,hydrogen-water-brain-health-research-shows-about-recovery,Hydrogen Water Brain Health: What 2024 Research Shows About Recovery
https://hydrogenstudies.com/blog/hydrogen-water-health-benefits-for-infections-your-questions-answered-227786,3622,retire,0,0,,0,753,,hydrogen-water-health-benefits-infections-questions-answered,Hydrogen Water Health Benefits for Infections: Your Questions Answered
https://hydrogenstudies.com/blog/hydrogen-therapy-lung-health-can-it-fight-cancer-cells-335944,3625,retire,0,0,,0,777,,hydrogen-therapy-lung-health-fight-cancer-cells,Hydrogen Therapy Lung Health: Can It Fight Cancer Cells?
https://hydrogenstudies.com/blog/how-to-use-hydrogen-water-for-kidney-health-after-transplants-782978,3635,retire,0,0,,0,701,how-to-use,use-hydrogen-water-kidney-health-after-transplants,How to Use Hydrogen Water for Kidney Health After Transplants
https://hydrogenstudies.com/blog/hydrogen-water-and-copd-what-2024-research-shows-about-lung-health-894051,3641,retire,0,0,,0,722,,hydrogen-water-copd-research-shows-about-lung-health,Hydrogen Water and COPD: What 2024 Research Shows About Lung Health
https://hydrogenstudies.com/blog/how-to-use-hydrogen-therapy-lung-health-to-fight-cancer-998790,3645,retire,0,0,,0,788,,use-hydrogen-therapy-lung-health-fight-cancer,How to Use Hydrogen Therapy Lung Health to Fight Cancer
https://hydrogenstudies.com/blog/hydrogen-therapy-lung-health-can-it-help-fight-cancer-029189,3648,retire,0,0,,0,845,,hydrogen-therapy-lung-health-help-fight-cancer,Hydrogen Therapy Lung Health: Can It Help Fight Cancer?
https://hydrogenstudies.com/blog/hydrogen-water-health-benefits-what-2024-research-really-shows-111215,3651,retire,0,0,,0,782,,hydrogen-water-health-benefits-research-really-shows,Hydrogen Water Health Benefits: What 2024 Research Really Shows
https://hydrogenstudies.com/blog/hydrogen-water-and-athletic-recovery-what-2024-research-shows-220192,3653,retire,0,0,,0,743,what-20xx-research-shows,hydrogen-water-athletic-recovery-research-shows,Hydrogen Water and Athletic Recovery: What 2024 Research Shows
https://hydrogenstudies.com/blog/how-to-use-hydrogen-water-for-better-breathing-a-guide-329051,3656,retire,0,0,,0,693,how-to-use,use-hydrogen-water-better-breathing,How to Use Hydrogen Water for Better Breathing: A Guide
https://hydrogenstudies.com/blog/hydrogen-therapy-lung-health-can-it-help-allergies-362607,3658,retire,0,0,,0,840,,hydrogen-therapy-lung-health-help-allergies,Hydrogen Therapy Lung Health: Can It Help Allergies?
https://hydrogenstudies.com/blog/hydrogen-water-health-benefits-what-2024-research-shows-about-exercise-557161,3662,retire,0,0,,0,803,,hydrogen-water-health-benefits-research-shows-about-exercise,Hydrogen Water Health Benefits: What 2024 Research Shows About Exercise
https://hydrogenstudies.com/blog/how-to-use-hydrogen-water-for-brain-recovery-a-science-backed-guide-558456,3663,retire,0,0,,0,754,how-to-use,use-hydrogen-water-brain-recovery-science-backed,How to Use Hydrogen Water for Brain Recovery: A Science-Backed Guide
https://hydrogenstudies.com/blog/how-to-use-hydrogen-water-health-benefits-what-new-runner-study-means-for-you-665243,3665,retire,0,0,,0,719,,use-hydrogen-water-health-benefits-runner-study-means,How to Use Hydrogen Water Health Benefits: What New Runner Study Means for You
https://hydrogenstudies.com/blog/hydrogen-water-health-benefits-for-athletes-what-2024-study-shows-668940,3666,retire,0,0,,0,779,,hydrogen-water-health-benefits-athletes-study-shows,Hydrogen Water Health Benefits for Athletes: What 2024 Study Shows
https://hydrogenstudies.com/blog/how-to-use-hydrogen-therapy-lung-health-after-transplant-774589,3668,retire,0,0,,0,763,,use-hydrogen-therapy-lung-health-after-transplant,How to Use Hydrogen Therapy Lung Health After Transplant
https://hydrogenstudies.com/blog/how-to-use-hydrogen-water-for-lung-health-after-surgery-776144,3670,retire,0,0,,0,732,how-to-use,use-hydrogen-water-lung-health-after-surgery,How to Use Hydrogen Water for Lung Health After Surgery
https://hydrogenstudies.com/blog/hydrogen-water-for-lung-transplants-your-questions-answered-811844,3673,retire,0,0,,0,889,,hydrogen-water-lung-transplants-questions-answered,Hydrogen Water for Lung Transplants: Your Questions Answered
https://hydrogenstudies.com/blog/how-to-use-hydrogen-water-for-bone-marrow-health-a-science-guide-888585,3674,retire,0,0,,0,765,how-to-use,use-hydrogen-water-bone-marrow-health-science,How to Use Hydrogen Water for Bone Marrow Health: A Science Guide
https://hydrogenstudies.com/blog/hydrogen-water-for-bone-marrow-issues-your-questions-answered-920123,3678,retire,0,0,,0,863,,hydrogen-water-bone-marrow-issues-questions-answered,Hydrogen Water for Bone Marrow Issues: Your Questions Answered
https://hydrogenstudies.com/blog/hydrogen-water-for-bone-marrow-health-your-questions-answered-928181,3679,retire,0,0,,0,841,,hydrogen-water-bone-marrow-health-questions-answered,Hydrogen Water for Bone Marrow Health: Your Questions Answered
https://hydrogenstudies.com/blog/how-to-use-hydrogen-water-for-better-lung-health-after-meals-216619,3686,retire,0,0,,0,778,how-to-use,use-hydrogen-water-better-lung-health-after-meals,How to Use Hydrogen Water for Better Lung Health After Meals
https://hydrogenstudies.com/blog/hydrogen-water-gut-health-what-2024-research-shows-about-cancer-care-334193,3689,retire,0,0,,0,824,,hydrogen-water-gut-health-research-shows-about-cancer-care,Hydrogen Water Gut Health: What 2024 Research Shows About Cancer Care
https://hydrogenstudies.com/blog/hydrogen-water-health-benefits-for-immune-support-your-questions-answered-473274,3694,retire,0,0,,0,740,,hydrogen-water-health-benefits-immune-support-questions-answered,Hydrogen Water Health Benefits for Immune Support: Your Questions Answered
https://hydrogenstudies.com/blog/hydrogen-water-skin-benefits-can-it-replace-bandages-588279,3697,retire,0,0,,0,817,,hydrogen-water-skin-benefits-replace-bandages,Hydrogen Water Skin Benefits: Can It Replace Bandages?
https://hydrogenstudies.com/blog/hydrogen-water-endothelium-what-2024-research-shows-about-blood-loss-684880,3700,retire,0,0,,0,750,,hydrogen-water-endothelium-research-shows-about-blood-loss,Hydrogen Water Endothelium: What 2024 Research Shows About Blood Loss
https://hydrogenstudies.com/blog/hydrogen-water-endothelium-can-it-help-blood-loss-recovery-715991,3703,retire,0,0,,0,760,,hydrogen-water-endothelium-help-blood-loss-recovery,Hydrogen Water Endothelium: Can It Help Blood Loss Recovery?
https://hydrogenstudies.com/blog/hydrogen-water-pregnancy-safety-what-expecting-moms-need-to-know-898982,3707,retire,0,0,,0,717,,hydrogen-water-pregnancy-safety-expecting-moms-need-know,Hydrogen Water Pregnancy Safety: What Expecting Moms Need to Know
https://hydrogenstudies.com/blog/hydrogen-water-heart-health-can-it-lower-blood-pressure-043443,3712,retire,0,0,,0,786,,hydrogen-water-heart-health-lower-blood-pressure,Hydrogen Water Heart Health: Can It Lower Blood Pressure?
https://hydrogenstudies.com/blog/hydrogen-water-and-muscle-healing-what-2024-research-shows-122371,3713,retire,0,0,,0,726,what-20xx-research-shows,hydrogen-water-muscle-healing-research-shows,Hydrogen Water and Muscle Healing: What 2024 Research Shows
https://hydrogenstudies.com/blog/hydrogen-water-and-lung-viruses-what-2020-research-shows-231186,3716,retire,0,0,,0,677,what-20xx-research-shows,hydrogen-water-lung-viruses-research-shows,Hydrogen Water and Lung Viruses: What 2020 Research Shows
https://hydrogenstudies.com/blog/how-to-use-hydrogen-therapy-lung-health-kill-viruses-fast-234996,3717,retire,0,0,,0,792,,use-hydrogen-therapy-lung-health-kill-viruses-fast,How to Use Hydrogen Therapy Lung Health: Kill Viruses Fast
https://hydrogenstudies.com/blog/how-to-use-hydrogen-water-for-heart-health-after-cardiac-arrest-349209,3719,retire,0,0,,0,827,how-to-use,use-hydrogen-water-heart-health-after-cardiac-arrest,How to Use Hydrogen Water for Heart Health After Cardiac Arrest
https://hydrogenstudies.com/blog/hydrogen-water-heart-health-can-it-help-after-heart-attack-380518,3721,retire,0,0,,0,845,,hydrogen-water-heart-health-help-after-heart-attack,Hydrogen Water Heart Health: Can It Help After Heart Attack?
https://hydrogenstudies.com/blog/hydrogen-water-endothelium-can-it-help-trauma-patients-493646,3724,retire,0,0,,0,783,,hydrogen-water-endothelium-help-trauma-patients,Hydrogen Water Endothelium: Can It Help Trauma Patients?
https://hydrogenstudies.com/blog/hydrogen-water-health-benefits-why-water-quality-matters-574506,3725,retire,0,0,,0,791,,hydrogen-water-health-benefits-water-quality-matters,Hydrogen Water Health Benefits: Why Water Quality Matters
https://hydrogenstudies.com/blog/hydrogen-water-health-benefits-for-your-whole-body-what-2024-research-shows-578678,3726,retire,0,0,,0,809,what-20xx-research-shows,hydrogen-water-health-benefits-whole-body-research-shows,Hydrogen Water Health Benefits for Your Whole Body: What 2024 Research Shows
https://hydrogenstudies.com/blog/how-to-boost-hydrogen-water-health-benefits-fix-your-setup-578445,3728,retire,0,0,,0,845,,boost-hydrogen-water-health-benefits-fix-setup,How to Boost Hydrogen Water Health Benefits: Fix Your Setup
https://hydrogenstudies.com/blog/hydrogen-water-baths-for-sore-muscles-your-questions-answered-609176,3729,retire,0,0,,0,836,,hydrogen-water-baths-sore-muscles-questions-answered,Hydrogen Water Baths for Sore Muscles: Your Questions Answered
https://hydrogenstudies.com/blog/hydrogen-water-health-benefits-your-container-questions-answered-610776,3730,retire,0,0,,0,806,,hydrogen-water-health-benefits-container-questions-answered,Hydrogen Water Health Benefits: Your Container Questions Answered
https://hydrogenstudies.com/blog/hydrogen-water-for-stomach-bugs-can-it-replace-antibiotics-839967,3736,retire,0,0,,0,854,,hydrogen-water-stomach-bugs-replace-antibiotics,Hydrogen Water for Stomach Bugs: Can It Replace Antibiotics?
https://hydrogenstudies.com/blog/how-to-use-hydrogen-water-for-brain-health-after-addiction-a-science-backed-guide-341555,3749,retire,0,0,,0,626,how-to-use,use-hydrogen-water-brain-health-after-addiction-science-backed,How to Use Hydrogen Water for Brain Health After Addiction: A Science-Backed Guide
https://hydrogenstudies.com/blog/hydrogen-water-brain-health-can-it-help-addiction-recovery-378999,3751,retire,0,0,,0,851,,hydrogen-water-brain-health-help-addiction-recovery,Hydrogen Water Brain Health: Can It Help Addiction Recovery?
https://hydrogenstudies.com/blog/how-to-use-hydrogen-water-for-liver-health-shield-against-toxins-714232,3762,retire,0,0,,0,759,how-to-use,use-hydrogen-water-liver-health-shield-against-toxins,How to Use Hydrogen Water for Liver Health: Shield Against Toxins
https://hydrogenstudies.com/blog/how-to-use-hydrogen-water-health-benefits-for-heart-support-930036,3767,retire,0,0,,0,665,,use-hydrogen-water-health-benefits-heart-support,How to Use Hydrogen Water Health Benefits for Heart Support
https://hydrogenstudies.com/blog/how-to-use-hydrogen-water-for-gut-health-during-surgery-a-science-backed-guide-044089,3770,retire,0,0,,0,674,how-to-use,use-hydrogen-water-gut-health-during-surgery-science-backed,How to Use Hydrogen Water for Gut Health During Surgery: A Science-Backed Guide
https://hydrogenstudies.com/blog/hydrogen-water-gut-health-can-it-help-during-surgery-080522,3772,retire,0,0,,0,879,,hydrogen-water-gut-health-help-during-surgery,Hydrogen Water Gut Health: Can It Help During Surgery?
https://hydrogenstudies.com/blog/how-to-use-hydrogen-water-for-gut-health-during-blood-flow-issues-149841,3773,retire,0,0,,0,685,how-to-use,use-hydrogen-water-gut-health-during-blood-flow-issues,How to Use Hydrogen Water for Gut Health During Blood Flow Issues
https://hydrogenstudies.com/blog/hydrogen-water-gut-health-does-it-really-protect-your-intestines-407343,3784,retire,0,0,,0,808,,hydrogen-water-gut-health-really-protect-intestines,Hydrogen Water Gut Health: Does It Really Protect Your Intestines?
https://hydrogenstudies.com/blog/hydrogen-water-brain-health-what-2024-research-shows-about-fighting-fatigue-483623,3785,retire,0,0,,0,720,,hydrogen-water-brain-health-research-shows-about-fighting-fatigue,Hydrogen Water Brain Health: What 2024 Research Shows About Fighting Fatigue
https://hydrogenstudies.com/blog/hydrogen-water-brain-health-your-morning-energy-questions-answered-511540,3787,retire,0,0,,0,762,,hydrogen-water-brain-health-morning-energy-questions-answered,Hydrogen Water Brain Health: Your Morning Energy Questions Answered
https://hydrogenstudies.com/blog/how-to-use-hydrogen-water-for-heart-health-what-science-says-693946,3791,retire,0,0,,0,37,how-to-use,use-hydrogen-water-heart-health-science-says,How to Use Hydrogen Water for Heart Health: What Science Says
https://hydrogenstudies.com/blog/how-to-use-hydrogen-water-for-brain-health-shield-your-memory-916368,3797,retire,0,0,,0,640,how-to-use,use-hydrogen-water-brain-health-shield-memory,How to Use Hydrogen Water for Brain Health: Shield Your Memory
https://hydrogenstudies.com/blog/hydrogen-water-brain-health-what-2024-research-shows-about-protection-141765,3803,retire,0,0,,0,767,,hydrogen-water-brain-health-research-shows-about-protection,Hydrogen Water Brain Health: What 2024 Research Shows About Protection
https://hydrogenstudies.com/blog/hydrogen-water-brain-health-can-it-protect-from-infection-172653,3805,retire,0,0,,0,783,,hydrogen-water-brain-health-protect-infection,Hydrogen Water Brain Health: Can It Protect From Infection?
https://hydrogenstudies.com/blog/hydrogen-water-brain-health-can-it-help-fight-dementia-414552,3814,retire,0,0,,0,794,,hydrogen-water-brain-health-help-fight-dementia,Hydrogen Water Brain Health: Can It Help Fight Dementia?
https://hydrogenstudies.com/blog/hydrogen-water-gut-health-can-it-protect-from-pesticides-527146,3817,retire,0,0,,0,838,,hydrogen-water-gut-health-protect-pesticides,Hydrogen Water Gut Health: Can It Protect From Pesticides?
https://hydrogenstudies.com/blog/hydrogen-water-health-benefits-for-workouts-what-2024-research-shows-604543,3819,retire,0,0,,0,794,what-20xx-research-shows,hydrogen-water-health-benefits-workouts-research-shows,Hydrogen Water Health Benefits for Workouts: What 2024 Research Shows
https://hydrogenstudies.com/blog/how-to-use-hydrogen-water-for-brain-health-after-injury-a-science-backed-guide-715293,3821,retire,0,0,,0,861,how-to-use,use-hydrogen-water-brain-health-after-injury-science-backed,How to Use Hydrogen Water for Brain Health After Injury: A Science-Backed Guide
https://hydrogenstudies.com/blog/how-to-use-hydrogen-water-health-benefits-for-better-fasting-820115,3824,retire,0,0,,0,732,,use-hydrogen-water-health-benefits-better-fasting,How to Use Hydrogen Water Health Benefits for Better Fasting
https://hydrogenstudies.com/blog/hydrogen-water-health-benefits-what-2024-fasting-research-shows-821461,3825,retire,0,0,,0,736,,hydrogen-water-health-benefits-fasting-research-shows,Hydrogen Water Health Benefits: What 2024 Fasting Research Shows
https://hydrogenstudies.com/blog/hydrogen-water-health-benefits-can-it-help-your-body-handle-stress-851425,3826,retire,0,0,,0,814,,hydrogen-water-health-benefits-help-body-handle-stress,Hydrogen Water Health Benefits: Can It Help Your Body Handle Stress?
https://hydrogenstudies.com/blog/hydrogen-water-health-benefits-what-2024-research-shows-for-your-whole-body-152224,3834,retire,0,0,,0,729,,hydrogen-water-health-benefits-research-shows-whole-body,Hydrogen Water Health Benefits: What 2024 Research Shows for Your Whole Body
https://hydrogenstudies.com/blog/hydrogen-water-health-benefits-for-sepsis-what-2024-research-shows-170387,3836,retire,0,0,,0,808,what-20xx-research-shows,hydrogen-water-health-benefits-sepsis-research-shows,Hydrogen Water Health Benefits for Sepsis: What 2024 Research Shows
https://hydrogenstudies.com/blog/hydrogen-water-brain-health-can-it-fight-cancer-315188,3841,retire,0,0,,0,824,,hydrogen-water-brain-health-fight-cancer,Hydrogen Water Brain Health: Can It Fight Cancer?
https://hydrogenstudies.com/blog/how-to-use-hydrogen-water-for-gallbladder-health-a-science-backed-guide-394518,3843,retire,0,0,,0,757,how-to-use,use-hydrogen-water-gallbladder-health-science-backed,How to Use Hydrogen Water for Gallbladder Health: A Science-Backed Guide
https://hydrogenstudies.com/blog/hydrogen-water-gallbladder-cancer-your-questions-answered-427730,3844,retire,0,0,,0,840,,hydrogen-water-gallbladder-cancer-questions-answered,Hydrogen Water Gallbladder Cancer: Your Questions Answered
https://hydrogenstudies.com/blog/hydrogen-water-gallbladder-cancer-what-2024-research-shows-507705,3846,retire,0,0,,0,883,what-20xx-research-shows,hydrogen-water-gallbladder-cancer-research-shows,Hydrogen Water Gallbladder Cancer: What 2024 Research Shows
https://hydrogenstudies.com/blog/hydrogen-water-oral-health-what-2024-research-shows-about-teeth-724548,3851,retire,0,0,,0,660,,hydrogen-water-oral-health-research-shows-about-teeth,Hydrogen Water Oral Health: What 2024 Research Shows About Teeth
https://hydrogenstudies.com/blog/how-to-use-hydrogen-water-for-better-teeth-ph-guide-727106,3852,retire,0,0,,0,726,how-to-use,use-hydrogen-water-better-teeth-ph,How to Use Hydrogen Water for Better Teeth: pH Guide
https://hydrogenstudies.com/blog/hydrogen-water-brain-health-what-2024-mouse-study-shows-836374,3855,retire,0,0,,0,812,,hydrogen-water-brain-health-mouse-study-shows,Hydrogen Water Brain Health: What 2024 Mouse Study Shows
https://hydrogenstudies.com/blog/hydrogen-water-brain-health-can-it-prevent-stroke-damage-865988,3856,retire,0,0,,0,847,,hydrogen-water-brain-health-prevent-stroke-damage,Hydrogen Water Brain Health: Can It Prevent Stroke Damage?
https://hydrogenstudies.com/blog/how-to-use-hydrogen-water-for-brain-health-safer-births-948556,3857,retire,0,0,,0,691,how-to-use,use-hydrogen-water-brain-health-safer-births,How to Use Hydrogen Water for Brain Health: Safer Births
https://hydrogenstudies.com/blog/hydrogen-water-brain-health-what-2024-research-shows-for-babies-951059,3858,retire,0,0,,0,820,,hydrogen-water-brain-health-research-shows-babies,Hydrogen Water Brain Health: What 2024 Research Shows for Babies
https://hydrogenstudies.com/blog/hydrogen-water-brain-health-can-it-help-baby-hearts-090083,3862,retire,0,0,,0,728,,hydrogen-water-brain-health-help-baby-hearts,Hydrogen Water Brain Health: Can It Help Baby Hearts?
https://hydrogenstudies.com/blog/hydrogen-water-health-benefits-what-2024-safety-research-shows-171622,3863,retire,0,0,,0,760,,hydrogen-water-health-benefits-safety-research-shows,Hydrogen Water Health Benefits: What 2024 Safety Research Shows
https://hydrogenstudies.com/blog/hydrogen-water-health-benefits-what-2024-lab-studies-show-143423,3867,retire,0,0,,0,764,,hydrogen-water-health-benefits-lab-studies-show,Hydrogen Water Health Benefits: What 2024 Lab Studies Show
https://hydrogenstudies.com/blog/how-to-use-hydrogen-water-health-benefits-for-clear-skin-143285,3868,retire,0,0,,0,721,,use-hydrogen-water-health-benefits-clear-skin,How to Use Hydrogen Water Health Benefits for Clear Skin
https://hydrogenstudies.com/blog/hydrogen-water-skin-benefits-your-healing-questions-answered-284560,3872,retire,0,0,,0,852,,hydrogen-water-skin-benefits-healing-questions-answered,Hydrogen Water Skin Benefits: Your Healing Questions Answered
https://hydrogenstudies.com/blog/hydrogen-water-gut-health-can-it-speed-up-surgery-recovery-393734,3875,retire,0,0,,0,795,,hydrogen-water-gut-health-speed-up-surgery-recovery,Hydrogen Water Gut Health: Can It Speed Up Surgery Recovery?
https://hydrogenstudies.com/blog/how-to-use-hydrogen-water-for-stomach-cancer-care-a-science-backed-guide-468391,3876,retire,0,0,,0,629,how-to-use,use-hydrogen-water-stomach-cancer-care-science-backed,How to Use Hydrogen Water for Stomach Cancer Care: A Science-Backed Guide
https://hydrogenstudies.com/blog/hydrogen-water-and-stomach-cancer-what-2024-research-shows-472020,3877,retire,0,0,,0,707,what-20xx-research-shows,hydrogen-water-stomach-cancer-research-shows,Hydrogen Water and Stomach Cancer: What 2024 Research Shows
https://hydrogenstudies.com/blog/how-to-use-hydrogen-water-for-clean-lungs-a-science-backed-guide-579235,3879,retire,0,0,,0,678,how-to-use,use-hydrogen-water-clean-lungs-science-backed,How to Use Hydrogen Water for Clean Lungs: A Science-Backed Guide
https://hydrogenstudies.com/blog/how-to-use-hydrogen-therapy-lung-health-for-scarring-a-science-guide-701676,3883,retire,0,0,,0,762,,use-hydrogen-therapy-lung-health-scarring-science,How to Use Hydrogen Therapy Lung Health for Scarring: A Science Guide
https://hydrogenstudies.com/blog/how-to-use-hydrogen-water-for-kidney-health-sleep-better-916142,3888,retire,0,0,,0,736,how-to-use,use-hydrogen-water-kidney-health-sleep-better,How to Use Hydrogen Water for Kidney Health: Sleep Better
https://hydrogenstudies.com/blog/hydrogen-water-kidney-health-what-2024-sleep-study-shows-919223,3889,retire,0,0,,0,780,,hydrogen-water-kidney-health-sleep-study-shows,Hydrogen Water Kidney Health: What 2024 Sleep Study Shows
https://hydrogenstudies.com/blog/hydrogen-water-health-benefits-what-2024-research-shows-for-heart-protection-030432,3891,retire,0,0,,0,738,,hydrogen-water-health-benefits-research-shows-heart-protection,Hydrogen Water Health Benefits: What 2024 Research Shows for Heart Protection
https://hydrogenstudies.com/blog/how-to-use-hydrogen-water-for-better-sleep-and-blood-pressure-031152,3892,retire,0,0,,0,706,how-to-use,use-hydrogen-water-better-sleep-blood-pressure,How to Use Hydrogen Water for Better Sleep and Blood Pressure
https://hydrogenstudies.com/blog/hydrogen-water-for-high-blood-pressure-your-questions-answered-062967,3893,retire,0,0,,0,827,,hydrogen-water-high-blood-pressure-questions-answered,Hydrogen Water for High Blood Pressure: Your Questions Answered
https://hydrogenstudies.com/blog/how-to-use-hydrogen-water-for-strong-joints-a-science-guide-139871,3894,retire,0,0,,0,606,how-to-use,use-hydrogen-water-strong-joints-science,How to Use Hydrogen Water for Strong Joints: A Science Guide
https://hydrogenstudies.com/blog/hydrogen-therapy-bone-health-can-it-help-surgery-175523,3896,retire,0,0,,0,826,,hydrogen-therapy-bone-health-help-surgery,Hydrogen Therapy Bone Health: Can It Help Surgery?
https://hydrogenstudies.com/blog/how-to-use-hydrogen-water-for-skin-health-a-science-backed-guide-773640,3897,retire,0,7,24.4,0,780,how-to-use,use-hydrogen-water-skin-health-science-backed,How to Use Hydrogen Water for Skin Health: A Science-Backed Guide
https://hydrogenstudies.com/blog/hydrogen-water-bone-marrow-protection-your-questions-answered-915633,3902,retire,0,0,,0,848,,hydrogen-water-bone-marrow-protection-questions-answered,Hydrogen Water Bone Marrow Protection: Your Questions Answered
https://hydrogenstudies.com/blog/hydrogen-water-brain-health-does-it-help-parkinsons-disease-025175,3905,retire,0,6,10.2,0,808,,hydrogen-water-brain-health-help-parkinsons-disease,Hydrogen Water Brain Health: Does It Help Parkinson's Disease?
https://hydrogenstudies.com/blog/how-to-use-hydrogen-water-for-brain-health-in-babies-a-science-guide-102884,3906,retire,0,0,,0,704,how-to-use,use-hydrogen-water-brain-health-babies-science,How to Use Hydrogen Water for Brain Health in Babies: A Science Guide
https://hydrogenstudies.com/blog/hydrogen-water-brain-health-can-it-help-newborn-recovery-136661,3908,retire,0,0,,0,843,,hydrogen-water-brain-health-help-newborn-recovery,Hydrogen Water Brain Health: Can It Help Newborn Recovery?
https://hydrogenstudies.com/blog/hydrogen-water-brain-health-can-it-help-after-stroke-353362,3914,retire,0,0,,0,864,,hydrogen-water-brain-health-help-after-stroke,Hydrogen Water Brain Health: Can It Help After Stroke?
https://hydrogenstudies.com/blog/hydrogen-therapy-lung-health-what-2024-research-shows-for-asthma-535639,3918,retire,0,0,,0,651,,hydrogen-therapy-lung-health-research-shows-asthma,Hydrogen Therapy Lung Health: What 2024 Research Shows for Asthma
https://hydrogenstudies.com/blog/hydrogen-water-eye-health-your-cataract-surgery-questions-671132,3923,retire,0,0,,0,798,,hydrogen-water-eye-health-cataract-surgery-questions,Hydrogen Water Eye Health: Your Cataract Surgery Questions
https://hydrogenstudies.com/blog/how-to-use-hydrogen-water-health-benefits-for-better-antioxidants-677733,3924,retire,0,0,,0,652,,use-hydrogen-water-health-benefits-better-antioxidants,How to Use Hydrogen Water Health Benefits for Better Antioxidants
https://hydrogenstudies.com/blog/hydrogen-water-health-benefits-how-gut-bacteria-make-this-gas-681904,3925,retire,0,0,,0,812,,hydrogen-water-health-benefits-gut-bacteria-make-this-gas,Hydrogen Water Health Benefits: How Gut Bacteria Make This Gas
https://hydrogenstudies.com/blog/hydrogen-water-health-benefits-can-your-gut-shield-your-body-710248,3926,retire,0,0,,0,775,,hydrogen-water-health-benefits-gut-shield-body,Hydrogen Water Health Benefits: Can Your Gut Shield Your Body?
https://hydrogenstudies.com/blog/hydrogen-water-health-benefits-your-cell-questions-answered-817934,3929,retire,0,0,,0,830,,hydrogen-water-health-benefits-cell-questions-answered,Hydrogen Water Health Benefits: Your Cell Questions Answered
https://hydrogenstudies.com/blog/hydrogen-water-brain-health-what-2024-soccer-study-shows-894063,3930,retire,0,0,,0,695,,hydrogen-water-brain-health-soccer-study-shows,Hydrogen Water Brain Health: What 2024 Soccer Study Shows
https://hydrogenstudies.com/blog/how-to-use-hydrogen-water-for-brain-health-after-sports-injuries-896351,3931,retire,0,0,,0,745,how-to-use,use-hydrogen-water-brain-health-after-sports-injuries,How to Use Hydrogen Water for Brain Health After Sports Injuries
https://hydrogenstudies.com/blog/hydrogen-water-brain-health-can-it-help-concussions-heal-926201,3932,retire,0,0,,0,852,,hydrogen-water-brain-health-help-concussions-heal,Hydrogen Water Brain Health: Can It Help Concussions Heal?
https://hydrogenstudies.com/blog/hydrogen-water-health-benefits-athletic-performance-faqs-039062,3935,retire,0,1,12.0,0,838,,hydrogen-water-health-benefits-athletic-performance-faqs,Hydrogen Water Health Benefits: Athletic Performance FAQs
https://hydrogenstudies.com/blog/how-to-use-hydrogen-water-for-gut-health-shield-your-body-from-food-toxins-235845,3940,retire,0,0,,0,752,how-to-use,use-hydrogen-water-gut-health-shield-body-food-toxins,How to Use Hydrogen Water for Gut Health: Shield Your Body from Food Toxins
https://hydrogenstudies.com/blog/how-to-use-hydrogen-water-for-brain-health-after-seizures-a-science-backed-guide-342805,3942,retire,0,0,,0,657,how-to-use,use-hydrogen-water-brain-health-after-seizures-science-backed,How to Use Hydrogen Water for Brain Health After Seizures: A Science-Backed Guide
https://hydrogenstudies.com/blog/hydrogen-water-brain-health-what-2024-seizure-research-shows-344477,3943,retire,0,0,,0,703,,hydrogen-water-brain-health-seizure-research-shows,Hydrogen Water Brain Health: What 2024 Seizure Research Shows
https://hydrogenstudies.com/blog/hydrogen-water-brain-health-can-it-help-after-seizures-375688,3944,retire,0,0,,0,801,,hydrogen-water-brain-health-help-after-seizures,Hydrogen Water Brain Health: Can It Help After Seizures?
https://hydrogenstudies.com/blog/hydrogen-water-health-benefits-what-2024-fly-study-shows-570425,3951,retire,0,0,,0,798,,hydrogen-water-health-benefits-fly-study-shows,Hydrogen Water Health Benefits: What 2024 Fly Study Shows
https://hydrogenstudies.com/blog/hydrogen-water-liver-health-your-workout-questions-answered-588280,3952,retire,0,0,,0,825,,hydrogen-water-liver-health-workout-questions-answered,Hydrogen Water Liver Health: Your Workout Questions Answered
https://hydrogenstudies.com/blog/hydrogen-water-health-benefits-can-it-help-you-live-longer-602604,3953,retire,0,0,,0,829,,hydrogen-water-health-benefits-help-live-longer,Hydrogen Water Health Benefits: Can It Help You Live Longer?
https://hydrogenstudies.com/blog/hydrogen-water-health-benefits-cancer-treatment-questions-930454,3962,retire,0,0,,0,854,,hydrogen-water-health-benefits-cancer-treatment-questions,Hydrogen Water Health Benefits: Cancer Treatment Questions
https://hydrogenstudies.com/blog/hydrogen-water-heart-health-what-2024-research-shows-about-cancer-treatment-protection-009874,3964,retire,0,0,,0,770,,hydrogen-water-heart-health-research-shows-about-cancer-treatment-protection,Hydrogen Water Heart Health: What 2024 Research Shows About Cancer Treatment Protection
https://hydrogenstudies.com/blog/hydrogen-water-heart-health-can-it-shield-you-from-damage-039749,3965,retire,0,0,,0,823,,hydrogen-water-heart-health-shield-damage,Hydrogen Water Heart Health: Can It Shield You From Damage?
https://hydrogenstudies.com/blog/hydrogen-water-health-benefits-what-2024-research-shows-for-exercise-221016,3969,retire,0,0,,0,829,,hydrogen-water-health-benefits-research-shows-exercise,Hydrogen Water Health Benefits: What 2024 Research Shows for Exercise
https://hydrogenstudies.com/blog/how-to-use-hydrogen-water-for-better-workouts-health-benefits-222802,3970,retire,0,0,,0,794,how-to-use,use-hydrogen-water-better-workouts-health-benefits,How to Use Hydrogen Water for Better Workouts: Health Benefits
https://hydrogenstudies.com/blog/hydrogen-water-health-benefits-for-your-heart-your-questions-answered-255470,3971,retire,0,0,,0,916,,hydrogen-water-health-benefits-heart-questions-answered,Hydrogen Water Health Benefits for Your Heart: Your Questions Answered
https://hydrogenstudies.com/blog/hydrogen-water-heart-health-your-emergency-questions-answered-370990,3974,retire,0,0,,0,880,,hydrogen-water-heart-health-emergency-questions-answered,Hydrogen Water Heart Health: Your Emergency Questions Answered
https://hydrogenstudies.com/blog/hydrogen-water-brain-health-what-2024-research-shows-about-cancer-579468,3982,retire,0,0,,0,771,,hydrogen-water-brain-health-research-shows-about-cancer,Hydrogen Water Brain Health: What 2024 Research Shows About Cancer
https://hydrogenstudies.com/blog/hydrogen-water-brain-health-can-it-fight-brain-cancer-611522,3983,retire,0,0,,0,837,,hydrogen-water-brain-health-fight-brain-cancer,Hydrogen Water Brain Health: Can It Fight Brain Cancer?
https://hydrogenstudies.com/blog/hydrogen-water-brain-health-what-2024-research-shows-about-radiation-protection-691603,3985,retire,0,0,,0,791,,hydrogen-water-brain-health-research-shows-about-radiation-protection,Hydrogen Water Brain Health: What 2024 Research Shows About Radiation Protection
https://hydrogenstudies.com/blog/how-to-use-hydrogen-water-for-liver-health-during-surgery-018864,3993,retire,0,0,,0,722,how-to-use,use-hydrogen-water-liver-health-during-surgery,How to Use Hydrogen Water for Liver Health During Surgery
https://hydrogenstudies.com/blog/hydrogen-water-liver-health-what-2024-surgery-research-shows-023079,3994,retire,0,0,,0,806,,hydrogen-water-liver-health-surgery-research-shows,Hydrogen Water Liver Health: What 2024 Surgery Research Shows
https://hydrogenstudies.com/blog/hydrogen-therapy-lung-health-can-it-help-in-emergencies-166601,3998,retire,0,0,,0,811,,hydrogen-therapy-lung-health-help-emergencies,Hydrogen Therapy Lung Health: Can It Help in Emergencies?
https://hydrogenstudies.com/blog/how-to-use-hydrogen-therapy-lung-health-for-emergency-care-395933,4005,retire,0,0,,0,776,,use-hydrogen-therapy-lung-health-emergency-care,How to Use Hydrogen Therapy Lung Health for Emergency Care
https://hydrogenstudies.com/blog/hydrogen-water-health-benefits-brain-protection-faq-403081,4007,retire,0,0,,0,888,,hydrogen-water-health-benefits-brain-protection-faq,Hydrogen Water Health Benefits: Brain Protection FAQ
https://hydrogenstudies.com/blog/hydrogen-therapy-lung-health-can-it-protect-after-injury-433668,4008,retire,0,0,,0,835,,hydrogen-therapy-lung-health-protect-after-injury,Hydrogen Therapy Lung Health: Can It Protect After Injury?
https://hydrogenstudies.com/blog/how-to-use-hydrogen-water-health-benefits-for-fighting-germs-513493,4009,retire,0,0,,0,741,,use-hydrogen-water-health-benefits-fighting-germs,How to Use Hydrogen Water Health Benefits for Fighting Germs
https://hydrogenstudies.com/blog/hydrogen-water-health-benefits-can-it-fight-germs-better-548540,4011,retire,0,0,,0,855,,hydrogen-water-health-benefits-fight-germs-better,Hydrogen Water Health Benefits: Can It Fight Germs Better?
https://hydrogenstudies.com/blog/hydrogen-water-for-bones-your-questions-answered-661094,4014,retire,0,0,,0,815,,hydrogen-water-bones-questions-answered,Hydrogen Water for Bones: Your Questions Answered
https://hydrogenstudies.com/blog/how-to-use-hydrogen-water-for-mouth-fungus-a-science-backed-guide-736996,4015,retire,0,0,,0,679,how-to-use,use-hydrogen-water-mouth-fungus-science-backed,How to Use Hydrogen Water for Mouth Fungus: A Science-Backed Guide
https://hydrogenstudies.com/blog/hydrogen-water-oral-health-what-2024-research-shows-about-thrush-739351,4016,retire,0,0,,0,712,,hydrogen-water-oral-health-research-shows-about-thrush,Hydrogen Water Oral Health: What 2024 Research Shows About Thrush
https://hydrogenstudies.com/blog/hydrogen-water-oral-health-your-mouth-fungus-questions-answered-768986,4017,retire,0,0,,0,803,,hydrogen-water-oral-health-mouth-fungus-questions-answered,Hydrogen Water Oral Health: Your Mouth Fungus Questions Answered
https://hydrogenstudies.com/blog/how-to-use-hydrogen-therapy-for-hearing-health-shield-your-ears-from-loud-noise-damage-952837,4021,retire,0,0,,0,728,,use-hydrogen-therapy-hearing-health-shield-ears-loud-noise-damage,How to Use Hydrogen Therapy for Hearing Health: Shield Your Ears from Loud Noise Damage
https://hydrogenstudies.com/blog/hydrogen-water-and-ear-damage-what-2024-research-shows-955549,4022,retire,0,0,,0,865,what-20xx-research-shows,hydrogen-water-ear-damage-research-shows,Hydrogen Water and Ear Damage: What 2024 Research Shows
https://hydrogenstudies.com/blog/how-to-use-hydrogen-therapy-lung-health-for-surgery-recovery-179460,4028,retire,0,0,,0,757,,use-hydrogen-therapy-lung-health-surgery-recovery,How to Use Hydrogen Therapy Lung Health for Surgery Recovery
https://hydrogenstudies.com/blog/hydrogen-water-health-benefits-what-2024-research-shows-for-infection-fighting-282986,4031,retire,0,0,,0,763,,hydrogen-water-health-benefits-research-shows-infection-fighting,Hydrogen Water Health Benefits: What 2024 Research Shows for Infection Fighting
https://hydrogenstudies.com/blog/how-to-use-hydrogen-water-for-fighting-infection-a-science-backed-guide-285644,4032,retire,0,0,,0,694,how-to-use,use-hydrogen-water-fighting-infection-science-backed,How to Use Hydrogen Water for Fighting Infection: A Science-Backed Guide
https://hydrogenstudies.com/blog/hydrogen-water-health-benefits-what-2024-research-shows-about-fighting-infection-288146,4033,retire,0,0,,0,821,,hydrogen-water-health-benefits-research-shows-about-fighting-infection,Hydrogen Water Health Benefits: What 2024 Research Shows About Fighting Infection
https://hydrogenstudies.com/blog/hydrogen-water-health-benefits-does-it-really-reduce-fever-314049,4035,retire,0,0,,0,805,,hydrogen-water-health-benefits-really-reduce-fever,Hydrogen Water Health Benefits: Does It Really Reduce Fever?
https://hydrogenstudies.com/blog/hydrogen-water-gut-health-for-athletes-your-questions-answered-424768,4040,retire,0,0,,0,851,,hydrogen-water-gut-health-athletes-questions-answered,Hydrogen Water Gut Health for Athletes: Your Questions Answered
https://hydrogenstudies.com/blog/hydrogen-water-brain-health-can-it-help-co-poisoning-531558,4044,retire,0,0,,0,785,,hydrogen-water-brain-health-help-co-poisoning,Hydrogen Water Brain Health: Can It Help CO Poisoning?
https://hydrogenstudies.com/blog/how-to-use-hydrogen-water-for-clean-dentures-oral-health-guide-611535,4045,retire,0,0,,0,738,how-to-use,use-hydrogen-water-clean-dentures-oral-health,How to Use Hydrogen Water for Clean Dentures: Oral Health Guide
https://hydrogenstudies.com/blog/hydrogen-water-oral-health-what-2024-research-shows-617623,4046,retire,0,0,,0,870,what-20xx-research-shows,hydrogen-water-oral-health-research-shows,Hydrogen Water Oral Health: What 2024 Research Shows
https://hydrogenstudies.com/blog/hydrogen-water-oral-health-for-dentures-your-questions-answered-648465,4047,retire,0,0,,0,800,,hydrogen-water-oral-health-dentures-questions-answered,Hydrogen Water Oral Health for Dentures: Your Questions Answered
https://hydrogenstudies.com/blog/hydrogen-water-gut-health-what-2024-research-shows-about-sleep-838181,4051,retire,0,0,,0,768,,hydrogen-water-gut-health-research-shows-about-sleep,Hydrogen Water Gut Health: What 2024 Research Shows About Sleep
https://hydrogenstudies.com/blog/how-to-use-hydrogen-water-for-cancer-lung-care-a-science-guide-950575,4054,retire,0,0,,0,695,how-to-use,use-hydrogen-water-cancer-lung-care-science,How to Use Hydrogen Water for Cancer Lung Care: A Science Guide
https://hydrogenstudies.com/blog/hydrogen-water-and-lung-cancer-care-what-2024-research-shows-953047,4055,retire,0,0,,0,786,what-20xx-research-shows,hydrogen-water-lung-cancer-care-research-shows,Hydrogen Water and Lung Cancer Care: What 2024 Research Shows
https://hydrogenstudies.com/blog/hydrogen-water-for-cancer-treatment-your-questions-answered-982146,4056,retire,0,0,,0,754,,hydrogen-water-cancer-treatment-questions-answered,Hydrogen Water for Cancer Treatment: Your Questions Answered
https://hydrogenstudies.com/blog/hydrogen-water-and-liver-transplants-what-2024-research-shows-175054,4063,retire,0,0,,0,840,what-20xx-research-shows,hydrogen-water-liver-transplants-research-shows,Hydrogen Water and Liver Transplants: What 2024 Research Shows
https://hydrogenstudies.com/blog/hydrogen-water-liver-health-your-transplant-questions-answered-206193,4065,retire,0,0,,0,862,,hydrogen-water-liver-health-transplant-questions-answered,Hydrogen Water Liver Health: Your Transplant Questions Answered
https://hydrogenstudies.com/blog/hydrogen-water-and-blood-clots-what-2024-research-shows-276477,4067,retire,0,0,,0,760,what-20xx-research-shows,hydrogen-water-blood-clots-research-shows,Hydrogen Water and Blood Clots: What 2024 Research Shows
https://hydrogenstudies.com/blog/how-to-use-hydrogen-therapy-bone-health-a-science-backed-guide-489486,4073,retire,0,0,,0,800,,use-hydrogen-therapy-bone-health-science-backed,How to Use Hydrogen Therapy Bone Health: A Science-Backed Guide
https://hydrogenstudies.com/blog/how-to-use-hydrogen-water-for-baby-brain-health-a-science-guide-600176,4075,retire,0,0,,0,717,how-to-use,use-hydrogen-water-baby-brain-health-science,How to Use Hydrogen Water for Baby Brain Health: A Science Guide
https://hydrogenstudies.com/blog/hydrogen-water-and-kidney-cysts-what-2024-research-shows-820610,4081,retire,0,0,,0,666,what-20xx-research-shows,hydrogen-water-kidney-cysts-research-shows,Hydrogen Water and Kidney Cysts: What 2024 Research Shows
https://hydrogenstudies.com/blog/how-to-use-hydrogen-water-for-kidney-health-what-rat-studies-mean-for-you-822333,4082,retire,0,0,,0,763,how-to-use,use-hydrogen-water-kidney-health-rat-studies-mean,How to Use Hydrogen Water for Kidney Health: What Rat Studies Mean for You
https://hydrogenstudies.com/blog/hydrogen-water-kidney-health-your-pkd-questions-answered-854386,4083,retire,0,0,,0,827,,hydrogen-water-kidney-health-pkd-questions-answered,Hydrogen Water Kidney Health: Your PKD Questions Answered
https://hydrogenstudies.com/blog/how-to-use-hydrogen-water-for-liver-health-during-illness-a-science-backed-guide-932407,4085,retire,0,0,,0,761,how-to-use,use-hydrogen-water-liver-health-during-illness-science-backed,How to Use Hydrogen Water for Liver Health During Illness: A Science-Backed Guide
https://hydrogenstudies.com/blog/how-to-use-hydrogen-therapy-for-lung-health-a-science-guide-069108,4091,retire,0,0,,0,787,,use-hydrogen-therapy-lung-health-science,How to Use Hydrogen Therapy for Lung Health: A Science Guide
https://hydrogenstudies.com/blog/hydrogen-water-heart-health-what-2024-research-shows-about-heart-attack-recovery-305233,4096,retire,0,0,,0,764,,hydrogen-water-heart-health-research-shows-about-heart-attack-recovery,Hydrogen Water Heart Health: What 2024 Research Shows About Heart Attack Recovery
https://hydrogenstudies.com/blog/how-to-use-hydrogen-water-for-gut-health-after-surgery-a-science-backed-guide-414726,4100,retire,0,0,,0,762,how-to-use,use-hydrogen-water-gut-health-after-surgery-science-backed,How to Use Hydrogen Water for Gut Health After Surgery: A Science-Backed Guide
https://hydrogenstudies.com/blog/hydrogen-water-kidney-health-your-infection-questions-answered-550863,4104,retire,0,0,,0,775,,hydrogen-water-kidney-health-infection-questions-answered,Hydrogen Water Kidney Health: Your Infection Questions Answered
https://hydrogenstudies.com/blog/hydrogen-water-health-benefits-how-2024-research-fights-germs-634047,4106,retire,0,0,,0,734,,hydrogen-water-health-benefits-research-fights-germs,Hydrogen Water Health Benefits: How 2024 Research Fights Germs
https://hydrogenstudies.com/blog/hydrogen-water-health-benefits-your-wound-healing-questions-667484,4107,retire,0,0,,0,780,,hydrogen-water-health-benefits-wound-healing-questions,Hydrogen Water Health Benefits: Your Wound Healing Questions
https://hydrogenstudies.com/blog/hydrogen-therapy-lung-health-can-it-help-fight-sepsis-782761,4110,retire,0,0,,0,801,,hydrogen-therapy-lung-health-help-fight-sepsis,Hydrogen Therapy Lung Health: Can It Help Fight Sepsis?
https://hydrogenstudies.com/blog/how-to-use-hydrogen-water-for-cancer-care-health-benefits-guide-860913,4111,retire,0,0,,0,783,how-to-use,use-hydrogen-water-cancer-care-health-benefits,How to Use Hydrogen Water for Cancer Care: Health Benefits Guide
https://hydrogenstudies.com/blog/hydrogen-water-liver-health-what-2024-surgery-study-shows-083857,4121,retire,0,0,,0,740,,hydrogen-water-liver-health-surgery-study-shows,Hydrogen Water Liver Health: What 2024 Surgery Study Shows
https://hydrogenstudies.com/blog/hydrogen-water-liver-health-what-2024-pig-study-shows-090288,4123,retire,0,0,,0,844,,hydrogen-water-liver-health-pig-study-shows,Hydrogen Water Liver Health: What 2024 Pig Study Shows
https://hydrogenstudies.com/blog/hydrogen-water-liver-health-does-it-work-for-surgery-120521,4125,retire,0,0,,0,864,,hydrogen-water-liver-health-work-surgery,Hydrogen Water Liver Health: Does It Work for Surgery?
https://hydrogenstudies.com/blog/hydrogen-water-heart-health-what-2024-sleep-apnea-study-shows-316800,4130,retire,0,0,,0,812,,hydrogen-water-heart-health-sleep-apnea-study-shows,Hydrogen Water Heart Health: What 2024 Sleep Apnea Study Shows
https://hydrogenstudies.com/blog/hydrogen-water-heart-health-can-it-help-sleep-apnea-347838,4131,retire,0,0,,0,811,,hydrogen-water-heart-health-help-sleep-apnea,Hydrogen Water Heart Health: Can It Help Sleep Apnea?
https://hydrogenstudies.com/blog/hydrogen-water-and-radiation-skin-what-2024-research-shows-424197,4132,retire,0,0,,0,793,what-20xx-research-shows,hydrogen-water-radiation-skin-research-shows,Hydrogen Water and Radiation Skin: What 2024 Research Shows
https://hydrogenstudies.com/blog/how-to-use-hydrogen-water-for-skin-benefits-a-science-backed-guide-424844,4133,retire,0,0,,0,773,how-to-use,use-hydrogen-water-skin-benefits-science-backed,How to Use Hydrogen Water for Skin Benefits: A Science-Backed Guide
https://hydrogenstudies.com/blog/hydrogen-water-for-skin-healing-your-questions-answered-453903,4134,retire,0,0,,0,762,,hydrogen-water-skin-healing-questions-answered,Hydrogen Water for Skin Healing: Your Questions Answered
https://hydrogenstudies.com/blog/how-to-use-hydrogen-water-health-benefits-for-cancer-support-634637,4139,retire,0,0,,0,784,,use-hydrogen-water-health-benefits-cancer-support,How to Use Hydrogen Water Health Benefits for Cancer Support
https://hydrogenstudies.com/blog/how-to-use-hydrogen-water-for-energy-a-science-backed-guide-736013,4141,retire,0,4,6.3,0,803,how-to-use,use-hydrogen-water-energy-science-backed,How to Use Hydrogen Water for Energy: A Science-Backed Guide
https://hydrogenstudies.com/blog/hydrogen-water-health-benefits-does-it-really-boost-energy-767918,4143,retire,0,0,,0,820,,hydrogen-water-health-benefits-really-boost-energy,Hydrogen Water Health Benefits: Does It Really Boost Energy?
https://hydrogenstudies.com/blog/how-to-use-hydrogen-therapy-hearing-health-for-workplace-noise-852315,4144,retire,0,0,,0,699,,use-hydrogen-therapy-hearing-health-workplace-noise,How to Use Hydrogen Therapy Hearing Health for Workplace Noise
https://hydrogenstudies.com/blog/hydrogen-water-for-liver-health-your-surgery-questions-answered-908273,4149,retire,0,0,,0,865,,hydrogen-water-liver-health-surgery-questions-answered,Hydrogen Water for Liver Health: Your Surgery Questions Answered
https://hydrogenstudies.com/blog/how-to-use-hydrogen-water-for-heart-health-during-surgery-a-science-backed-guide-088747,4153,retire,0,0,,0,802,how-to-use,use-hydrogen-water-heart-health-during-surgery-science-backed,How to Use Hydrogen Water for Heart Health During Surgery: A Science-Backed Guide
https://hydrogenstudies.com/blog/hydrogen-water-heart-health-what-2024-research-shows-about-surgery-protection-092215,4154,retire,0,0,,0,876,,hydrogen-water-heart-health-research-shows-about-surgery-protection,Hydrogen Water Heart Health: What 2024 Research Shows About Surgery Protection
https://hydrogenstudies.com/blog/hydrogen-water-heart-health-can-it-help-during-surgery-124440,4155,retire,0,0,,0,817,,hydrogen-water-heart-health-help-during-surgery,Hydrogen Water Heart Health: Can It Help During Surgery?
https://hydrogenstudies.com/blog/hydrogen-water-kidney-health-your-cancer-treatment-questions-answered-461118,4164,retire,0,0,,0,829,,hydrogen-water-kidney-health-cancer-treatment-questions-answered,Hydrogen Water Kidney Health: Your Cancer Treatment Questions Answered
https://hydrogenstudies.com/blog/hydrogen-water-health-benefits-for-fighters-what-2024-research-shows-760715,4171,retire,0,0,,0,750,what-20xx-research-shows,hydrogen-water-health-benefits-fighters-research-shows,Hydrogen Water Health Benefits for Fighters: What 2024 Research Shows
https://hydrogenstudies.com/blog/hydrogen-water-and-stuffy-nose-what-2024-research-shows-114507,4184,retire,0,1,1.0,0,725,what-20xx-research-shows,hydrogen-water-stuffy-nose-research-shows,Hydrogen Water and Stuffy Nose: What 2024 Research Shows
https://hydrogenstudies.com/blog/how-to-use-hydrogen-water-for-pressure-sore-relief-a-science-backed-guide-228063,4187,retire,0,0,,0,711,how-to-use,use-hydrogen-water-pressure-sore-relief-science-backed,How to Use Hydrogen Water for Pressure Sore Relief: A Science-Backed Guide
https://hydrogenstudies.com/blog/hydrogen-water-skin-benefits-your-pressure-sore-questions-262043,4188,retire,0,0,,0,801,,hydrogen-water-skin-benefits-pressure-sore-questions,Hydrogen Water Skin Benefits: Your Pressure Sore Questions
https://hydrogenstudies.com/blog/hydrogen-water-heart-health-what-2024-research-shows-about-exercise-342139,4190,retire,0,0,,0,843,,hydrogen-water-heart-health-research-shows-about-exercise,Hydrogen Water Heart Health: What 2024 Research Shows About Exercise
https://hydrogenstudies.com/blog/hydrogen-water-and-gerd-what-2024-research-shows-563913,4195,retire,0,0,,0,799,what-20xx-research-shows,hydrogen-water-gerd-research-shows,Hydrogen Water and GERD: What 2024 Research Shows
https://hydrogenstudies.com/blog/how-to-use-hydrogen-water-for-stomach-acid-relief-a-science-backed-guide-565345,4196,retire,0,0,,0,723,how-to-use,use-hydrogen-water-stomach-acid-relief-science-backed,How to Use Hydrogen Water for Stomach Acid Relief: A Science-Backed Guide
https://hydrogenstudies.com/blog/hydrogen-water-stomach-relief-what-2024-research-shows-573683,4197,retire,0,0,,0,809,what-20xx-research-shows,hydrogen-water-stomach-relief-research-shows,Hydrogen Water Stomach Relief: What 2024 Research Shows
https://hydrogenstudies.com/blog/how-to-use-hydrogen-water-for-brain-health-after-head-injuries-661077,4199,retire,0,0,,0,759,how-to-use,use-hydrogen-water-brain-health-after-head-injuries,How to Use Hydrogen Water for Brain Health After Head Injuries
https://hydrogenstudies.com/blog/hydrogen-water-brain-health-can-it-protect-after-injury-694797,4203,retire,0,0,,0,833,,hydrogen-water-brain-health-protect-after-injury,Hydrogen Water Brain Health: Can It Protect After Injury?
https://hydrogenstudies.com/blog/hydrogen-water-brain-health-your-tbi-recovery-questions-answered-703431,4204,retire,0,0,,0,838,,hydrogen-water-brain-health-tbi-recovery-questions-answered,Hydrogen Water Brain Health: Your TBI Recovery Questions Answered
https://hydrogenstudies.com/blog/how-to-use-hydrogen-water-for-better-muscle-blood-flow-766971,4205,retire,0,0,,0,708,how-to-use,use-hydrogen-water-better-muscle-blood-flow,How to Use Hydrogen Water for Better Muscle Blood Flow
https://hydrogenstudies.com/blog/hydrogen-water-and-muscle-blood-flow-what-2024-research-shows-777823,4207,retire,0,0,,0,715,what-20xx-research-shows,hydrogen-water-muscle-blood-flow-research-shows,Hydrogen Water and Muscle Blood Flow: What 2024 Research Shows
https://hydrogenstudies.com/blog/hydrogen-water-liver-health-what-2024-surgery-studies-show-873465,4211,retire,0,0,,0,794,,hydrogen-water-liver-health-surgery-studies-show,Hydrogen Water Liver Health: What 2024 Surgery Studies Show
https://hydrogenstudies.com/blog/how-to-use-hydrogen-water-for-brain-health-in-kids-a-science-backed-guide-990486,4215,retire,0,0,,0,821,how-to-use,use-hydrogen-water-brain-health-kids-science-backed,How to Use Hydrogen Water for Brain Health in Kids: A Science-Backed Guide
https://hydrogenstudies.com/blog/how-to-use-hydrogen-therapy-lung-health-for-transplants-111806,4217,retire,0,0,,0,746,,use-hydrogen-therapy-lung-health-transplants,How to Use Hydrogen Therapy Lung Health for Transplants
https://hydrogenstudies.com/blog/hydrogen-water-gut-health-what-2024-mouse-study-shows-228705,4221,retire,0,5,95.4,0,822,,hydrogen-water-gut-health-mouse-study-shows,Hydrogen Water Gut Health: What 2024 Mouse Study Shows
https://hydrogenstudies.com/blog/how-to-use-hydrogen-water-for-kidney-health-what-science-shows-336687,4223,retire,0,0,,0,686,how-to-use,use-hydrogen-water-kidney-health-science-shows,How to Use Hydrogen Water for Kidney Health: What Science Shows
https://hydrogenstudies.com/blog/hydrogen-water-kidney-health-does-it-really-work-373223,4225,retire,0,0,,0,832,,hydrogen-water-kidney-health-really-work,Hydrogen Water Kidney Health: Does It Really Work?
https://hydrogenstudies.com/blog/how-to-use-hydrogen-water-for-brain-health-womens-memory-guide-456551,4228,retire,0,0,,0,744,how-to-use,use-hydrogen-water-brain-health-womens-memory,How to Use Hydrogen Water for Brain Health: Women's Memory Guide
https://hydrogenstudies.com/blog/hydrogen-water-brain-health-what-2024-research-shows-for-women-456665,4229,retire,0,0,,0,752,,hydrogen-water-brain-health-research-shows-women,Hydrogen Water Brain Health: What 2024 Research Shows for Women
https://hydrogenstudies.com/blog/hydrogen-water-brain-health-does-gender-matter-486038,4231,retire,0,0,,0,786,,hydrogen-water-brain-health-gender-matter,Hydrogen Water Brain Health: Does Gender Matter?
https://hydrogenstudies.com/blog/hydrogen-water-brain-health-can-it-help-after-heart-issues-686607,4242,retire,0,0,,0,804,,hydrogen-water-brain-health-help-after-heart-issues,Hydrogen Water Brain Health: Can It Help After Heart Issues?
https://hydrogenstudies.com/blog/hydrogen-water-gut-health-what-2024-research-shows-about-fighting-infections-761360,4244,retire,0,0,,0,702,,hydrogen-water-gut-health-research-shows-about-fighting-infections,Hydrogen Water Gut Health: What 2024 Research Shows About Fighting Infections
https://hydrogenstudies.com/blog/how-to-use-hydrogen-water-for-gut-health-during-illness-760312,4245,retire,0,0,,0,743,how-to-use,use-hydrogen-water-gut-health-during-illness,How to Use Hydrogen Water for Gut Health During Illness
https://hydrogenstudies.com/blog/hydrogen-water-gut-health-can-it-stop-bad-bacteria-790023,4246,retire,0,0,,0,795,,hydrogen-water-gut-health-stop-bad-bacteria,Hydrogen Water Gut Health: Can It Stop Bad Bacteria?
https://hydrogenstudies.com/blog/how-to-use-hydrogen-water-for-babys-brain-health-a-safety-guide-976560,4250,retire,0,0,,0,708,how-to-use,use-hydrogen-water-babys-brain-health-safety,How to Use Hydrogen Water for Baby's Brain Health: A Safety Guide
https://hydrogenstudies.com/blog/hydrogen-water-and-lung-cancer-what-2024-research-shows-306779,4259,retire,0,1,3.0,0,733,what-20xx-research-shows,hydrogen-water-lung-cancer-research-shows,Hydrogen Water and Lung Cancer: What 2024 Research Shows
https://hydrogenstudies.com/blog/hydrogen-therapy-lung-health-can-it-fight-cancer-338461,4262,retire,0,0,,0,758,,hydrogen-therapy-lung-health-fight-cancer,Hydrogen Therapy Lung Health: Can It Fight Cancer?
https://hydrogenstudies.com/blog/hydrogen-water-nose-rinse-your-allergy-questions-answered-369330,4264,retire,0,0,,0,825,,hydrogen-water-nose-rinse-allergy-questions-answered,Hydrogen Water Nose Rinse: Your Allergy Questions Answered
https://hydrogenstudies.com/blog/hydrogen-water-health-benefits-fat-loss-questions-answered-703996,4273,retire,0,0,,0,847,,hydrogen-water-health-benefits-fat-loss-questions-answered,Hydrogen Water Health Benefits: Fat Loss Questions Answered
https://hydrogenstudies.com/blog/how-to-use-hydrogen-water-health-benefits-for-energy-a-science-backed-guide-788003,4275,retire,0,0,,0,708,,use-hydrogen-water-health-benefits-energy-science-backed,How to Use Hydrogen Water Health Benefits for Energy: A Science-Backed Guide
https://hydrogenstudies.com/blog/hydrogen-water-health-benefits-your-energy-questions-answered-816633,4276,retire,0,0,,0,795,,hydrogen-water-health-benefits-energy-questions-answered,Hydrogen Water Health Benefits: Your Energy Questions Answered
https://hydrogenstudies.com/blog/how-to-use-hydrogen-water-for-oral-health-a-science-backed-guide-003503,4281,retire,0,0,,0,792,how-to-use,use-hydrogen-water-oral-health-science-backed,How to Use Hydrogen Water for Oral Health: A Science-Backed Guide
https://hydrogenstudies.com/blog/hydrogen-water-liver-health-surgery-protection-questions-answered-152688,4285,retire,0,0,,0,789,,hydrogen-water-liver-health-surgery-protection-questions-answered,Hydrogen Water Liver Health: Surgery Protection Questions Answered
https://hydrogenstudies.com/blog/how-to-use-hydrogen-water-health-benefits-for-faster-healing-228427,4286,retire,0,0,,0,717,,use-hydrogen-water-health-benefits-faster-healing,How to Use Hydrogen Water Health Benefits for Faster Healing
https://hydrogenstudies.com/blog/how-to-use-hydrogen-water-for-brain-health-protect-nerves-232663,4289,retire,0,0,,0,808,how-to-use,use-hydrogen-water-brain-health-protect-nerves,How to Use Hydrogen Water for Brain Health: Protect Nerves
https://hydrogenstudies.com/blog/hydrogen-water-health-benefits-for-wounds-your-questions-answered-261888,4290,retire,0,0,,0,852,,hydrogen-water-health-benefits-wounds-questions-answered,Hydrogen Water Health Benefits for Wounds: Your Questions Answered
https://hydrogenstudies.com/blog/hydrogen-water-brain-health-can-it-help-diabetic-nerve-pain-264763,4291,retire,0,0,,0,886,,hydrogen-water-brain-health-help-diabetic-nerve-pain,Hydrogen Water Brain Health: Can It Help Diabetic Nerve Pain?
https://hydrogenstudies.com/blog/how-to-use-hydrogen-water-for-brain-health-sleep-better-and-think-clearer-449459,4295,retire,0,0,,0,674,how-to-use,use-hydrogen-water-brain-health-sleep-better-think-clearer,How to Use Hydrogen Water for Brain Health: Sleep Better and Think Clearer
https://hydrogenstudies.com/blog/hydrogen-water-and-sleep-apnea-what-2024-research-shows-453412,4296,retire,0,0,,0,781,what-20xx-research-shows,hydrogen-water-sleep-apnea-research-shows,Hydrogen Water and Sleep Apnea: What 2024 Research Shows
https://hydrogenstudies.com/blog/hydrogen-water-brain-health-can-it-help-sleep-apnea-481674,4297,retire,0,0,,0,766,,hydrogen-water-brain-health-help-sleep-apnea,Hydrogen Water Brain Health: Can It Help Sleep Apnea?
https://hydrogenstudies.com/blog/hydrogen-water-health-benefits-your-lab-questions-answered-592527,4300,retire,0,0,,0,826,,hydrogen-water-health-benefits-lab-questions-answered,Hydrogen Water Health Benefits: Your Lab Questions Answered
https://hydrogenstudies.com/blog/how-to-use-hydrogen-water-for-brain-health-ms-protection-guide-669558,4302,retire,0,0,,0,769,how-to-use,use-hydrogen-water-brain-health-ms-protection,How to Use Hydrogen Water for Brain Health: MS Protection Guide
https://hydrogenstudies.com/blog/hydrogen-water-brain-health-your-ms-questions-answered-701126,4303,retire,0,0,,0,863,,hydrogen-water-brain-health-ms-questions-answered,Hydrogen Water Brain Health: Your MS Questions Answered
https://hydrogenstudies.com/blog/how-to-use-hydrogen-water-for-tendon-healing-a-science-backed-guide-096691,4313,retire,0,0,,0,742,how-to-use,use-hydrogen-water-tendon-healing-science-backed,How to Use Hydrogen Water for Tendon Healing: A Science-Backed Guide
https://hydrogenstudies.com/blog/hydrogen-water-and-tendon-surgery-what-2024-research-shows-097497,4314,retire,0,0,,0,761,what-20xx-research-shows,hydrogen-water-tendon-surgery-research-shows,Hydrogen Water and Tendon Surgery: What 2024 Research Shows
https://hydrogenstudies.com/blog/how-to-use-hydrogen-water-for-brain-health-boost-mood-naturally-130334,4316,retire,0,0,,0,711,how-to-use,use-hydrogen-water-brain-health-boost-mood-naturally,How to Use Hydrogen Water for Brain Health: Boost Mood Naturally
https://hydrogenstudies.com/blog/hydrogen-water-brain-health-your-stress-questions-answered-160473,4318,retire,0,0,,0,847,,hydrogen-water-brain-health-stress-questions-answered,Hydrogen Water Brain Health: Your Stress Questions Answered
https://hydrogenstudies.com/blog/hydrogen-water-and-preterm-birth-what-2024-research-shows-238209,4320,retire,0,0,,0,783,what-20xx-research-shows,hydrogen-water-preterm-birth-research-shows,Hydrogen Water and Preterm Birth: What 2024 Research Shows
https://hydrogenstudies.com/blog/hydrogen-water-and-peritonium-what-2024-research-shows-443399,4326,retire,0,0,,0,819,what-20xx-research-shows,hydrogen-water-peritonium-research-shows,Hydrogen Water and Peritonium: What 2024 Research Shows
https://hydrogenstudies.com/blog/hydrogen-water-kidney-health-can-it-protect-during-surgery-699782,4333,retire,0,0,,0,859,,hydrogen-water-kidney-health-protect-during-surgery,Hydrogen Water Kidney Health: Can It Protect During Surgery?
https://hydrogenstudies.com/blog/hydrogen-water-health-benefits-your-workout-recovery-questions-answered-914970,4339,retire,0,0,,0,828,,hydrogen-water-health-benefits-workout-recovery-questions-answered,Hydrogen Water Health Benefits: Your Workout Recovery Questions Answered
https://hydrogenstudies.com/blog/how-to-use-hydrogen-water-health-benefits-for-full-body-cell-protection-028030,4343,retire,0,0,,0,702,,use-hydrogen-water-health-benefits-full-body-cell-protection,How to Use Hydrogen Water Health Benefits for Full Body Cell Protection
https://hydrogenstudies.com/blog/hydrogen-water-health-benefits-what-2024-mouse-studies-show-031695,4344,retire,0,0,,0,810,,hydrogen-water-health-benefits-mouse-studies-show,Hydrogen Water Health Benefits: What 2024 Mouse Studies Show
https://hydrogenstudies.com/blog/hydrogen-water-oral-health-your-gum-disease-questions-answered-164161,4348,retire,0,0,,0,772,,hydrogen-water-oral-health-gum-disease-questions-answered,Hydrogen Water Oral Health: Your Gum Disease Questions Answered
https://hydrogenstudies.com/blog/how-to-use-hydrogen-water-health-benefits-to-fight-germs-safely-239908,4349,retire,0,0,,0,701,,use-hydrogen-water-health-benefits-fight-germs-safely,How to Use Hydrogen Water Health Benefits to Fight Germs Safely
https://hydrogenstudies.com/blog/hydrogen-water-and-wound-healing-what-2024-research-shows-241135,4350,retire,0,0,,0,781,what-20xx-research-shows,hydrogen-water-wound-healing-research-shows,Hydrogen Water and Wound Healing: What 2024 Research Shows
https://hydrogenstudies.com/blog/how-to-use-hydrogen-water-for-brain-health-keep-your-mind-sharp-453735,4356,retire,0,0,,0,751,how-to-use,use-hydrogen-water-brain-health-keep-mind-sharp,How to Use Hydrogen Water for Brain Health: Keep Your Mind Sharp
https://hydrogenstudies.com/blog/how-to-use-hydrogen-water-for-gum-health-in-pregnancy-safety-guide-657921,4361,retire,0,0,,0,679,how-to-use,use-hydrogen-water-gum-health-pregnancy-safety,How to Use Hydrogen Water for Gum Health in Pregnancy: Safety Guide
https://hydrogenstudies.com/blog/how-to-use-hydrogen-water-for-ibs-relief-a-science-backed-guide-880055,4367,retire,0,0,,0,726,how-to-use,use-hydrogen-water-ibs-relief-science-backed,How to Use Hydrogen Water for IBS Relief: A Science-Backed Guide
https://hydrogenstudies.com/blog/hydrogen-water-gut-health-what-2024-research-shows-for-ibs-881804,4368,retire,0,0,,0,825,,hydrogen-water-gut-health-research-shows-ibs,Hydrogen Water Gut Health: What 2024 Research Shows for IBS
https://hydrogenstudies.com/blog/hydrogen-water-gut-health-your-ibs-questions-answered-911905,4369,retire,0,0,,0,833,,hydrogen-water-gut-health-ibs-questions-answered,Hydrogen Water Gut Health: Your IBS Questions Answered
https://hydrogenstudies.com/blog/hydrogen-water-health-benefits-after-exercise-what-2024-research-shows-929682,4371,retire,0,0,,0,769,what-20xx-research-shows,hydrogen-water-health-benefits-after-exercise-research-shows,Hydrogen Water Health Benefits After Exercise: What 2024 Research Shows
https://hydrogenstudies.com/blog/hydrogen-water-heart-health-what-2024-surgery-research-shows-038354,4374,retire,0,0,,0,803,,hydrogen-water-heart-health-surgery-research-shows,Hydrogen Water Heart Health: What 2024 Surgery Research Shows
https://hydrogenstudies.com/blog/hydrogen-water-heart-health-can-it-protect-during-surgery-065640,4375,retire,0,0,,0,757,,hydrogen-water-heart-health-protect-during-surgery,Hydrogen Water Heart Health: Can It Protect During Surgery?
https://hydrogenstudies.com/blog/how-to-use-hydrogen-water-for-gut-health-in-parkinsons-142370,4377,retire,0,0,,0,758,how-to-use,use-hydrogen-water-gut-health-parkinsons,How to Use Hydrogen Water for Gut Health in Parkinson's
https://hydrogenstudies.com/blog/hydrogen-water-gut-health-can-it-help-parkinsons-disease-171293,4378,retire,0,0,,0,842,,hydrogen-water-gut-health-help-parkinsons-disease,Hydrogen Water Gut Health: Can It Help Parkinson's Disease?
https://hydrogenstudies.com/blog/hydrogen-water-liver-health-can-it-save-transplant-lives-288488,4381,retire,0,0,,0,898,,hydrogen-water-liver-health-save-transplant-lives,Hydrogen Water Liver Health: Can It Save Transplant Lives?
https://hydrogenstudies.com/blog/hydrogen-water-brain-health-can-it-help-babies-502172,4387,retire,0,0,,0,836,,hydrogen-water-brain-health-help-babies,Hydrogen Water Brain Health: Can It Help Babies?
https://hydrogenstudies.com/blog/hydrogen-therapy-bone-health-can-it-help-knee-pain-610306,4390,retire,0,0,,0,781,,hydrogen-therapy-bone-health-help-knee-pain,Hydrogen Therapy Bone Health: Can It Help Knee Pain?
https://hydrogenstudies.com/blog/hydrogen-therapy-lung-health-can-it-stop-cancer-growth-724192,4393,retire,0,0,,0,821,,hydrogen-therapy-lung-health-stop-cancer-growth,Hydrogen Therapy Lung Health: Can It Stop Cancer Growth?
https://hydrogenstudies.com/blog/how-to-use-hydrogen-water-for-kidney-health-after-burns-831301,4397,retire,0,0,,0,709,how-to-use,use-hydrogen-water-kidney-health-after-burns,How to Use Hydrogen Water for Kidney Health After Burns
https://hydrogenstudies.com/blog/hydrogen-water-brain-health-can-it-help-injury-recovery-960754,4402,retire,0,0,,0,749,,hydrogen-water-brain-health-help-injury-recovery,Hydrogen Water Brain Health: Can It Help Injury Recovery?
https://hydrogenstudies.com/blog/hydrogen-water-brain-health-what-2024-research-shows-about-stroke-250002,4410,retire,0,0,,0,765,,hydrogen-water-brain-health-research-shows-about-stroke,Hydrogen Water Brain Health: What 2024 Research Shows About Stroke
https://hydrogenstudies.com/blog/hydrogen-water-gut-health-what-2024-research-shows-about-cancer-treatment-protection-374463,4412,retire,0,0,,0,768,,hydrogen-water-gut-health-research-shows-about-cancer-treatment-protection,Hydrogen Water Gut Health: What 2024 Research Shows About Cancer Treatment Protection
https://hydrogenstudies.com/blog/how-to-use-hydrogen-water-for-gut-health-during-cancer-treatment-a-science-backed-guide-375492,4413,retire,0,0,,0,707,how-to-use,use-hydrogen-water-gut-health-during-cancer-treatment-science-backed,How to Use Hydrogen Water for Gut Health During Cancer Treatment: A Science-Backed Guide
https://hydrogenstudies.com/blog/hydrogen-water-gut-health-can-it-help-during-cancer-treatment-420783,4414,retire,0,0,,0,890,,hydrogen-water-gut-health-help-during-cancer-treatment,Hydrogen Water Gut Health: Can It Help During Cancer Treatment?
https://hydrogenstudies.com/blog/how-to-use-hydrogen-water-health-benefits-for-cancer-support-a-science-backed-guide-777436,4423,retire,0,0,,0,777,,use-hydrogen-water-health-benefits-cancer-support-science-backed,How to Use Hydrogen Water Health Benefits for Cancer Support: A Science-Backed Guide
https://hydrogenstudies.com/blog/hydrogen-water-brain-health-what-2024-research-shows-for-injury-recovery-031836,4434,retire,0,0,,0,795,,hydrogen-water-brain-health-research-shows-injury-recovery,Hydrogen Water Brain Health: What 2024 Research Shows for Injury Recovery
https://hydrogenstudies.com/blog/hydrogen-water-skin-benefits-your-sun-protection-questions-answered-206528,4439,retire,0,0,,0,845,,hydrogen-water-skin-benefits-sun-protection-questions-answered,Hydrogen Water Skin Benefits: Your Sun Protection Questions Answered
https://hydrogenstudies.com/blog/how-to-use-hydrogen-therapy-lung-health-for-transplant-recovery-296794,4441,retire,0,0,,0,690,,use-hydrogen-therapy-lung-health-transplant-recovery,How to Use Hydrogen Therapy Lung Health for Transplant Recovery
https://hydrogenstudies.com/blog/hydrogen-therapy-lung-health-what-2024-mouse-study-shows-431833,4443,retire,0,0,,0,737,,hydrogen-therapy-lung-health-mouse-study-shows,Hydrogen Therapy Lung Health: What 2024 Mouse Study Shows
https://hydrogenstudies.com/blog/how-to-use-hydrogen-water-for-bone-marrow-health-a-science-backed-guide-689090,4451,retire,0,0,,0,820,how-to-use,use-hydrogen-water-bone-marrow-health-science-backed,How to Use Hydrogen Water for Bone Marrow Health: A Science-Backed Guide
https://hydrogenstudies.com/blog/how-to-use-hydrogen-water-for-food-safety-a-science-backed-guide-822023,4456,retire,0,0,,0,717,how-to-use,use-hydrogen-water-food-safety-science-backed,How to Use Hydrogen Water for Food Safety: A Science-Backed Guide
https://hydrogenstudies.com/blog/hydrogen-water-health-benefits-your-toxin-questions-answered-862089,4457,retire,0,0,,0,846,,hydrogen-water-health-benefits-toxin-questions-answered,Hydrogen Water Health Benefits: Your Toxin Questions Answered
https://hydrogenstudies.com/blog/how-to-use-hydrogen-water-for-better-oral-health-a-science-backed-guide-944942,4460,retire,0,0,,0,747,how-to-use,use-hydrogen-water-better-oral-health-science-backed,How to Use Hydrogen Water for Better Oral Health: A Science-Backed Guide
https://hydrogenstudies.com/blog/hydrogen-therapy-lung-health-can-it-help-breathing-problems-110346,4464,retire,0,0,,0,824,,hydrogen-therapy-lung-health-help-breathing-problems,Hydrogen Therapy Lung Health: Can It Help Breathing Problems?
https://hydrogenstudies.com/blog/how-to-use-hydrogen-water-for-psoriasis-skin-benefits-guide-192097,4466,retire,0,0,,0,747,how-to-use,use-hydrogen-water-psoriasis-skin-benefits,How to Use Hydrogen Water for Psoriasis: Skin Benefits Guide
https://hydrogenstudies.com/blog/hydrogen-water-health-benefits-what-2024-research-shows-about-exercise-fatigue-441586,4471,retire,0,0,,0,744,,hydrogen-water-health-benefits-research-shows-about-exercise-fatigue,Hydrogen Water Health Benefits: What 2024 Research Shows About Exercise Fatigue
https://hydrogenstudies.com/blog/hydrogen-water-and-eye-burns-what-2024-research-shows-697882,4482,retire,0,0,,0,37,what-20xx-research-shows,hydrogen-water-eye-burns-research-shows,Hydrogen Water and Eye Burns: What 2024 Research Shows
https://hydrogenstudies.com/blog/hydrogen-water-eye-health-what-2024-research-really-shows-700526,4483,retire,0,0,,0,37,,hydrogen-water-eye-health-research-really-shows,Hydrogen Water Eye Health: What 2024 Research Really Shows
https://hydrogenstudies.com/blog/hydrogen-water-eye-health-can-it-heal-eye-injuries-742920,4486,retire,0,0,,0,37,,hydrogen-water-eye-health-heal-eye-injuries,Hydrogen Water Eye Health: Can It Heal Eye Injuries?
https://hydrogenstudies.com/blog/how-to-use-hydrogen-water-for-eye-health-uv-protection-guide-828028,4487,retire,0,0,,0,666,how-to-use,use-hydrogen-water-eye-health-uv-protection,How to Use Hydrogen Water for Eye Health: UV Protection Guide
https://hydrogenstudies.com/blog/hydrogen-water-eye-health-uv-protection-questions-answered-874128,4492,retire,0,0,,0,872,,hydrogen-water-eye-health-uv-protection-questions-answered,Hydrogen Water Eye Health: UV Protection Questions Answered
https://hydrogenstudies.com/blog/how-to-use-hydrogen-water-for-brain-health-during-surgery-a-science-backed-guide-214976,4500,retire,0,0,,0,698,how-to-use,use-hydrogen-water-brain-health-during-surgery-science-backed,How to Use Hydrogen Water for Brain Health During Surgery: A Science-Backed Guide
https://hydrogenstudies.com/blog/how-to-use-hydrogen-therapy-for-hearing-health-protect-your-ears-351044,4503,retire,0,0,,0,794,,use-hydrogen-therapy-hearing-health-protect-ears,How to Use Hydrogen Therapy for Hearing Health: Protect Your Ears
https://hydrogenstudies.com/blog/how-to-use-hydrogen-water-for-liver-health-during-surgery-recovery-597216,4508,retire,0,0,,0,716,how-to-use,use-hydrogen-water-liver-health-during-surgery-recovery,How to Use Hydrogen Water for Liver Health During Surgery Recovery
https://hydrogenstudies.com/blog/how-to-use-hydrogen-water-for-liver-health-after-injury-a-science-backed-guide-758988,4514,retire,0,0,,0,703,how-to-use,use-hydrogen-water-liver-health-after-injury-science-backed,How to Use Hydrogen Water for Liver Health After Injury: A Science-Backed Guide
https://hydrogenstudies.com/blog/how-to-use-hydrogen-therapy-for-hearing-health-during-cancer-treatment-023191,4520,retire,0,0,,0,748,,use-hydrogen-therapy-hearing-health-during-cancer-treatment,How to Use Hydrogen Therapy for Hearing Health During Cancer Treatment
https://hydrogenstudies.com/blog/hydrogen-water-brain-health-what-2024-research-shows-about-stress-156624,4524,retire,0,0,,0,812,,hydrogen-water-brain-health-research-shows-about-stress,Hydrogen Water Brain Health: What 2024 Research Shows About Stress
https://hydrogenstudies.com/blog/hydrogen-water-brain-health-can-it-help-with-stress-195467,4525,retire,0,0,,0,801,,hydrogen-water-brain-health-help-stress,Hydrogen Water Brain Health: Can It Help With Stress?
https://hydrogenstudies.com/blog/hydrogen-water-brain-health-can-it-help-after-heart-problems-325497,4528,retire,0,0,,0,883,,hydrogen-water-brain-health-help-after-heart-problems,Hydrogen Water Brain Health: Can It Help After Heart Problems?
https://hydrogenstudies.com/blog/hydrogen-water-heart-health-can-it-protect-during-attacks-462264,4532,retire,0,0,,0,835,,hydrogen-water-heart-health-protect-during-attacks,Hydrogen Water Heart Health: Can It Protect During Attacks?
https://hydrogenstudies.com/blog/how-to-use-hydrogen-water-for-testes-health-after-injury-545876,4533,retire,0,0,,0,701,how-to-use,use-hydrogen-water-testes-health-after-injury,How to Use Hydrogen Water for Testes Health After Injury
https://hydrogenstudies.com/blog/hydrogen-water-liver-health-can-it-protect-during-surgery-596633,4538,retire,0,0,,0,897,,hydrogen-water-liver-health-protect-during-surgery,Hydrogen Water Liver Health: Can It Protect During Surgery?
https://hydrogenstudies.com/blog/hydrogen-water-health-benefits-what-2024-food-safety-research-shows-685007,4539,retire,0,0,,0,743,,hydrogen-water-health-benefits-food-safety-research-shows,Hydrogen Water Health Benefits: What 2024 Food Safety Research Shows
https://hydrogenstudies.com/blog/how-to-use-hydrogen-water-for-detox-health-benefits-guide-685066,4540,retire,0,0,,0,761,how-to-use,use-hydrogen-water-detox-health-benefits,How to Use Hydrogen Water for Detox: Health Benefits Guide
https://hydrogenstudies.com/blog/hydrogen-water-health-benefits-can-it-detox-your-body-730803,4542,retire,0,0,,0,856,,hydrogen-water-health-benefits-detox-body,Hydrogen Water Health Benefits: Can It Detox Your Body?
https://hydrogenstudies.com/blog/hydrogen-water-and-diabetes-what-2024-research-shows-for-bone-health-816585,4545,retire,0,0,,0,782,,hydrogen-water-diabetes-research-shows-bone-health,Hydrogen Water and Diabetes: What 2024 Research Shows for Bone Health
https://hydrogenstudies.com/blog/hydrogen-water-for-strong-bones-your-questions-answered-857006,4546,retire,0,0,,0,835,,hydrogen-water-strong-bones-questions-answered,Hydrogen Water for Strong Bones: Your Questions Answered
https://hydrogenstudies.com/blog/how-to-use-electrolysis-hydrogen-water-for-better-health-benefits-a-science-backed-guide-941331,4547,retire,0,0,,0,669,,use-electrolysis-hydrogen-water-better-health-benefits-science-backed,How to Use Electrolysis Hydrogen Water for Better Health Benefits: A Science-Backed Guide
https://hydrogenstudies.com/blog/how-to-use-hydrogen-water-health-benefits-to-fight-aging-074651,4551,retire,0,0,,0,687,,use-hydrogen-water-health-benefits-fight-aging,How to Use Hydrogen Water Health Benefits to Fight Aging
https://hydrogenstudies.com/blog/hydrogen-water-and-muscle-disease-what-2024-research-shows-204543,4553,retire,0,0,,0,714,what-20xx-research-shows,hydrogen-water-muscle-disease-research-shows,Hydrogen Water and Muscle Disease: What 2024 Research Shows
https://hydrogenstudies.com/blog/how-to-use-hydrogen-water-for-better-recovery-health-benefits-during-illness-451626,4560,retire,0,0,,0,746,how-to-use,use-hydrogen-water-better-recovery-health-benefits-during-illness,How to Use Hydrogen Water for Better Recovery: Health Benefits During Illness
https://hydrogenstudies.com/blog/hydrogen-water-health-benefits-what-2024-research-shows-for-infections-455989,4561,retire,0,0,,0,800,,hydrogen-water-health-benefits-research-shows-infections,Hydrogen Water Health Benefits: What 2024 Research Shows for Infections
https://hydrogenstudies.com/blog/how-to-use-hydrogen-water-for-fighting-infections-health-benefits-466165,4563,retire,0,0,,0,770,how-to-use,use-hydrogen-water-fighting-infections-health-benefits,How to Use Hydrogen Water for Fighting Infections: Health Benefits
https://hydrogenstudies.com/blog/hydrogen-water-health-benefits-for-sepsis-your-questions-answered-498367,4564,retire,0,0,,0,869,,hydrogen-water-health-benefits-sepsis-questions-answered,Hydrogen Water Health Benefits for Sepsis: Your Questions Answered
https://hydrogenstudies.com/blog/how-to-use-hydrogen-water-health-benefits-for-immune-support-585004,4567,retire,0,0,,0,740,,use-hydrogen-water-health-benefits-immune-support,How to Use Hydrogen Water Health Benefits for Immune Support
https://hydrogenstudies.com/blog/hydrogen-water-health-benefits-can-it-fight-infections-631333,4570,retire,0,0,,0,822,,hydrogen-water-health-benefits-fight-infections,Hydrogen Water Health Benefits: Can It Fight Infections?
https://hydrogenstudies.com/blog/hydrogen-water-liver-health-what-2024-research-shows-about-protection-719729,4575,retire,0,0,,0,731,,hydrogen-water-liver-health-research-shows-about-protection,Hydrogen Water Liver Health: What 2024 Research Shows About Protection
https://hydrogenstudies.com/blog/hydrogen-water-liver-health-can-it-protect-you-like-mice-761626,4577,retire,0,0,,0,868,,hydrogen-water-liver-health-protect-like-mice,Hydrogen Water Liver Health: Can It Protect You Like Mice?
https://hydrogenstudies.com/blog/how-to-use-hydrogen-water-for-eczema-relief-a-science-backed-guide-847208,4579,retire,0,0,,0,714,how-to-use,use-hydrogen-water-eczema-relief-science-backed,How to Use Hydrogen Water for Eczema Relief: A Science-Backed Guide
https://hydrogenstudies.com/blog/how-to-use-hydrogen-water-for-anti-aging-science-backed-benefits-241625,4589,retire,0,0,,0,708,how-to-use,use-hydrogen-water-anti-aging-science-backed-benefits,How to Use Hydrogen Water for Anti-Aging: Science-Backed Benefits
https://hydrogenstudies.com/blog/hydrogen-water-brain-health-what-2024-surgery-research-shows-355372,4592,retire,0,0,,0,877,,hydrogen-water-brain-health-surgery-research-shows,Hydrogen Water Brain Health: What 2024 Surgery Research Shows
https://hydrogenstudies.com/blog/hydrogen-water-brain-health-surgery-protection-faq-395648,4595,retire,0,0,,0,825,,hydrogen-water-brain-health-surgery-protection-faq,Hydrogen Water Brain Health: Surgery Protection FAQ
https://hydrogenstudies.com/blog/hydrogen-water-brain-health-can-it-help-after-surgery-417684,4596,retire,0,0,,0,857,,hydrogen-water-brain-health-help-after-surgery,Hydrogen Water Brain Health: Can It Help After Surgery?
https://hydrogenstudies.com/blog/how-to-use-hydrogen-therapy-for-bone-health-fight-damage-738234,4609,retire,0,0,,0,696,,use-hydrogen-therapy-bone-health-fight-damage,How to Use Hydrogen Therapy for Bone Health: Fight Damage
https://hydrogenstudies.com/blog/hydrogen-therapy-bone-health-can-it-stop-steroid-damage-779284,4611,retire,0,0,,0,827,,hydrogen-therapy-bone-health-stop-steroid-damage,Hydrogen Therapy Bone Health: Can It Stop Steroid Damage?
https://hydrogenstudies.com/blog/how-to-use-hydrogen-therapy-lung-health-for-copd-a-science-guide-127058,4619,retire,0,0,,0,744,,use-hydrogen-therapy-lung-health-copd-science,How to Use Hydrogen Therapy Lung Health for COPD: A Science Guide
https://hydrogenstudies.com/blog/hydrogen-therapy-lung-health-can-it-help-copd-smokers-169117,4621,retire,0,0,,0,797,,hydrogen-therapy-lung-health-help-copd-smokers,Hydrogen Therapy Lung Health: Can It Help COPD Smokers?
https://hydrogenstudies.com/blog/hydrogen-water-brain-health-can-it-help-heal-brain-injuries-296756,4626,retire,0,0,,0,809,,hydrogen-water-brain-health-help-heal-brain-injuries,Hydrogen Water Brain Health: Can It Help Heal Brain Injuries?
https://hydrogenstudies.com/blog/how-to-use-hydrogen-water-for-belly-healing-after-surgery-382998,4628,retire,0,0,,0,740,how-to-use,use-hydrogen-water-belly-healing-after-surgery,How to Use Hydrogen Water for Belly Healing After Surgery
https://hydrogenstudies.com/blog/how-to-use-hydrogen-water-for-belly-surgery-recovery-a-science-backed-guide-380783,4629,retire,0,0,,0,748,how-to-use,use-hydrogen-water-belly-surgery-recovery-science-backed,How to Use Hydrogen Water for Belly Surgery Recovery: A Science-Backed Guide
https://hydrogenstudies.com/blog/hydrogen-water-and-belly-scars-what-2024-research-shows-386245,4631,retire,0,0,,0,862,what-20xx-research-shows,hydrogen-water-belly-scars-research-shows,Hydrogen Water and Belly Scars: What 2024 Research Shows
https://hydrogenstudies.com/blog/hydrogen-water-for-peritonium-your-questions-answered-431133,4633,retire,0,0,,0,878,,hydrogen-water-peritonium-questions-answered,Hydrogen Water for Peritonium: Your Questions Answered
https://hydrogenstudies.com/blog/how-to-use-hydrogen-water-for-cleaner-lungs-a-science-backed-guide-516024,4635,retire,0,0,,0,713,how-to-use,use-hydrogen-water-cleaner-lungs-science-backed,How to Use Hydrogen Water for Cleaner Lungs: A Science-Backed Guide
https://hydrogenstudies.com/blog/hydrogen-water-and-smoking-lungs-what-2024-research-shows-516448,4636,retire,0,0,,0,732,what-20xx-research-shows,hydrogen-water-smoking-lungs-research-shows,Hydrogen Water and Smoking Lungs: What 2024 Research Shows
https://hydrogenstudies.com/blog/hydrogen-therapy-lung-health-can-it-help-smokers-heal-555959,4638,retire,0,0,,0,891,,hydrogen-therapy-lung-health-help-smokers-heal,Hydrogen Therapy Lung Health: Can It Help Smokers Heal?
https://hydrogenstudies.com/blog/hydrogen-water-for-smokers-lungs-your-questions-answered-560303,4639,retire,0,0,,0,749,,hydrogen-water-smokers-lungs-questions-answered,Hydrogen Water for Smoker's Lungs: Your Questions Answered
https://hydrogenstudies.com/blog/how-to-use-hydrogen-water-for-shingles-pain-a-science-backed-guide-780714,4644,retire,0,0,,0,729,how-to-use,use-hydrogen-water-shingles-pain-science-backed,How to Use Hydrogen Water for Shingles Pain: A Science-Backed Guide
https://hydrogenstudies.com/blog/hydrogen-water-skin-benefits-your-shingles-questions-answered-819998,4645,retire,0,0,,0,817,,hydrogen-water-skin-benefits-shingles-questions-answered,Hydrogen Water Skin Benefits: Your Shingles Questions Answered
https://hydrogenstudies.com/blog/hydrogen-water-brain-health-what-2024-research-shows-about-anxiety-908397,4647,retire,0,0,,0,774,,hydrogen-water-brain-health-research-shows-about-anxiety,Hydrogen Water Brain Health: What 2024 Research Shows About Anxiety
https://hydrogenstudies.com/blog/how-to-use-hydrogen-water-for-blood-health-a-science-guide-025007,4650,retire,0,0,,0,706,how-to-use,use-hydrogen-water-blood-health-science,How to Use Hydrogen Water for Blood Health: A Science Guide
https://hydrogenstudies.com/blog/hydrogen-water-gut-health-what-2024-research-shows-about-fiber-154470,4655,retire,0,0,,0,702,,hydrogen-water-gut-health-research-shows-about-fiber,Hydrogen Water Gut Health: What 2024 Research Shows About Fiber
https://hydrogenstudies.com/blog/how-to-use-hydrogen-water-for-emergency-recovery-health-benefits-287737,4659,retire,0,0,,0,772,how-to-use,use-hydrogen-water-emergency-recovery-health-benefits,How to Use Hydrogen Water for Emergency Recovery: Health Benefits
https://hydrogenstudies.com/blog/hydrogen-water-health-benefits-what-2024-shock-research-shows-288509,4660,retire,0,0,,0,719,,hydrogen-water-health-benefits-shock-research-shows,Hydrogen Water Health Benefits: What 2024 Shock Research Shows
https://hydrogenstudies.com/blog/how-to-use-hydrogen-water-for-shock-recovery-a-science-backed-guide-288223,4662,retire,0,0,,0,755,how-to-use,use-hydrogen-water-shock-recovery-science-backed,How to Use Hydrogen Water for Shock Recovery: A Science-Backed Guide
https://hydrogenstudies.com/blog/hydrogen-water-health-benefits-for-blood-loss-your-questions-answered-328019,4663,retire,0,0,,0,805,,hydrogen-water-health-benefits-blood-loss-questions-answered,Hydrogen Water Health Benefits for Blood Loss: Your Questions Answered
https://hydrogenstudies.com/blog/hydrogen-water-health-benefits-can-it-help-your-body-during-shock-333557,4664,retire,0,0,,0,812,,hydrogen-water-health-benefits-help-body-during-shock,Hydrogen Water Health Benefits: Can It Help Your Body During Shock?
https://hydrogenstudies.com/blog/how-to-use-hydrogen-water-for-stomach-virus-prevention-417339,4666,retire,0,0,,0,740,how-to-use,use-hydrogen-water-stomach-virus-prevention,How to Use Hydrogen Water for Stomach Virus Prevention
https://hydrogenstudies.com/blog/hydrogen-water-stomach-viruses-what-2024-research-shows-418444,4667,retire,0,0,,0,776,what-20xx-research-shows,hydrogen-water-stomach-viruses-research-shows,Hydrogen Water Stomach Viruses: What 2024 Research Shows
https://hydrogenstudies.com/blog/hydrogen-water-stomach-safety-your-questions-answered-459283,4670,retire,0,0,,0,809,,hydrogen-water-stomach-safety-questions-answered,Hydrogen Water Stomach Safety: Your Questions Answered
https://hydrogenstudies.com/blog/hydrogen-water-gut-health-what-2024-research-shows-about-all-day-protection-053261,4685,retire,0,0,,0,774,,hydrogen-water-gut-health-research-shows-about-all-day-protection,Hydrogen Water Gut Health: What 2024 Research Shows About All-Day Protection
https://hydrogenstudies.com/blog/hydrogen-water-gut-health-what-2024-research-shows-about-cornstarch-082424,4687,retire,0,0,,0,718,,hydrogen-water-gut-health-research-shows-about-cornstarch,Hydrogen Water Gut Health: What 2024 Research Shows About Cornstarch
https://hydrogenstudies.com/blog/hydrogen-water-gut-health-can-food-make-gas-in-your-body-096560,4688,retire,0,0,,0,778,,hydrogen-water-gut-health-food-make-gas-body,Hydrogen Water Gut Health: Can Food Make Gas in Your Body?
https://hydrogenstudies.com/blog/hydrogen-water-gut-health-can-food-make-your-own-h2-126965,4689,retire,0,0,,0,743,,hydrogen-water-gut-health-food-make-own-h2,Hydrogen Water Gut Health: Can Food Make Your Own H2?
https://hydrogenstudies.com/blog/hydrogen-therapy-hearing-health-can-it-prevent-ear-damage-258705,4695,retire,0,0,,0,821,,hydrogen-therapy-hearing-health-prevent-ear-damage,Hydrogen Therapy Hearing Health: Can It Prevent Ear Damage?
https://hydrogenstudies.com/blog/hydrogen-water-brain-health-can-it-help-stroke-recovery-383286,4701,retire,0,0,,0,824,,hydrogen-water-brain-health-help-stroke-recovery,Hydrogen Water Brain Health: Can It Help Stroke Recovery?
https://hydrogenstudies.com/blog/how-to-use-hydrogen-water-for-blood-health-after-surgery-a-science-backed-guide-440291,4702,retire,0,0,,0,649,how-to-use,use-hydrogen-water-blood-health-after-surgery-science-backed,How to Use Hydrogen Water for Blood Health After Surgery: A Science-Backed Guide
https://hydrogenstudies.com/blog/hydrogen-water-and-blood-loss-what-2024-research-shows-446491,4703,retire,0,0,,0,813,what-20xx-research-shows,hydrogen-water-blood-loss-research-shows,Hydrogen Water and Blood Loss: What 2024 Research Shows
https://hydrogenstudies.com/blog/hydrogen-water-blood-health-surgery-recovery-questions-answered-487754,4704,retire,0,0,,0,767,,hydrogen-water-blood-health-surgery-recovery-questions-answered,Hydrogen Water Blood Health: Surgery Recovery Questions Answered
https://hydrogenstudies.com/blog/hydrogen-water-and-bone-marrow-what-2024-research-shows-575297,4706,retire,0,0,,0,901,what-20xx-research-shows,hydrogen-water-bone-marrow-research-shows,Hydrogen Water and Bone Marrow: What 2024 Research Shows
https://hydrogenstudies.com/blog/hydrogen-water-for-bone-marrow-recovery-your-questions-answered-616591,4707,retire,0,0,,0,834,,hydrogen-water-bone-marrow-recovery-questions-answered,Hydrogen Water for Bone Marrow Recovery: Your Questions Answered
https://hydrogenstudies.com/blog/hydrogen-water-for-gum-disease-your-questions-answered-746129,4710,retire,0,0,,0,850,,hydrogen-water-gum-disease-questions-answered,Hydrogen Water for Gum Disease: Your Questions Answered
https://hydrogenstudies.com/blog/hydrogen-water-gut-health-can-it-help-ibd-your-questions-answered-873021,4714,retire,0,0,,0,829,,hydrogen-water-gut-health-help-ibd-questions-answered,Hydrogen Water Gut Health: Can It Help IBD? Your Questions Answered
https://hydrogenstudies.com/blog/hydrogen-water-brain-health-what-2024-research-shows-for-kids-953608,4715,retire,0,0,,0,828,,hydrogen-water-brain-health-research-shows-kids,Hydrogen Water Brain Health: What 2024 Research Shows for Kids
https://hydrogenstudies.com/blog/hydrogen-water-brain-health-can-it-protect-kids-during-surgery-004208,4720,retire,0,0,,0,827,,hydrogen-water-brain-health-protect-kids-during-surgery,Hydrogen Water Brain Health: Can It Protect Kids During Surgery?
https://hydrogenstudies.com/blog/how-to-use-hydrogen-water-for-better-cell-health-a-science-backed-guide-197999,4728,retire,0,0,,0,725,how-to-use,use-hydrogen-water-better-cell-health-science-backed,How to Use Hydrogen Water for Better Cell Health: A Science-Backed Guide
https://hydrogenstudies.com/blog/hydrogen-water-health-benefits-how-it-changes-your-dna-in-2024-213276,4729,retire,0,0,,0,857,,hydrogen-water-health-benefits-changes-dna,Hydrogen Water Health Benefits: How It Changes Your DNA in 2024
https://hydrogenstudies.com/blog/how-to-use-hydrogen-water-health-benefits-for-natural-healing-209973,4730,retire,0,0,,0,683,,use-hydrogen-water-health-benefits-natural-healing,How to Use Hydrogen Water Health Benefits for Natural Healing
https://hydrogenstudies.com/blog/hydrogen-water-health-benefits-how-it-changes-your-genes-243301,4731,retire,0,0,,0,899,,hydrogen-water-health-benefits-changes-genes,Hydrogen Water Health Benefits: How It Changes Your Genes
https://hydrogenstudies.com/blog/hydrogen-water-health-benefits-your-gene-questions-answered-255037,4732,retire,0,0,,0,843,,hydrogen-water-health-benefits-gene-questions-answered,Hydrogen Water Health Benefits: Your Gene Questions Answered
https://hydrogenstudies.com/blog/hydrogen-water-and-lung-safety-what-2024-research-shows-330141,4734,retire,0,0,,0,772,what-20xx-research-shows,hydrogen-water-lung-safety-research-shows,Hydrogen Water and Lung Safety: What 2024 Research Shows
https://hydrogenstudies.com/blog/how-to-use-hydrogen-water-for-exercise-recovery-a-science-backed-guide-461085,4737,retire,0,4,35.0,0,742,how-to-use,use-hydrogen-water-exercise-recovery-science-backed,How to Use Hydrogen Water for Exercise Recovery: A Science-Backed Guide
https://hydrogenstudies.com/blog/hydrogen-water-and-smoking-damage-what-2024-research-shows-589653,4739,retire,0,0,,0,764,what-20xx-research-shows,hydrogen-water-smoking-damage-research-shows,Hydrogen Water and Smoking Damage: What 2024 Research Shows
https://hydrogenstudies.com/blog/hydrogen-therapy-lung-health-can-it-protect-from-smoke-626901,4741,retire,0,0,,0,803,,hydrogen-therapy-lung-health-protect-smoke,Hydrogen Therapy Lung Health: Can It Protect From Smoke?
https://hydrogenstudies.com/blog/how-to-use-hydrogen-therapy-lung-health-for-surgery-a-science-guide-710084,4742,retire,0,0,,0,628,,use-hydrogen-therapy-lung-health-surgery-science,How to Use Hydrogen Therapy Lung Health for Surgery: A Science Guide
https://hydrogenstudies.com/blog/hydrogen-water-for-surgery-can-it-protect-your-lungs-754718,4744,retire,0,0,,0,796,,hydrogen-water-surgery-protect-lungs,Hydrogen Water for Surgery: Can It Protect Your Lungs?
https://hydrogenstudies.com/blog/hydrogen-water-and-memory-loss-what-2024-research-shows-973026,4753,retire,0,0,,0,729,what-20xx-research-shows,hydrogen-water-memory-loss-research-shows,Hydrogen Water and Memory Loss: What 2024 Research Shows
https://hydrogenstudies.com/blog/hydrogen-water-brain-health-after-surgery-your-questions-answered-013039,4756,retire,0,0,,0,790,,hydrogen-water-brain-health-after-surgery-questions-answered,Hydrogen Water Brain Health After Surgery: Your Questions Answered
https://hydrogenstudies.com/blog/how-to-use-hydrogen-water-health-benefits-for-full-body-healing-190267,4763,retire,0,0,,0,651,,use-hydrogen-water-health-benefits-full-body-healing,How to Use Hydrogen Water Health Benefits for Full Body Healing
https://hydrogenstudies.com/blog/hydrogen-water-and-muscle-damage-what-2024-research-shows-456347,4769,retire,0,0,,0,746,what-20xx-research-shows,hydrogen-water-muscle-damage-research-shows,Hydrogen Water and Muscle Damage: What 2024 Research Shows
https://hydrogenstudies.com/blog/how-to-use-hydrogen-water-for-brain-health-during-recovery-588782,4772,retire,0,0,,0,753,how-to-use,use-hydrogen-water-brain-health-during-recovery,How to Use Hydrogen Water for Brain Health During Recovery
https://hydrogenstudies.com/blog/hydrogen-water-brain-health-what-2024-research-shows-about-addiction-recovery-594704,4773,retire,0,0,,0,823,,hydrogen-water-brain-health-research-shows-about-addiction-recovery,Hydrogen Water Brain Health: What 2024 Research Shows About Addiction Recovery
https://hydrogenstudies.com/blog/hydrogen-water-brain-health-can-it-help-with-addiction-630509,4774,retire,0,0,,0,727,,hydrogen-water-brain-health-help-addiction,Hydrogen Water Brain Health: Can It Help With Addiction?
https://hydrogenstudies.com/blog/hydrogen-water-health-benefits-for-skin-what-2024-research-shows-720301,4777,retire,0,0,,0,750,what-20xx-research-shows,hydrogen-water-health-benefits-skin-research-shows,Hydrogen Water Health Benefits for Skin: What 2024 Research Shows
https://hydrogenstudies.com/blog/hydrogen-water-health-benefits-for-skin-your-questions-answered-765821,4780,retire,0,0,,0,823,,hydrogen-water-health-benefits-skin-questions-answered,Hydrogen Water Health Benefits for Skin: Your Questions Answered
https://hydrogenstudies.com/blog/hydrogen-water-gut-health-can-it-protect-your-intestines-901019,4786,retire,0,0,,0,899,,hydrogen-water-gut-health-protect-intestines,Hydrogen Water Gut Health: Can It Protect Your Intestines?
https://hydrogenstudies.com/blog/how-to-use-hydrogen-water-for-faster-dental-healing-987019,4790,retire,0,0,,0,674,how-to-use,use-hydrogen-water-faster-dental-healing,How to Use Hydrogen Water for Faster Dental Healing
https://hydrogenstudies.com/blog/how-to-use-hydrogen-water-for-stuffy-nose-relief-a-science-backed-guide-372257,4800,retire,0,0,,0,795,how-to-use,use-hydrogen-water-stuffy-nose-relief-science-backed,How to Use Hydrogen Water for Stuffy Nose Relief: A Science-Backed Guide
https://hydrogenstudies.com/blog/hydrogen-water-nose-relief-what-2024-research-shows-373940,4801,retire,0,0,,0,813,what-20xx-research-shows,hydrogen-water-nose-relief-research-shows,Hydrogen Water Nose Relief: What 2024 Research Shows
https://hydrogenstudies.com/blog/how-to-use-hydrogen-water-for-nose-allergies-a-science-backed-guide-500079,4805,retire,0,0,,0,811,how-to-use,use-hydrogen-water-nose-allergies-science-backed,How to Use Hydrogen Water for Nose Allergies: A Science-Backed Guide
https://hydrogenstudies.com/blog/hydrogen-water-nose-allergies-what-2024-research-shows-499848,4806,retire,0,0,,0,804,what-20xx-research-shows,hydrogen-water-nose-allergies-research-shows,Hydrogen Water Nose Allergies: What 2024 Research Shows
https://hydrogenstudies.com/blog/how-to-use-hydrogen-water-for-eye-health-what-new-studies-show-608729,4810,retire,0,0,,0,808,how-to-use,use-hydrogen-water-eye-health-studies-show,How to Use Hydrogen Water for Eye Health: What New Studies Show
https://hydrogenstudies.com/blog/hydrogen-water-eye-health-what-2024-research-shows-about-vision-762370,4818,retire,0,0,,0,750,,hydrogen-water-eye-health-research-shows-about-vision,Hydrogen Water Eye Health: What 2024 Research Shows About Vision
https://hydrogenstudies.com/blog/hydrogen-water-eye-health-can-it-help-retinitis-pigmentosa-786845,4819,retire,0,4,71.5,0,792,,hydrogen-water-eye-health-help-retinitis-pigmentosa,Hydrogen Water Eye Health: Can It Help Retinitis Pigmentosa?
https://hydrogenstudies.com/blog/hydrogen-water-heart-health-can-it-help-high-blood-pressure-929722,4826,retire,0,0,,0,849,,hydrogen-water-heart-health-help-high-blood-pressure,Hydrogen Water Heart Health: Can It Help High Blood Pressure?
https://hydrogenstudies.com/blog/how-to-use-hydrogen-water-for-liver-health-during-chemo-004070,4827,retire,0,0,,0,701,how-to-use,use-hydrogen-water-liver-health-during-chemo,How to Use Hydrogen Water for Liver Health During Chemo
https://hydrogenstudies.com/blog/hydrogen-water-liver-health-your-chemo-questions-answered-046267,4829,retire,0,0,,0,846,,hydrogen-water-liver-health-chemo-questions-answered,Hydrogen Water Liver Health: Your Chemo Questions Answered
https://hydrogenstudies.com/blog/how-to-use-hydrogen-water-for-liver-health-help-for-sleep-issues-137245,4830,retire,0,0,,0,735,how-to-use,use-hydrogen-water-liver-health-help-sleep-issues,How to Use Hydrogen Water for Liver Health: Help for Sleep Issues
https://hydrogenstudies.com/blog/how-to-use-hydrogen-water-for-gum-health-a-science-backed-guide-389742,4840,retire,0,0,,0,810,how-to-use,use-hydrogen-water-gum-health-science-backed,How to Use Hydrogen Water for Gum Health: A Science-Backed Guide
https://hydrogenstudies.com/blog/hydrogen-water-skin-benefits-can-it-heal-cuts-faster-677232,4853,retire,0,0,,0,859,,hydrogen-water-skin-benefits-heal-cuts-faster,Hydrogen Water Skin Benefits: Can It Heal Cuts Faster?
https://hydrogenstudies.com/blog/hydrogen-water-skin-benefits-does-it-help-wounds-heal-701995,4854,retire,0,0,,0,786,,hydrogen-water-skin-benefits-help-wounds-heal,Hydrogen Water Skin Benefits: Does It Help Wounds Heal?
https://hydrogenstudies.com/blog/how-to-use-hydrogen-water-for-stuffy-nose-a-science-backed-guide-888490,4859,retire,0,0,,0,699,how-to-use,use-hydrogen-water-stuffy-nose-science-backed,How to Use Hydrogen Water for Stuffy Nose: A Science-Backed Guide
https://hydrogenstudies.com/blog/hydrogen-water-for-nose-allergies-your-questions-answered-932387,4860,retire,0,0,,0,882,,hydrogen-water-nose-allergies-questions-answered,Hydrogen Water for Nose Allergies: Your Questions Answered
https://hydrogenstudies.com/blog/hydrogen-water-gut-health-can-your-genes-unlock-healing-075134,4863,retire,0,0,,0,810,,hydrogen-water-gut-health-genes-unlock-healing,Hydrogen Water Gut Health: Can Your Genes Unlock Healing?
https://hydrogenstudies.com/blog/hydrogen-water-liver-health-can-it-help-fatty-liver-305748,4872,retire,0,0,,0,862,,hydrogen-water-liver-health-help-fatty-liver,Hydrogen Water Liver Health: Can It Help Fatty Liver?
https://hydrogenstudies.com/blog/how-to-use-hydrogen-water-for-bone-marrow-protection-a-science-backed-guide-392368,4874,retire,0,0,,0,740,how-to-use,use-hydrogen-water-bone-marrow-protection-science-backed,How to Use Hydrogen Water for Bone Marrow Protection: A Science-Backed Guide
https://hydrogenstudies.com/blog/hydrogen-water-health-benefits-what-2024-research-shows-for-diabetes-543123,4882,retire,0,0,,0,711,,hydrogen-water-health-benefits-research-shows-diabetes,Hydrogen Water Health Benefits: What 2024 Research Shows for Diabetes
https://hydrogenstudies.com/blog/how-to-use-hydrogen-water-for-heart-health-shield-your-heart-from-stress-657437,4886,retire,0,0,,0,619,how-to-use,use-hydrogen-water-heart-health-shield-heart-stress,How to Use Hydrogen Water for Heart Health: Shield Your Heart from Stress
https://hydrogenstudies.com/blog/hydrogen-water-for-stuffy-nose-your-questions-answered-834475,4891,retire,0,0,,0,780,,hydrogen-water-stuffy-nose-questions-answered,Hydrogen Water for Stuffy Nose: Your Questions Answered
https://hydrogenstudies.com/blog/hydrogen-water-blood-health-what-2024-dog-study-shows-919407,4892,retire,0,0,,0,662,,hydrogen-water-blood-health-dog-study-shows,Hydrogen Water Blood Health: What 2024 Dog Study Shows
https://hydrogenstudies.com/blog/hydrogen-water-blood-health-for-pets-your-questions-answered-961315,4894,retire,0,0,,0,770,,hydrogen-water-blood-health-pets-questions-answered,Hydrogen Water Blood Health for Pets: Your Questions Answered
https://hydrogenstudies.com/blog/hydrogen-water-and-dna-protection-what-2024-research-shows-048703,4896,retire,0,0,,0,710,what-20xx-research-shows,hydrogen-water-dna-protection-research-shows,Hydrogen Water and DNA Protection: What 2024 Research Shows
https://hydrogenstudies.com/blog/hydrogen-water-health-benefits-what-2024-research-shows-about-dna-protection-071914,4897,retire,0,0,,0,805,,hydrogen-water-health-benefits-research-shows-about-dna-protection,Hydrogen Water Health Benefits: What 2024 Research Shows About DNA Protection
https://hydrogenstudies.com/blog/hydrogen-water-and-newborn-brain-health-what-2024-research-shows-174432,4901,retire,0,0,,0,831,what-20xx-research-shows,hydrogen-water-newborn-brain-health-research-shows,Hydrogen Water and Newborn Brain Health: What 2024 Research Shows
https://hydrogenstudies.com/blog/how-to-use-hydrogen-water-for-strong-teeth-oral-health-guide-308040,4908,retire,0,0,,0,678,how-to-use,use-hydrogen-water-strong-teeth-oral-health,How to Use Hydrogen Water for Strong Teeth: Oral Health Guide
https://hydrogenstudies.com/blog/hydrogen-water-oral-health-can-it-damage-your-teeth-346440,4909,retire,0,0,,0,771,,hydrogen-water-oral-health-damage-teeth,Hydrogen Water Oral Health: Can It Damage Your Teeth?
https://hydrogenstudies.com/blog/hydrogen-water-brain-health-what-2024-research-shows-about-injury-protection-581490,4917,retire,0,0,,0,727,,hydrogen-water-brain-health-research-shows-about-injury-protection,Hydrogen Water Brain Health: What 2024 Research Shows About Injury Protection
https://hydrogenstudies.com/blog/hydrogen-water-health-benefits-for-female-athletes-what-2024-research-shows-973287,4927,retire,0,0,,0,752,what-20xx-research-shows,hydrogen-water-health-benefits-female-athletes-research-shows,Hydrogen Water Health Benefits for Female Athletes: What 2024 Research Shows
https://hydrogenstudies.com/blog/hydrogen-water-health-benefits-your-immune-questions-answered-143391,4935,retire,0,0,,0,834,,hydrogen-water-health-benefits-immune-questions-answered,Hydrogen Water Health Benefits: Your Immune Questions Answered
https://hydrogenstudies.com/blog/how-to-use-hydrogen-therapy-lung-health-for-cleaner-air-a-science-backed-guide-458676,4947,retire,0,0,,0,701,,use-hydrogen-therapy-lung-health-cleaner-air-science-backed,How to Use Hydrogen Therapy Lung Health for Cleaner Air: A Science-Backed Guide
https://hydrogenstudies.com/blog/hydrogen-water-and-air-pollution-what-2024-research-shows-464068,4948,retire,0,0,,0,842,what-20xx-research-shows,hydrogen-water-air-pollution-research-shows,Hydrogen Water and Air Pollution: What 2024 Research Shows
https://hydrogenstudies.com/blog/hydrogen-water-health-benefits-does-it-protect-your-body-638334,4952,retire,0,0,,0,901,,hydrogen-water-health-benefits-protect-body,Hydrogen Water Health Benefits: Does It Protect Your Body?
https://hydrogenstudies.com/blog/how-to-use-hydrogen-water-for-heart-health-keep-blood-vessels-young-988804,4962,retire,0,0,,0,699,how-to-use,use-hydrogen-water-heart-health-keep-blood-vessels-young,How to Use Hydrogen Water for Heart Health: Keep Blood Vessels Young
https://hydrogenstudies.com/blog/hydrogen-water-heart-health-your-anti-aging-questions-answered-037641,4965,retire,0,0,,0,815,,hydrogen-water-heart-health-anti-aging-questions-answered,Hydrogen Water Heart Health: Your Anti-Aging Questions Answered
https://hydrogenstudies.com/blog/hydrogen-water-and-ovaries-what-2024-research-shows-102061,4966,retire,0,0,,0,826,what-20xx-research-shows,hydrogen-water-ovaries-research-shows,Hydrogen Water and Ovaries: What 2024 Research Shows
https://hydrogenstudies.com/blog/how-to-use-hydrogen-water-for-uterus-pain-relief-a-science-backed-guide-257741,4974,retire,0,0,,0,700,how-to-use,use-hydrogen-water-uterus-pain-relief-science-backed,How to Use Hydrogen Water for Uterus Pain Relief: A Science-Backed Guide
https://hydrogenstudies.com/blog/hydrogen-water-and-uterus-pain-what-2024-research-shows-259969,4975,retire,0,0,,0,787,what-20xx-research-shows,hydrogen-water-uterus-pain-research-shows,Hydrogen Water and Uterus Pain: What 2024 Research Shows
https://hydrogenstudies.com/blog/hydrogen-water-for-uterus-health-your-questions-answered-303922,4977,retire,0,0,,0,794,,hydrogen-water-uterus-health-questions-answered,Hydrogen Water for Uterus Health: Your Questions Answered
https://hydrogenstudies.com/blog/hydrogen-water-health-benefits-what-2024-research-shows-for-critical-care-355737,4978,retire,0,0,,0,807,,hydrogen-water-health-benefits-research-shows-critical-care,Hydrogen Water Health Benefits: What 2024 Research Shows for Critical Care
https://hydrogenstudies.com/blog/hydrogen-water-health-benefits-can-it-save-lives-395517,4980,retire,0,0,,0,836,,hydrogen-water-health-benefits-save-lives,Hydrogen Water Health Benefits: Can It Save Lives?
https://hydrogenstudies.com/blog/hydrogen-water-liver-health-can-it-fight-fatty-liver-519242,4983,retire,0,0,,0,865,,hydrogen-water-liver-health-fight-fatty-liver,Hydrogen Water Liver Health: Can It Fight Fatty Liver?
https://hydrogenstudies.com/blog/hydrogen-water-eye-health-what-2024-surgery-research-shows-607753,4985,retire,0,0,,0,805,,hydrogen-water-eye-health-surgery-research-shows,Hydrogen Water Eye Health: What 2024 Surgery Research Shows
https://hydrogenstudies.com/blog/hydrogen-water-eye-health-can-it-help-with-cataracts-650646,4986,retire,0,2,110.0,0,843,,hydrogen-water-eye-health-help-cataracts,Hydrogen Water Eye Health: Can It Help With Cataracts?
https://hydrogenstudies.com/blog/how-to-use-hydrogen-water-for-better-genes-health-benefits-865832,4991,retire,0,0,,0,781,how-to-use,use-hydrogen-water-better-genes-health-benefits,How to Use Hydrogen Water for Better Genes: Health Benefits
https://hydrogenstudies.com/blog/how-to-use-hydrogen-water-for-blood-cell-health-a-science-backed-guide-874600,4994,retire,0,0,,0,671,how-to-use,use-hydrogen-water-blood-cell-health-science-backed,How to Use Hydrogen Water for Blood Cell Health: A Science-Backed Guide
https://hydrogenstudies.com/blog/hydrogen-water-health-benefits-does-it-fight-aging-916518,4996,retire,0,0,,0,839,,hydrogen-water-health-benefits-fight-aging,Hydrogen Water Health Benefits: Does It Fight Aging?
https://hydrogenstudies.com/blog/how-to-use-hydrogen-water-for-whole-body-safety-a-science-backed-guide-006071,4997,retire,0,0,,0,709,how-to-use,use-hydrogen-water-whole-body-safety-science-backed,How to Use Hydrogen Water for Whole Body Safety: A Science-Backed Guide
https://hydrogenstudies.com/blog/hydrogen-water-health-benefits-your-body-safety-questions-046075,4999,retire,0,0,,0,743,,hydrogen-water-health-benefits-body-safety-questions,Hydrogen Water Health Benefits: Your Body Safety Questions
https://hydrogenstudies.com/blog/hydrogen-water-health-benefits-what-2024-mouse-study-shows-048420,5000,retire,0,0,,0,802,,hydrogen-water-health-benefits-mouse-study-shows,Hydrogen Water Health Benefits: What 2024 Mouse Study Shows
https://hydrogenstudies.com/blog/hydrogen-water-health-benefits-for-fat-loss-what-2024-research-shows-257092,5004,retire,0,0,,0,738,what-20xx-research-shows,hydrogen-water-health-benefits-fat-loss-research-shows,Hydrogen Water Health Benefits for Fat Loss: What 2024 Research Shows
https://hydrogenstudies.com/blog/how-to-use-hydrogen-water-health-benefits-for-fat-burning-257656,5005,retire,0,0,,0,764,,use-hydrogen-water-health-benefits-fat-burning,How to Use Hydrogen Water Health Benefits for Fat Burning
https://hydrogenstudies.com/blog/how-to-use-hydrogen-water-for-whole-body-protection-a-science-backed-guide-638970,5014,retire,0,0,,0,774,how-to-use,use-hydrogen-water-whole-body-protection-science-backed,How to Use Hydrogen Water for Whole Body Protection: A Science-Backed Guide
https://hydrogenstudies.com/blog/how-to-use-hydrogen-water-for-kidney-health-during-surgery-770059,5019,retire,0,0,,0,613,how-to-use,use-hydrogen-water-kidney-health-during-surgery,How to Use Hydrogen Water for Kidney Health During Surgery
https://hydrogenstudies.com/blog/hydrogen-water-for-bone-health-your-questions-answered-073599,5034,retire,0,0,,0,828,,hydrogen-water-bone-health-questions-answered,Hydrogen Water for Bone Health: Your Questions Answered
https://hydrogenstudies.com/blog/how-to-use-hydrogen-therapy-lung-health-for-infection-protection-152830,5035,retire,0,0,,0,768,,use-hydrogen-therapy-lung-health-infection-protection,How to Use Hydrogen Therapy Lung Health for Infection Protection
https://hydrogenstudies.com/blog/hydrogen-water-health-benefits-your-longevity-questions-answered-575229,5047,retire,0,0,,0,785,,hydrogen-water-health-benefits-longevity-questions-answered,Hydrogen Water Health Benefits: Your Longevity Questions Answered
https://hydrogenstudies.com/blog/hydrogen-therapy-lung-health-can-it-help-baby-lungs-954284,5060,retire,0,0,,0,811,,hydrogen-therapy-lung-health-help-baby-lungs,Hydrogen Therapy Lung Health: Can It Help Baby Lungs?
https://hydrogenstudies.com/blog/hydrogen-water-for-lung-infections-your-questions-answered-080183,5063,retire,0,0,,0,763,,hydrogen-water-lung-infections-questions-answered,Hydrogen Water for Lung Infections: Your Questions Answered
https://hydrogenstudies.com/blog/hydrogen-water-brain-health-what-2024-birth-study-shows-170952,5064,retire,0,0,,0,685,,hydrogen-water-brain-health-birth-study-shows,Hydrogen Water Brain Health: What 2024 Birth Study Shows
https://hydrogenstudies.com/blog/hydrogen-water-brain-health-can-it-protect-newborn-brains-219286,5066,retire,0,0,,0,798,,hydrogen-water-brain-health-protect-newborn-brains,Hydrogen Water Brain Health: Can It Protect Newborn Brains?
https://hydrogenstudies.com/blog/how-to-use-hydrogen-water-for-faster-gut-healing-after-surgery-306834,5067,retire,0,0,,0,733,how-to-use,use-hydrogen-water-faster-gut-healing-after-surgery,How to Use Hydrogen Water for Faster Gut Healing After Surgery
https://hydrogenstudies.com/blog/hydrogen-water-gut-health-what-2024-research-shows-about-surgery-recovery-310671,5068,retire,0,0,,0,809,,hydrogen-water-gut-health-research-shows-about-surgery-recovery,Hydrogen Water Gut Health: What 2024 Research Shows About Surgery Recovery
https://hydrogenstudies.com/blog/hydrogen-water-gut-health-post-surgery-recovery-questions-352031,5069,retire,0,0,,0,837,,hydrogen-water-gut-health-post-surgery-recovery-questions,Hydrogen Water Gut Health: Post-Surgery Recovery Questions
https://hydrogenstudies.com/blog/how-to-use-hydrogen-water-for-body-wide-healing-a-science-backed-guide-578906,5077,retire,0,0,,0,740,how-to-use,use-hydrogen-water-body-wide-healing-science-backed,How to Use Hydrogen Water for Body-Wide Healing: A Science-Backed Guide
https://hydrogenstudies.com/blog/hydrogen-water-health-benefits-your-inflammation-questions-answered-623528,5079,retire,0,0,,0,886,,hydrogen-water-health-benefits-inflammation-questions-answered,Hydrogen Water Health Benefits: Your Inflammation Questions Answered
https://hydrogenstudies.com/blog/hydrogen-water-health-benefits-what-2024-chicken-study-shows-098657,5092,retire,0,0,,0,766,,hydrogen-water-health-benefits-chicken-study-shows,Hydrogen Water Health Benefits: What 2024 Chicken Study Shows
https://hydrogenstudies.com/blog/how-to-use-hydrogen-water-health-benefits-for-better-immunity-098956,5093,retire,0,0,,0,703,,use-hydrogen-water-health-benefits-better-immunity,How to Use Hydrogen Water Health Benefits for Better Immunity
https://hydrogenstudies.com/blog/hydrogen-water-health-benefits-can-it-make-you-stronger-139895,5094,retire,0,0,,0,860,,hydrogen-water-health-benefits-make-stronger,Hydrogen Water Health Benefits: Can It Make You Stronger?
https://hydrogenstudies.com/blog/how-to-use-hydrogen-water-for-brain-health-what-new-science-shows-225879,5096,retire,0,0,,0,737,how-to-use,use-hydrogen-water-brain-health-science-shows,How to Use Hydrogen Water for Brain Health: What New Science Shows
https://hydrogenstudies.com/blog/how-to-use-hydrogen-water-for-faster-mouth-healing-a-science-backed-guide-351176,5098,retire,0,0,,0,731,how-to-use,use-hydrogen-water-faster-mouth-healing-science-backed,How to Use Hydrogen Water for Faster Mouth Healing: A Science-Backed Guide
https://hydrogenstudies.com/blog/hydrogen-water-oral-health-what-2024-research-shows-about-healing-372125,5100,retire,0,0,,0,742,,hydrogen-water-oral-health-research-shows-about-healing,Hydrogen Water Oral Health: What 2024 Research Shows About Healing
https://hydrogenstudies.com/blog/hydrogen-water-oral-health-does-it-help-wounds-heal-faster-391779,5101,retire,0,0,,0,816,,hydrogen-water-oral-health-help-wounds-heal-faster,Hydrogen Water Oral Health: Does It Help Wounds Heal Faster?
https://hydrogenstudies.com/blog/hydrogen-therapy-lung-health-can-it-stop-fluid-buildup-649946,5113,retire,0,0,,0,784,,hydrogen-therapy-lung-health-stop-fluid-buildup,Hydrogen Therapy Lung Health: Can It Stop Fluid Buildup?
https://hydrogenstudies.com/blog/how-to-use-hydrogen-water-for-safe-pregnancy-lower-blood-pressure-guide-730810,5115,retire,0,0,,0,709,how-to-use,use-hydrogen-water-safe-pregnancy-lower-blood-pressure,How to Use Hydrogen Water for Safe Pregnancy: Lower Blood Pressure Guide
https://hydrogenstudies.com/blog/how-to-use-hydrogen-water-for-brain-health-after-heart-issues-868226,5121,retire,0,0,,0,827,how-to-use,use-hydrogen-water-brain-health-after-heart-issues,How to Use Hydrogen Water for Brain Health After Heart Issues
https://hydrogenstudies.com/blog/hydrogen-water-eye-health-can-it-protect-your-vision-034665,5125,retire,0,0,,0,824,,hydrogen-water-eye-health-protect-vision,Hydrogen Water Eye Health: Can It Protect Your Vision?
https://hydrogenstudies.com/blog/how-to-use-hydrogen-water-for-blood-health-after-workouts-246773,5130,retire,0,0,,0,731,how-to-use,use-hydrogen-water-blood-health-after-workouts,How to Use Hydrogen Water for Blood Health After Workouts
https://hydrogenstudies.com/blog/hydrogen-water-brain-health-can-it-help-baby-brain-injuries-412049,5137,retire,0,0,,0,867,,hydrogen-water-brain-health-help-baby-brain-injuries,Hydrogen Water Brain Health: Can It Help Baby Brain Injuries?
https://hydrogenstudies.com/blog/hydrogen-water-brain-health-can-it-help-newborn-injuries-413936,5138,retire,0,0,,0,865,,hydrogen-water-brain-health-help-newborn-injuries,Hydrogen Water Brain Health: Can It Help Newborn Injuries?
https://hydrogenstudies.com/blog/hydrogen-water-gut-health-what-2024-research-shows-about-leaky-gut-500812,5140,retire,0,0,,0,847,,hydrogen-water-gut-health-research-shows-about-leaky-gut,Hydrogen Water Gut Health: What 2024 Research Shows About Leaky Gut
https://hydrogenstudies.com/blog/how-to-use-hydrogen-water-for-gut-health-stop-bad-bacteria-501577,5141,retire,0,0,,0,722,how-to-use,use-hydrogen-water-gut-health-stop-bad-bacteria,How to Use Hydrogen Water for Gut Health: Stop Bad Bacteria
https://hydrogenstudies.com/blog/how-to-use-hydrogen-water-for-brain-health-parkinsons-guide-633548,5146,retire,0,0,,0,729,how-to-use,use-hydrogen-water-brain-health-parkinsons,How to Use Hydrogen Water for Brain Health: Parkinson's Guide
https://hydrogenstudies.com/blog/how-to-use-hydrogen-therapy-lung-health-for-sepsis-a-science-backed-guide-773922,5151,retire,0,0,,0,740,,use-hydrogen-therapy-lung-health-sepsis-science-backed,How to Use Hydrogen Therapy Lung Health for Sepsis: A Science-Backed Guide
https://hydrogenstudies.com/blog/how-to-use-hydrogen-water-for-eye-health-what-new-research-really-shows-909555,5155,retire,0,0,,0,707,how-to-use,use-hydrogen-water-eye-health-research-really-shows,How to Use Hydrogen Water for Eye Health: What New Research Really Shows
https://hydrogenstudies.com/blog/hydrogen-water-for-depression-your-questions-answered-309399,5167,retire,0,0,,0,830,,hydrogen-water-depression-questions-answered,Hydrogen Water for Depression: Your Questions Answered
https://hydrogenstudies.com/blog/hydrogen-water-brain-health-what-2024-ms-research-shows-393412,5169,retire,0,0,,0,788,,hydrogen-water-brain-health-ms-research-shows,Hydrogen Water Brain Health: What 2024 MS Research Shows
https://hydrogenstudies.com/blog/hydrogen-water-brain-health-can-it-help-ms-symptoms-432651,5173,retire,0,0,,0,838,,hydrogen-water-brain-health-help-ms-symptoms,Hydrogen Water Brain Health: Can It Help MS Symptoms?
https://hydrogenstudies.com/blog/hydrogen-water-for-pancreas-your-questions-answered-560548,5179,retire,0,0,,0,860,,hydrogen-water-pancreas-questions-answered,Hydrogen Water for Pancreas: Your Questions Answered
https://hydrogenstudies.com/blog/hydrogen-water-oral-health-your-gum-healing-questions-answered-688519,5182,retire,0,0,,0,823,,hydrogen-water-oral-health-gum-healing-questions-answered,Hydrogen Water Oral Health: Your Gum Healing Questions Answered
https://hydrogenstudies.com/blog/how-to-use-hydrogen-water-for-smoke-damage-a-science-backed-guide-040349,5189,retire,0,0,,0,740,how-to-use,use-hydrogen-water-smoke-damage-science-backed,How to Use Hydrogen Water for Smoke Damage: A Science-Backed Guide
https://hydrogenstudies.com/blog/hydrogen-water-and-smoke-damage-what-2024-research-shows-076556,5191,retire,0,0,,0,796,what-20xx-research-shows,hydrogen-water-smoke-damage-research-shows,Hydrogen Water and Smoke Damage: What 2024 Research Shows
https://hydrogenstudies.com/blog/hydrogen-water-for-smoke-damage-your-questions-answered-086992,5192,retire,0,0,,0,778,,hydrogen-water-smoke-damage-questions-answered,Hydrogen Water for Smoke Damage: Your Questions Answered
https://hydrogenstudies.com/blog/how-to-use-hydrogen-water-for-brain-health-reduce-pain-and-heal-176626,5195,retire,0,0,,0,804,how-to-use,use-hydrogen-water-brain-health-reduce-pain-heal,How to Use Hydrogen Water for Brain Health: Reduce Pain & Heal
https://hydrogenstudies.com/blog/hydrogen-water-brain-health-does-it-reduce-nerve-pain-218636,5198,retire,0,0,,0,842,,hydrogen-water-brain-health-reduce-nerve-pain,Hydrogen Water Brain Health: Does It Reduce Nerve Pain?
https://hydrogenstudies.com/blog/hydrogen-water-gut-health-what-2024-research-shows-for-trauma-303235,5199,retire,0,0,,0,804,,hydrogen-water-gut-health-research-shows-trauma,Hydrogen Water Gut Health: What 2024 Research Shows for Trauma
https://hydrogenstudies.com/blog/how-to-use-hydrogen-water-for-better-mouth-health-a-science-guide-439910,5204,retire,0,0,,0,776,how-to-use,use-hydrogen-water-better-mouth-health-science,How to Use Hydrogen Water for Better Mouth Health: A Science Guide
https://hydrogenstudies.com/blog/hydrogen-therapy-lung-health-can-it-save-more-lives-004948,5219,retire,0,0,,0,853,,hydrogen-therapy-lung-health-save-more-lives,Hydrogen Therapy Lung Health: Can It Save More Lives?
https://hydrogenstudies.com/blog/how-to-use-hydrogen-water-for-babys-lung-health-safety-guide-200880,5226,retire,0,0,,0,757,how-to-use,use-hydrogen-water-babys-lung-health-safety,How to Use Hydrogen Water for Baby's Lung Health: Safety Guide
https://hydrogenstudies.com/blog/how-to-use-hydrogen-therapy-bone-health-to-shield-hips-472047,5239,retire,0,0,,0,737,,use-hydrogen-therapy-bone-health-shield-hips,How to Use Hydrogen Therapy Bone Health to Shield Hips
https://hydrogenstudies.com/blog/hydrogen-water-health-benefits-your-free-radical-questions-answered-649316,5243,retire,0,0,,0,827,,hydrogen-water-health-benefits-free-radical-questions-answered,Hydrogen Water Health Benefits: Your Free Radical Questions Answered
https://hydrogenstudies.com/blog/hydrogen-water-skin-benefits-does-it-help-psoriasis-784634,5246,retire,0,0,,0,825,,hydrogen-water-skin-benefits-help-psoriasis,Hydrogen Water Skin Benefits: Does It Help Psoriasis?
https://hydrogenstudies.com/blog/how-to-use-nano-bubble-hydrogen-water-for-better-cell-protection-a-science-backed-guide-000163,5251,retire,0,0,,0,710,,use-nano-bubble-hydrogen-water-better-cell-protection-science-backed,How to Use Nano-Bubble Hydrogen Water for Better Cell Protection: A Science-Backed Guide
https://hydrogenstudies.com/blog/hydrogen-water-health-benefits-nano-bubbles-vs-regular-046136,5252,retire,0,0,,0,821,,hydrogen-water-health-benefits-nano-bubbles-regular,Hydrogen Water Health Benefits: Nano-Bubbles vs Regular
https://hydrogenstudies.com/blog/how-to-use-hydrogen-therapy-lung-health-for-trauma-recovery-260636,5262,retire,0,0,,0,653,,use-hydrogen-therapy-lung-health-trauma-recovery,How to Use Hydrogen Therapy Lung Health for Trauma Recovery
https://hydrogenstudies.com/blog/hydrogen-therapy-lung-health-can-it-help-trauma-patients-292880,5263,retire,0,0,,0,792,,hydrogen-therapy-lung-health-help-trauma-patients,Hydrogen Therapy Lung Health: Can It Help Trauma Patients?
https://hydrogenstudies.com/blog/how-to-use-hydrogen-water-for-peritonium-health-a-science-backed-guide-384774,5265,retire,0,0,,0,814,how-to-use,use-hydrogen-water-peritonium-health-science-backed,How to Use Hydrogen Water for Peritonium Health: A Science-Backed Guide
https://hydrogenstudies.com/blog/hydrogen-water-gut-health-what-2024-research-shows-about-fighting-infection-523859,5269,retire,0,0,,0,828,,hydrogen-water-gut-health-research-shows-about-fighting-infection,Hydrogen Water Gut Health: What 2024 Research Shows About Fighting Infection
https://hydrogenstudies.com/blog/hydrogen-water-and-lung-infections-what-2024-research-shows-658725,5272,retire,0,0,,0,807,what-20xx-research-shows,hydrogen-water-lung-infections-research-shows,Hydrogen Water and Lung Infections: What 2024 Research Shows
https://hydrogenstudies.com/blog/how-to-use-hydrogen-therapy-for-lung-health-after-surgery-277351,5292,retire,0,0,,0,636,,use-hydrogen-therapy-lung-health-after-surgery,How to Use Hydrogen Therapy for Lung Health After Surgery
https://hydrogenstudies.com/blog/hydrogen-water-and-surgery-skin-what-2024-research-shows-409708,5298,retire,0,0,,0,741,what-20xx-research-shows,hydrogen-water-surgery-skin-research-shows,Hydrogen Water and Surgery Skin: What 2024 Research Shows
https://hydrogenstudies.com/blog/hydrogen-water-skin-benefits-can-it-help-surgery-recovery-456102,5300,retire,0,0,,0,842,,hydrogen-water-skin-benefits-help-surgery-recovery,Hydrogen Water Skin Benefits: Can It Help Surgery Recovery?
https://hydrogenstudies.com/blog/hydrogen-water-and-pancreas-surgery-what-2024-research-shows-547874,5301,retire,0,0,,0,815,what-20xx-research-shows,hydrogen-water-pancreas-surgery-research-shows,Hydrogen Water and Pancreas Surgery: What 2024 Research Shows
https://hydrogenstudies.com/blog/how-to-use-hydrogen-water-for-pancreas-health-a-science-guide-548298,5302,retire,0,0,,0,812,how-to-use,use-hydrogen-water-pancreas-health-science,How to Use Hydrogen Water for Pancreas Health: A Science Guide
https://hydrogenstudies.com/blog/hydrogen-water-brain-health-your-injury-questions-answered-726515,5306,retire,0,0,,0,808,,hydrogen-water-brain-health-injury-questions-answered,Hydrogen Water Brain Health: Your Injury Questions Answered
https://hydrogenstudies.com/blog/how-to-use-hydrogen-water-for-ovary-health-a-science-backed-guide-819552,5308,retire,0,0,,0,830,how-to-use,use-hydrogen-water-ovary-health-science-backed,How to Use Hydrogen Water for Ovary Health: A Science-Backed Guide
https://hydrogenstudies.com/blog/hydrogen-water-and-testes-what-2024-research-shows-about-sperm-963743,5313,retire,0,0,,0,811,,hydrogen-water-testes-research-shows-about-sperm,Hydrogen Water and Testes: What 2024 Research Shows About Sperm
https://hydrogenstudies.com/blog/how-to-use-hydrogen-water-for-better-sperm-a-science-guide-965014,5314,retire,0,0,,0,825,how-to-use,use-hydrogen-water-better-sperm-science,How to Use Hydrogen Water for Better Sperm: A Science Guide
https://hydrogenstudies.com/blog/hydrogen-water-for-testes-health-your-questions-answered-009940,5316,retire,0,0,,0,864,,hydrogen-water-testes-health-questions-answered,Hydrogen Water for Testes Health: Your Questions Answered
https://hydrogenstudies.com/blog/how-to-use-hydrogen-water-for-brain-health-stroke-protection-guide-125526,5320,retire,0,0,,0,750,how-to-use,use-hydrogen-water-brain-health-stroke-protection,How to Use Hydrogen Water for Brain Health: Stroke Protection Guide
https://hydrogenstudies.com/blog/how-to-use-hydrogen-water-for-kidney-health-stop-stones-366534,5326,retire,0,0,,0,788,how-to-use,use-hydrogen-water-kidney-health-stop-stones,How to Use Hydrogen Water for Kidney Health: Stop Stones
https://hydrogenstudies.com/blog/hydrogen-water-health-benefits-what-2024-grape-study-shows-492788,5329,retire,0,0,,0,735,,hydrogen-water-health-benefits-grape-study-shows,Hydrogen Water Health Benefits: What 2024 Grape Study Shows
https://hydrogenstudies.com/blog/hydrogen-water-health-benefits-how-does-it-protect-your-cells-532066,5331,retire,0,0,,0,819,,hydrogen-water-health-benefits-protect-cells,Hydrogen Water Health Benefits: How Does It Protect Your Cells?
https://hydrogenstudies.com/blog/how-to-use-hydrogen-water-for-oral-health-fight-mouth-fungus-619348,5332,retire,0,0,,0,696,how-to-use,use-hydrogen-water-oral-health-fight-mouth-fungus,How to Use Hydrogen Water for Oral Health: Fight Mouth Fungus
https://hydrogenstudies.com/blog/hydrogen-water-oral-health-does-it-kill-mouth-fungus-663574,5334,retire,0,0,,0,848,,hydrogen-water-oral-health-kill-mouth-fungus,Hydrogen Water Oral Health: Does It Kill Mouth Fungus?
https://hydrogenstudies.com/blog/hydrogen-water-eye-health-what-2024-research-shows-about-light-damage-764042,5337,retire,0,0,,0,786,,hydrogen-water-eye-health-research-shows-about-light-damage,Hydrogen Water Eye Health: What 2024 Research Shows About Light Damage
https://hydrogenstudies.com/blog/hydrogen-water-gut-health-what-2024-research-shows-for-cancer-855463,5339,retire,0,0,,0,755,,hydrogen-water-gut-health-research-shows-cancer,Hydrogen Water Gut Health: What 2024 Research Shows for Cancer
https://hydrogenstudies.com/blog/hydrogen-water-gut-health-what-2024-cancer-research-shows-882163,5341,retire,0,0,,0,748,,hydrogen-water-gut-health-cancer-research-shows,Hydrogen Water Gut Health: What 2024 Cancer Research Shows
https://hydrogenstudies.com/blog/hydrogen-water-gut-health-can-it-help-fight-cancer-935365,5344,retire,0,0,,0,862,,hydrogen-water-gut-health-help-fight-cancer,Hydrogen Water Gut Health: Can It Help Fight Cancer?
https://hydrogenstudies.com/blog/how-to-use-hydrogen-water-for-spine-pain-after-surgery-638988,5367,retire,0,0,,0,772,how-to-use,use-hydrogen-water-spine-pain-after-surgery,How to Use Hydrogen Water for Spine Pain After Surgery
https://hydrogenstudies.com/blog/hydrogen-water-for-spine-pain-your-questions-answered-680387,5369,retire,0,0,,0,878,,hydrogen-water-spine-pain-questions-answered,Hydrogen Water for Spine Pain: Your Questions Answered
https://hydrogenstudies.com/blog/hydrogen-water-health-benefits-what-2024-research-shows-about-breathing-and-drinking-together-755034,5370,retire,0,0,,0,704,,hydrogen-water-health-benefits-research-shows-about-breathing-drinking-together,Hydrogen Water Health Benefits: What 2024 Research Shows About Breathing and Drinking Together
https://hydrogenstudies.com/blog/how-to-use-hydrogen-water-health-benefits-drink-breathe-guide-755965,5371,retire,0,0,,0,767,,use-hydrogen-water-health-benefits-drink-breathe,How to Use Hydrogen Water Health Benefits: Drink + Breathe Guide
https://hydrogenstudies.com/blog/hydrogen-water-health-benefits-what-2024-research-shows-about-breathing-and-drinking-762584,5372,retire,0,0,,0,752,,hydrogen-water-health-benefits-research-shows-about-breathing-drinking,Hydrogen Water Health Benefits: What 2024 Research Shows About Breathing and Drinking
https://hydrogenstudies.com/blog/how-to-use-hydrogen-water-for-heart-health-lower-cholesterol-in-10-weeks-897555,5379,retire,0,0,,0,720,how-to-use,use-hydrogen-water-heart-health-lower-cholesterol-10-weeks,How to Use Hydrogen Water for Heart Health: Lower Cholesterol in 10 Weeks
https://hydrogenstudies.com/blog/how-to-use-hydrogen-water-for-heart-health-stronger-arteries-018374,5383,retire,0,0,,0,838,how-to-use,use-hydrogen-water-heart-health-stronger-arteries,How to Use Hydrogen Water for Heart Health: Stronger Arteries
https://hydrogenstudies.com/blog/hydrogen-water-heart-health-can-it-prevent-heart-attacks-063803,5386,retire,0,0,,0,833,,hydrogen-water-heart-health-prevent-heart-attacks,Hydrogen Water Heart Health: Can It Prevent Heart Attacks?
https://hydrogenstudies.com/blog/how-to-use-hydrogen-water-for-diabetes-a-science-backed-guide-281215,5392,retire,0,0,,0,661,how-to-use,use-hydrogen-water-diabetes-science-backed,How to Use Hydrogen Water for Diabetes: A Science-Backed Guide
https://hydrogenstudies.com/blog/how-to-use-hydrogen-water-for-heart-health-during-illness-a-science-backed-guide-541585,5398,retire,0,0,,0,751,how-to-use,use-hydrogen-water-heart-health-during-illness-science-backed,How to Use Hydrogen Water for Heart Health During Illness: A Science-Backed Guide
https://hydrogenstudies.com/blog/hydrogen-water-heart-health-can-it-protect-your-heart-584507,5400,retire,0,0,,0,829,,hydrogen-water-heart-health-protect-heart,Hydrogen Water Heart Health: Can It Protect Your Heart?
https://hydrogenstudies.com/blog/how-to-use-hydrogen-water-for-dialysis-safety-a-science-backed-guide-649111,5401,retire,0,0,,0,761,how-to-use,use-hydrogen-water-dialysis-safety-science-backed,How to Use Hydrogen Water for Dialysis Safety: A Science-Backed Guide
https://hydrogenstudies.com/blog/hydrogen-water-for-kidney-scars-your-questions-answered-693335,5405,retire,0,0,,0,850,,hydrogen-water-kidney-scars-questions-answered,Hydrogen Water for Kidney Scars: Your Questions Answered
https://hydrogenstudies.com/blog/hydrogen-water-for-peritonium-issues-your-questions-answered-718786,5406,retire,0,0,,0,828,,hydrogen-water-peritonium-issues-questions-answered,Hydrogen Water for Peritonium Issues: Your Questions Answered
https://hydrogenstudies.com/blog/hydrogen-water-for-spine-healing-your-questions-answered-088467,5421,retire,0,0,,0,784,,hydrogen-water-spine-healing-questions-answered,Hydrogen Water for Spine Healing: Your Questions Answered
https://hydrogenstudies.com/blog/how-to-use-hydrogen-water-for-surgery-lung-care-a-science-backed-guide-548460,5432,retire,0,0,,0,761,how-to-use,use-hydrogen-water-surgery-lung-care-science-backed,How to Use Hydrogen Water for Surgery Lung Care: A Science-Backed Guide
https://hydrogenstudies.com/blog/hydrogen-water-and-lung-surgery-what-2024-research-shows-550583,5435,retire,0,0,,0,810,what-20xx-research-shows,hydrogen-water-lung-surgery-research-shows,Hydrogen Water and Lung Surgery: What 2024 Research Shows
https://hydrogenstudies.com/blog/hydrogen-therapy-lung-health-surgery-protection-faq-594408,5436,retire,0,0,,0,846,,hydrogen-therapy-lung-health-surgery-protection-faq,Hydrogen Therapy Lung Health: Surgery Protection FAQ
https://hydrogenstudies.com/blog/hydrogen-therapy-lung-health-can-it-help-during-surgery-601878,5437,retire,0,0,,0,799,,hydrogen-therapy-lung-health-help-during-surgery,Hydrogen Therapy Lung Health: Can It Help During Surgery?
https://hydrogenstudies.com/blog/how-to-use-hydrogen-water-for-faster-skin-healing-after-surgery-680637,5438,retire,0,0,,0,728,how-to-use,use-hydrogen-water-faster-skin-healing-after-surgery,How to Use Hydrogen Water for Faster Skin Healing After Surgery
https://hydrogenstudies.com/blog/how-to-use-hydrogen-water-for-faster-healing-skin-benefits-692675,5441,retire,0,2,80.0,0,748,how-to-use,use-hydrogen-water-faster-healing-skin-benefits,How to Use Hydrogen Water for Faster Healing: Skin Benefits
https://hydrogenstudies.com/blog/hydrogen-water-skin-benefits-surgery-recovery-questions-726355,5442,retire,0,0,,0,804,,hydrogen-water-skin-benefits-surgery-recovery-questions,Hydrogen Water Skin Benefits: Surgery Recovery Questions
https://hydrogenstudies.com/blog/hydrogen-water-and-blood-vessels-what-2024-research-shows-819977,5445,retire,0,0,,0,840,what-20xx-research-shows,hydrogen-water-blood-vessels-research-shows,Hydrogen Water and Blood Vessels: What 2024 Research Shows
https://hydrogenstudies.com/blog/how-to-use-hydrogen-water-for-healthy-blood-vessels-a-science-backed-guide-821285,5446,retire,0,0,,0,741,how-to-use,use-hydrogen-water-healthy-blood-vessels-science-backed,How to Use Hydrogen Water for Healthy Blood Vessels: A Science-Backed Guide
https://hydrogenstudies.com/blog/hydrogen-water-and-blood-vessel-health-what-2024-research-shows-823684,5447,retire,0,0,,0,747,what-20xx-research-shows,hydrogen-water-blood-vessel-health-research-shows,Hydrogen Water and Blood Vessel Health: What 2024 Research Shows
https://hydrogenstudies.com/blog/hydrogen-water-for-blood-vessel-health-your-questions-answered-862251,5448,retire,0,0,,0,767,,hydrogen-water-blood-vessel-health-questions-answered,Hydrogen Water for Blood Vessel Health: Your Questions Answered
https://hydrogenstudies.com/blog/how-to-use-hydrogen-water-for-liver-health-after-surgery-a-science-backed-guide-344261,5459,retire,0,0,,0,748,how-to-use,use-hydrogen-water-liver-health-after-surgery-science-backed,How to Use Hydrogen Water for Liver Health After Surgery: A Science-Backed Guide
https://hydrogenstudies.com/blog/how-to-use-hydrogen-water-for-brain-health-protect-against-diabetes-damage-472676,5465,retire,0,0,,0,663,how-to-use,use-hydrogen-water-brain-health-protect-against-diabetes-damage,How to Use Hydrogen Water for Brain Health: Protect Against Diabetes Damage
https://hydrogenstudies.com/blog/hydrogen-water-brain-health-can-it-protect-your-nerves-496609,5467,retire,0,0,,0,806,,hydrogen-water-brain-health-protect-nerves,Hydrogen Water Brain Health: Can It Protect Your Nerves?
https://hydrogenstudies.com/blog/hydrogen-water-brain-health-can-it-protect-from-diabetes-513997,5468,retire,0,0,,0,788,,hydrogen-water-brain-health-protect-diabetes,Hydrogen Water Brain Health: Can It Protect From Diabetes?
https://hydrogenstudies.com/blog/how-to-use-hydrogen-water-for-bone-marrow-recovery-a-science-backed-guide-848859,5481,retire,0,0,,0,782,how-to-use,use-hydrogen-water-bone-marrow-recovery-science-backed,How to Use Hydrogen Water for Bone Marrow Recovery: A Science-Backed Guide
https://hydrogenstudies.com/blog/hydrogen-water-heart-health-can-it-protect-during-heart-attacks-020127,5486,retire,0,0,,0,897,,hydrogen-water-heart-health-protect-during-heart-attacks,Hydrogen Water Heart Health: Can It Protect During Heart Attacks?
https://hydrogenstudies.com/blog/hydrogen-water-and-lung-infection-what-2024-research-shows-115242,5488,retire,0,0,,0,741,what-20xx-research-shows,hydrogen-water-lung-infection-research-shows,Hydrogen Water and Lung Infection: What 2024 Research Shows
https://hydrogenstudies.com/blog/hydrogen-therapy-lung-health-can-it-protect-during-infections-157126,5489,retire,0,0,,0,830,,hydrogen-therapy-lung-health-protect-during-infections,Hydrogen Therapy Lung Health: Can It Protect During Infections?
https://hydrogenstudies.com/blog/hydrogen-water-heart-health-can-it-protect-after-attacks-419802,5499,retire,0,0,,0,870,,hydrogen-water-heart-health-protect-after-attacks,Hydrogen Water Heart Health: Can It Protect After Attacks?
https://hydrogenstudies.com/blog/hydrogen-water-gut-health-can-this-gas-save-your-life-664902,5510,retire,0,0,,0,794,,hydrogen-water-gut-health-this-gas-save-life,Hydrogen Water Gut Health: Can This Gas Save Your Life?
https://hydrogenstudies.com/blog/hydrogen-water-gut-health-can-it-help-fight-sepsis-683722,5511,retire,0,0,,0,874,,hydrogen-water-gut-health-help-fight-sepsis,Hydrogen Water Gut Health: Can It Help Fight Sepsis?
https://hydrogenstudies.com/blog/how-to-use-hydrogen-water-for-liver-health-guard-against-painkiller-damage-751988,5512,retire,0,0,,0,730,how-to-use,use-hydrogen-water-liver-health-guard-against-painkiller-damage,How to Use Hydrogen Water for Liver Health: Guard Against Painkiller Damage
https://hydrogenstudies.com/blog/how-to-use-hydrogen-water-for-brain-health-als-protection-guide-133758,5521,retire,0,0,,0,698,how-to-use,use-hydrogen-water-brain-health-als-protection,How to Use Hydrogen Water for Brain Health: ALS Protection Guide
https://hydrogenstudies.com/blog/hydrogen-water-brain-health-what-2024-als-study-shows-157181,5523,retire,0,0,,0,790,,hydrogen-water-brain-health-als-study-shows,Hydrogen Water Brain Health: What 2024 ALS Study Shows
https://hydrogenstudies.com/blog/hydrogen-water-brain-health-can-it-help-als-your-questions-answered-182995,5524,retire,0,0,,0,846,,hydrogen-water-brain-health-help-als-questions-answered,Hydrogen Water Brain Health: Can It Help ALS? Your Questions Answered
https://hydrogenstudies.com/blog/hydrogen-water-health-benefits-can-it-protect-smokers-430927,5535,retire,0,0,,0,910,,hydrogen-water-health-benefits-protect-smokers,Hydrogen Water Health Benefits: Can It Protect Smokers?
https://hydrogenstudies.com/blog/hydrogen-water-health-benefits-for-smokers-your-questions-answered-445277,5536,retire,0,0,,0,868,,hydrogen-water-health-benefits-smokers-questions-answered,Hydrogen Water Health Benefits for Smokers: Your Questions Answered
https://hydrogenstudies.com/blog/how-to-use-hydrogen-water-for-ear-protection-a-science-backed-guide-532441,5539,retire,0,0,,0,764,how-to-use,use-hydrogen-water-ear-protection-science-backed,How to Use Hydrogen Water for Ear Protection: A Science-Backed Guide
https://hydrogenstudies.com/blog/hydrogen-therapy-hearing-health-can-it-protect-your-ears-566863,5541,retire,0,0,,0,855,,hydrogen-therapy-hearing-health-protect-ears,Hydrogen Therapy Hearing Health: Can It Protect Your Ears?
https://hydrogenstudies.com/blog/hydrogen-water-for-ear-protection-your-questions-answered-580891,5542,retire,0,0,,0,871,,hydrogen-water-ear-protection-questions-answered,Hydrogen Water for Ear Protection: Your Questions Answered
https://hydrogenstudies.com/blog/how-to-use-hydrogen-therapy-lung-health-in-emergencies-915963,5549,retire,0,0,,0,783,,use-hydrogen-therapy-lung-health-emergencies,How to Use Hydrogen Therapy Lung Health in Emergencies
https://hydrogenstudies.com/blog/hydrogen-water-for-emergency-lung-care-your-questions-answered-957469,5551,retire,0,0,,0,817,,hydrogen-water-emergency-lung-care-questions-answered,Hydrogen Water for Emergency Lung Care: Your Questions Answered
https://hydrogenstudies.com/blog/how-to-use-hydrogen-water-for-blood-loss-recovery-a-science-backed-guide-042590,5553,retire,0,0,,0,758,how-to-use,use-hydrogen-water-blood-loss-recovery-science-backed,How to Use Hydrogen Water for Blood Loss Recovery: A Science-Backed Guide
https://hydrogenstudies.com/blog/hydrogen-water-health-benefits-for-trauma-your-questions-answered-081990,5554,retire,0,0,,0,816,,hydrogen-water-health-benefits-trauma-questions-answered,Hydrogen Water Health Benefits for Trauma: Your Questions Answered
https://hydrogenstudies.com/blog/how-to-use-hydrogen-water-for-brain-health-reduce-nerve-pain-167258,5556,retire,0,0,,0,695,how-to-use,use-hydrogen-water-brain-health-reduce-nerve-pain,How to Use Hydrogen Water for Brain Health: Reduce Nerve Pain
https://hydrogenstudies.com/blog/hydrogen-water-brain-health-can-it-reduce-pain-and-swelling-203370,5557,retire,0,0,,0,677,,hydrogen-water-brain-health-reduce-pain-swelling,Hydrogen Water Brain Health: Can It Reduce Pain and Swelling?
https://hydrogenstudies.com/blog/how-to-use-hydrogen-water-for-nose-healing-a-science-backed-guide-515280,5583,retire,0,0,,0,726,how-to-use,use-hydrogen-water-nose-healing-science-backed,How to Use Hydrogen Water for Nose Healing: A Science-Backed Guide
https://hydrogenstudies.com/blog/hydrogen-water-for-nose-surgery-your-questions-answered-551992,5584,retire,0,0,,0,744,,hydrogen-water-nose-surgery-questions-answered,Hydrogen Water for Nose Surgery: Your Questions Answered
https://hydrogenstudies.com/blog/hydrogen-water-heart-health-what-2024-sleep-study-shows-766601,5594,retire,0,0,,0,819,,hydrogen-water-heart-health-sleep-study-shows,Hydrogen Water Heart Health: What 2024 Sleep Study Shows
https://hydrogenstudies.com/blog/hydrogen-water-heart-health-your-sleep-questions-answered-801846,5595,retire,0,0,,0,765,,hydrogen-water-heart-health-sleep-questions-answered,Hydrogen Water Heart Health: Your Sleep Questions Answered
https://hydrogenstudies.com/blog/how-to-use-hydrogen-therapy-hearing-health-to-fight-drug-damage-013743,5603,retire,0,0,,0,755,,use-hydrogen-therapy-hearing-health-fight-drug-damage,How to Use Hydrogen Therapy Hearing Health to Fight Drug Damage
https://hydrogenstudies.com/blog/how-to-use-hydrogen-water-for-radiation-skin-care-a-science-backed-guide-276146,5610,retire,0,0,,0,816,how-to-use,use-hydrogen-water-radiation-skin-care-science-backed,How to Use Hydrogen Water for Radiation Skin Care: A Science-Backed Guide
https://hydrogenstudies.com/blog/hydrogen-water-for-radiation-burns-your-questions-answered-320015,5611,retire,0,0,,0,830,,hydrogen-water-radiation-burns-questions-answered,Hydrogen Water for Radiation Burns: Your Questions Answered
https://hydrogenstudies.com/blog/hydrogen-therapy-hearing-health-can-it-prevent-damage-448075,5614,retire,0,0,,0,858,,hydrogen-therapy-hearing-health-prevent-damage,Hydrogen Therapy Hearing Health: Can It Prevent Damage?
https://hydrogenstudies.com/blog/how-to-use-hydrogen-water-for-liver-health-after-burns-a-science-backed-guide-785736,5628,retire,0,0,,0,761,how-to-use,use-hydrogen-water-liver-health-after-burns-science-backed,How to Use Hydrogen Water for Liver Health After Burns: A Science-Backed Guide
https://hydrogenstudies.com/blog/how-to-use-hydrogen-water-for-liver-health-after-burns-793979,5629,retire,0,0,,0,798,how-to-use,use-hydrogen-water-liver-health-after-burns,How to Use Hydrogen Water for Liver Health After Burns
https://hydrogenstudies.com/blog/hydrogen-water-liver-health-what-2024-burn-research-shows-794721,5630,retire,0,0,,0,765,,hydrogen-water-liver-health-burn-research-shows,Hydrogen Water Liver Health: What 2024 Burn Research Shows
https://hydrogenstudies.com/blog/hydrogen-water-kidney-health-can-it-protect-you-339781,5644,retire,0,0,,0,800,,hydrogen-water-kidney-health-protect,Hydrogen Water Kidney Health: Can It Protect You?
https://hydrogenstudies.com/blog/how-to-use-hydrogen-water-for-liver-health-during-surgery-a-science-backed-guide-429671,5645,retire,0,0,,0,826,how-to-use,use-hydrogen-water-liver-health-during-surgery-science-backed,How to Use Hydrogen Water for Liver Health During Surgery: A Science-Backed Guide
https://hydrogenstudies.com/blog/hydrogen-water-health-benefits-what-2024-research-shows-for-ph-085498,5665,retire,0,0,,0,644,,hydrogen-water-health-benefits-research-shows-ph,Hydrogen Water Health Benefits: What 2024 Research Shows for pH
https://hydrogenstudies.com/blog/how-to-use-hydrogen-water-for-better-ph-balance-health-benefits-085073,5666,retire,0,0,,0,693,how-to-use,use-hydrogen-water-better-ph-balance-health-benefits,How to Use Hydrogen Water for Better pH Balance: Health Benefits
https://hydrogenstudies.com/blog/hydrogen-water-and-tendon-healing-what-2024-research-shows-226218,5668,retire,0,0,,0,842,what-20xx-research-shows,hydrogen-water-tendon-healing-research-shows,Hydrogen Water and Tendon Healing: What 2024 Research Shows
https://hydrogenstudies.com/blog/how-to-use-hydrogen-water-for-tendon-recovery-a-science-backed-guide-330322,5671,retire,0,0,,0,737,how-to-use,use-hydrogen-water-tendon-recovery-science-backed,How to Use Hydrogen Water for Tendon Recovery: A Science-Backed Guide
https://hydrogenstudies.com/blog/how-to-use-hydrogen-water-for-tendon-healing-a-science-guide-346764,5673,retire,0,0,,0,746,how-to-use,use-hydrogen-water-tendon-healing-science,How to Use Hydrogen Water for Tendon Healing: A Science Guide
https://hydrogenstudies.com/blog/hydrogen-water-for-tendon-healing-your-questions-answered-376430,5675,retire,0,0,,0,883,,hydrogen-water-tendon-healing-questions-answered,Hydrogen Water for Tendon Healing: Your Questions Answered
https://hydrogenstudies.com/blog/hydrogen-water-for-tendon-pain-your-questions-answered-395363,5676,retire,0,0,,0,874,,hydrogen-water-tendon-pain-questions-answered,Hydrogen Water for Tendon Pain: Your Questions Answered
https://hydrogenstudies.com/blog/hydrogen-water-gut-health-can-it-protect-during-surgery-753079,5691,retire,0,0,,0,842,,hydrogen-water-gut-health-protect-during-surgery,Hydrogen Water Gut Health: Can It Protect During Surgery?
https://hydrogenstudies.com/blog/hydrogen-water-health-benefits-what-2024-research-shows-about-your-bodys-natural-defense-091942,5699,retire,0,0,,0,691,,hydrogen-water-health-benefits-research-shows-about-bodys-natural-defense,Hydrogen Water Health Benefits: What 2024 Research Shows About Your Body's Natural Defense
https://hydrogenstudies.com/blog/hydrogen-water-health-benefits-can-it-protect-your-immune-system-137430,5700,retire,0,0,,0,797,,hydrogen-water-health-benefits-protect-immune-system,Hydrogen Water Health Benefits: Can It Protect Your Immune System?
https://hydrogenstudies.com/blog/how-to-use-hydrogen-water-for-blood-health-during-dialysis-222209,5701,retire,0,0,,0,736,how-to-use,use-hydrogen-water-blood-health-during-dialysis,How to Use Hydrogen Water for Blood Health During Dialysis
https://hydrogenstudies.com/blog/how-to-use-hydrogen-water-for-aging-gums-a-science-backed-guide-229942,5702,retire,0,0,,0,689,how-to-use,use-hydrogen-water-aging-gums-science-backed,How to Use Hydrogen Water for Aging Gums: A Science-Backed Guide
https://hydrogenstudies.com/blog/hydrogen-water-blood-health-what-2024-dialysis-research-shows-222217,5704,retire,0,0,,0,766,,hydrogen-water-blood-health-dialysis-research-shows,Hydrogen Water Blood Health: What 2024 Dialysis Research Shows
https://hydrogenstudies.com/blog/hydrogen-water-blood-health-can-it-make-dialysis-safer-269685,5706,retire,0,0,,0,855,,hydrogen-water-blood-health-make-dialysis-safer,Hydrogen Water Blood Health: Can It Make Dialysis Safer?
https://hydrogenstudies.com/blog/hydrogen-water-brain-health-what-2024-research-shows-for-stroke-354321,5707,retire,0,0,,0,710,,hydrogen-water-brain-health-research-shows-stroke,Hydrogen Water Brain Health: What 2024 Research Shows for Stroke
https://hydrogenstudies.com/blog/hydrogen-water-brain-health-can-it-help-brain-bleeding-404667,5709,retire,0,0,,0,826,,hydrogen-water-brain-health-help-brain-bleeding,Hydrogen Water Brain Health: Can It Help Brain Bleeding?
https://hydrogenstudies.com/blog/how-to-use-hydrogen-water-for-brain-health-shield-your-mind-489042,5711,retire,0,0,,0,756,how-to-use,use-hydrogen-water-brain-health-shield-mind,How to Use Hydrogen Water for Brain Health: Shield Your Mind
https://hydrogenstudies.com/blog/hydrogen-water-brain-health-can-it-protect-you-from-toxins-529392,5713,retire,0,0,,0,827,,hydrogen-water-brain-health-protect-toxins,Hydrogen Water Brain Health: Can It Protect You From Toxins?
https://hydrogenstudies.com/blog/hydrogen-water-skin-benefits-what-2024-research-shows-for-cancer-care-615965,5714,retire,0,0,,0,758,,hydrogen-water-skin-benefits-research-shows-cancer-care,Hydrogen Water Skin Benefits: What 2024 Research Shows for Cancer Care
https://hydrogenstudies.com/blog/hydrogen-water-heart-health-what-2024-research-shows-about-cancer-drug-protection-743767,5717,retire,0,0,,0,735,,hydrogen-water-heart-health-research-shows-about-cancer-drug-protection,Hydrogen Water Heart Health: What 2024 Research Shows About Cancer Drug Protection
https://hydrogenstudies.com/blog/how-to-use-hydrogen-water-for-heart-health-during-cancer-treatment-a-science-backed-guide-745722,5718,retire,0,0,,0,779,how-to-use,use-hydrogen-water-heart-health-during-cancer-treatment-science-backed,How to Use Hydrogen Water for Heart Health During Cancer Treatment: A Science-Backed Guide
https://hydrogenstudies.com/blog/hydrogen-water-heart-health-during-cancer-treatment-your-questions-answered-785564,5719,retire,0,0,,0,815,,hydrogen-water-heart-health-during-cancer-treatment-questions-answered,Hydrogen Water Heart Health During Cancer Treatment: Your Questions Answered
https://hydrogenstudies.com/blog/how-to-use-hydrogen-therapy-bone-health-for-better-joint-repair-a-science-backed-guide-134288,5728,retire,0,0,,0,748,,use-hydrogen-therapy-bone-health-better-joint-repair-science-backed,How to Use Hydrogen Therapy Bone Health for Better Joint Repair: A Science-Backed Guide
https://hydrogenstudies.com/blog/hydrogen-water-and-bone-repair-what-2024-research-shows-133220,5729,retire,0,0,,0,749,what-20xx-research-shows,hydrogen-water-bone-repair-research-shows,Hydrogen Water and Bone Repair: What 2024 Research Shows
https://hydrogenstudies.com/blog/hydrogen-therapy-bone-health-your-joint-questions-answered-177802,5731,retire,0,0,,0,900,,hydrogen-therapy-bone-health-joint-questions-answered,Hydrogen Therapy Bone Health: Your Joint Questions Answered
https://hydrogenstudies.com/blog/how-to-use-hydrogen-water-for-clear-skin-a-science-backed-guide-267090,5733,retire,0,0,,0,780,how-to-use,use-hydrogen-water-clear-skin-science-backed,How to Use Hydrogen Water for Clear Skin: A Science-Backed Guide
https://hydrogenstudies.com/blog/how-to-use-hydrogen-water-for-itchy-skin-a-science-backed-guide-300512,5734,retire,0,0,,0,733,how-to-use,use-hydrogen-water-itchy-skin-science-backed,How to Use Hydrogen Water for Itchy Skin: A Science-Backed Guide
https://hydrogenstudies.com/blog/hydrogen-water-for-skin-allergies-your-questions-answered-301002,5735,retire,0,0,,0,708,,hydrogen-water-skin-allergies-questions-answered,Hydrogen Water for Skin Allergies: Your Questions Answered
https://hydrogenstudies.com/blog/hydrogen-water-skin-benefits-can-it-help-allergies-348753,5736,retire,0,0,,0,820,,hydrogen-water-skin-benefits-help-allergies,Hydrogen Water Skin Benefits: Can It Help Allergies?
https://hydrogenstudies.com/blog/hydrogen-water-eye-health-what-2024-research-shows-about-vision-protection-530109,5741,retire,0,0,,0,769,,hydrogen-water-eye-health-research-shows-about-vision-protection,Hydrogen Water Eye Health: What 2024 Research Shows About Vision Protection
https://hydrogenstudies.com/blog/hydrogen-water-eye-health-can-it-help-your-vision-heal-572481,5742,retire,0,0,,0,782,,hydrogen-water-eye-health-help-vision-heal,Hydrogen Water Eye Health: Can It Help Your Vision Heal?
https://hydrogenstudies.com/blog/how-to-use-hydrogen-water-for-belly-health-a-science-guide-785903,5746,retire,0,0,,0,721,how-to-use,use-hydrogen-water-belly-health-science,How to Use Hydrogen Water for Belly Health: A Science Guide
https://hydrogenstudies.com/blog/hydrogen-water-and-peritonitis-what-2024-research-shows-785755,5747,retire,0,0,,0,668,what-20xx-research-shows,hydrogen-water-peritonitis-research-shows,Hydrogen Water and Peritonitis: What 2024 Research Shows
https://hydrogenstudies.com/blog/hydrogen-water-brain-health-what-2024-research-shows-about-pain-relief-048101,5754,retire,0,0,,0,802,,hydrogen-water-brain-health-research-shows-about-pain-relief,Hydrogen Water Brain Health: What 2024 Research Shows About Pain Relief
https://hydrogenstudies.com/blog/hydrogen-water-brain-health-does-it-help-with-pain-relief-073362,5756,retire,0,0,,0,861,,hydrogen-water-brain-health-help-pain-relief,Hydrogen Water Brain Health: Does It Help With Pain Relief?
https://hydrogenstudies.com/blog/hydrogen-water-brain-health-can-it-really-reduce-pain-096081,5757,retire,0,0,,0,795,,hydrogen-water-brain-health-really-reduce-pain,Hydrogen Water Brain Health: Can It Really Reduce Pain?
https://hydrogenstudies.com/blog/how-to-use-hydrogen-water-for-brain-health-protect-against-opioid-side-effects-158264,5758,retire,0,0,,0,638,how-to-use,use-hydrogen-water-brain-health-protect-against-opioid-side-effects,How to Use Hydrogen Water for Brain Health: Protect Against Opioid Side Effects
https://hydrogenstudies.com/blog/how-to-use-hydrogen-water-for-brain-health-protect-against-painkiller-side-effects-178624,5760,retire,0,0,,0,645,how-to-use,use-hydrogen-water-brain-health-protect-against-painkiller-side-effects,How to Use Hydrogen Water for Brain Health: Protect Against Painkiller Side Effects
https://hydrogenstudies.com/blog/hydrogen-water-brain-health-can-it-help-surgery-pain-201656,5762,retire,0,0,,0,802,,hydrogen-water-brain-health-help-surgery-pain,Hydrogen Water Brain Health: Can It Help Surgery Pain?
https://hydrogenstudies.com/blog/hydrogen-water-and-spleen-health-what-2024-research-shows-419365,5770,retire,0,0,,0,777,what-20xx-research-shows,hydrogen-water-spleen-health-research-shows,Hydrogen Water and Spleen Health: What 2024 Research Shows
https://hydrogenstudies.com/blog/how-to-use-hydrogen-water-for-spleen-health-a-science-backed-guide-417901,5771,retire,0,0,,0,715,how-to-use,use-hydrogen-water-spleen-health-science-backed,How to Use Hydrogen Water for Spleen Health: A Science-Backed Guide
https://hydrogenstudies.com/blog/hydrogen-water-for-spleen-health-your-questions-answered-463766,5772,retire,0,0,,0,799,,hydrogen-water-spleen-health-questions-answered,Hydrogen Water for Spleen Health: Your Questions Answered
https://hydrogenstudies.com/blog/hydrogen-water-and-blood-sugar-what-2024-research-shows-810911,5779,retire,0,0,,0,763,what-20xx-research-shows,hydrogen-water-blood-sugar-research-shows,Hydrogen Water and Blood Sugar: What 2024 Research Shows
https://hydrogenstudies.com/blog/hydrogen-water-health-benefits-what-2024-heat-research-shows-939100,5784,retire,0,0,,0,791,,hydrogen-water-health-benefits-heat-research-shows,Hydrogen Water Health Benefits: What 2024 Heat Research Shows
https://hydrogenstudies.com/blog/how-to-use-hydrogen-water-for-heat-protection-a-science-backed-guide-932248,5785,retire,0,0,,0,778,how-to-use,use-hydrogen-water-heat-protection-science-backed,How to Use Hydrogen Water for Heat Protection: A Science-Backed Guide
https://hydrogenstudies.com/blog/hydrogen-water-health-benefits-for-heat-your-questions-answered-977994,5786,retire,0,0,,0,863,,hydrogen-water-health-benefits-heat-questions-answered,Hydrogen Water Health Benefits for Heat: Your Questions Answered
https://hydrogenstudies.com/blog/how-to-use-hydrogen-water-for-stronger-bones-a-science-backed-guide-071124,5791,retire,0,0,,0,820,how-to-use,use-hydrogen-water-stronger-bones-science-backed,How to Use Hydrogen Water for Stronger Bones: A Science-Backed Guide
https://hydrogenstudies.com/blog/how-to-use-hydrogen-water-health-benefits-to-fight-body-inflammation-189734,5794,retire,0,0,,0,701,,use-hydrogen-water-health-benefits-fight-body-inflammation,How to Use Hydrogen Water Health Benefits to Fight Body Inflammation
https://hydrogenstudies.com/blog/hydrogen-water-health-benefits-what-2024-research-shows-about-fighting-infections-191339,5795,retire,0,0,,0,797,,hydrogen-water-health-benefits-research-shows-about-fighting-infections,Hydrogen Water Health Benefits: What 2024 Research Shows About Fighting Infections
https://hydrogenstudies.com/blog/how-to-use-hydrogen-water-health-benefits-for-less-pain-a-science-backed-guide-199350,5797,retire,0,0,,0,684,,use-hydrogen-water-health-benefits-less-pain-science-backed,How to Use Hydrogen Water Health Benefits for Less Pain: A Science-Backed Guide
https://hydrogenstudies.com/blog/hydrogen-water-health-benefits-does-it-reduce-inflammation-228410,5798,retire,0,0,,0,735,,hydrogen-water-health-benefits-reduce-inflammation,Hydrogen Water Health Benefits: Does It Reduce Inflammation?
https://hydrogenstudies.com/blog/hydrogen-water-health-benefits-can-it-fight-inflammation-239079,5799,retire,0,0,,0,825,,hydrogen-water-health-benefits-fight-inflammation,Hydrogen Water Health Benefits: Can It Fight Inflammation?
https://hydrogenstudies.com/blog/hydrogen-water-gut-health-what-2024-research-shows-about-sugar-452926,5803,retire,0,0,,0,872,,hydrogen-water-gut-health-research-shows-about-sugar,Hydrogen Water Gut Health: What 2024 Research Shows About Sugar
https://hydrogenstudies.com/blog/how-to-use-hydrogen-water-for-heart-health-after-surgery-578096,5806,retire,0,0,,0,729,how-to-use,use-hydrogen-water-heart-health-after-surgery,How to Use Hydrogen Water for Heart Health After Surgery
https://hydrogenstudies.com/blog/hydrogen-water-and-penis-health-what-2024-research-shows-709600,5810,retire,0,0,,0,787,what-20xx-research-shows,hydrogen-water-penis-health-research-shows,Hydrogen Water and Penis Health: What 2024 Research Shows
https://hydrogenstudies.com/blog/hydrogen-water-eye-health-what-2024-research-shows-about-diabetes-835874,5812,retire,0,0,,0,790,,hydrogen-water-eye-health-research-shows-about-diabetes,Hydrogen Water Eye Health: What 2024 Research Shows About Diabetes
https://hydrogenstudies.com/blog/hydrogen-water-eye-health-can-it-protect-diabetic-vision-881148,5817,retire,0,0,,0,773,,hydrogen-water-eye-health-protect-diabetic-vision,Hydrogen Water Eye Health: Can It Protect Diabetic Vision?
https://hydrogenstudies.com/blog/hydrogen-water-and-menopause-bones-what-2024-research-shows-966709,5818,retire,0,0,,0,803,what-20xx-research-shows,hydrogen-water-menopause-bones-research-shows,Hydrogen Water and Menopause Bones: What 2024 Research Shows
https://hydrogenstudies.com/blog/how-to-use-hydrogen-water-for-calmer-skin-a-science-backed-guide-477617,5836,retire,0,0,,0,748,how-to-use,use-hydrogen-water-calmer-skin-science-backed,How to Use Hydrogen Water for Calmer Skin: A Science-Backed Guide
https://hydrogenstudies.com/blog/hydrogen-water-and-eczema-what-2024-research-shows-477840,5837,retire,0,0,,0,748,what-20xx-research-shows,hydrogen-water-eczema-research-shows,Hydrogen Water and Eczema: What 2024 Research Shows
https://hydrogenstudies.com/blog/hydrogen-water-skin-benefits-your-uv-protection-questions-651452,5841,retire,0,0,,0,834,,hydrogen-water-skin-benefits-uv-protection-questions,Hydrogen Water Skin Benefits: Your UV Protection Questions
https://hydrogenstudies.com/blog/hydrogen-water-health-benefits-for-weight-what-2024-research-shows-738028,5844,retire,0,0,,0,783,what-20xx-research-shows,hydrogen-water-health-benefits-weight-research-shows,Hydrogen Water Health Benefits for Weight: What 2024 Research Shows
https://hydrogenstudies.com/blog/hydrogen-water-health-benefits-for-weight-loss-your-questions-answered-784319,5847,retire,0,3,67.3,0,866,,hydrogen-water-health-benefits-weight-loss-questions-answered,Hydrogen Water Health Benefits for Weight Loss: Your Questions Answered
https://hydrogenstudies.com/blog/hydrogen-water-health-benefits-for-liver-fat-your-questions-answered-911842,5852,retire,0,0,,0,762,,hydrogen-water-health-benefits-liver-fat-questions-answered,Hydrogen Water Health Benefits for Liver Fat: Your Questions Answered
https://hydrogenstudies.com/blog/hydrogen-water-and-icu-lungs-what-2024-research-shows-398697,5867,retire,0,0,,0,730,what-20xx-research-shows,hydrogen-water-icu-lungs-research-shows,Hydrogen Water and ICU Lungs: What 2024 Research Shows
https://hydrogenstudies.com/blog/hydrogen-water-and-bones-what-2024-research-shows-655121,5874,retire,0,0,,0,769,what-20xx-research-shows,hydrogen-water-bones-research-shows,Hydrogen Water and Bones: What 2024 Research Shows
https://hydrogenstudies.com/blog/hydrogen-water-health-benefits-what-2024-research-shows-for-infection-recovery-908472,5886,retire,0,0,,0,792,,hydrogen-water-health-benefits-research-shows-infection-recovery,Hydrogen Water Health Benefits: What 2024 Research Shows for Infection Recovery
https://hydrogenstudies.com/blog/how-to-use-hydrogen-water-for-fighting-infection-health-benefits-906494,5887,retire,0,0,,0,720,how-to-use,use-hydrogen-water-fighting-infection-health-benefits,How to Use Hydrogen Water for Fighting Infection: Health Benefits
https://hydrogenstudies.com/blog/hydrogen-water-skin-benefits-what-2024-research-shows-for-wound-healing-013232,5890,retire,0,0,,0,800,,hydrogen-water-skin-benefits-research-shows-wound-healing,Hydrogen Water Skin Benefits: What 2024 Research Shows for Wound Healing
https://hydrogenstudies.com/blog/hydrogen-water-eye-health-your-questions-answered-185680,5895,retire,0,3,40.7,0,900,,hydrogen-water-eye-health-questions-answered,Hydrogen Water Eye Health: Your Questions Answered
https://hydrogenstudies.com/blog/hydrogen-water-and-sepsis-what-2024-research-shows-for-lung-health-272624,5896,retire,0,0,,0,796,,hydrogen-water-sepsis-research-shows-lung-health,Hydrogen Water and Sepsis: What 2024 Research Shows for Lung Health
https://hydrogenstudies.com/blog/how-to-use-hydrogen-water-for-bladder-health-what-science-says-659977,5908,retire,0,0,,0,778,how-to-use,use-hydrogen-water-bladder-health-science-says,How to Use Hydrogen Water for Bladder Health: What Science Says
https://hydrogenstudies.com/blog/how-to-use-hydrogen-water-for-bladder-pain-what-science-says-672188,5909,retire,0,0,,0,686,how-to-use,use-hydrogen-water-bladder-pain-science-says,How to Use Hydrogen Water for Bladder Pain: What Science Says
https://hydrogenstudies.com/blog/hydrogen-water-and-bladder-pain-what-2024-research-shows-658576,5910,retire,0,0,,0,761,what-20xx-research-shows,hydrogen-water-bladder-pain-research-shows,Hydrogen Water and Bladder Pain: What 2024 Research Shows
https://hydrogenstudies.com/blog/hydrogen-water-and-radiation-skin-damage-what-2023-research-shows-790968,5914,retire,0,0,,0,728,what-20xx-research-shows,hydrogen-water-radiation-skin-damage-research-shows,Hydrogen Water and Radiation Skin Damage: What 2023 Research Shows
https://hydrogenstudies.com/blog/how-to-use-hydrogen-water-for-skin-healing-a-science-backed-guide-800136,5916,retire,0,0,,0,682,how-to-use,use-hydrogen-water-skin-healing-science-backed,How to Use Hydrogen Water for Skin Healing: A Science-Backed Guide
https://hydrogenstudies.com/blog/hydrogen-water-and-cancer-skin-burns-what-2024-research-shows-799050,5917,retire,0,0,,0,735,what-20xx-research-shows,hydrogen-water-cancer-skin-burns-research-shows,Hydrogen Water and Cancer Skin Burns: What 2024 Research Shows
https://hydrogenstudies.com/blog/hydrogen-water-for-radiation-skin-damage-your-questions-answered-831800,5918,retire,0,0,,0,748,,hydrogen-water-radiation-skin-damage-questions-answered,Hydrogen Water for Radiation Skin Damage: Your Questions Answered
https://hydrogenstudies.com/blog/hydrogen-water-skin-benefits-can-it-help-cancer-patients-846651,5919,retire,0,0,,0,837,,hydrogen-water-skin-benefits-help-cancer-patients,Hydrogen Water Skin Benefits: Can It Help Cancer Patients?
https://hydrogenstudies.com/blog/hydrogen-water-brain-health-what-2024-stroke-research-shows-077575,5923,retire,0,0,,0,870,,hydrogen-water-brain-health-stroke-research-shows,Hydrogen Water Brain Health: What 2024 Stroke Research Shows
https://hydrogenstudies.com/blog/hydrogen-water-and-smokers-lungs-what-2024-research-shows-208857,5927,retire,0,0,,0,784,what-20xx-research-shows,hydrogen-water-smokers-lungs-research-shows,Hydrogen Water and Smoker's Lungs: What 2024 Research Shows
https://hydrogenstudies.com/blog/hydrogen-therapy-lung-health-can-it-help-smokers-254632,5928,retire,0,0,,0,832,,hydrogen-therapy-lung-health-help-smokers,Hydrogen Therapy Lung Health: Can It Help Smokers?
https://hydrogenstudies.com/blog/how-to-get-hydrogen-water-health-benefits-through-gut-healing-foods-343121,5929,retire,0,0,,0,657,,get-hydrogen-water-health-benefits-through-gut-healing-foods,How to Get Hydrogen Water Health Benefits Through Gut-Healing Foods
https://hydrogenstudies.com/blog/hydrogen-water-health-benefits-how-gut-bacteria-fight-inflammation-346530,5930,retire,0,0,,0,778,,hydrogen-water-health-benefits-gut-bacteria-fight-inflammation,Hydrogen Water Health Benefits: How Gut Bacteria Fight Inflammation
https://hydrogenstudies.com/blog/hydrogen-water-heart-health-what-2024-transplant-study-shows-477668,5932,retire,0,0,,0,782,,hydrogen-water-heart-health-transplant-study-shows,Hydrogen Water Heart Health: What 2024 Transplant Study Shows
https://hydrogenstudies.com/blog/hydrogen-water-heart-health-transplant-questions-answered-518324,5936,retire,0,0,,0,858,,hydrogen-water-heart-health-transplant-questions-answered,Hydrogen Water Heart Health: Transplant Questions Answered
https://hydrogenstudies.com/blog/hydrogen-water-health-benefits-can-it-help-you-age-better-610157,5938,retire,0,0,,0,831,,hydrogen-water-health-benefits-help-age-better,Hydrogen Water Health Benefits: Can It Help You Age Better?
https://hydrogenstudies.com/blog/hydrogen-water-bone-marrow-help-your-questions-answered-736248,5943,retire,0,0,,0,784,,hydrogen-water-bone-marrow-help-questions-answered,Hydrogen Water Bone Marrow Help: Your Questions Answered
https://hydrogenstudies.com/blog/hydrogen-water-gut-health-what-2024-research-shows-for-babies-791767,5944,retire,0,0,,0,804,,hydrogen-water-gut-health-research-shows-babies,Hydrogen Water Gut Health: What 2024 Research Shows for Babies
https://hydrogenstudies.com/blog/how-to-use-hydrogen-water-for-baby-gut-health-a-science-guide-794767,5945,retire,0,0,,0,779,how-to-use,use-hydrogen-water-baby-gut-health-science,How to Use Hydrogen Water for Baby Gut Health: A Science Guide
https://hydrogenstudies.com/blog/hydrogen-water-gut-health-can-it-protect-baby-intestines-833913,5946,retire,0,0,,0,810,,hydrogen-water-gut-health-protect-baby-intestines,Hydrogen Water Gut Health: Can It Protect Baby Intestines?
https://hydrogenstudies.com/blog/hydrogen-water-skin-benefits-does-it-block-sun-damage-971672,5949,retire,0,0,,0,814,,hydrogen-water-skin-benefits-block-sun-damage,Hydrogen Water Skin Benefits: Does It Block Sun Damage?
https://hydrogenstudies.com/blog/hydrogen-water-health-benefits-for-cholesterol-your-questions-answered-228870,5955,retire,0,0,,0,875,,hydrogen-water-health-benefits-cholesterol-questions-answered,Hydrogen Water Health Benefits for Cholesterol: Your Questions Answered
https://hydrogenstudies.com/blog/hydrogen-water-and-space-bones-what-2024-research-shows-315707,5957,retire,0,0,,0,739,what-20xx-research-shows,hydrogen-water-space-bones-research-shows,Hydrogen Water and Space Bones: What 2024 Research Shows
https://hydrogenstudies.com/blog/hydrogen-water-peritonium-what-2024-research-shows-for-kidneys-468200,5963,retire,0,0,,0,871,,hydrogen-water-peritonium-research-shows-kidneys,Hydrogen Water Peritonium: What 2024 Research Shows for Kidneys
https://hydrogenstudies.com/blog/how-to-use-hydrogen-water-for-kidney-health-protect-your-belly-498228,5964,retire,0,0,,0,763,how-to-use,use-hydrogen-water-kidney-health-protect-belly,How to Use Hydrogen Water for Kidney Health: Protect Your Belly
https://hydrogenstudies.com/blog/how-to-use-hydrogen-water-for-eye-health-screen-time-protection-601584,5968,retire,0,0,,0,727,how-to-use,use-hydrogen-water-eye-health-screen-time-protection,How to Use Hydrogen Water for Eye Health: Screen Time Protection
https://hydrogenstudies.com/blog/how-to-use-hydrogen-water-for-eye-health-protect-your-vision-from-bright-light-631617,5971,retire,0,0,,0,737,how-to-use,use-hydrogen-water-eye-health-protect-vision-bright-light,How to Use Hydrogen Water for Eye Health: Protect Your Vision from Bright Light
https://hydrogenstudies.com/blog/hydrogen-water-eye-health-can-it-protect-from-light-damage-671970,5973,retire,0,0,,0,752,,hydrogen-water-eye-health-protect-light-damage,Hydrogen Water Eye Health: Can It Protect From Light Damage?
https://hydrogenstudies.com/blog/how-to-use-hydrogen-water-health-benefits-for-better-workout-recovery-734676,5974,retire,0,0,,0,697,,use-hydrogen-water-health-benefits-better-workout-recovery,How to Use Hydrogen Water Health Benefits for Better Workout Recovery
https://hydrogenstudies.com/blog/hydrogen-water-health-benefits-for-athletes-what-2024-horse-study-shows-734306,5975,retire,0,0,,0,700,,hydrogen-water-health-benefits-athletes-horse-study-shows,Hydrogen Water Health Benefits for Athletes: What 2024 Horse Study Shows
https://hydrogenstudies.com/blog/hydrogen-water-brain-health-what-2024-research-shows-for-newborns-865404,5977,retire,0,0,,0,789,,hydrogen-water-brain-health-research-shows-newborns,Hydrogen Water Brain Health: What 2024 Research Shows for Newborns
https://hydrogenstudies.com/blog/how-to-use-hydrogen-water-for-better-blood-vessels-a-science-guide-999183,5980,retire,0,0,,0,699,how-to-use,use-hydrogen-water-better-blood-vessels-science,How to Use Hydrogen Water for Better Blood Vessels: A Science Guide
https://hydrogenstudies.com/blog/hydrogen-water-brain-health-what-2024-research-shows-about-co-poisoning-140830,5984,retire,0,0,,0,808,,hydrogen-water-brain-health-research-shows-about-co-poisoning,Hydrogen Water Brain Health: What 2024 Research Shows About CO Poisoning
https://hydrogenstudies.com/blog/hydrogen-water-brain-health-can-it-protect-from-poisoning-186604,5986,retire,0,0,,0,888,,hydrogen-water-brain-health-protect-poisoning,Hydrogen Water Brain Health: Can It Protect From Poisoning?
https://hydrogenstudies.com/blog/hydrogen-water-and-hepatitis-b-what-2024-research-shows-272758,5989,retire,0,0,,0,734,what-20xx-research-shows,hydrogen-water-hepatitis-b-research-shows,Hydrogen Water and Hepatitis B: What 2024 Research Shows
https://hydrogenstudies.com/blog/hydrogen-therapy-lung-health-your-asthma-questions-answered-437091,5997,retire,0,0,,0,802,,hydrogen-therapy-lung-health-asthma-questions-answered,Hydrogen Therapy Lung Health: Your Asthma Questions Answered
https://hydrogenstudies.com/blog/hydrogen-water-liver-health-what-2024-research-shows-about-fighting-toxins-651312,6006,retire,0,0,,0,836,,hydrogen-water-liver-health-research-shows-about-fighting-toxins,Hydrogen Water Liver Health: What 2024 Research Shows About Fighting Toxins
https://hydrogenstudies.com/blog/hydrogen-water-eye-health-can-it-prevent-cataracts-823025,6010,retire,0,1,7.0,0,817,,hydrogen-water-eye-health-prevent-cataracts,Hydrogen Water Eye Health: Can It Prevent Cataracts?
https://hydrogenstudies.com/blog/how-to-use-hydrogen-water-for-brain-health-protecting-kids-during-surgery-170401,6019,retire,0,0,,0,762,how-to-use,use-hydrogen-water-brain-health-protecting-kids-during-surgery,How to Use Hydrogen Water for Brain Health: Protecting Kids During Surgery
https://hydrogenstudies.com/blog/how-to-use-hydrogen-water-for-skin-protection-science-guide-312821,6025,retire,0,0,,0,703,how-to-use,use-hydrogen-water-skin-protection-science,How to Use Hydrogen Water for Skin Protection: Science Guide
https://hydrogenstudies.com/blog/hydrogen-water-skin-benefits-can-it-protect-from-toxins-392090,6028,retire,0,0,,0,861,,hydrogen-water-skin-benefits-protect-toxins,Hydrogen Water Skin Benefits: Can It Protect From Toxins?
https://hydrogenstudies.com/blog/how-to-use-hydrogen-water-for-pancreas-pain-a-science-backed-guide-573555,6033,retire,0,0,,0,763,how-to-use,use-hydrogen-water-pancreas-pain-science-backed,How to Use Hydrogen Water for Pancreas Pain: A Science-Backed Guide
https://hydrogenstudies.com/blog/hydrogen-water-skin-benefits-what-2024-surgery-research-shows-715054,6035,retire,0,0,,0,860,,hydrogen-water-skin-benefits-surgery-research-shows,Hydrogen Water Skin Benefits: What 2024 Surgery Research Shows
https://hydrogenstudies.com/blog/how-to-use-hydrogen-water-for-surgery-recovery-skin-benefits-710394,6036,retire,0,0,,0,658,how-to-use,use-hydrogen-water-surgery-recovery-skin-benefits,How to Use Hydrogen Water for Surgery Recovery: Skin Benefits
https://hydrogenstudies.com/blog/hydrogen-water-skin-benefits-your-surgery-healing-questions-757886,6037,retire,0,0,,0,781,,hydrogen-water-skin-benefits-surgery-healing-questions,Hydrogen Water Skin Benefits: Your Surgery Healing Questions
https://hydrogenstudies.com/blog/hydrogen-water-and-spine-surgery-what-2024-research-shows-079242,6045,retire,0,0,,0,825,what-20xx-research-shows,hydrogen-water-spine-surgery-research-shows,Hydrogen Water and Spine Surgery: What 2024 Research Shows
https://hydrogenstudies.com/blog/how-to-use-hydrogen-water-for-spine-health-a-science-backed-guide-076804,6046,retire,0,0,,0,781,how-to-use,use-hydrogen-water-spine-health-science-backed,How to Use Hydrogen Water for Spine Health: A Science-Backed Guide
https://hydrogenstudies.com/blog/hydrogen-water-and-spine-safety-what-2024-research-shows-110540,6047,retire,0,0,,0,732,what-20xx-research-shows,hydrogen-water-spine-safety-research-shows,Hydrogen Water and Spine Safety: What 2024 Research Shows
https://hydrogenstudies.com/blog/how-to-use-hydrogen-water-for-spine-protection-a-science-backed-guide-111316,6048,retire,0,0,,0,795,how-to-use,use-hydrogen-water-spine-protection-science-backed,How to Use Hydrogen Water for Spine Protection: A Science-Backed Guide
https://hydrogenstudies.com/blog/hydrogen-water-for-spine-health-your-questions-answered-122660,6049,retire,0,1,59.0,0,875,,hydrogen-water-spine-health-questions-answered,Hydrogen Water for Spine Health: Your Questions Answered
https://hydrogenstudies.com/blog/hydrogen-water-for-spine-injury-your-questions-answered-152699,6050,retire,0,0,,0,839,,hydrogen-water-spine-injury-questions-answered,Hydrogen Water for Spine Injury: Your Questions Answered
https://hydrogenstudies.com/blog/hydrogen-water-brain-health-what-2024-stroke-studies-show-373795,6060,retire,0,0,,0,809,,hydrogen-water-brain-health-stroke-studies-show,Hydrogen Water Brain Health: What 2024 Stroke Studies Show
https://hydrogenstudies.com/blog/hydrogen-water-heart-health-what-2024-gum-disease-study-shows-871501,6073,retire,0,0,,0,727,,hydrogen-water-heart-health-gum-disease-study-shows,Hydrogen Water Heart Health: What 2024 Gum Disease Study Shows
https://hydrogenstudies.com/blog/how-to-use-hydrogen-water-for-eye-health-screen-protection-guide-965939,6076,retire,0,0,,0,641,how-to-use,use-hydrogen-water-eye-health-screen-protection,How to Use Hydrogen Water for Eye Health: Screen Protection Guide
https://hydrogenstudies.com/blog/hydrogen-water-eye-health-what-2024-research-shows-about-blue-light-000873,6078,retire,0,0,,0,799,,hydrogen-water-eye-health-research-shows-about-blue-light,Hydrogen Water Eye Health: What 2024 Research Shows About Blue Light
https://hydrogenstudies.com/blog/how-to-use-hydrogen-water-for-eye-health-shield-your-eyes-from-blue-light-999320,6080,retire,0,0,,0,713,how-to-use,use-hydrogen-water-eye-health-shield-eyes-blue-light,How to Use Hydrogen Water for Eye Health: Shield Your Eyes from Blue Light
https://hydrogenstudies.com/blog/hydrogen-water-eye-health-your-blue-light-questions-answered-045471,6081,retire,0,0,,0,855,,hydrogen-water-eye-health-blue-light-questions-answered,Hydrogen Water Eye Health: Your Blue Light Questions Answered
https://hydrogenstudies.com/blog/hydrogen-water-health-benefits-what-2024-research-shows-for-heart-surgery-100096,6082,retire,0,0,,0,774,,hydrogen-water-health-benefits-research-shows-heart-surgery,Hydrogen Water Health Benefits: What 2024 Research Shows for Heart Surgery
https://hydrogenstudies.com/blog/hydrogen-water-health-benefits-what-2024-heart-surgery-research-shows-135840,6084,retire,0,0,,0,848,,hydrogen-water-health-benefits-heart-surgery-research-shows,Hydrogen Water Health Benefits: What 2024 Heart Surgery Research Shows
https://hydrogenstudies.com/blog/hydrogen-water-health-benefits-heart-surgery-questions-answered-144585,6086,retire,0,0,,0,862,,hydrogen-water-health-benefits-heart-surgery-questions-answered,Hydrogen Water Health Benefits: Heart Surgery Questions Answered
https://hydrogenstudies.com/blog/how-to-use-hydrogen-water-for-safer-wound-healing-a-science-backed-guide-231069,6089,retire,0,0,,0,708,how-to-use,use-hydrogen-water-safer-wound-healing-science-backed,How to Use Hydrogen Water for Safer Wound Healing: A Science-Backed Guide
https://hydrogenstudies.com/blog/how-to-use-hydrogen-water-for-wound-care-a-science-backed-guide-266213,6090,retire,0,0,,0,715,how-to-use,use-hydrogen-water-wound-care-science-backed,How to Use Hydrogen Water for Wound Care: A Science-Backed Guide
https://hydrogenstudies.com/blog/hydrogen-water-and-burn-care-what-2024-research-shows-265461,6091,retire,0,0,,0,721,what-20xx-research-shows,hydrogen-water-burn-care-research-shows,Hydrogen Water and Burn Care: What 2024 Research Shows
https://hydrogenstudies.com/blog/hydrogen-water-skin-benefits-your-germ-fighting-questions-answered-274444,6092,retire,0,0,,0,794,,hydrogen-water-skin-benefits-germ-fighting-questions-answered,Hydrogen Water Skin Benefits: Your Germ-Fighting Questions Answered
https://hydrogenstudies.com/blog/hydrogen-water-skin-benefits-your-wound-care-questions-answered-304761,6093,retire,0,0,,0,757,,hydrogen-water-skin-benefits-wound-care-questions-answered,Hydrogen Water Skin Benefits: Your Wound Care Questions Answered
https://hydrogenstudies.com/blog/hydrogen-water-brain-health-after-stroke-your-questions-answered-796434,6106,retire,0,0,,0,844,,hydrogen-water-brain-health-after-stroke-questions-answered,Hydrogen Water Brain Health After Stroke: Your Questions Answered
https://hydrogenstudies.com/blog/how-to-use-hydrogen-water-for-brain-health-after-head-injury-871271,6107,retire,0,0,,0,689,how-to-use,use-hydrogen-water-brain-health-after-head-injury,How to Use Hydrogen Water for Brain Health After Head Injury
https://hydrogenstudies.com/blog/hydrogen-water-brain-health-can-it-help-after-injury-921285,6112,retire,0,0,,0,824,,hydrogen-water-brain-health-help-after-injury,Hydrogen Water Brain Health: Can It Help After Injury?
https://hydrogenstudies.com/blog/hydrogen-water-and-bone-pain-what-2024-research-shows-016516,6115,retire,0,0,,0,707,what-20xx-research-shows,hydrogen-water-bone-pain-research-shows,Hydrogen Water and Bone Pain: What 2024 Research Shows
https://hydrogenstudies.com/blog/hydrogen-therapy-bone-health-can-it-help-joint-pain-054295,6117,retire,0,0,,0,816,,hydrogen-therapy-bone-health-help-joint-pain,Hydrogen Therapy Bone Health: Can It Help Joint Pain?
https://hydrogenstudies.com/blog/how-to-use-hydrogen-water-for-brain-health-guard-against-disease-147281,6121,retire,0,0,,0,764,how-to-use,use-hydrogen-water-brain-health-guard-against-disease,How to Use Hydrogen Water for Brain Health: Guard Against Disease
https://hydrogenstudies.com/blog/hydrogen-water-brain-health-what-2024-research-shows-about-timing-148933,6122,retire,0,0,,0,766,,hydrogen-water-brain-health-research-shows-about-timing,Hydrogen Water Brain Health: What 2024 Research Shows About Timing
https://hydrogenstudies.com/blog/hydrogen-water-brain-health-can-it-prevent-parkinsons-192331,6124,retire,0,0,,0,787,,hydrogen-water-brain-health-prevent-parkinsons,Hydrogen Water Brain Health: Can It Prevent Parkinson's?
https://hydrogenstudies.com/blog/how-to-use-hydrogen-water-for-gut-health-after-injury-539596,6131,retire,0,0,,0,594,how-to-use,use-hydrogen-water-gut-health-after-injury,How to Use Hydrogen Water for Gut Health After Injury
https://hydrogenstudies.com/blog/hydrogen-water-gut-health-what-2024-burn-research-shows-546327,6132,retire,0,0,,0,789,,hydrogen-water-gut-health-burn-research-shows,Hydrogen Water Gut Health: What 2024 Burn Research Shows
https://hydrogenstudies.com/blog/hydrogen-water-gut-health-can-it-heal-your-intestines-587862,6133,retire,0,0,,0,808,,hydrogen-water-gut-health-heal-intestines,Hydrogen Water Gut Health: Can It Heal Your Intestines?
https://hydrogenstudies.com/blog/hydrogen-water-health-benefits-can-it-fight-cancer-safely-719995,6136,retire,0,0,,0,744,,hydrogen-water-health-benefits-fight-cancer-safely,Hydrogen Water Health Benefits: Can It Fight Cancer Safely?
https://hydrogenstudies.com/blog/how-to-use-hydrogen-water-for-gut-health-apple-juice-guide-408412,6158,retire,0,0,,0,719,how-to-use,use-hydrogen-water-gut-health-apple-juice,How to Use Hydrogen Water for Gut Health: Apple Juice Guide
https://hydrogenstudies.com/blog/hydrogen-water-gut-health-what-2024-apple-juice-study-shows-412832,6159,retire,0,0,,0,795,,hydrogen-water-gut-health-apple-juice-study-shows,Hydrogen Water Gut Health: What 2024 Apple Juice Study Shows
https://hydrogenstudies.com/blog/hydrogen-water-gut-health-can-it-stop-cancer-cells-452005,6160,retire,0,0,,0,815,,hydrogen-water-gut-health-stop-cancer-cells,Hydrogen Water Gut Health: Can It Stop Cancer Cells?
https://hydrogenstudies.com/blog/how-to-use-hydrogen-water-health-benefits-to-fight-cancer-spread-539908,6162,retire,0,0,,0,736,,use-hydrogen-water-health-benefits-fight-cancer-spread,How to Use Hydrogen Water Health Benefits to Fight Cancer Spread
https://hydrogenstudies.com/blog/how-to-use-hydrogen-water-for-testes-health-a-science-backed-guide-671117,6166,retire,0,0,,0,809,how-to-use,use-hydrogen-water-testes-health-science-backed,How to Use Hydrogen Water for Testes Health: A Science-Backed Guide
https://hydrogenstudies.com/blog/hydrogen-water-and-surgery-what-2024-research-shows-for-lungs-680361,6168,retire,0,0,,0,695,,hydrogen-water-surgery-research-shows-lungs,Hydrogen Water and Surgery: What 2024 Research Shows for Lungs
https://hydrogenstudies.com/blog/hydrogen-water-for-lung-protection-your-questions-answered-723403,6169,retire,0,0,,0,846,,hydrogen-water-lung-protection-questions-answered,Hydrogen Water for Lung Protection: Your Questions Answered
https://hydrogenstudies.com/blog/hydrogen-water-brain-health-can-it-help-after-strokes-896251,6175,retire,0,0,,0,827,,hydrogen-water-brain-health-help-after-strokes,Hydrogen Water Brain Health: Can It Help After Strokes?
https://hydrogenstudies.com/blog/hydrogen-water-and-stomach-ulcers-what-2024-research-shows-087692,6179,retire,0,0,,0,812,what-20xx-research-shows,hydrogen-water-stomach-ulcers-research-shows,Hydrogen Water and Stomach Ulcers: What 2024 Research Shows
https://hydrogenstudies.com/blog/how-to-use-hydrogen-water-for-stomach-ulcers-a-science-backed-guide-088704,6180,retire,0,0,,0,708,how-to-use,use-hydrogen-water-stomach-ulcers-science-backed,How to Use Hydrogen Water for Stomach Ulcers: A Science-Backed Guide
https://hydrogenstudies.com/blog/how-to-use-hydrogen-water-for-heart-health-after-transplant-a-science-backed-guide-349730,6185,retire,0,0,,0,712,how-to-use,use-hydrogen-water-heart-health-after-transplant-science-backed,How to Use Hydrogen Water for Heart Health After Transplant: A Science-Backed Guide
https://hydrogenstudies.com/blog/hydrogen-water-and-skin-pain-what-2024-research-shows-534618,6191,retire,0,0,,0,699,what-20xx-research-shows,hydrogen-water-skin-pain-research-shows,Hydrogen Water and Skin Pain: What 2024 Research Shows
https://hydrogenstudies.com/blog/how-to-use-hydrogen-water-for-red-skin-a-science-backed-guide-537548,6192,retire,0,0,,0,734,how-to-use,use-hydrogen-water-red-skin-science-backed,How to Use Hydrogen Water for Red Skin: A Science-Backed Guide
https://hydrogenstudies.com/blog/how-to-use-hydrogen-water-for-blood-health-ph-balance-guide-668236,6196,retire,0,0,,0,670,how-to-use,use-hydrogen-water-blood-health-ph-balance,How to Use Hydrogen Water for Blood Health: pH Balance Guide
https://hydrogenstudies.com/blog/hydrogen-water-blood-health-does-it-change-your-ph-750802,6200,retire,0,0,,0,859,,hydrogen-water-blood-health-change-ph,Hydrogen Water Blood Health: Does It Change Your pH?
https://hydrogenstudies.com/blog/how-to-use-hydrogen-water-health-benefits-for-daily-protection-805957,6201,retire,0,0,,0,715,,use-hydrogen-water-health-benefits-daily-protection,How to Use Hydrogen Water Health Benefits for Daily Protection
https://hydrogenstudies.com/blog/hydrogen-water-health-benefits-your-bodys-shield-questions-847257,6205,retire,0,0,,0,869,,hydrogen-water-health-benefits-bodys-shield-questions,Hydrogen Water Health Benefits: Your Body's Shield Questions
https://hydrogenstudies.com/blog/hydrogen-water-health-benefits-your-body-protection-questions-885168,6206,retire,0,0,,0,831,,hydrogen-water-health-benefits-body-protection-questions,Hydrogen Water Health Benefits: Your Body Protection Questions
https://hydrogenstudies.com/blog/hydrogen-water-health-benefits-what-2024-fruit-fly-study-shows-336994,6216,retire,0,0,,0,756,,hydrogen-water-health-benefits-fruit-fly-study-shows,Hydrogen Water Health Benefits: What 2024 Fruit Fly Study Shows
https://hydrogenstudies.com/blog/hydrogen-therapy-lung-health-can-it-protect-your-lungs-523127,6225,retire,0,0,,0,794,,hydrogen-therapy-lung-health-protect-lungs,Hydrogen Therapy Lung Health: Can It Protect Your Lungs?
https://hydrogenstudies.com/blog/hydrogen-water-blood-health-can-it-stop-blood-clots-057752,6238,retire,0,0,,0,808,,hydrogen-water-blood-health-stop-blood-clots,Hydrogen Water Blood Health: Can It Stop Blood Clots?
https://hydrogenstudies.com/blog/hydrogen-water-liver-health-what-2024-gut-research-shows-155645,6240,retire,0,0,,0,808,,hydrogen-water-liver-health-gut-research-shows,Hydrogen Water Liver Health: What 2024 Gut Research Shows
https://hydrogenstudies.com/blog/how-to-use-hydrogen-water-for-brain-health-emergency-protection-guide-472901,6251,retire,0,0,,0,814,how-to-use,use-hydrogen-water-brain-health-emergency-protection,How to Use Hydrogen Water for Brain Health: Emergency Protection Guide
https://hydrogenstudies.com/blog/how-to-use-hydrogen-water-for-eye-health-protect-against-diabetes-damage-886686,6263,retire,0,0,,0,691,how-to-use,use-hydrogen-water-eye-health-protect-against-diabetes-damage,How to Use Hydrogen Water for Eye Health: Protect Against Diabetes Damage
https://hydrogenstudies.com/blog/how-to-use-hydrogen-water-for-less-body-swelling-a-science-backed-guide-280199,6273,retire,0,0,,0,713,how-to-use,use-hydrogen-water-less-body-swelling-science-backed,How to Use Hydrogen Water for Less Body Swelling: A Science-Backed Guide
https://hydrogenstudies.com/blog/hydrogen-water-health-benefits-for-inflammation-faq-328414,6277,retire,0,0,,0,844,,hydrogen-water-health-benefits-inflammation-faq,Hydrogen Water Health Benefits for Inflammation: FAQ
https://hydrogenstudies.com/blog/hydrogen-water-health-benefits-can-it-shield-your-immune-system-470112,6284,retire,0,0,,0,801,,hydrogen-water-health-benefits-shield-immune-system,Hydrogen Water Health Benefits: Can It Shield Your Immune System?
https://hydrogenstudies.com/blog/how-to-use-hydrogen-water-for-heart-health-after-heart-attacks-553966,6286,retire,0,0,,0,736,how-to-use,use-hydrogen-water-heart-health-after-heart-attacks,How to Use Hydrogen Water for Heart Health After Heart Attacks
https://hydrogenstudies.com/blog/hydrogen-water-heart-health-can-it-cut-heart-attack-damage-607572,6290,retire,0,0,,0,832,,hydrogen-water-heart-health-cut-heart-attack-damage,Hydrogen Water Heart Health: Can It Cut Heart Attack Damage?
https://hydrogenstudies.com/blog/hydrogen-water-brain-health-what-2024-research-shows-about-stroke-recovery-827485,6295,retire,0,0,,0,800,,hydrogen-water-brain-health-research-shows-about-stroke-recovery,Hydrogen Water Brain Health: What 2024 Research Shows About Stroke Recovery
https://hydrogenstudies.com/blog/how-to-use-hydrogen-water-for-heart-health-protect-your-blood-vessels-958599,6297,retire,0,29,10.5,0,740,how-to-use,use-hydrogen-water-heart-health-protect-blood-vessels,How to Use Hydrogen Water for Heart Health: Protect Your Blood Vessels
https://hydrogenstudies.com/blog/hydrogen-water-brain-health-can-it-help-sepsis-patients-134539,6303,retire,0,0,,0,844,,hydrogen-water-brain-health-help-sepsis-patients,Hydrogen Water Brain Health: Can It Help Sepsis Patients?
https://hydrogenstudies.com/blog/hydrogen-water-brain-health-can-it-reduce-brain-damage-312771,6311,retire,0,0,,0,771,,hydrogen-water-brain-health-reduce-brain-damage,Hydrogen Water Brain Health: Can It Reduce Brain Damage?
https://hydrogenstudies.com/blog/hydrogen-water-gut-health-what-2024-research-shows-for-transplants-531489,6318,retire,0,0,,0,802,,hydrogen-water-gut-health-research-shows-transplants,Hydrogen Water Gut Health: What 2024 Research Shows for Transplants
https://hydrogenstudies.com/blog/how-to-use-hydrogen-water-for-gut-health-after-surgery-532463,6319,retire,0,0,,0,771,how-to-use,use-hydrogen-water-gut-health-after-surgery,How to Use Hydrogen Water for Gut Health After Surgery
https://hydrogenstudies.com/blog/hydrogen-water-gut-health-can-it-help-transplant-patients-581460,6320,retire,0,0,,0,887,,hydrogen-water-gut-health-help-transplant-patients,Hydrogen Water Gut Health: Can It Help Transplant Patients?
https://hydrogenstudies.com/blog/hydrogen-water-gut-health-what-2024-surgery-research-shows-943264,6328,retire,0,0,,0,834,,hydrogen-water-gut-health-surgery-research-shows,Hydrogen Water Gut Health: What 2024 Surgery Research Shows
https://hydrogenstudies.com/blog/hydrogen-water-gut-health-what-2024-surgery-studies-show-973458,6329,retire,0,0,,0,804,,hydrogen-water-gut-health-surgery-studies-show,Hydrogen Water Gut Health: What 2024 Surgery Studies Show
https://hydrogenstudies.com/blog/how-to-use-hydrogen-therapy-lung-health-kill-bad-bacteria-078649,6333,retire,0,0,,0,782,,use-hydrogen-therapy-lung-health-kill-bad-bacteria,How to Use Hydrogen Therapy Lung Health: Kill Bad Bacteria
https://hydrogenstudies.com/blog/hydrogen-water-and-testes-what-2024-research-shows-082918,6334,retire,0,0,,0,926,what-20xx-research-shows,hydrogen-water-testes-research-shows,Hydrogen Water and Testes: What 2024 Research Shows
https://hydrogenstudies.com/blog/how-to-use-hydrogen-therapy-lung-health-after-burns-a-science-guide-356965,6343,retire,0,0,,0,693,,use-hydrogen-therapy-lung-health-after-burns-science,How to Use Hydrogen Therapy Lung Health After Burns: A Science Guide
https://hydrogenstudies.com/blog/hydrogen-water-and-burns-what-2024-research-shows-about-lung-health-358528,6344,retire,0,0,,0,727,,hydrogen-water-burns-research-shows-about-lung-health,Hydrogen Water and Burns: What 2024 Research Shows About Lung Health
https://hydrogenstudies.com/blog/hydrogen-water-for-lung-burns-your-questions-answered-397743,6345,retire,0,0,,0,805,,hydrogen-water-lung-burns-questions-answered,Hydrogen Water for Lung Burns: Your Questions Answered
https://hydrogenstudies.com/blog/hydrogen-water-and-muscle-loss-what-2024-research-shows-495159,6346,retire,0,0,,0,726,what-20xx-research-shows,hydrogen-water-muscle-loss-research-shows,Hydrogen Water and Muscle Loss: What 2024 Research Shows
https://hydrogenstudies.com/blog/how-to-use-hydrogen-water-for-muscle-recovery-what-science-shows-493079,6347,retire,0,0,,0,754,how-to-use,use-hydrogen-water-muscle-recovery-science-shows,How to Use Hydrogen Water for Muscle Recovery: What Science Shows
https://hydrogenstudies.com/blog/how-to-use-hydrogen-water-for-strong-joints-a-science-backed-guide-623812,6349,retire,0,0,,0,654,how-to-use,use-hydrogen-water-strong-joints-science-backed,How to Use Hydrogen Water for Strong Joints: A Science-Backed Guide
https://hydrogenstudies.com/blog/how-to-use-hydrogen-water-for-better-sleep-and-heart-health-881131,6355,retire,0,0,,0,689,how-to-use,use-hydrogen-water-better-sleep-heart-health,How to Use Hydrogen Water for Better Sleep and Heart Health
https://hydrogenstudies.com/blog/hydrogen-therapy-lung-health-can-it-help-icu-patients-984816,6360,retire,0,0,,0,844,,hydrogen-therapy-lung-health-help-icu-patients,Hydrogen Therapy Lung Health: Can It Help ICU Patients?
https://hydrogenstudies.com/blog/hydrogen-therapy-lung-health-can-it-protect-from-ventilator-damage-028058,6361,retire,0,0,,0,871,,hydrogen-therapy-lung-health-protect-ventilator-damage,Hydrogen Therapy Lung Health: Can It Protect From Ventilator Damage?
https://hydrogenstudies.com/blog/hydrogen-water-eye-health-what-2024-research-shows-for-babies-082833,6362,retire,0,0,,0,833,,hydrogen-water-eye-health-research-shows-babies,Hydrogen Water Eye Health: What 2024 Research Shows for Babies
https://hydrogenstudies.com/blog/how-to-use-hydrogen-water-for-spine-surgery-recovery-217449,6368,retire,0,0,,0,741,how-to-use,use-hydrogen-water-spine-surgery-recovery,How to Use Hydrogen Water for Spine Surgery Recovery
https://hydrogenstudies.com/blog/hydrogen-water-and-spine-what-2024-research-shows-252471,6370,retire,0,0,,0,747,what-20xx-research-shows,hydrogen-water-spine-research-shows,Hydrogen Water and Spine: What 2024 Research Shows
https://hydrogenstudies.com/blog/hydrogen-water-and-rare-muscle-disease-what-2024-research-shows-488367,6378,retire,0,0,,0,813,what-20xx-research-shows,hydrogen-water-rare-muscle-disease-research-shows,Hydrogen Water and Rare Muscle Disease: What 2024 Research Shows
https://hydrogenstudies.com/blog/hydrogen-water-for-rare-muscle-disease-your-questions-answered-530872,6379,retire,0,0,,0,820,,hydrogen-water-rare-muscle-disease-questions-answered,Hydrogen Water for Rare Muscle Disease: Your Questions Answered
https://hydrogenstudies.com/blog/hydrogen-water-brain-health-can-it-protect-after-stroke-926547,6391,retire,0,0,,0,795,,hydrogen-water-brain-health-protect-after-stroke,Hydrogen Water Brain Health: Can It Protect After Stroke?
https://hydrogenstudies.com/blog/hydrogen-water-oral-health-what-2024-research-shows-about-gums-276683,6405,retire,0,0,,0,737,,hydrogen-water-oral-health-research-shows-about-gums,Hydrogen Water Oral Health: What 2024 Research Shows About Gums
https://hydrogenstudies.com/blog/how-to-use-hydrogen-water-for-cleaner-dentures-a-guide-550494,6411,retire,0,0,,0,779,how-to-use,use-hydrogen-water-cleaner-dentures,How to Use Hydrogen Water for Cleaner Dentures: A Guide
https://hydrogenstudies.com/blog/hydrogen-water-oral-health-can-it-clean-dentures-safely-591191,6413,retire,0,0,,0,804,,hydrogen-water-oral-health-clean-dentures-safely,Hydrogen Water Oral Health: Can It Clean Dentures Safely?
https://hydrogenstudies.com/blog/how-to-use-hydrogen-water-for-eye-burns-a-science-backed-guide-681911,6414,retire,0,0,,0,630,how-to-use,use-hydrogen-water-eye-burns-science-backed,How to Use Hydrogen Water for Eye Burns: A Science-Backed Guide
https://hydrogenstudies.com/blog/hydrogen-water-eye-health-what-2024-research-shows-about-burns-686107,6415,retire,0,0,,0,798,,hydrogen-water-eye-health-research-shows-about-burns,Hydrogen Water Eye Health: What 2024 Research Shows About Burns
https://hydrogenstudies.com/blog/hydrogen-water-for-eye-injuries-your-questions-answered-725835,6416,retire,0,0,,0,822,,hydrogen-water-eye-injuries-questions-answered,Hydrogen Water for Eye Injuries: Your Questions Answered
https://hydrogenstudies.com/blog/how-to-use-hydrogen-therapy-lung-health-shield-from-toxins-265298,6434,retire,0,0,,0,703,,use-hydrogen-therapy-lung-health-shield-toxins,How to Use Hydrogen Therapy Lung Health: Shield from Toxins
https://hydrogenstudies.com/blog/hydrogen-water-and-lung-protection-what-2024-research-shows-270574,6435,retire,0,0,,0,801,what-20xx-research-shows,hydrogen-water-lung-protection-research-shows,Hydrogen Water and Lung Protection: What 2024 Research Shows
https://hydrogenstudies.com/blog/how-to-use-hydrogen-water-for-baby-brain-health-pregnancy-safety-guide-402391,6438,retire,0,0,,0,695,how-to-use,use-hydrogen-water-baby-brain-health-pregnancy-safety,How to Use Hydrogen Water for Baby Brain Health: Pregnancy Safety Guide
https://hydrogenstudies.com/blog/hydrogen-water-skin-benefits-your-infection-questions-answered-713077,6448,retire,0,0,,0,798,,hydrogen-water-skin-benefits-infection-questions-answered,Hydrogen Water Skin Benefits: Your Infection Questions Answered
https://hydrogenstudies.com/blog/how-to-use-hydrogen-water-for-kidney-health-protect-against-antibiotic-damage-944313,6454,retire,0,0,,0,771,how-to-use,use-hydrogen-water-kidney-health-protect-against-antibiotic-damage,How to Use Hydrogen Water for Kidney Health: Protect Against Antibiotic Damage
https://hydrogenstudies.com/blog/hydrogen-water-kidney-health-what-2024-mri-study-shows-942788,6455,retire,0,0,,0,753,,hydrogen-water-kidney-health-mri-study-shows,Hydrogen Water Kidney Health: What 2024 MRI Study Shows
https://hydrogenstudies.com/blog/how-to-use-hydrogen-water-for-kidney-health-during-cancer-treatment-079112,6458,retire,0,0,,0,799,how-to-use,use-hydrogen-water-kidney-health-during-cancer-treatment,How to Use Hydrogen Water for Kidney Health During Cancer Treatment
https://hydrogenstudies.com/blog/hydrogen-water-oral-health-is-it-safe-to-drink-daily-259683,6462,retire,0,0,,0,844,,hydrogen-water-oral-health-safe-drink-daily,Hydrogen Water Oral Health: Is It Safe to Drink Daily?
https://hydrogenstudies.com/blog/hydrogen-water-health-benefits-for-divers-what-2024-study-shows-357250,6463,retire,0,0,,0,794,,hydrogen-water-health-benefits-divers-study-shows,Hydrogen Water Health Benefits for Divers: What 2024 Study Shows
https://hydrogenstudies.com/blog/how-to-use-hydrogen-water-for-liver-health-foods-that-work-494204,6467,retire,0,0,,0,739,how-to-use,use-hydrogen-water-liver-health-foods-that-work,How to Use Hydrogen Water for Liver Health: Foods That Work
https://hydrogenstudies.com/blog/hydrogen-water-liver-health-can-fiber-foods-help-too-538474,6471,retire,0,0,,0,781,,hydrogen-water-liver-health-fiber-foods-help-too,Hydrogen Water Liver Health: Can Fiber Foods Help Too?
https://hydrogenstudies.com/blog/how-to-use-hydrogen-water-for-brain-health-after-stroke-recovery-675210,6474,retire,0,0,,0,653,how-to-use,use-hydrogen-water-brain-health-after-stroke-recovery,How to Use Hydrogen Water for Brain Health After Stroke Recovery
https://hydrogenstudies.com/blog/hydrogen-water-health-benefits-your-workout-questions-answered-852252,6483,retire,0,0,,0,858,,hydrogen-water-health-benefits-workout-questions-answered,Hydrogen Water Health Benefits: Your Workout Questions Answered
https://hydrogenstudies.com/blog/how-to-use-hydrogen-therapy-hearing-health-for-cancer-care-050193,6488,retire,0,0,,0,764,,use-hydrogen-therapy-hearing-health-cancer-care,How to Use Hydrogen Therapy Hearing Health for Cancer Care
https://hydrogenstudies.com/blog/hydrogen-therapy-hearing-health-cancer-care-questions-095311,6489,retire,0,0,,0,818,,hydrogen-therapy-hearing-health-cancer-care-questions,Hydrogen Therapy Hearing Health: Cancer Care Questions
https://hydrogenstudies.com/blog/hydrogen-water-brain-health-your-surgery-questions-answered-229041,6492,retire,0,0,,0,926,,hydrogen-water-brain-health-surgery-questions-answered,Hydrogen Water Brain Health: Your Surgery Questions Answered
https://hydrogenstudies.com/blog/hydrogen-water-liver-health-what-2024-mouse-studies-show-439102,6497,retire,0,0,,0,685,,hydrogen-water-liver-health-mouse-studies-show,Hydrogen Water Liver Health: What 2024 Mouse Studies Show
https://hydrogenstudies.com/blog/how-to-use-hydrogen-water-for-better-lungs-a-science-guide-571958,6503,retire,0,0,,0,734,how-to-use,use-hydrogen-water-better-lungs-science,How to Use Hydrogen Water for Better Lungs: A Science Guide
https://hydrogenstudies.com/blog/how-to-use-hydrogen-water-for-brain-health-after-poisoning-714018,6509,retire,0,0,,0,853,how-to-use,use-hydrogen-water-brain-health-after-poisoning,How to Use Hydrogen Water for Brain Health After Poisoning
https://hydrogenstudies.com/blog/hydrogen-water-brain-health-can-it-protect-your-memory-766606,6513,retire,0,0,,0,834,,hydrogen-water-brain-health-protect-memory,Hydrogen Water Brain Health: Can It Protect Your Memory?
https://hydrogenstudies.com/blog/hydrogen-water-gut-health-what-2024-research-shows-about-surgery-843988,6514,retire,0,0,,0,687,,hydrogen-water-gut-health-research-shows-about-surgery,Hydrogen Water Gut Health: What 2024 Research Shows About Surgery
https://hydrogenstudies.com/blog/how-to-use-hydrogen-water-for-gut-health-after-surgery-safe-recovery-guide-845811,6515,retire,0,0,,0,733,how-to-use,use-hydrogen-water-gut-health-after-surgery-safe-recovery,How to Use Hydrogen Water for Gut Health After Surgery: Safe Recovery Guide
https://hydrogenstudies.com/blog/hydrogen-water-gut-health-does-it-really-help-or-hurt-889117,6516,retire,0,0,,0,855,,hydrogen-water-gut-health-really-help-hurt,Hydrogen Water Gut Health: Does It Really Help or Hurt?
https://hydrogenstudies.com/blog/hydrogen-water-brain-health-can-it-slow-aging-faq-145861,6522,retire,0,0,,0,865,,hydrogen-water-brain-health-slow-aging-faq,Hydrogen Water Brain Health: Can It Slow Aging? FAQ
https://hydrogenstudies.com/blog/hydrogen-water-brain-health-what-2024-research-really-shows-233260,6524,retire,0,0,,0,610,,hydrogen-water-brain-health-research-really-shows,Hydrogen Water Brain Health: What 2024 Research Really Shows
https://hydrogenstudies.com/blog/hydrogen-water-heart-health-can-it-help-your-lungs-too-409317,6532,retire,0,0,,0,797,,hydrogen-water-heart-health-help-lungs-too,Hydrogen Water Heart Health: Can It Help Your Lungs Too?
https://hydrogenstudies.com/blog/how-to-use-hydrogen-water-health-benefits-to-slow-aging-501656,6533,retire,0,0,,0,731,,use-hydrogen-water-health-benefits-slow-aging,How to Use Hydrogen Water Health Benefits to Slow Aging
https://hydrogenstudies.com/blog/hydrogen-water-health-benefits-what-2024-worm-study-shows-499221,6534,retire,0,0,,0,741,,hydrogen-water-health-benefits-worm-study-shows,Hydrogen Water Health Benefits: What 2024 Worm Study Shows
https://hydrogenstudies.com/blog/how-to-use-hydrogen-water-for-sun-protection-science-backed-benefits-770011,6540,retire,0,0,,0,700,how-to-use,use-hydrogen-water-sun-protection-science-backed-benefits,How to Use Hydrogen Water for Sun Protection: Science-Backed Benefits
https://hydrogenstudies.com/blog/how-to-use-hydrogen-water-for-kidney-health-remove-toxins-fast-912641,6544,retire,0,0,,0,779,how-to-use,use-hydrogen-water-kidney-health-remove-toxins-fast,How to Use Hydrogen Water for Kidney Health: Remove Toxins Fast
https://hydrogenstudies.com/blog/how-to-use-hydrogen-water-for-diabetic-skin-science-guide-042090,6546,retire,0,0,,0,692,how-to-use,use-hydrogen-water-diabetic-skin-science,How to Use Hydrogen Water for Diabetic Skin: Science Guide
https://hydrogenstudies.com/blog/hydrogen-water-heart-health-can-it-protect-during-blockages-326739,6557,retire,0,0,,0,834,,hydrogen-water-heart-health-protect-during-blockages,Hydrogen Water Heart Health: Can It Protect During Blockages?
https://hydrogenstudies.com/blog/hydrogen-water-and-thymus-health-what-2024-research-shows-411594,6559,retire,0,0,,0,728,what-20xx-research-shows,hydrogen-water-thymus-health-research-shows,Hydrogen Water and Thymus Health: What 2024 Research Shows
https://hydrogenstudies.com/blog/hydrogen-water-and-thymus-cancer-what-2024-research-shows-431961,6560,retire,0,0,,0,799,what-20xx-research-shows,hydrogen-water-thymus-cancer-research-shows,Hydrogen Water and Thymus Cancer: What 2024 Research Shows
https://hydrogenstudies.com/blog/how-to-use-hydrogen-water-for-thymus-health-a-science-backed-guide-431699,6561,retire,0,0,,0,707,how-to-use,use-hydrogen-water-thymus-health-science-backed,How to Use Hydrogen Water for Thymus Health: A Science-Backed Guide
https://hydrogenstudies.com/blog/how-to-use-hydrogen-water-for-thymus-protection-a-science-backed-guide-412733,6562,retire,0,0,,0,751,how-to-use,use-hydrogen-water-thymus-protection-science-backed,How to Use Hydrogen Water for Thymus Protection: A Science-Backed Guide
https://hydrogenstudies.com/blog/hydrogen-water-for-thymus-health-your-questions-answered-473659,6564,retire,0,0,,0,858,,hydrogen-water-thymus-health-questions-answered,Hydrogen Water for Thymus Health: Your Questions Answered
https://hydrogenstudies.com/blog/how-to-use-hydrogen-water-health-benefits-daily-a-science-backed-guide-678998,6571,retire,0,30,37.1,0,698,,use-hydrogen-water-health-benefits-daily-science-backed,How to Use Hydrogen Water Health Benefits Daily: A Science-Backed Guide
https://hydrogenstudies.com/blog/hydrogen-water-and-spine-injury-what-2024-research-shows-084459,6580,retire,0,0,,0,780,what-20xx-research-shows,hydrogen-water-spine-injury-research-shows,Hydrogen Water and Spine Injury: What 2024 Research Shows
https://hydrogenstudies.com/blog/how-to-use-hydrogen-water-for-spine-recovery-a-science-backed-guide-089987,6581,retire,0,0,,0,738,how-to-use,use-hydrogen-water-spine-recovery-science-backed,How to Use Hydrogen Water for Spine Recovery: A Science-Backed Guide
https://hydrogenstudies.com/blog/how-to-use-hydrogen-water-for-brain-health-keep-your-memory-sharp-394982,6593,retire,0,0,,0,707,how-to-use,use-hydrogen-water-brain-health-keep-memory-sharp,How to Use Hydrogen Water for Brain Health: Keep Your Memory Sharp
https://hydrogenstudies.com/blog/how-to-use-hydrogen-therapy-lung-health-for-icu-care-529669,6599,retire,0,0,,0,720,,use-hydrogen-therapy-lung-health-icu-care,How to Use Hydrogen Therapy Lung Health for ICU Care
https://hydrogenstudies.com/blog/hydrogen-therapy-lung-health-can-it-protect-from-damage-570504,6600,retire,0,0,,0,782,,hydrogen-therapy-lung-health-protect-damage,Hydrogen Therapy Lung Health: Can It Protect From Damage?
https://hydrogenstudies.com/blog/how-to-use-hydrogen-water-for-kidney-health-boost-immunity-656834,6601,retire,0,0,,0,785,how-to-use,use-hydrogen-water-kidney-health-boost-immunity,How to Use Hydrogen Water for Kidney Health: Boost Immunity
https://hydrogenstudies.com/blog/how-to-use-hydrogen-water-for-brain-health-after-injury-790270,6605,retire,0,1,9.0,0,800,how-to-use,use-hydrogen-water-brain-health-after-injury,How to Use Hydrogen Water for Brain Health After Injury
https://hydrogenstudies.com/blog/hydrogen-water-and-nose-infections-what-2024-research-shows-916632,6607,retire,0,0,,0,667,what-20xx-research-shows,hydrogen-water-nose-infections-research-shows,Hydrogen Water and Nose Infections: What 2024 Research Shows
https://hydrogenstudies.com/blog/how-to-use-hydrogen-water-for-nose-health-a-science-backed-guide-920059,6608,retire,0,0,,0,755,how-to-use,use-hydrogen-water-nose-health-science-backed,How to Use Hydrogen Water for Nose Health: A Science-Backed Guide
https://hydrogenstudies.com/blog/hydrogen-water-for-nose-infections-your-questions-answered-958449,6609,retire,0,0,,0,811,,hydrogen-water-nose-infections-questions-answered,Hydrogen Water for Nose Infections: Your Questions Answered
https://hydrogenstudies.com/blog/hydrogen-therapy-lung-health-can-it-help-transplants-095029,6615,retire,0,0,,0,877,,hydrogen-therapy-lung-health-help-transplants,Hydrogen Therapy Lung Health: Can It Help Transplants?
https://hydrogenstudies.com/blog/hydrogen-water-bone-marrow-benefits-your-questions-answered-215591,6620,retire,0,0,,0,826,,hydrogen-water-bone-marrow-benefits-questions-answered,Hydrogen Water Bone Marrow Benefits: Your Questions Answered
https://hydrogenstudies.com/blog/hydrogen-water-and-chemo-kidneys-what-2024-research-shows-302795,6623,retire,0,0,,0,817,what-20xx-research-shows,hydrogen-water-chemo-kidneys-research-shows,Hydrogen Water and Chemo Kidneys: What 2024 Research Shows
https://hydrogenstudies.com/blog/hydrogen-water-kidney-health-can-it-protect-from-chemo-damage-345297,6626,retire,0,0,,0,845,,hydrogen-water-kidney-health-protect-chemo-damage,Hydrogen Water Kidney Health: Can It Protect From Chemo Damage?
https://hydrogenstudies.com/blog/hydrogen-water-for-kidney-health-your-chemo-questions-answered-362257,6627,retire,0,0,,0,809,,hydrogen-water-kidney-health-chemo-questions-answered,Hydrogen Water for Kidney Health: Your Chemo Questions Answered
https://hydrogenstudies.com/blog/hydrogen-water-brain-health-your-memory-questions-answered-479533,6630,retire,0,0,,0,858,,hydrogen-water-brain-health-memory-questions-answered,Hydrogen Water Brain Health: Your Memory Questions Answered
https://hydrogenstudies.com/blog/hydrogen-water-health-benefits-what-2024-lab-study-shows-826465,6638,retire,0,0,,0,752,,hydrogen-water-health-benefits-lab-study-shows,Hydrogen Water Health Benefits: What 2024 Lab Study Shows
https://hydrogenstudies.com/blog/hydrogen-water-kidney-health-your-dialysis-questions-answered-174507,6651,retire,0,0,,0,862,,hydrogen-water-kidney-health-dialysis-questions-answered,Hydrogen Water Kidney Health: Your Dialysis Questions Answered
https://hydrogenstudies.com/blog/hydrogen-water-and-burns-what-2024-research-shows-383635,6655,retire,0,0,,0,762,what-20xx-research-shows,hydrogen-water-burns-research-shows,Hydrogen Water and Burns: What 2024 Research Shows
https://hydrogenstudies.com/blog/how-to-use-hydrogen-water-for-burn-healing-a-science-backed-guide-383804,6656,retire,0,0,,0,762,how-to-use,use-hydrogen-water-burn-healing-science-backed,How to Use Hydrogen Water for Burn Healing: A Science-Backed Guide
https://hydrogenstudies.com/blog/how-to-use-hydrogen-water-for-blood-sugar-health-benefits-guide-513988,6659,retire,0,0,,0,831,how-to-use,use-hydrogen-water-blood-sugar-health-benefits,How to Use Hydrogen Water for Blood Sugar: Health Benefits Guide
https://hydrogenstudies.com/blog/how-to-use-hydrogen-water-for-heart-health-radiation-protection-guide-640369,6661,retire,0,0,,0,714,how-to-use,use-hydrogen-water-heart-health-radiation-protection,How to Use Hydrogen Water for Heart Health: Radiation Protection Guide
https://hydrogenstudies.com/blog/hydrogen-water-heart-health-can-it-shield-your-heart-684344,6663,retire,0,0,,0,733,,hydrogen-water-heart-health-shield-heart,Hydrogen Water Heart Health: Can It Shield Your Heart?
https://hydrogenstudies.com/blog/how-to-use-hydrogen-water-health-benefits-safely-every-day-011406,6674,retire,0,0,,0,671,,use-hydrogen-water-health-benefits-safely-every-day,How to Use Hydrogen Water Health Benefits Safely Every Day
https://hydrogenstudies.com/blog/hydrogen-water-health-benefits-what-2024-safety-study-shows-044973,6676,retire,0,0,,0,761,,hydrogen-water-health-benefits-safety-study-shows,Hydrogen Water Health Benefits: What 2024 Safety Study Shows
https://hydrogenstudies.com/blog/hydrogen-water-health-benefits-is-daily-use-safe-055434,6677,retire,0,0,,0,829,,hydrogen-water-health-benefits-daily-use-safe,Hydrogen Water Health Benefits: Is Daily Use Safe?
https://hydrogenstudies.com/blog/how-to-use-hydrogen-water-health-benefits-daily-safe-for-your-whole-body-044125,6679,retire,0,0,,0,669,,use-hydrogen-water-health-benefits-daily-safe-whole-body,How to Use Hydrogen Water Health Benefits Daily: Safe for Your Whole Body
https://hydrogenstudies.com/blog/hydrogen-water-kidney-health-can-it-protect-your-kidneys-188905,6684,retire,0,0,,0,800,,hydrogen-water-kidney-health-protect-kidneys,Hydrogen Water Kidney Health: Can It Protect Your Kidneys?
https://hydrogenstudies.com/blog/hydrogen-water-kidney-health-your-surgery-questions-answered-217275,6685,retire,0,0,,0,808,,hydrogen-water-kidney-health-surgery-questions-answered,Hydrogen Water Kidney Health: Your Surgery Questions Answered
https://hydrogenstudies.com/blog/hydrogen-water-heart-health-can-it-save-transplant-lives-323096,6688,retire,0,0,,0,864,,hydrogen-water-heart-health-save-transplant-lives,Hydrogen Water Heart Health: Can It Save Transplant Lives?
https://hydrogenstudies.com/blog/hydrogen-therapy-hearing-health-can-it-stop-dizziness-452454,6691,retire,0,0,,0,820,,hydrogen-therapy-hearing-health-stop-dizziness,Hydrogen Therapy Hearing Health: Can It Stop Dizziness?
https://hydrogenstudies.com/blog/hydrogen-water-health-benefits-what-2024-research-shows-for-fighting-infection-674225,6696,retire,0,0,,0,738,,hydrogen-water-health-benefits-research-shows-fighting-infection,Hydrogen Water Health Benefits: What 2024 Research Shows for Fighting Infection
https://hydrogenstudies.com/blog/hydrogen-water-health-benefits-what-2024-research-shows-for-body-wide-healing-780356,6699,retire,0,0,,0,739,,hydrogen-water-health-benefits-research-shows-body-wide-healing,Hydrogen Water Health Benefits: What 2024 Research Shows for Body-Wide Healing
https://hydrogenstudies.com/blog/hydrogen-water-health-benefits-what-2024-research-shows-for-body-inflammation-793074,6702,retire,0,0,,0,745,,hydrogen-water-health-benefits-research-shows-body-inflammation,Hydrogen Water Health Benefits: What 2024 Research Shows for Body Inflammation
https://hydrogenstudies.com/blog/how-to-use-hydrogen-water-for-fighting-infections-a-science-backed-guide-926892,6707,retire,0,0,,0,723,how-to-use,use-hydrogen-water-fighting-infections-science-backed,How to Use Hydrogen Water for Fighting Infections: A Science-Backed Guide
https://hydrogenstudies.com/blog/hydrogen-water-health-benefits-what-2024-research-shows-for-fighting-infections-929580,6708,retire,0,0,,0,766,,hydrogen-water-health-benefits-research-shows-fighting-infections,Hydrogen Water Health Benefits: What 2024 Research Shows for Fighting Infections
https://hydrogenstudies.com/blog/hydrogen-water-health-benefits-can-it-slow-aging-089688,6716,retire,0,0,,0,852,,hydrogen-water-health-benefits-slow-aging,Hydrogen Water Health Benefits: Can It Slow Aging?
https://hydrogenstudies.com/blog/how-to-use-hydrogen-water-health-benefits-for-anti-aging-a-science-guide-174583,6718,retire,0,0,,0,720,,use-hydrogen-water-health-benefits-anti-aging-science,How to Use Hydrogen Water Health Benefits for Anti-Aging: A Science Guide
https://hydrogenstudies.com/blog/how-to-use-hydrogen-water-for-kidney-health-balance-your-bodys-acid-levels-632183,6729,retire,0,0,,0,710,how-to-use,use-hydrogen-water-kidney-health-balance-bodys-acid-levels,How to Use Hydrogen Water for Kidney Health: Balance Your Body's Acid Levels
https://hydrogenstudies.com/blog/how-to-use-hydrogen-water-for-brain-health-fight-parkinsons-771207,6733,retire,0,0,,0,812,how-to-use,use-hydrogen-water-brain-health-fight-parkinsons,How to Use Hydrogen Water for Brain Health: Fight Parkinson's
https://hydrogenstudies.com/blog/how-to-use-hydrogen-water-for-allergy-relief-a-science-backed-guide-035043,6745,retire,0,0,,0,692,how-to-use,use-hydrogen-water-allergy-relief-science-backed,How to Use Hydrogen Water for Allergy Relief: A Science-Backed Guide
https://hydrogenstudies.com/blog/hydrogen-water-and-lung-allergies-what-2024-research-shows-036811,6746,retire,0,3,114.7,0,753,what-20xx-research-shows,hydrogen-water-lung-allergies-research-shows,Hydrogen Water and Lung Allergies: What 2024 Research Shows
https://hydrogenstudies.com/blog/hydrogen-water-for-lung-allergies-your-questions-answered-081379,6747,retire,0,0,,0,806,,hydrogen-water-lung-allergies-questions-answered,Hydrogen Water for Lung Allergies: Your Questions Answered
https://hydrogenstudies.com/blog/hydrogen-water-gut-health-what-2024-research-shows-about-ibd-168643,6748,retire,0,0,,0,811,,hydrogen-water-gut-health-research-shows-about-ibd,Hydrogen Water Gut Health: What 2024 Research Shows About IBD
https://hydrogenstudies.com/blog/how-to-use-hydrogen-water-for-better-cream-absorption-a-science-backed-guide-573293,6760,retire,0,0,,0,719,how-to-use,use-hydrogen-water-better-cream-absorption-science-backed,How to Use Hydrogen Water for Better Cream Absorption: A Science-Backed Guide
https://hydrogenstudies.com/blog/how-to-use-hydrogen-water-for-better-skin-care-a-science-guide-573349,6761,retire,0,0,,0,802,how-to-use,use-hydrogen-water-better-skin-care-science,How to Use Hydrogen Water for Better Skin Care: A Science Guide
https://hydrogenstudies.com/blog/how-to-use-hydrogen-water-for-belly-infections-a-science-guide-710000,6764,retire,0,0,,0,843,how-to-use,use-hydrogen-water-belly-infections-science,How to Use Hydrogen Water for Belly Infections: A Science Guide
https://hydrogenstudies.com/blog/how-to-use-hydrogen-water-for-belly-infections-a-science-backed-guide-711377,6767,retire,0,0,,0,818,how-to-use,use-hydrogen-water-belly-infections-science-backed,How to Use Hydrogen Water for Belly Infections: A Science-Backed Guide
https://hydrogenstudies.com/blog/hydrogen-water-for-peritonium-infections-your-questions-answered-758908,6768,retire,0,0,,0,849,,hydrogen-water-peritonium-infections-questions-answered,Hydrogen Water for Peritonium Infections: Your Questions Answered
https://hydrogenstudies.com/blog/hydrogen-water-gut-health-what-2024-mouse-studies-show-854512,6773,retire,0,0,,0,786,,hydrogen-water-gut-health-mouse-studies-show,Hydrogen Water Gut Health: What 2024 Mouse Studies Show
https://hydrogenstudies.com/blog/how-to-use-hydrogen-therapy-lung-health-for-surgery-a-science-backed-guide-984560,6777,retire,0,0,,0,728,,use-hydrogen-therapy-lung-health-surgery-science-backed,How to Use Hydrogen Therapy Lung Health for Surgery: A Science-Backed Guide
https://hydrogenstudies.com/blog/hydrogen-therapy-lung-health-your-surgery-questions-answered-032104,6778,retire,0,0,,0,871,,hydrogen-therapy-lung-health-surgery-questions-answered,Hydrogen Therapy Lung Health: Your Surgery Questions Answered
https://hydrogenstudies.com/blog/how-to-use-hydrogen-water-for-brain-health-what-new-research-shows-123208,6780,retire,0,0,,0,767,how-to-use,use-hydrogen-water-brain-health-research-shows,How to Use Hydrogen Water for Brain Health: What New Research Shows
https://hydrogenstudies.com/blog/hydrogen-water-brain-health-is-it-safe-for-kids-164273,6781,retire,0,0,,0,828,,hydrogen-water-brain-health-safe-kids,Hydrogen Water Brain Health: Is It Safe for Kids?
https://hydrogenstudies.com/blog/how-to-use-hydrogen-water-for-kidney-health-during-cancer-treatment-a-science-backed-guide-380031,6785,retire,0,0,,0,782,how-to-use,use-hydrogen-water-kidney-health-during-cancer-treatment-science-backed,How to Use Hydrogen Water for Kidney Health During Cancer Treatment: A Science-Backed Guide
https://hydrogenstudies.com/blog/hydrogen-water-and-alcohol-recovery-what-2024-research-shows-565785,6792,retire,0,0,,0,846,what-20xx-research-shows,hydrogen-water-alcohol-recovery-research-shows,Hydrogen Water and Alcohol Recovery: What 2024 Research Shows
https://hydrogenstudies.com/blog/hydrogen-water-and-hangovers-what-2024-research-shows-604295,6794,retire,0,0,,0,800,what-20xx-research-shows,hydrogen-water-hangovers-research-shows,Hydrogen Water and Hangovers: What 2024 Research Shows
https://hydrogenstudies.com/blog/hydrogen-water-for-hangovers-your-questions-answered-606124,6795,retire,0,0,,0,776,,hydrogen-water-hangovers-questions-answered,Hydrogen Water for Hangovers: Your Questions Answered
https://hydrogenstudies.com/blog/hydrogen-water-oral-health-what-2024-research-shows-about-tongue-cancer-693400,6798,retire,0,0,,0,765,,hydrogen-water-oral-health-research-shows-about-tongue-cancer,Hydrogen Water Oral Health: What 2024 Research Shows About Tongue Cancer
https://hydrogenstudies.com/blog/hydrogen-water-oral-health-your-cancer-questions-answered-740529,6802,retire,0,0,,0,874,,hydrogen-water-oral-health-cancer-questions-answered,Hydrogen Water Oral Health: Your Cancer Questions Answered
https://hydrogenstudies.com/blog/hydrogen-water-blood-health-what-2024-cancer-research-shows-962196,6806,retire,0,0,,0,762,,hydrogen-water-blood-health-cancer-research-shows,Hydrogen Water Blood Health: What 2024 Cancer Research Shows
https://hydrogenstudies.com/blog/hydrogen-water-blood-health-can-it-fight-cancer-cells-008727,6808,retire,0,0,,0,819,,hydrogen-water-blood-health-fight-cancer-cells,Hydrogen Water Blood Health: Can It Fight Cancer Cells?
https://hydrogenstudies.com/blog/hydrogen-water-gut-health-what-2024-research-shows-about-surgery-protection-229564,6813,retire,0,0,,0,844,,hydrogen-water-gut-health-research-shows-about-surgery-protection,Hydrogen Water Gut Health: What 2024 Research Shows About Surgery Protection
https://hydrogenstudies.com/blog/hydrogen-water-gut-health-can-it-help-after-surgery-383847,6818,retire,0,0,,0,835,,hydrogen-water-gut-health-help-after-surgery,Hydrogen Water Gut Health: Can It Help After Surgery?
https://hydrogenstudies.com/blog/hydrogen-water-gut-health-what-2024-research-shows-about-protection-367482,6819,retire,0,0,,0,830,,hydrogen-water-gut-health-research-shows-about-protection,Hydrogen Water Gut Health: What 2024 Research Shows About Protection
https://hydrogenstudies.com/blog/hydrogen-water-gut-health-your-transplant-questions-answered-409156,6820,retire,0,0,,0,827,,hydrogen-water-gut-health-transplant-questions-answered,Hydrogen Water Gut Health: Your Transplant Questions Answered
https://hydrogenstudies.com/blog/hydrogen-water-brain-health-for-babies-your-questions-answered-512092,6824,retire,0,0,,0,806,,hydrogen-water-brain-health-babies-questions-answered,Hydrogen Water Brain Health for Babies: Your Questions Answered
https://hydrogenstudies.com/blog/how-to-use-hydrogen-water-for-baby-brain-health-a-science-backed-guide-600494,6828,retire,0,0,,0,804,how-to-use,use-hydrogen-water-baby-brain-health-science-backed,How to Use Hydrogen Water for Baby Brain Health: A Science-Backed Guide
https://hydrogenstudies.com/blog/hydrogen-water-brain-health-can-it-protect-newborn-babies-646243,6829,retire,0,0,,0,863,,hydrogen-water-brain-health-protect-newborn-babies,Hydrogen Water Brain Health: Can It Protect Newborn Babies?
https://hydrogenstudies.com/blog/hydrogen-water-blood-health-what-2024-safety-study-shows-998748,6839,retire,0,0,,0,825,,hydrogen-water-blood-health-safety-study-shows,Hydrogen Water Blood Health: What 2024 Safety Study Shows
https://hydrogenstudies.com/blog/hydrogen-water-blood-health-your-safety-questions-answered-042620,6840,retire,0,0,,0,773,,hydrogen-water-blood-health-safety-questions-answered,Hydrogen Water Blood Health: Your Safety Questions Answered
https://hydrogenstudies.com/blog/hydrogen-water-health-benefits-for-blood-sugar-your-questions-answered-173609,6843,retire,0,0,,0,850,,hydrogen-water-health-benefits-blood-sugar-questions-answered,Hydrogen Water Health Benefits for Blood Sugar: Your Questions Answered
https://hydrogenstudies.com/blog/how-to-use-hydrogen-water-for-gut-health-what-new-studies-show-230176,6845,retire,0,0,,0,723,how-to-use,use-hydrogen-water-gut-health-studies-show,How to Use Hydrogen Water for Gut Health: What New Studies Show
https://hydrogenstudies.com/blog/how-hydrogen-water-gut-health-may-affect-your-bodys-defense-262236,6846,retire,0,0,,0,774,,hydrogen-water-gut-health-may-affect-bodys-defense,How Hydrogen Water Gut Health May Affect Your Body's Defense
https://hydrogenstudies.com/blog/hydrogen-water-gut-health-does-it-weaken-your-immune-system-277255,6848,retire,0,0,,0,852,,hydrogen-water-gut-health-weaken-immune-system,Hydrogen Water Gut Health: Does It Weaken Your Immune System?
https://hydrogenstudies.com/blog/hydrogen-water-gut-health-can-it-fight-parasites-306697,6849,retire,0,0,,0,895,,hydrogen-water-gut-health-fight-parasites,Hydrogen Water Gut Health: Can It Fight Parasites?
https://hydrogenstudies.com/blog/hydrogen-water-for-mouth-cancer-your-questions-answered-541601,6860,retire,0,0,,0,857,,hydrogen-water-mouth-cancer-questions-answered,Hydrogen Water for Mouth Cancer: Your Questions Answered
https://hydrogenstudies.com/blog/hydrogen-water-oral-health-can-it-fight-mouth-cancer-581336,6861,retire,0,0,,0,841,,hydrogen-water-oral-health-fight-mouth-cancer,Hydrogen Water Oral Health: Can It Fight Mouth Cancer?
https://hydrogenstudies.com/blog/how-to-use-hydrogen-water-health-benefits-to-fight-cancer-a-science-backed-guide-771598,6866,retire,0,0,,0,771,,use-hydrogen-water-health-benefits-fight-cancer-science-backed,How to Use Hydrogen Water Health Benefits to Fight Cancer: A Science-Backed Guide
https://hydrogenstudies.com/blog/hydrogen-water-for-pancreas-health-your-questions-answered-084041,6874,retire,0,0,,0,857,,hydrogen-water-pancreas-health-questions-answered,Hydrogen Water for Pancreas Health: Your Questions Answered
https://hydrogenstudies.com/blog/hydrogen-water-health-benefits-how-it-guards-your-brain-302057,6883,retire,0,0,,0,764,,hydrogen-water-health-benefits-guards-brain,Hydrogen Water Health Benefits: How It Guards Your Brain
https://hydrogenstudies.com/blog/how-to-use-hydrogen-water-health-benefits-for-smart-protection-303177,6884,retire,0,0,,0,781,,use-hydrogen-water-health-benefits-smart-protection,How to Use Hydrogen Water Health Benefits for Smart Protection
https://hydrogenstudies.com/blog/hydrogen-water-health-benefits-for-brain-your-questions-answered-347502,6885,retire,0,0,,0,858,,hydrogen-water-health-benefits-brain-questions-answered,Hydrogen Water Health Benefits for Brain: Your Questions Answered
https://hydrogenstudies.com/blog/how-to-use-hydrogen-water-for-blood-sugar-control-a-science-backed-guide-570717,6894,retire,0,0,,0,759,how-to-use,use-hydrogen-water-blood-sugar-control-science-backed,How to Use Hydrogen Water for Blood Sugar Control: A Science-Backed Guide
https://hydrogenstudies.com/blog/how-to-use-hydrogen-water-health-benefits-what-one-study-really-means-704912,6896,retire,0,0,,0,658,,use-hydrogen-water-health-benefits-one-study-really-means,How to Use Hydrogen Water Health Benefits: What One Study Really Means
https://hydrogenstudies.com/blog/hydrogen-water-health-benefits-why-lab-vs-body-results-differ-751873,6898,retire,0,0,,0,836,,hydrogen-water-health-benefits-lab-body-results-differ,Hydrogen Water Health Benefits: Why Lab vs Body Results Differ
https://hydrogenstudies.com/blog/hydrogen-water-kidney-health-what-2024-research-shows-for-dialysis-patients-841771,6900,retire,0,0,,0,737,,hydrogen-water-kidney-health-research-shows-dialysis-patients,Hydrogen Water Kidney Health: What 2024 Research Shows for Dialysis Patients
https://hydrogenstudies.com/blog/hydrogen-water-health-benefits-for-weight-your-questions-answered-113279,6910,retire,0,0,,0,831,,hydrogen-water-health-benefits-weight-questions-answered,Hydrogen Water Health Benefits for Weight: Your Questions Answered
https://hydrogenstudies.com/blog/hydrogen-water-health-benefits-what-2024-dna-studies-show-350473,6921,retire,0,0,,0,727,,hydrogen-water-health-benefits-dna-studies-show,Hydrogen Water Health Benefits: What 2024 DNA Studies Show
https://hydrogenstudies.com/blog/hydrogen-water-health-benefits-your-dna-questions-answered-373806,6922,retire,0,0,,0,820,,hydrogen-water-health-benefits-dna-questions-answered,Hydrogen Water Health Benefits: Your DNA Questions Answered
https://hydrogenstudies.com/blog/hydrogen-water-health-benefits-does-it-shield-your-dna-391537,6923,retire,0,0,,0,812,,hydrogen-water-health-benefits-shield-dna,Hydrogen Water Health Benefits: Does It Shield Your DNA?
https://hydrogenstudies.com/blog/how-to-use-hydrogen-water-for-better-oral-health-fight-germs-fast-457775,6924,retire,0,0,,0,630,how-to-use,use-hydrogen-water-better-oral-health-fight-germs-fast,How to Use Hydrogen Water for Better Oral Health: Fight Germs Fast
https://hydrogenstudies.com/blog/hydrogen-water-health-benefits-what-2024-research-shows-about-cancer-prevention-589654,6927,retire,0,0,,0,725,,hydrogen-water-health-benefits-research-shows-about-cancer-prevention,Hydrogen Water Health Benefits: What 2024 Research Shows About Cancer Prevention
https://hydrogenstudies.com/blog/how-to-use-hydrogen-water-health-benefits-for-cancer-protection-a-science-backed-guide-590557,6928,retire,0,0,,0,731,,use-hydrogen-water-health-benefits-cancer-protection-science-backed,How to Use Hydrogen Water Health Benefits for Cancer Protection: A Science-Backed Guide
https://hydrogenstudies.com/blog/how-to-use-hydrogen-water-for-root-canal-care-a-science-backed-guide-716491,6931,retire,0,0,,0,760,how-to-use,use-hydrogen-water-root-canal-care-science-backed,How to Use Hydrogen Water for Root Canal Care: A Science-Backed Guide
https://hydrogenstudies.com/blog/hydrogen-water-for-root-canals-your-questions-answered-762070,6932,retire,0,0,,0,843,,hydrogen-water-root-canals-questions-answered,Hydrogen Water for Root Canals: Your Questions Answered
https://hydrogenstudies.com/blog/hydrogen-water-health-benefits-cancer-prevention-questions-021899,6942,retire,0,0,,0,865,,hydrogen-water-health-benefits-cancer-prevention-questions,Hydrogen Water Health Benefits: Cancer Prevention Questions
https://hydrogenstudies.com/blog/how-to-use-hydrogen-water-health-benefits-for-full-body-protection-a-science-backed-guide-144914,6946,retire,0,0,,0,774,,use-hydrogen-water-health-benefits-full-body-protection-science-backed,How to Use Hydrogen Water Health Benefits for Full Body Protection: A Science-Backed Guide
https://hydrogenstudies.com/blog/hydrogen-water-health-benefits-how-it-boosts-vitamin-c-protection-354255,6952,retire,0,0,,0,735,,hydrogen-water-health-benefits-boosts-vitamin-c-protection,Hydrogen Water Health Benefits: How It Boosts Vitamin C Protection
https://hydrogenstudies.com/blog/how-to-use-hydrogen-water-health-benefits-to-boost-your-bodys-natural-defenses-356029,6953,retire,0,0,,0,699,,use-hydrogen-water-health-benefits-boost-bodys-natural-defenses,How to Use Hydrogen Water Health Benefits to Boost Your Body's Natural Defenses
https://hydrogenstudies.com/blog/hydrogen-water-health-benefits-does-it-boost-vitamin-c-395662,6954,retire,0,0,,0,819,,hydrogen-water-health-benefits-boost-vitamin-c,Hydrogen Water Health Benefits: Does It Boost Vitamin C?
https://hydrogenstudies.com/blog/hydrogen-water-health-benefits-what-companies-hide-531226,6957,retire,0,0,,0,893,,hydrogen-water-health-benefits-companies-hide,Hydrogen Water Health Benefits: What Companies Hide
https://hydrogenstudies.com/blog/hydrogen-water-and-dialysis-what-2024-research-shows-for-kidney-health-750644,6961,retire,0,0,,0,806,,hydrogen-water-dialysis-research-shows-kidney-health,Hydrogen Water and Dialysis: What 2024 Research Shows for Kidney Health
https://hydrogenstudies.com/blog/hydrogen-water-for-dialysis-your-questions-answered-792029,6964,retire,0,0,,0,868,,hydrogen-water-dialysis-questions-answered,Hydrogen Water for Dialysis: Your Questions Answered
https://hydrogenstudies.com/blog/hydrogen-water-and-blood-cancer-what-2024-research-shows-001116,6971,retire,0,0,,0,751,what-20xx-research-shows,hydrogen-water-blood-cancer-research-shows,Hydrogen Water and Blood Cancer: What 2024 Research Shows
https://hydrogenstudies.com/blog/hydrogen-water-blood-health-can-it-help-fight-cancer-044381,6976,retire,0,0,,0,763,,hydrogen-water-blood-health-help-fight-cancer,Hydrogen Water Blood Health: Can It Help Fight Cancer?
https://hydrogenstudies.com/blog/how-to-use-hydrogen-water-for-post-surgery-recovery-benefits-133419,6977,retire,0,0,,0,780,how-to-use,use-hydrogen-water-post-surgery-recovery-benefits,How to Use Hydrogen Water for Post-Surgery Recovery: Benefits
https://hydrogenstudies.com/blog/hydrogen-water-health-benefits-can-it-help-after-surgery-175700,6981,retire,0,0,,0,821,,hydrogen-water-health-benefits-help-after-surgery,Hydrogen Water Health Benefits: Can It Help After Surgery?
https://hydrogenstudies.com/blog/hydrogen-water-health-benefits-heart-surgery-recovery-faq-176052,6982,retire,0,0,,0,863,,hydrogen-water-health-benefits-heart-surgery-recovery-faq,Hydrogen Water Health Benefits: Heart Surgery Recovery FAQ
https://hydrogenstudies.com/blog/how-to-use-hydrogen-water-for-younger-skin-a-science-backed-guide-265988,6985,retire,0,0,,0,763,how-to-use,use-hydrogen-water-younger-skin-science-backed,How to Use Hydrogen Water for Younger Skin: A Science-Backed Guide
https://hydrogenstudies.com/blog/how-to-use-hydrogen-water-for-fighting-germs-health-benefits-396898,6986,retire,0,0,,0,773,how-to-use,use-hydrogen-water-fighting-germs-health-benefits,How to Use Hydrogen Water for Fighting Germs: Health Benefits
https://hydrogenstudies.com/blog/hydrogen-water-health-benefits-can-it-kill-germs-fast-441006,6988,retire,0,0,,0,822,,hydrogen-water-health-benefits-kill-germs-fast,Hydrogen Water Health Benefits: Can It Kill Germs Fast?
https://hydrogenstudies.com/blog/hydrogen-water-skin-benefits-burn-healing-questions-answered-575331,6991,retire,0,0,,0,817,,hydrogen-water-skin-benefits-burn-healing-questions-answered,Hydrogen Water Skin Benefits: Burn Healing Questions Answered
https://hydrogenstudies.com/blog/hydrogen-water-for-stomach-pain-your-questions-answered-077162,7013,retire,0,0,,0,843,,hydrogen-water-stomach-pain-questions-answered,Hydrogen Water for Stomach Pain: Your Questions Answered
https://hydrogenstudies.com/blog/how-to-use-hydrogen-water-health-benefits-to-fight-free-radicals-437148,7020,retire,0,0,,0,675,,use-hydrogen-water-health-benefits-fight-free-radicals,How to Use Hydrogen Water Health Benefits to Fight Free Radicals
https://hydrogenstudies.com/blog/hydrogen-water-health-benefits-your-body-defense-questions-answered-481420,7022,retire,0,0,,0,772,,hydrogen-water-health-benefits-body-defense-questions-answered,Hydrogen Water Health Benefits: Your Body Defense Questions Answered
https://hydrogenstudies.com/blog/hydrogen-water-health-benefits-for-blood-sugar-what-2024-research-shows-700553,7029,retire,0,0,,0,799,what-20xx-research-shows,hydrogen-water-health-benefits-blood-sugar-research-shows,Hydrogen Water Health Benefits for Blood Sugar: What 2024 Research Shows
https://hydrogenstudies.com/blog/hydrogen-water-pregnancy-safety-what-new-heart-studies-mean-for-moms-802620,7033,retire,0,0,,0,730,,hydrogen-water-pregnancy-safety-heart-studies-mean-moms,Hydrogen Water Pregnancy Safety: What New Heart Studies Mean for Moms
https://hydrogenstudies.com/blog/how-to-use-hydrogen-water-for-safer-diving-a-science-guide-935139,7039,retire,0,0,,0,667,how-to-use,use-hydrogen-water-safer-diving-science,How to Use Hydrogen Water for Safer Diving: A Science Guide
https://hydrogenstudies.com/blog/hydrogen-water-health-benefits-what-2024-dive-research-shows-934433,7040,retire,0,0,,0,692,,hydrogen-water-health-benefits-dive-research-shows,Hydrogen Water Health Benefits: What 2024 Dive Research Shows
https://hydrogenstudies.com/blog/how-to-use-hydrogen-water-for-diving-safety-a-science-backed-guide-974069,7041,retire,0,0,,0,745,how-to-use,use-hydrogen-water-diving-safety-science-backed,How to Use Hydrogen Water for Diving Safety: A Science-Backed Guide
https://hydrogenstudies.com/blog/hydrogen-water-health-benefits-what-2024-research-shows-for-divers-976773,7042,retire,0,0,,0,805,,hydrogen-water-health-benefits-research-shows-divers,Hydrogen Water Health Benefits: What 2024 Research Shows for Divers
https://hydrogenstudies.com/blog/hydrogen-water-health-benefits-deep-sea-diving-questions-answered-980986,7043,retire,0,0,,0,830,,hydrogen-water-health-benefits-deep-sea-diving-questions-answered,Hydrogen Water Health Benefits: Deep Sea Diving Questions Answered
https://hydrogenstudies.com/blog/hydrogen-water-health-benefits-can-it-make-diving-safer-021003,7044,retire,0,0,,0,860,,hydrogen-water-health-benefits-make-diving-safer,Hydrogen Water Health Benefits: Can It Make Diving Safer?
https://hydrogenstudies.com/blog/hydrogen-water-health-benefits-what-2024-diving-research-shows-071454,7046,retire,0,0,,0,759,,hydrogen-water-health-benefits-diving-research-shows,Hydrogen Water Health Benefits: What 2024 Diving Research Shows
https://hydrogenstudies.com/blog/hydrogen-water-health-benefits-muscle-recovery-questions-111917,7047,retire,0,0,,0,833,,hydrogen-water-health-benefits-muscle-recovery-questions,Hydrogen Water Health Benefits: Muscle Recovery Questions
https://hydrogenstudies.com/blog/hydrogen-water-and-burn-healing-what-2024-research-shows-197251,7048,retire,0,0,,0,813,what-20xx-research-shows,hydrogen-water-burn-healing-research-shows,Hydrogen Water and Burn Healing: What 2024 Research Shows
https://hydrogenstudies.com/blog/hydrogen-water-skin-benefits-can-it-heal-burns-faster-378657,7053,retire,0,0,,0,761,,hydrogen-water-skin-benefits-heal-burns-faster,Hydrogen Water Skin Benefits: Can It Heal Burns Faster?
https://hydrogenstudies.com/blog/how-to-use-hydrogen-water-for-heart-surgery-safety-a-science-backed-guide-469065,7055,retire,0,0,,0,780,how-to-use,use-hydrogen-water-heart-surgery-safety-science-backed,How to Use Hydrogen Water for Heart Surgery Safety: A Science-Backed Guide
https://hydrogenstudies.com/blog/hydrogen-water-heart-health-can-it-fight-infections-518195,7057,retire,0,0,,0,930,,hydrogen-water-heart-health-fight-infections,Hydrogen Water Heart Health: Can It Fight Infections?
https://hydrogenstudies.com/blog/how-to-use-hydrogen-water-for-tooth-infections-a-science-backed-guide-714511,7064,retire,0,0,,0,776,how-to-use,use-hydrogen-water-tooth-infections-science-backed,How to Use Hydrogen Water for Tooth Infections: A Science-Backed Guide
https://hydrogenstudies.com/blog/hydrogen-water-and-root-canals-what-2024-research-shows-714763,7065,retire,0,0,,0,755,what-20xx-research-shows,hydrogen-water-root-canals-research-shows,Hydrogen Water and Root Canals: What 2024 Research Shows
https://hydrogenstudies.com/blog/how-to-use-hydrogen-water-for-root-canal-health-a-science-backed-guide-736166,7067,retire,0,0,,0,742,how-to-use,use-hydrogen-water-root-canal-health-science-backed,How to Use Hydrogen Water for Root Canal Health: A Science-Backed Guide
https://hydrogenstudies.com/blog/hydrogen-water-oral-health-can-it-fight-root-canal-infections-777363,7069,retire,0,0,,0,799,,hydrogen-water-oral-health-fight-root-canal-infections,Hydrogen Water Oral Health: Can It Fight Root Canal Infections?
https://hydrogenstudies.com/blog/how-to-use-hydrogen-water-for-pancreas-surgery-safety-a-science-backed-guide-863659,7072,retire,0,0,,0,727,how-to-use,use-hydrogen-water-pancreas-surgery-safety-science-backed,How to Use Hydrogen Water for Pancreas Surgery Safety: A Science-Backed Guide
https://hydrogenstudies.com/blog/hydrogen-water-and-pancreas-what-2024-research-shows-844262,7073,retire,0,0,,0,807,what-20xx-research-shows,hydrogen-water-pancreas-research-shows,Hydrogen Water and Pancreas: What 2024 Research Shows
https://hydrogenstudies.com/blog/hydrogen-water-pancreas-transplants-your-questions-answered-890581,7074,retire,0,0,,0,818,,hydrogen-water-pancreas-transplants-questions-answered,Hydrogen Water Pancreas Transplants: Your Questions Answered
https://hydrogenstudies.com/blog/hydrogen-water-for-pancreas-surgery-your-questions-answered-905865,7075,retire,0,0,,0,840,,hydrogen-water-pancreas-surgery-questions-answered,Hydrogen Water for Pancreas Surgery: Your Questions Answered
https://hydrogenstudies.com/blog/hydrogen-water-heart-health-what-2024-research-shows-about-pregnancy-risks-108102,7079,retire,0,0,,0,707,,hydrogen-water-heart-health-research-shows-about-pregnancy-risks,Hydrogen Water Heart Health: What 2024 Research Shows About Pregnancy Risks
https://hydrogenstudies.com/blog/how-hydrogen-water-heart-health-risks-may-affect-pregnant-women-109181,7080,retire,0,0,,0,694,,hydrogen-water-heart-health-risks-may-affect-pregnant-women,How Hydrogen Water Heart Health Risks May Affect Pregnant Women
https://hydrogenstudies.com/blog/hydrogen-water-heart-health-is-it-safe-during-pregnancy-157304,7081,retire,0,0,,0,813,,hydrogen-water-heart-health-safe-during-pregnancy,Hydrogen Water Heart Health: Is It Safe During Pregnancy?
https://hydrogenstudies.com/blog/how-to-use-hydrogen-water-safely-during-pregnancy-a-guide-242423,7083,retire,0,0,,0,796,,use-hydrogen-water-safely-during-pregnancy,How to Use Hydrogen Water Safely During Pregnancy: A Guide
https://hydrogenstudies.com/blog/how-to-use-hydrogen-water-health-benefits-for-aging-a-science-backed-guide-377680,7087,retire,0,0,,0,808,,use-hydrogen-water-health-benefits-aging-science-backed,How to Use Hydrogen Water Health Benefits for Aging: A Science-Backed Guide
https://hydrogenstudies.com/blog/how-to-use-hydrogen-water-health-benefits-for-anti-aging-468837,7090,retire,0,0,,0,706,,use-hydrogen-water-health-benefits-anti-aging,How to Use Hydrogen Water Health Benefits for Anti-Aging
https://hydrogenstudies.com/blog/how-to-protect-your-heart-hydrogen-water-heart-health-risks-600198,7095,retire,0,0,,0,751,,protect-heart-hydrogen-water-heart-health-risks,How to Protect Your Heart: Hydrogen Water Heart Health Risks
https://hydrogenstudies.com/blog/how-hydrogen-water-heart-health-claims-may-harm-young-hearts-599542,7096,retire,0,0,,0,710,,hydrogen-water-heart-health-claims-may-harm-young-hearts,How Hydrogen Water Heart Health Claims May Harm Young Hearts
https://hydrogenstudies.com/blog/hydrogen-water-heart-health-your-safety-questions-answered-644202,7098,retire,0,0,,0,832,,hydrogen-water-heart-health-safety-questions-answered,Hydrogen Water Heart Health: Your Safety Questions Answered
https://hydrogenstudies.com/blog/how-to-use-hydrogen-water-for-heart-surgery-recovery-a-science-backed-guide-727374,7099,retire,0,0,,0,764,how-to-use,use-hydrogen-water-heart-surgery-recovery-science-backed,How to Use Hydrogen Water for Heart Surgery Recovery: A Science-Backed Guide
https://hydrogenstudies.com/blog/hydrogen-water-and-chest-infections-what-2024-research-shows-736384,7101,retire,0,0,,0,684,what-20xx-research-shows,hydrogen-water-chest-infections-research-shows,Hydrogen Water and Chest Infections: What 2024 Research Shows
https://hydrogenstudies.com/blog/hydrogen-water-health-benefits-for-surgery-recovery-your-questions-answered-780019,7104,retire,0,0,,0,756,,hydrogen-water-health-benefits-surgery-recovery-questions-answered,Hydrogen Water Health Benefits for Surgery Recovery: Your Questions Answered
https://hydrogenstudies.com/blog/hydrogen-water-and-belly-infections-what-2024-research-shows-858531,7105,retire,0,0,,0,768,what-20xx-research-shows,hydrogen-water-belly-infections-research-shows,Hydrogen Water and Belly Infections: What 2024 Research Shows
https://hydrogenstudies.com/blog/hydrogen-water-health-benefits-deep-sea-diving-study-shows-993171,7108,retire,0,0,,0,644,,hydrogen-water-health-benefits-deep-sea-diving-study-shows,Hydrogen Water Health Benefits: Deep Sea Diving Study Shows
https://hydrogenstudies.com/blog/how-to-use-hydrogen-water-health-benefits-safely-what-divers-teach-us-994558,7109,retire,0,0,,0,659,,use-hydrogen-water-health-benefits-safely-divers-teach-us,How to Use Hydrogen Water Health Benefits Safely: What Divers Teach Us
https://hydrogenstudies.com/blog/hydrogen-water-and-infected-wounds-what-2024-research-shows-126614,7111,retire,0,0,,0,778,what-20xx-research-shows,hydrogen-water-infected-wounds-research-shows,Hydrogen Water and Infected Wounds: What 2024 Research Shows
https://hydrogenstudies.com/blog/how-to-use-hydrogen-water-for-heart-health-a-kid-safe-guide-256119,7115,retire,0,0,,0,809,how-to-use,use-hydrogen-water-heart-health-kid-safe,How to Use Hydrogen Water for Heart Health: A Kid-Safe Guide
https://hydrogenstudies.com/blog/hydrogen-water-health-benefits-for-divers-your-questions-answered-426299,7122,retire,0,0,,0,850,,hydrogen-water-health-benefits-divers-questions-answered,Hydrogen Water Health Benefits for Divers: Your Questions Answered
https://hydrogenstudies.com/blog/how-to-use-hydrogen-water-for-safe-pregnancy-a-science-backed-guide-510533,7125,retire,0,0,,0,797,how-to-use,use-hydrogen-water-safe-pregnancy-science-backed,How to Use Hydrogen Water for Safe Pregnancy: A Science-Backed Guide
https://hydrogenstudies.com/blog/how-to-use-hydrogen-water-for-safe-pregnancy-a-science-guide-514919,7126,retire,0,0,,0,772,how-to-use,use-hydrogen-water-safe-pregnancy-science,How to Use Hydrogen Water for Safe Pregnancy: A Science Guide
https://hydrogenstudies.com/blog/how-to-use-hydrogen-water-for-deep-sea-diving-safety-646318,7130,retire,0,0,,0,781,how-to-use,use-hydrogen-water-deep-sea-diving-safety,How to Use Hydrogen Water for Deep Sea Diving Safety
https://hydrogenstudies.com/blog/how-to-use-hydrogen-water-for-diving-safety-health-benefits-652212,7131,retire,0,0,,0,740,how-to-use,use-hydrogen-water-diving-safety-health-benefits,How to Use Hydrogen Water for Diving Safety: Health Benefits
https://hydrogenstudies.com/blog/hydrogen-water-health-benefits-what-2024-deep-sea-research-shows-645718,7132,retire,0,0,,0,747,,hydrogen-water-health-benefits-deep-sea-research-shows,Hydrogen Water Health Benefits: What 2024 Deep Sea Research Shows
https://hydrogenstudies.com/blog/hydrogen-water-health-benefits-for-divers-what-2024-research-shows-652612,7133,retire,0,0,,0,779,what-20xx-research-shows,hydrogen-water-health-benefits-divers-research-shows,Hydrogen Water Health Benefits for Divers: What 2024 Research Shows
https://hydrogenstudies.com/blog/hydrogen-water-health-benefits-for-deep-sea-divers-your-questions-answered-700243,7135,retire,0,0,,0,879,,hydrogen-water-health-benefits-deep-sea-divers-questions-answered,Hydrogen Water Health Benefits for Deep Sea Divers: Your Questions Answered
https://hydrogenstudies.com/blog/how-to-use-hydrogen-water-for-whole-body-health-what-cancer-studies-reveal-about-real-benefits-775990,7137,retire,0,0,,0,716,how-to-use,use-hydrogen-water-whole-body-health-cancer-studies-reveal-about-real-benefits,How to Use Hydrogen Water for Whole Body Health: What Cancer Studies Reveal About Real Benefits
https://hydrogenstudies.com/blog/hydrogen-water-skin-benefits-safety-questions-answered-950687,7141,retire,0,0,,0,772,,hydrogen-water-skin-benefits-safety-questions-answered,Hydrogen Water Skin Benefits: Safety Questions Answered
https://hydrogenstudies.com/blog/hydrogen-water-gut-health-what-1900s-doctors-found-039592,7142,retire,0,0,,0,732,,hydrogen-water-gut-health-1900s-doctors-found,Hydrogen Water Gut Health: What 1900s Doctors Found
https://hydrogenstudies.com/blog/hydrogen-water-and-spine-health-what-2024-research-shows-173629,7145,retire,0,0,,0,810,what-20xx-research-shows,hydrogen-water-spine-health-research-shows,Hydrogen Water and Spine Health: What 2024 Research Shows
https://hydrogenstudies.com/blog/how-to-use-hydrogen-water-for-cervix-health-a-science-guide-312336,7152,retire,0,0,,0,779,how-to-use,use-hydrogen-water-cervix-health-science,How to Use Hydrogen Water for Cervix Health: A Science Guide
https://hydrogenstudies.com/blog/hydrogen-water-health-benefits-why-athletes-see-results-410428,7155,retire,0,0,,0,742,,hydrogen-water-health-benefits-athletes-see-results,Hydrogen Water Health Benefits: Why Athletes See Results
https://hydrogenstudies.com/blog/hydrogen-water-health-benefits-why-training-level-matters-439534,7157,retire,0,0,,0,812,,hydrogen-water-health-benefits-training-level-matters,Hydrogen Water Health Benefits: Why Training Level Matters
https://hydrogenstudies.com/blog/how-to-use-hydrogen-water-for-liver-health-alcohol-protection-567123,7163,retire,0,0,,0,733,how-to-use,use-hydrogen-water-liver-health-alcohol-protection,How to Use Hydrogen Water for Liver Health: Alcohol Protection
https://hydrogenstudies.com/blog/how-to-use-hydrogen-water-for-anti-aging-skin-benefits-guide-814071,7171,retire,0,0,,0,693,how-to-use,use-hydrogen-water-anti-aging-skin-benefits,How to Use Hydrogen Water for Anti-Aging: Skin Benefits Guide
https://hydrogenstudies.com/blog/hydrogen-water-skin-benefits-can-it-stop-sun-damage-859638,7172,retire,0,0,,0,845,,hydrogen-water-skin-benefits-stop-sun-damage,Hydrogen Water Skin Benefits: Can It Stop Sun Damage?
https://hydrogenstudies.com/blog/hydrogen-water-oral-health-your-questions-answered-987593,7175,retire,0,0,,0,893,,hydrogen-water-oral-health-questions-answered,Hydrogen Water Oral Health: Your Questions Answered
https://hydrogenstudies.com/blog/how-to-use-hydrogen-water-health-benefits-for-better-blood-flow-079735,7178,retire,0,0,,0,758,,use-hydrogen-water-health-benefits-better-blood-flow,How to Use Hydrogen Water Health Benefits for Better Blood Flow
https://hydrogenstudies.com/blog/hydrogen-therapy-lung-health-can-it-help-during-sepsis-216458,7184,retire,0,0,,0,864,,hydrogen-therapy-lung-health-help-during-sepsis,Hydrogen Therapy Lung Health: Can It Help During Sepsis?
https://hydrogenstudies.com/blog/hydrogen-water-for-sepsis-lung-damage-your-questions-answered-252431,7185,retire,0,0,,0,846,,hydrogen-water-sepsis-lung-damage-questions-answered,Hydrogen Water for Sepsis Lung Damage: Your Questions Answered
https://hydrogenstudies.com/blog/how-to-use-hydrogen-water-for-eye-health-protect-your-vision-297620,7186,retire,0,0,,0,686,how-to-use,use-hydrogen-water-eye-health-protect-vision,How to Use Hydrogen Water for Eye Health: Protect Your Vision
https://hydrogenstudies.com/blog/hydrogen-water-gut-health-your-digestion-questions-answered-515239,7196,retire,0,0,,0,841,,hydrogen-water-gut-health-digestion-questions-answered,Hydrogen Water Gut Health: Your Digestion Questions Answered
https://hydrogenstudies.com/blog/how-to-use-hydrogen-therapy-for-hearing-health-science-guide-710798,7200,retire,0,0,,0,787,,use-hydrogen-therapy-hearing-health-science,How to Use Hydrogen Therapy for Hearing Health: Science Guide
https://hydrogenstudies.com/blog/hydrogen-water-health-benefits-does-it-shield-your-body-893536,7205,retire,0,0,,0,886,,hydrogen-water-health-benefits-shield-body,Hydrogen Water Health Benefits: Does It Shield Your Body?
https://hydrogenstudies.com/blog/how-to-use-hydrogen-therapy-lung-health-for-sepsis-recovery-983571,7207,retire,0,0,,0,764,,use-hydrogen-therapy-lung-health-sepsis-recovery,How to Use Hydrogen Therapy Lung Health for Sepsis Recovery
https://hydrogenstudies.com/blog/how-to-use-hydrogen-therapy-lung-health-for-icu-recovery-030778,7209,retire,0,0,,0,756,,use-hydrogen-therapy-lung-health-icu-recovery,How to Use Hydrogen Therapy Lung Health for ICU Recovery
https://hydrogenstudies.com/blog/how-to-use-hydrogen-water-health-benefits-for-better-workouts-a-science-backed-guide-295828,7219,retire,0,0,,0,695,,use-hydrogen-water-health-benefits-better-workouts-science-backed,How to Use Hydrogen Water Health Benefits for Better Workouts: A Science-Backed Guide
https://hydrogenstudies.com/blog/hydrogen-water-health-benefits-for-fitness-your-questions-answered-337495,7222,retire,0,0,,0,846,,hydrogen-water-health-benefits-fitness-questions-answered,Hydrogen Water Health Benefits for Fitness: Your Questions Answered
https://hydrogenstudies.com/blog/how-to-use-hydrogen-water-for-brain-health-what-parkinsons-research-shows-961455,7237,retire,0,0,,0,735,how-to-use,use-hydrogen-water-brain-health-parkinsons-research-shows,How to Use Hydrogen Water for Brain Health: What Parkinson's Research Shows
https://hydrogenstudies.com/blog/hydrogen-water-health-benefits-what-2024-research-shows-about-heavy-metal-protection-992176,7239,retire,0,0,,0,711,,hydrogen-water-health-benefits-research-shows-about-heavy-metal-protection,Hydrogen Water Health Benefits: What 2024 Research Shows About Heavy Metal Protection
https://hydrogenstudies.com/blog/hydrogen-water-health-benefits-what-2024-egg-study-shows-380764,7251,retire,0,0,,0,743,,hydrogen-water-health-benefits-egg-study-shows,Hydrogen Water Health Benefits: What 2024 Egg Study Shows
https://hydrogenstudies.com/blog/how-to-use-hydrogen-water-for-better-food-safety-health-benefits-378664,7252,retire,0,0,,0,657,how-to-use,use-hydrogen-water-better-food-safety-health-benefits,How to Use Hydrogen Water for Better Food Safety: Health Benefits
https://hydrogenstudies.com/blog/hydrogen-water-health-benefits-does-it-keep-you-fresh-424691,7253,retire,0,0,,0,769,,hydrogen-water-health-benefits-keep-fresh,Hydrogen Water Health Benefits: Does It Keep You Fresh?
https://hydrogenstudies.com/blog/hydrogen-water-and-lung-disease-what-2024-research-shows-649392,7258,retire,0,0,,0,809,what-20xx-research-shows,hydrogen-water-lung-disease-research-shows,Hydrogen Water and Lung Disease: What 2024 Research Shows
https://hydrogenstudies.com/blog/hydrogen-water-health-benefits-can-tiny-devices-heal-your-body-832103,7263,retire,0,0,,0,809,,hydrogen-water-health-benefits-tiny-devices-heal-body,Hydrogen Water Health Benefits: Can Tiny Devices Heal Your Body?
https://hydrogenstudies.com/blog/hydrogen-water-health-benefits-how-it-shields-your-dna-102846,7272,retire,0,0,,0,769,,hydrogen-water-health-benefits-shields-dna,Hydrogen Water Health Benefits: How It Shields Your DNA
https://hydrogenstudies.com/blog/hydrogen-water-health-benefits-dna-protection-faq-150929,7277,retire,0,0,,0,834,,hydrogen-water-health-benefits-dna-protection-faq,Hydrogen Water Health Benefits: DNA Protection FAQ
https://hydrogenstudies.com/blog/how-to-use-hydrogen-water-health-benefits-for-safe-skin-care-242763,7279,retire,0,0,,0,676,,use-hydrogen-water-health-benefits-safe-skin-care,How to Use Hydrogen Water Health Benefits for Safe Skin Care
https://hydrogenstudies.com/blog/hydrogen-water-health-benefits-can-it-kill-germs-safely-285605,7280,retire,0,0,,0,777,,hydrogen-water-health-benefits-kill-germs-safely,Hydrogen Water Health Benefits: Can It Kill Germs Safely?
https://hydrogenstudies.com/blog/hydrogen-water-gut-health-what-2024-science-shows-about-your-body-377216,7281,retire,0,0,,0,753,,hydrogen-water-gut-health-science-shows-about-body,Hydrogen Water Gut Health: What 2024 Science Shows About Your Body
https://hydrogenstudies.com/blog/how-to-use-hydrogen-water-for-gut-health-your-body-makes-it-too-379704,7282,retire,0,0,,0,833,how-to-use,use-hydrogen-water-gut-health-body-makes-too,How to Use Hydrogen Water for Gut Health: Your Body Makes It Too
https://hydrogenstudies.com/blog/hydrogen-water-health-benefits-what-2024-bone-research-shows-518971,7285,retire,0,0,,0,824,,hydrogen-water-health-benefits-bone-research-shows,Hydrogen Water Health Benefits: What 2024 Bone Research Shows
https://hydrogenstudies.com/blog/hydrogen-water-health-benefits-can-it-help-bones-heal-563462,7286,retire,0,0,,0,833,,hydrogen-water-health-benefits-help-bones-heal,Hydrogen Water Health Benefits: Can It Help Bones Heal?
https://hydrogenstudies.com/blog/how-to-use-hydrogen-water-health-benefits-a-science-guide-772437,7291,retire,0,1,79.0,0,670,,use-hydrogen-water-health-benefits-science,How to Use Hydrogen Water Health Benefits: A Science Guide
https://hydrogenstudies.com/blog/hydrogen-water-health-benefits-what-2024-research-shows-about-whole-body-effects-775082,7292,retire,0,0,,0,719,,hydrogen-water-health-benefits-research-shows-about-whole-body-effects,Hydrogen Water Health Benefits: What 2024 Research Shows About Whole Body Effects
https://hydrogenstudies.com/blog/hydrogen-water-health-benefits-how-fast-does-it-work-815787,7294,retire,0,0,,0,875,,hydrogen-water-health-benefits-fast-work,Hydrogen Water Health Benefits: How Fast Does It Work?
https://hydrogenstudies.com/blog/how-to-use-hydrogen-water-for-whole-body-benefits-a-science-backed-guide-789392,7295,retire,0,0,,0,695,how-to-use,use-hydrogen-water-whole-body-benefits-science-backed,How to Use Hydrogen Water for Whole Body Benefits: A Science-Backed Guide
https://hydrogenstudies.com/blog/hydrogen-water-health-benefits-what-2024-research-shows-about-small-machines-901841,7297,retire,0,5,61.2,0,733,,hydrogen-water-health-benefits-research-shows-about-small-machines,Hydrogen Water Health Benefits: What 2024 Research Shows About Small Machines
https://hydrogenstudies.com/blog/how-to-use-hydrogen-water-health-benefits-for-your-bodys-defense-a-science-backed-guide-903209,7298,retire,0,31,66.5,0,740,,use-hydrogen-water-health-benefits-bodys-defense-science-backed,How to Use Hydrogen Water Health Benefits for Your Body's Defense: A Science-Backed Guide
https://hydrogenstudies.com/blog/hydrogen-water-health-benefits-your-breathing-questions-963583,7302,retire,0,0,,0,814,,hydrogen-water-health-benefits-breathing-questions,Hydrogen Water Health Benefits: Your Breathing Questions
https://hydrogenstudies.com/blog/how-to-use-hydrogen-water-for-whole-body-health-fast-benefits-049082,7307,retire,0,0,,0,690,how-to-use,use-hydrogen-water-whole-body-health-fast-benefits,How to Use Hydrogen Water for Whole Body Health: Fast Benefits
https://hydrogenstudies.com/blog/how-to-use-hydrogen-water-for-whole-body-health-benefits-a-science-backed-guide-157787,7310,retire,0,119,58.6,0,745,how-to-use,use-hydrogen-water-whole-body-health-benefits-science-backed,How to Use Hydrogen Water for Whole Body Health Benefits: A Science-Backed Guide
https://hydrogenstudies.com/blog/hydrogen-water-health-benefits-how-it-travels-your-body-200719,7311,keep,0,384,70.3,0,769,,hydrogen-water-health-benefits-travels-body,Hydrogen Water Health Benefits: How It Travels Your Body
https://hydrogenstudies.com/blog/how-to-use-hydrogen-water-for-fast-body-absorption-a-science-backed-guide-291400,7312,retire,0,0,,0,722,how-to-use,use-hydrogen-water-fast-body-absorption-science-backed,How to Use Hydrogen Water for Fast Body Absorption: A Science-Backed Guide
https://hydrogenstudies.com/blog/hydrogen-water-health-benefits-how-long-do-they-last-336701,7314,retire,0,2,93.5,0,762,,hydrogen-water-health-benefits-long-they-last,Hydrogen Water Health Benefits: How Long Do They Last?
https://hydrogenstudies.com/blog/hydrogen-water-health-benefits-what-2024-research-shows-about-your-whole-body-432111,7315,retire,0,0,,0,774,,hydrogen-water-health-benefits-research-shows-about-whole-body,Hydrogen Water Health Benefits: What 2024 Research Shows About Your Whole Body
https://hydrogenstudies.com/blog/hydrogen-water-health-benefits-what-2024-research-shows-about-your-body-564715,7318,retire,0,2,61.5,0,792,,hydrogen-water-health-benefits-research-shows-about-body,Hydrogen Water Health Benefits: What 2024 Research Shows About Your Body
https://hydrogenstudies.com/blog/hydrogen-water-health-benefits-your-whole-body-questions-609976,7321,retire,0,3,86.0,0,875,,hydrogen-water-health-benefits-whole-body-questions,Hydrogen Water Health Benefits: Your Whole Body Questions
https://hydrogenstudies.com/blog/how-to-use-hydrogen-water-for-whole-body-health-a-science-backed-guide-673664,7323,retire,0,50,54.6,0,691,how-to-use,use-hydrogen-water-whole-body-health-science-backed,How to Use Hydrogen Water for Whole Body Health: A Science-Backed Guide
https://hydrogenstudies.com/blog/hydrogen-water-health-benefits-how-it-reaches-every-organ-715293,7326,retire,0,2,82.0,0,840,,hydrogen-water-health-benefits-reaches-every-organ,Hydrogen Water Health Benefits: How It Reaches Every Organ
https://hydrogenstudies.com/blog/hydrogen-therapy-bone-health-can-it-help-heal-breaks-848069,7332,retire,0,0,,0,755,,hydrogen-therapy-bone-health-help-heal-breaks,Hydrogen Therapy Bone Health: Can It Help Heal Breaks?
https://hydrogenstudies.com/blog/hydrogen-water-health-benefits-what-2024-research-shows-about-new-tiny-particles-965964,7336,retire,0,2,99.0,0,782,,hydrogen-water-health-benefits-research-shows-about-tiny-particles,Hydrogen Water Health Benefits: What 2024 Research Shows About New Tiny Particles
https://hydrogenstudies.com/blog/how-to-use-hydrogen-water-health-benefits-for-whole-body-protection-a-science-backed-guide-963327,7337,retire,0,172,68.1,0,696,,use-hydrogen-water-health-benefits-whole-body-protection-science-backed,How to Use Hydrogen Water Health Benefits for Whole Body Protection: A Science-Backed Guide
https://hydrogenstudies.com/blog/hydrogen-water-and-breast-cancer-what-2024-research-shows-065625,7341,retire,0,0,,0,817,what-20xx-research-shows,hydrogen-water-breast-cancer-research-shows,Hydrogen Water and Breast Cancer: What 2024 Research Shows
https://hydrogenstudies.com/blog/hydrogen-water-bladder-cancer-what-2024-research-shows-198090,7343,retire,0,2,89.5,0,670,what-20xx-research-shows,hydrogen-water-bladder-cancer-research-shows,Hydrogen Water Bladder Cancer: What 2024 Research Shows
https://hydrogenstudies.com/blog/hydrogen-water-for-bladder-health-your-questions-answered-246932,7345,retire,0,0,,0,872,,hydrogen-water-bladder-health-questions-answered,Hydrogen Water for Bladder Health: Your Questions Answered
https://hydrogenstudies.com/blog/how-to-use-hydrogen-water-for-brain-health-after-stroke-335590,7346,retire,0,0,,0,817,how-to-use,use-hydrogen-water-brain-health-after-stroke,How to Use Hydrogen Water for Brain Health After Stroke
https://hydrogenstudies.com/blog/hydrogen-water-brain-health-can-tiny-robots-help-stroke-recovery-380321,7348,retire,0,0,,0,814,,hydrogen-water-brain-health-tiny-robots-help-stroke-recovery,Hydrogen Water Brain Health: Can Tiny Robots Help Stroke Recovery?
https://hydrogenstudies.com/blog/how-to-use-hydrogen-water-health-benefits-for-cell-protection-a-science-backed-guide-477312,7350,retire,0,1,97.0,0,825,,use-hydrogen-water-health-benefits-cell-protection-science-backed,How to Use Hydrogen Water Health Benefits for Cell Protection: A Science-Backed Guide
https://hydrogenstudies.com/blog/hydrogen-water-and-cervix-cancer-what-2024-research-shows-710146,7359,retire,0,2,131.5,0,732,what-20xx-research-shows,hydrogen-water-cervix-cancer-research-shows,Hydrogen Water and Cervix Cancer: What 2024 Research Shows
https://hydrogenstudies.com/blog/how-to-use-hydrogen-water-for-cervix-health-a-science-backed-guide-736861,7361,retire,0,0,,0,727,how-to-use,use-hydrogen-water-cervix-health-science-backed,How to Use Hydrogen Water for Cervix Health: A Science-Backed Guide
https://hydrogenstudies.com/blog/hydrogen-water-for-cervix-health-your-questions-answered-760128,7363,retire,0,0,,0,861,,hydrogen-water-cervix-health-questions-answered,Hydrogen Water for Cervix Health: Your Questions Answered
https://hydrogenstudies.com/blog/how-to-use-hydrogen-water-for-whole-body-healing-a-science-backed-guide-868451,7368,retire,0,0,,0,728,how-to-use,use-hydrogen-water-whole-body-healing-science-backed,How to Use Hydrogen Water for Whole Body Healing: A Science-Backed Guide
https://hydrogenstudies.com/blog/hydrogen-water-and-broken-bones-what-2024-research-shows-979761,7371,retire,0,0,,0,740,what-20xx-research-shows,hydrogen-water-broken-bones-research-shows,Hydrogen Water and Broken Bones: What 2024 Research Shows
https://hydrogenstudies.com/blog/how-to-use-hydrogen-water-for-brain-health-fight-tiredness-248374,7377,retire,0,0,,0,737,how-to-use,use-hydrogen-water-brain-health-fight-tiredness,How to Use Hydrogen Water for Brain Health: Fight Tiredness
https://hydrogenstudies.com/blog/hydrogen-water-brain-health-your-energy-questions-answered-292960,7379,retire,0,0,,0,785,,hydrogen-water-brain-health-energy-questions-answered,Hydrogen Water Brain Health: Your Energy Questions Answered
https://hydrogenstudies.com/blog/how-to-use-hydrogen-water-for-heart-health-after-surgery-a-science-backed-guide-379098,7381,retire,0,0,,0,746,how-to-use,use-hydrogen-water-heart-health-after-surgery-science-backed,How to Use Hydrogen Water for Heart Health After Surgery: A Science-Backed Guide
https://hydrogenstudies.com/blog/hydrogen-water-heart-health-your-surgery-questions-answered-422965,7382,retire,0,0,,0,838,,hydrogen-water-heart-health-surgery-questions-answered,Hydrogen Water Heart Health: Your Surgery Questions Answered
https://hydrogenstudies.com/blog/how-to-use-hydrogen-water-for-kidney-health-fight-damage-naturally-508606,7383,retire,0,0,,0,735,how-to-use,use-hydrogen-water-kidney-health-fight-damage-naturally,How to Use Hydrogen Water for Kidney Health: Fight Damage Naturally
https://hydrogenstudies.com/blog/hydrogen-water-brain-health-can-it-help-memory-and-anxiety-590734,7388,retire,0,0,,0,805,,hydrogen-water-brain-health-help-memory-anxiety,Hydrogen Water Brain Health: Can It Help Memory and Anxiety?
https://hydrogenstudies.com/blog/how-to-use-hydrogen-water-for-babys-health-pregnancy-safety-guide-683390,7390,retire,0,1,26.0,0,792,how-to-use,use-hydrogen-water-babys-health-pregnancy-safety,How to Use Hydrogen Water for Baby's Health: Pregnancy Safety Guide
https://hydrogenstudies.com/blog/how-to-use-hydrogen-water-for-heart-health-after-attack-a-science-backed-guide-073271,7402,retire,0,0,,0,729,how-to-use,use-hydrogen-water-heart-health-after-attack-science-backed,How to Use Hydrogen Water for Heart Health After Attack: A Science-Backed Guide
https://hydrogenstudies.com/blog/hydrogen-therapy-lung-health-what-2024-research-shows-for-transplants-200730,7405,retire,0,0,,0,751,,hydrogen-therapy-lung-health-research-shows-transplants,Hydrogen Therapy Lung Health: What 2024 Research Shows for Transplants
https://hydrogenstudies.com/blog/hydrogen-water-heart-health-can-it-help-after-heart-attacks-372269,7411,retire,0,0,,0,826,,hydrogen-water-heart-health-help-after-heart-attacks,Hydrogen Water Heart Health: Can It Help After Heart Attacks?
https://hydrogenstudies.com/blog/how-to-use-hydrogen-water-health-benefits-safely-long-term-464751,7416,retire,0,1,9.0,0,646,,use-hydrogen-water-health-benefits-safely-long-term,How to Use Hydrogen Water Health Benefits Safely Long-Term
https://hydrogenstudies.com/blog/hydrogen-water-health-benefits-is-it-safe-for-daily-use-501099,7417,retire,0,0,,0,806,,hydrogen-water-health-benefits-safe-daily-use,Hydrogen Water Health Benefits: Is It Safe for Daily Use?
https://hydrogenstudies.com/blog/hydrogen-water-health-benefits-is-it-safe-your-questions-answered-509433,7418,retire,0,11,67.5,0,753,,hydrogen-water-health-benefits-safe-questions-answered,Hydrogen Water Health Benefits: Is It Safe? Your Questions Answered
https://hydrogenstudies.com/blog/hydrogen-water-and-brain-injury-what-2024-research-shows-588144,7420,retire,0,3,4.3,0,755,what-20xx-research-shows,hydrogen-water-brain-injury-research-shows,Hydrogen Water and Brain Injury: What 2024 Research Shows
https://hydrogenstudies.com/blog/hydrogen-water-brain-health-after-injury-your-questions-answered-637347,7424,retire,0,0,,0,799,,hydrogen-water-brain-health-after-injury-questions-answered,Hydrogen Water Brain Health After Injury: Your Questions Answered
https://hydrogenstudies.com/blog/hydrogen-water-gut-health-your-surgery-questions-answered-023553,7436,retire,0,0,,0,813,,hydrogen-water-gut-health-surgery-questions-answered,Hydrogen Water Gut Health: Your Surgery Questions Answered
https://hydrogenstudies.com/blog/how-to-use-hydrogen-water-for-heart-health-stop-scary-heart-damage-114163,7438,retire,0,0,,0,708,how-to-use,use-hydrogen-water-heart-health-stop-scary-heart-damage,How to Use Hydrogen Water for Heart Health: Stop Scary Heart Damage
https://hydrogenstudies.com/blog/how-to-use-hydrogen-water-health-benefits-for-brain-power-a-science-backed-guide-228263,7440,retire,0,0,,0,678,,use-hydrogen-water-health-benefits-brain-power-science-backed,How to Use Hydrogen Water Health Benefits for Brain Power: A Science-Backed Guide
https://hydrogenstudies.com/blog/hydrogen-water-health-benefits-for-aging-what-2024-research-shows-242506,7443,retire,0,23,9.9,0,799,what-20xx-research-shows,hydrogen-water-health-benefits-aging-research-shows,Hydrogen Water Health Benefits for Aging: What 2024 Research Shows
https://hydrogenstudies.com/blog/hydrogen-water-health-benefits-for-aging-your-questions-answered-270611,7444,retire,0,13,9.5,0,791,,hydrogen-water-health-benefits-aging-questions-answered,Hydrogen Water Health Benefits for Aging: Your Questions Answered
https://hydrogenstudies.com/blog/hydrogen-water-health-benefits-what-2024-research-shows-about-heat-stroke-355662,7446,retire,0,0,,0,756,,hydrogen-water-health-benefits-research-shows-about-heat-stroke,Hydrogen Water Health Benefits: What 2024 Research Shows About Heat Stroke
https://hydrogenstudies.com/blog/hydrogen-water-health-benefits-heat-protection-research-2024-374008,7448,retire,0,0,,0,791,,hydrogen-water-health-benefits-heat-protection-research,Hydrogen Water Health Benefits: Heat Protection Research 2024
https://hydrogenstudies.com/blog/hydrogen-water-health-benefits-can-it-prevent-heat-stroke-412226,7451,retire,0,1,89.0,0,811,,hydrogen-water-health-benefits-prevent-heat-stroke,Hydrogen Water Health Benefits: Can It Prevent Heat Stroke?
https://hydrogenstudies.com/blog/how-to-use-hydrogen-water-for-brain-health-stay-alert-naturally-482691,7452,retire,0,3,19.7,0,695,how-to-use,use-hydrogen-water-brain-health-stay-alert-naturally,How to Use Hydrogen Water for Brain Health: Stay Alert Naturally
https://hydrogenstudies.com/blog/how-to-use-hydrogen-water-for-brain-health-beat-fatigue-naturally-502095,7454,retire,0,1,34.0,0,719,how-to-use,use-hydrogen-water-brain-health-beat-fatigue-naturally,How to Use Hydrogen Water for Brain Health: Beat Fatigue Naturally
https://hydrogenstudies.com/blog/hydrogen-water-brain-health-your-sleep-deprived-questions-answered-523407,7456,retire,0,2,21.0,0,821,,hydrogen-water-brain-health-sleep-deprived-questions-answered,Hydrogen Water Brain Health: Your Sleep-Deprived Questions Answered
https://hydrogenstudies.com/blog/hydrogen-water-brain-health-can-it-replace-your-coffee-542793,7457,retire,0,0,,0,828,,hydrogen-water-brain-health-replace-coffee,Hydrogen Water Brain Health: Can It Replace Your Coffee?
https://hydrogenstudies.com/blog/hydrogen-water-gut-health-what-2024-research-shows-about-hunger-742998,7462,retire,0,0,,0,754,,hydrogen-water-gut-health-research-shows-about-hunger,Hydrogen Water Gut Health: What 2024 Research Shows About Hunger
https://hydrogenstudies.com/blog/how-to-use-hydrogen-water-for-cleaner-lungs-a-science-guide-880026,7464,retire,0,0,,0,630,how-to-use,use-hydrogen-water-cleaner-lungs-science,How to Use Hydrogen Water for Cleaner Lungs: A Science Guide
https://hydrogenstudies.com/blog/hydrogen-water-and-breathing-what-2023-research-shows-265621,7479,retire,0,0,,0,742,what-20xx-research-shows,hydrogen-water-breathing-research-shows,Hydrogen Water and Breathing: What 2023 Research Shows
https://hydrogenstudies.com/blog/hydrogen-water-health-benefits-what-2024-research-shows-about-aging-620809,7491,retire,0,5,9.4,0,839,,hydrogen-water-health-benefits-research-shows-about-aging,Hydrogen Water Health Benefits: What 2024 Research Shows About Aging
https://hydrogenstudies.com/blog/how-to-use-hydrogen-water-for-anti-aging-a-science-backed-guide-617073,7492,keep,1,125,17.0,0,672,how-to-use,use-hydrogen-water-anti-aging-science-backed,How to Use Hydrogen Water for Anti-Aging: A Science-Backed Guide
https://hydrogenstudies.com/blog/how-to-use-hydrogen-water-for-mercury-protection-science-backed-guide-873928,7497,retire,0,0,,0,677,how-to-use,use-hydrogen-water-mercury-protection-science-backed,How to Use Hydrogen Water for Mercury Protection: Science-Backed Guide
https://hydrogenstudies.com/blog/hydrogen-water-and-mercury-protection-what-2024-research-shows-879618,7498,retire,0,0,,0,830,what-20xx-research-shows,hydrogen-water-mercury-protection-research-shows,Hydrogen Water and Mercury Protection: What 2024 Research Shows
https://hydrogenstudies.com/blog/hydrogen-water-health-benefits-can-it-protect-your-whole-body-917839,7499,retire,0,0,,0,894,,hydrogen-water-health-benefits-protect-whole-body,Hydrogen Water Health Benefits: Can It Protect Your Whole Body?
https://hydrogenstudies.com/blog/hydrogen-water-heart-health-can-it-help-diabetics-224341,7511,retire,0,6,7.2,0,921,,hydrogen-water-heart-health-help-diabetics,Hydrogen Water Heart Health: Can It Help Diabetics?
https://hydrogenstudies.com/blog/how-to-use-hydrogen-therapy-for-lung-health-deep-diving-safety-559391,7518,retire,0,1,35.0,0,692,,use-hydrogen-therapy-lung-health-deep-diving-safety,How to Use Hydrogen Therapy for Lung Health: Deep Diving Safety
https://hydrogenstudies.com/blog/hydrogen-therapy-lung-health-deep-diving-questions-answered-600468,7520,retire,0,0,,0,793,,hydrogen-therapy-lung-health-deep-diving-questions-answered,Hydrogen Therapy Lung Health: Deep Diving Questions Answered
https://hydrogenstudies.com/blog/how-to-use-hydrogen-water-health-benefits-for-better-sleep-a-science-backed-guide-687922,7521,retire,0,1,65.0,0,735,,use-hydrogen-water-health-benefits-better-sleep-science-backed,How to Use Hydrogen Water Health Benefits for Better Sleep: A Science-Backed Guide
https://hydrogenstudies.com/blog/hydrogen-water-health-benefits-does-it-boost-energy-728162,7523,retire,0,0,,0,822,,hydrogen-water-health-benefits-boost-energy,Hydrogen Water Health Benefits: Does It Boost Energy?
https://hydrogenstudies.com/blog/hydrogen-water-skin-benefits-what-animal-studies-show-801701,7525,retire,0,0,,0,732,,hydrogen-water-skin-benefits-animal-studies-show,Hydrogen Water Skin Benefits: What Animal Studies Show
https://hydrogenstudies.com/blog/hydrogen-water-skin-benefits-for-pets-your-questions-answered-841901,7526,retire,0,0,,0,847,,hydrogen-water-skin-benefits-pets-questions-answered,Hydrogen Water Skin Benefits for Pets: Your Questions Answered
https://hydrogenstudies.com/blog/how-to-use-hydrogen-water-for-glowing-skin-a-science-guide-101143,7536,retire,0,0,,0,743,how-to-use,use-hydrogen-water-glowing-skin-science,How to Use Hydrogen Water for Glowing Skin: A Science Guide
https://hydrogenstudies.com/blog/hydrogen-water-skin-benefits-your-questions-answered-112375,7537,retire,0,41,42.6,0,925,,hydrogen-water-skin-benefits-questions-answered,Hydrogen Water Skin Benefits: Your Questions Answered
https://hydrogenstudies.com/blog/hydrogen-water-health-benefits-how-it-reaches-your-whole-body-201630,7539,retire,0,2,96.0,0,733,,hydrogen-water-health-benefits-reaches-whole-body,Hydrogen Water Health Benefits: How It Reaches Your Whole Body
https://hydrogenstudies.com/blog/hydrogen-water-health-benefits-how-it-reaches-your-body-247835,7541,retire,0,1,92.0,0,783,,hydrogen-water-health-benefits-reaches-body,Hydrogen Water Health Benefits: How It Reaches Your Body
https://hydrogenstudies.com/blog/how-to-use-hydrogen-water-health-benefits-for-fast-liver-support-336957,7542,retire,0,0,,0,737,,use-hydrogen-water-health-benefits-fast-liver-support,How to Use Hydrogen Water Health Benefits for Fast Liver Support
https://hydrogenstudies.com/blog/hydrogen-water-health-benefits-how-it-reaches-your-body-in-minutes-337444,7543,retire,0,0,,0,716,,hydrogen-water-health-benefits-reaches-body-minutes,Hydrogen Water Health Benefits: How It Reaches Your Body in Minutes
https://hydrogenstudies.com/blog/hydrogen-water-health-benefits-does-it-really-reach-your-body-378311,7544,retire,0,0,,0,819,,hydrogen-water-health-benefits-really-reach-body,Hydrogen Water Health Benefits: Does It Really Reach Your Body?
https://hydrogenstudies.com/blog/hydrogen-water-gut-health-can-it-fight-cancer-cells-518063,7547,retire,0,0,,0,823,,hydrogen-water-gut-health-fight-cancer-cells,Hydrogen Water Gut Health: Can It Fight Cancer Cells?
https://hydrogenstudies.com/blog/hydrogen-water-heart-health-what-2024-research-shows-about-brain-protection-865440,7556,retire,0,0,,0,744,,hydrogen-water-heart-health-research-shows-about-brain-protection,Hydrogen Water Heart Health: What 2024 Research Shows About Brain Protection
https://hydrogenstudies.com/blog/how-to-use-hydrogen-therapy-lung-health-for-better-transplants-013365,7561,retire,0,0,,0,701,,use-hydrogen-therapy-lung-health-better-transplants,How to Use Hydrogen Therapy Lung Health for Better Transplants
https://hydrogenstudies.com/blog/hydrogen-therapy-lung-health-transplant-questions-answered-181922,7569,retire,0,0,,0,887,,hydrogen-therapy-lung-health-transplant-questions-answered,Hydrogen Therapy Lung Health: Transplant Questions Answered
https://hydrogenstudies.com/blog/hydrogen-water-gut-health-can-it-help-colitis-faqs-311354,7572,retire,0,0,,0,820,,hydrogen-water-gut-health-help-colitis-faqs,Hydrogen Water Gut Health: Can It Help Colitis? FAQs
https://hydrogenstudies.com/blog/hydrogen-water-brain-health-does-it-protect-baby-brains-833147,7588,retire,0,0,,0,849,,hydrogen-water-brain-health-protect-baby-brains,Hydrogen Water Brain Health: Does It Protect Baby Brains?
https://hydrogenstudies.com/blog/how-to-use-hydrogen-water-for-blood-sugar-a-science-backed-guide-038838,7598,keep,1,43,12.4,0,754,how-to-use,use-hydrogen-water-blood-sugar-science-backed,How to Use Hydrogen Water for Blood Sugar: A Science-Backed Guide
https://hydrogenstudies.com/blog/how-to-understand-hydrogen-water-health-benefits-safety-facts-you-need-425339,7608,retire,0,0,,0,808,,understand-hydrogen-water-health-benefits-safety-facts-need,How to Understand Hydrogen Water Health Benefits: Safety Facts You Need
https://hydrogenstudies.com/blog/hydrogen-water-health-benefits-cancer-safety-questions-464275,7609,retire,0,0,,0,784,,hydrogen-water-health-benefits-cancer-safety-questions,Hydrogen Water Health Benefits: Cancer Safety Questions
https://hydrogenstudies.com/blog/how-to-use-hydrogen-water-for-better-sprint-speed-a-science-backed-guide-548643,7610,retire,0,0,,0,708,how-to-use,use-hydrogen-water-better-sprint-speed-science-backed,How to Use Hydrogen Water for Better Sprint Speed: A Science-Backed Guide
https://hydrogenstudies.com/blog/hydrogen-water-health-benefits-for-athletes-what-2024-research-shows-551697,7611,retire,0,22,13.9,0,772,what-20xx-research-shows,hydrogen-water-health-benefits-athletes-research-shows,Hydrogen Water Health Benefits for Athletes: What 2024 Research Shows
https://hydrogenstudies.com/blog/hydrogen-water-health-benefits-for-sports-your-questions-answered-590165,7613,retire,0,0,,0,821,,hydrogen-water-health-benefits-sports-questions-answered,Hydrogen Water Health Benefits for Sports: Your Questions Answered
https://hydrogenstudies.com/blog/hydrogen-water-health-benefits-what-2024-research-shows-for-blood-pressure-670461,7614,retire,0,0,,0,803,,hydrogen-water-health-benefits-research-shows-blood-pressure,Hydrogen Water Health Benefits: What 2024 Research Shows for Blood Pressure
https://hydrogenstudies.com/blog/hydrogen-water-health-benefits-for-blood-pressure-what-2024-research-shows-675182,7615,retire,0,4,44.3,0,759,what-20xx-research-shows,hydrogen-water-health-benefits-blood-pressure-research-shows,Hydrogen Water Health Benefits for Blood Pressure: What 2024 Research Shows
https://hydrogenstudies.com/blog/how-to-use-hydrogen-water-for-blood-pressure-health-benefits-671055,7616,retire,0,0,,0,782,how-to-use,use-hydrogen-water-blood-pressure-health-benefits,How to Use Hydrogen Water for Blood Pressure: Health Benefits
https://hydrogenstudies.com/blog/hydrogen-water-health-benefits-blood-pressure-questions-answered-713144,7619,retire,0,78,15.0,0,797,,hydrogen-water-health-benefits-blood-pressure-questions-answered,Hydrogen Water Health Benefits: Blood Pressure Questions Answered
https://hydrogenstudies.com/blog/hydrogen-water-and-covid-recovery-what-2020-research-shows-795418,7620,retire,0,0,,0,794,what-20xx-research-shows,hydrogen-water-covid-recovery-research-shows,Hydrogen Water and COVID Recovery: What 2020 Research Shows
https://hydrogenstudies.com/blog/hydrogen-water-health-benefits-what-2024-fish-study-shows-915543,7627,retire,0,0,,0,821,,hydrogen-water-health-benefits-fish-study-shows,Hydrogen Water Health Benefits: What 2024 Fish Study Shows
https://hydrogenstudies.com/blog/how-to-use-hydrogen-water-health-benefits-to-fight-viruses-914513,7629,retire,0,0,,0,777,,use-hydrogen-water-health-benefits-fight-viruses,How to Use Hydrogen Water Health Benefits to Fight Viruses
https://hydrogenstudies.com/blog/hydrogen-water-health-benefits-your-infection-questions-answered-955920,7631,retire,0,0,,0,802,,hydrogen-water-health-benefits-infection-questions-answered,Hydrogen Water Health Benefits: Your Infection Questions Answered
https://hydrogenstudies.com/blog/hydrogen-water-brain-health-can-it-help-coma-patients-089493,7634,retire,0,0,,0,946,,hydrogen-water-brain-health-help-coma-patients,Hydrogen Water Brain Health: Can It Help Coma Patients?
https://hydrogenstudies.com/blog/how-to-use-hydrogen-therapy-lung-health-for-faster-recovery-170436,7636,retire,0,1,87.0,0,732,,use-hydrogen-therapy-lung-health-faster-recovery,How to Use Hydrogen Therapy Lung Health for Faster Recovery
https://hydrogenstudies.com/blog/hydrogen-water-health-benefits-how-it-calms-your-immune-system-288419,7639,retire,0,123,80.7,0,788,,hydrogen-water-health-benefits-calms-immune-system,Hydrogen Water Health Benefits: How It Calms Your Immune System
https://hydrogenstudies.com/blog/hydrogen-water-health-benefits-can-it-stop-immune-overreaction-333411,7640,retire,0,24,81.5,0,876,,hydrogen-water-health-benefits-stop-immune-overreaction,Hydrogen Water Health Benefits: Can It Stop Immune Overreaction?
https://hydrogenstudies.com/blog/hydrogen-water-and-burn-lung-damage-what-2024-research-shows-428078,7642,retire,0,0,,0,843,what-20xx-research-shows,hydrogen-water-burn-lung-damage-research-shows,Hydrogen Water and Burn Lung Damage: What 2024 Research Shows
https://hydrogenstudies.com/blog/hydrogen-therapy-lung-health-after-burns-your-questions-answered-468992,7643,retire,0,0,,0,736,,hydrogen-therapy-lung-health-after-burns-questions-answered,Hydrogen Therapy Lung Health After Burns: Your Questions Answered
https://hydrogenstudies.com/blog/hydrogen-water-and-sepsis-what-2024-research-shows-for-lungs-554407,7647,retire,0,0,,0,813,,hydrogen-water-sepsis-research-shows-lungs,Hydrogen Water and Sepsis: What 2024 Research Shows for Lungs
https://hydrogenstudies.com/blog/hydrogen-therapy-lung-health-can-it-help-sepsis-patients-571723,7648,retire,0,0,,0,760,,hydrogen-therapy-lung-health-help-sepsis-patients,Hydrogen Therapy Lung Health: Can It Help Sepsis Patients?
https://hydrogenstudies.com/blog/how-to-use-hydrogen-water-for-anti-aging-health-benefits-guide-780990,7657,retire,0,9,45.0,0,739,how-to-use,use-hydrogen-water-anti-aging-health-benefits,How to Use Hydrogen Water for Anti-Aging: Health Benefits Guide
https://hydrogenstudies.com/blog/hydrogen-water-health-benefits-what-2024-gut-research-shows-810965,7658,retire,0,7,57.9,0,744,,hydrogen-water-health-benefits-gut-research-shows,Hydrogen Water Health Benefits: What 2024 Gut Research Shows
https://hydrogenstudies.com/blog/how-to-use-hydrogen-water-for-lung-infections-a-science-backed-guide-046773,7666,retire,0,0,,0,763,how-to-use,use-hydrogen-water-lung-infections-science-backed,How to Use Hydrogen Water for Lung Infections: A Science-Backed Guide
https://hydrogenstudies.com/blog/hydrogen-therapy-lung-health-can-it-help-with-inflammation-086494,7667,retire,0,0,,0,766,,hydrogen-therapy-lung-health-help-inflammation,Hydrogen Therapy Lung Health: Can It Help With Inflammation?
https://hydrogenstudies.com/blog/how-to-use-hydrogen-water-for-surgery-recovery-a-science-backed-guide-302427,7672,retire,0,5,53.6,0,786,how-to-use,use-hydrogen-water-surgery-recovery-science-backed,How to Use Hydrogen Water for Surgery Recovery: A Science-Backed Guide
https://hydrogenstudies.com/blog/hydrogen-water-skin-benefits-your-graft-questions-answered-341202,7673,retire,0,0,,0,728,,hydrogen-water-skin-benefits-graft-questions-answered,Hydrogen Water Skin Benefits: Your Graft Questions Answered
https://hydrogenstudies.com/blog/hydrogen-water-and-diabetes-what-2024-research-shows-426782,7674,retire,0,8,36.5,0,761,what-20xx-research-shows,hydrogen-water-diabetes-research-shows,Hydrogen Water and Diabetes: What 2024 Research Shows
https://hydrogenstudies.com/blog/hydrogen-water-health-benefits-for-diabetes-your-questions-answered-462580,7678,retire,0,3,87.7,0,774,,hydrogen-water-health-benefits-diabetes-questions-answered,Hydrogen Water Health Benefits for Diabetes: Your Questions Answered
https://hydrogenstudies.com/blog/hydrogen-water-brain-health-can-it-fight-infections-600139,7683,retire,0,0,,0,847,,hydrogen-water-brain-health-fight-infections,Hydrogen Water Brain Health: Can It Fight Infections?
https://hydrogenstudies.com/blog/hydrogen-water-gut-health-emergency-surgery-questions-answered-733365,7687,retire,0,0,,0,824,,hydrogen-water-gut-health-emergency-surgery-questions-answered,Hydrogen Water Gut Health: Emergency Surgery Questions Answered
https://hydrogenstudies.com/blog/hydrogen-water-for-wound-healing-your-questions-answered-985058,7693,retire,0,0,,0,792,,hydrogen-water-wound-healing-questions-answered,Hydrogen Water for Wound Healing: Your Questions Answered
https://hydrogenstudies.com/blog/hydrogen-water-heart-health-what-2024-research-shows-067503,7694,retire,0,4,102.3,0,663,what-20xx-research-shows,hydrogen-water-heart-health-research-shows,Hydrogen Water Heart Health: What 2024 Research Shows
https://hydrogenstudies.com/blog/how-to-use-hydrogen-water-for-heart-health-with-diabetes-066756,7695,retire,0,0,,0,683,how-to-use,use-hydrogen-water-heart-health-diabetes,How to Use Hydrogen Water for Heart Health with Diabetes
https://hydrogenstudies.com/blog/how-to-use-hydrogen-water-health-benefits-for-better-sports-recovery-a-science-backed-guide-327016,7701,retire,0,14,13.3,0,729,,use-hydrogen-water-health-benefits-better-sports-recovery-science-backed,How to Use Hydrogen Water Health Benefits for Better Sports Recovery: A Science-Backed Guide
https://hydrogenstudies.com/blog/hydrogen-water-gut-health-can-it-fight-intestine-cancer-515264,7709,retire,0,0,,0,782,,hydrogen-water-gut-health-fight-intestine-cancer,Hydrogen Water Gut Health: Can It Fight Intestine Cancer?
https://hydrogenstudies.com/blog/hydrogen-water-pregnancy-safety-what-2024-research-shows-727441,7713,retire,0,9,14.8,0,818,what-20xx-research-shows,hydrogen-water-pregnancy-safety-research-shows,Hydrogen Water Pregnancy Safety: What 2024 Research Shows
https://hydrogenstudies.com/blog/how-to-use-hydrogen-water-for-baby-brain-health-a-safety-guide-727824,7714,retire,0,0,,0,757,how-to-use,use-hydrogen-water-baby-brain-health-safety,How to Use Hydrogen Water for Baby Brain Health: A Safety Guide
https://hydrogenstudies.com/blog/hydrogen-water-health-benefits-cancer-fighting-facts-029640,7721,retire,0,0,,0,796,,hydrogen-water-health-benefits-cancer-fighting-facts,Hydrogen Water Health Benefits: Cancer Fighting Facts
https://hydrogenstudies.com/blog/how-to-use-hydrogen-water-for-hearing-recovery-a-science-backed-guide-115497,7722,retire,0,0,,0,755,how-to-use,use-hydrogen-water-hearing-recovery-science-backed,How to Use Hydrogen Water for Hearing Recovery: A Science-Backed Guide
https://hydrogenstudies.com/blog/hydrogen-therapy-hearing-health-cancer-survivor-faqs-154520,7724,retire,0,0,,0,797,,hydrogen-therapy-hearing-health-cancer-survivor-faqs,Hydrogen Therapy Hearing Health: Cancer Survivor FAQs
https://hydrogenstudies.com/blog/hydrogen-water-kidney-health-what-2024-research-shows-249227,7728,retire,0,53,8.5,0,793,what-20xx-research-shows,hydrogen-water-kidney-health-research-shows,Hydrogen Water Kidney Health: What 2024 Research Shows
https://hydrogenstudies.com/blog/hydrogen-water-kidney-health-can-it-stop-kidney-stones-275628,7729,retire,0,9,60.7,0,866,,hydrogen-water-kidney-health-stop-kidney-stones,Hydrogen Water Kidney Health: Can It Stop Kidney Stones?
https://hydrogenstudies.com/blog/hydrogen-water-health-benefits-what-2024-research-shows-for-muscle-recovery-368373,7731,retire,0,0,,0,828,,hydrogen-water-health-benefits-research-shows-muscle-recovery,Hydrogen Water Health Benefits: What 2024 Research Shows for Muscle Recovery
https://hydrogenstudies.com/blog/how-to-use-hydrogen-water-for-faster-recovery-health-benefits-374524,7733,retire,0,5,44.2,0,676,how-to-use,use-hydrogen-water-faster-recovery-health-benefits,How to Use Hydrogen Water for Faster Recovery: Health Benefits
https://hydrogenstudies.com/blog/hydrogen-water-health-benefits-what-2024-research-shows-about-recovery-380169,7734,retire,0,0,,0,863,,hydrogen-water-health-benefits-research-shows-about-recovery,Hydrogen Water Health Benefits: What 2024 Research Shows About Recovery
https://hydrogenstudies.com/blog/hydrogen-water-health-benefits-post-workout-recovery-faq-410829,7735,retire,0,0,,0,829,,hydrogen-water-health-benefits-post-workout-recovery-faq,Hydrogen Water Health Benefits: Post-Workout Recovery FAQ
https://hydrogenstudies.com/blog/hydrogen-water-health-benefits-after-workouts-your-questions-answered-422123,7736,retire,0,0,,0,791,,hydrogen-water-health-benefits-after-workouts-questions-answered,Hydrogen Water Health Benefits After Workouts: Your Questions Answered
https://hydrogenstudies.com/blog/hydrogen-water-gut-health-what-2024-research-shows-about-healing-507547,7740,retire,0,2,84.5,0,790,,hydrogen-water-gut-health-research-shows-about-healing,Hydrogen Water Gut Health: What 2024 Research Shows About Healing
https://hydrogenstudies.com/blog/hydrogen-water-and-lung-repair-what-2024-research-shows-626399,7743,retire,0,0,,0,771,what-20xx-research-shows,hydrogen-water-lung-repair-research-shows,Hydrogen Water and Lung Repair: What 2024 Research Shows
https://hydrogenstudies.com/blog/how-to-use-hydrogen-water-for-heart-health-in-kids-a-science-backed-guide-758885,7747,retire,0,0,,0,833,how-to-use,use-hydrogen-water-heart-health-kids-science-backed,How to Use Hydrogen Water for Heart Health in Kids: A Science-Backed Guide
https://hydrogenstudies.com/blog/hydrogen-water-heart-health-can-it-help-kids-with-heart-issues-802241,7748,retire,0,1,25.0,0,767,,hydrogen-water-heart-health-help-kids-heart-issues,Hydrogen Water Heart Health: Can It Help Kids With Heart Issues?
https://hydrogenstudies.com/blog/how-to-use-hydrogen-water-for-stronger-bones-a-science-guide-894201,7750,retire,0,0,,0,735,how-to-use,use-hydrogen-water-stronger-bones-science,How to Use Hydrogen Water for Stronger Bones: A Science Guide
https://hydrogenstudies.com/blog/hydrogen-water-brain-health-what-2024-research-shows-for-panic-023310,7753,retire,0,0,,0,814,,hydrogen-water-brain-health-research-shows-panic,Hydrogen Water Brain Health: What 2024 Research Shows for Panic
https://hydrogenstudies.com/blog/hydrogen-water-brain-health-your-panic-disorder-questions-answered-066236,7754,retire,0,0,,0,851,,hydrogen-water-brain-health-panic-disorder-questions-answered,Hydrogen Water Brain Health: Your Panic Disorder Questions Answered
https://hydrogenstudies.com/blog/hydrogen-water-and-fatty-liver-what-2024-research-shows-133807,7756,retire,0,5,10.2,0,806,what-20xx-research-shows,hydrogen-water-fatty-liver-research-shows,Hydrogen Water and Fatty Liver: What 2024 Research Shows
https://hydrogenstudies.com/blog/how-to-use-hydrogen-water-for-infection-recovery-a-science-backed-guide-264999,7761,retire,0,0,,0,770,how-to-use,use-hydrogen-water-infection-recovery-science-backed,How to Use Hydrogen Water for Infection Recovery: A Science-Backed Guide
https://hydrogenstudies.com/blog/hydrogen-water-health-benefits-what-2024-research-shows-for-sepsis-265993,7762,retire,0,0,,0,847,,hydrogen-water-health-benefits-research-shows-sepsis,Hydrogen Water Health Benefits: What 2024 Research Shows for Sepsis
https://hydrogenstudies.com/blog/hydrogen-water-health-benefits-for-your-heart-faq-answered-307173,7765,retire,0,1,36.0,0,827,,hydrogen-water-health-benefits-heart-faq-answered,Hydrogen Water Health Benefits for Your Heart: FAQ Answered
https://hydrogenstudies.com/blog/hydrogen-water-health-benefits-for-blood-flow-your-questions-answered-328280,7766,retire,0,0,,0,761,,hydrogen-water-health-benefits-blood-flow-questions-answered,Hydrogen Water Health Benefits for Blood Flow: Your Questions Answered
https://hydrogenstudies.com/blog/hydrogen-water-breast-health-what-2024-research-shows-417161,7769,retire,0,0,,0,746,what-20xx-research-shows,hydrogen-water-breast-health-research-shows,Hydrogen Water Breast Health: What 2024 Research Shows
https://hydrogenstudies.com/blog/how-to-use-hydrogen-water-for-breast-health-a-science-guide-416686,7770,retire,0,0,,0,719,how-to-use,use-hydrogen-water-breast-health-science,How to Use Hydrogen Water for Breast Health: A Science Guide
https://hydrogenstudies.com/blog/hydrogen-water-eye-health-can-it-prevent-blindness-573677,7775,retire,0,0,,0,869,,hydrogen-water-eye-health-prevent-blindness,Hydrogen Water Eye Health: Can It Prevent Blindness?
https://hydrogenstudies.com/blog/hydrogen-therapy-hearing-health-what-2024-research-shows-663450,7776,retire,0,0,,0,789,what-20xx-research-shows,hydrogen-therapy-hearing-health-research-shows,Hydrogen Therapy Hearing Health: What 2024 Research Shows
https://hydrogenstudies.com/blog/how-to-use-hydrogen-therapy-for-hearing-health-after-loud-noise-660201,7777,retire,0,0,,0,804,,use-hydrogen-therapy-hearing-health-after-loud-noise,How to Use Hydrogen Therapy for Hearing Health After Loud Noise
https://hydrogenstudies.com/blog/how-to-use-hydrogen-water-for-nose-rinses-a-science-backed-guide-787982,7779,retire,0,0,,0,656,how-to-use,use-hydrogen-water-nose-rinses-science-backed,How to Use Hydrogen Water for Nose Rinses: A Science-Backed Guide
https://hydrogenstudies.com/blog/hydrogen-water-nose-rinses-your-questions-answered-832589,7781,retire,0,0,,0,838,,hydrogen-water-nose-rinses-questions-answered,Hydrogen Water Nose Rinses: Your Questions Answered
https://hydrogenstudies.com/blog/hydrogen-water-brain-health-what-2024-research-shows-for-stroke-recovery-922531,7782,retire,0,0,,0,730,,hydrogen-water-brain-health-research-shows-stroke-recovery,Hydrogen Water Brain Health: What 2024 Research Shows for Stroke Recovery
https://hydrogenstudies.com/blog/how-to-use-hydrogen-water-for-covid-recovery-health-benefits-024711,7786,retire,0,0,,0,693,how-to-use,use-hydrogen-water-covid-recovery-health-benefits,How to Use Hydrogen Water for COVID Recovery: Health Benefits
https://hydrogenstudies.com/blog/hydrogen-water-health-benefits-for-covid-recovery-your-questions-answered-101847,7790,retire,0,0,,0,867,,hydrogen-water-health-benefits-covid-recovery-questions-answered,Hydrogen Water Health Benefits for COVID Recovery: Your Questions Answered
https://hydrogenstudies.com/blog/hydrogen-water-and-covid-lungs-what-2024-research-shows-177446,7793,retire,0,0,,0,789,what-20xx-research-shows,hydrogen-water-covid-lungs-research-shows,Hydrogen Water and COVID Lungs: What 2024 Research Shows
https://hydrogenstudies.com/blog/how-to-use-hydrogen-water-for-lung-recovery-a-science-backed-guide-179916,7794,retire,0,0,,0,811,how-to-use,use-hydrogen-water-lung-recovery-science-backed,How to Use Hydrogen Water for Lung Recovery: A Science-Backed Guide
https://hydrogenstudies.com/blog/hydrogen-therapy-lung-health-your-post-covid-questions-answered-192505,7795,retire,0,0,,0,847,,hydrogen-therapy-lung-health-post-covid-questions-answered,Hydrogen Therapy Lung Health: Your Post-COVID Questions Answered
https://hydrogenstudies.com/blog/how-to-use-hydrogen-water-health-benefits-for-whole-body-protection-269318,7797,retire,0,4,78.0,0,666,,use-hydrogen-water-health-benefits-whole-body-protection,How to Use Hydrogen Water Health Benefits for Whole Body Protection
https://hydrogenstudies.com/blog/hydrogen-water-health-benefits-nanobubbles-vs-regular-water-316488,7800,retire,0,0,,0,867,,hydrogen-water-health-benefits-nanobubbles-regular-water,Hydrogen Water Health Benefits: Nanobubbles vs Regular Water
https://hydrogenstudies.com/blog/hydrogen-water-eye-health-can-it-heal-chemical-burns-441602,7803,retire,0,0,,0,858,,hydrogen-water-eye-health-heal-chemical-burns,Hydrogen Water Eye Health: Can It Heal Chemical Burns?
https://hydrogenstudies.com/blog/hydrogen-water-health-benefits-what-2024-research-shows-for-muscle-building-531726,7804,retire,0,0,,0,694,,hydrogen-water-health-benefits-research-shows-muscle-building,Hydrogen Water Health Benefits: What 2024 Research Shows for Muscle Building
https://hydrogenstudies.com/blog/how-to-use-hydrogen-water-for-faster-muscle-growth-a-science-backed-guide-533653,7805,retire,0,0,,0,759,how-to-use,use-hydrogen-water-faster-muscle-growth-science-backed,How to Use Hydrogen Water for Faster Muscle Growth: A Science-Backed Guide
https://hydrogenstudies.com/blog/hydrogen-water-health-benefits-can-it-help-build-muscle-580440,7806,retire,0,0,,0,836,,hydrogen-water-health-benefits-help-build-muscle,Hydrogen Water Health Benefits: Can It Help Build Muscle?
https://hydrogenstudies.com/blog/how-to-use-hydrogen-water-health-benefits-for-full-body-protection-671961,7808,retire,0,14,53.8,0,923,,use-hydrogen-water-health-benefits-full-body-protection,How to Use Hydrogen Water Health Benefits for Full Body Protection
https://hydrogenstudies.com/blog/how-to-use-hydrogen-water-for-testes-protection-a-science-backed-guide-064015,7820,retire,0,0,,0,751,how-to-use,use-hydrogen-water-testes-protection-science-backed,How to Use Hydrogen Water for Testes Protection: A Science-Backed Guide
https://hydrogenstudies.com/blog/how-to-use-hydrogen-water-for-testes-health-shield-your-fertility-076966,7822,retire,0,0,,0,875,how-to-use,use-hydrogen-water-testes-health-shield-fertility,How to Use Hydrogen Water for Testes Health: Shield Your Fertility
https://hydrogenstudies.com/blog/hydrogen-water-for-testes-your-questions-answered-110779,7823,retire,0,0,,0,911,,hydrogen-water-testes-questions-answered,Hydrogen Water for Testes: Your Questions Answered
https://hydrogenstudies.com/blog/how-to-time-hydrogen-water-health-benefits-for-your-body-199261,7826,retire,0,1,64.0,0,736,,time-hydrogen-water-health-benefits-body,How to Time Hydrogen Water Health Benefits for Your Body
https://hydrogenstudies.com/blog/hydrogen-water-health-benefits-how-fast-it-reaches-your-body-203773,7828,retire,0,0,,0,826,,hydrogen-water-health-benefits-fast-reaches-body,Hydrogen Water Health Benefits: How Fast It Reaches Your Body
https://hydrogenstudies.com/blog/hydrogen-water-brain-health-can-it-help-nerve-pain-493612,7836,retire,0,5,3.2,0,848,,hydrogen-water-brain-health-help-nerve-pain,Hydrogen Water Brain Health: Can It Help Nerve Pain?
https://hydrogenstudies.com/blog/how-to-use-hydrogen-therapy-lung-health-for-cancer-support-705181,7840,retire,0,0,,0,718,,use-hydrogen-therapy-lung-health-cancer-support,How to Use Hydrogen Therapy Lung Health for Cancer Support
https://hydrogenstudies.com/blog/hydrogen-therapy-lung-health-your-cancer-questions-answered-750838,7842,retire,0,0,,0,865,,hydrogen-therapy-lung-health-cancer-questions-answered,Hydrogen Therapy Lung Health: Your Cancer Questions Answered
https://hydrogenstudies.com/blog/hydrogen-water-skin-benefits-can-it-heal-tough-wounds-881647,7847,retire,0,0,,0,819,,hydrogen-water-skin-benefits-heal-tough-wounds,Hydrogen Water Skin Benefits: Can It Heal Tough Wounds?
https://hydrogenstudies.com/blog/hydrogen-water-health-benefits-for-muscle-healing-what-2024-research-shows-968615,7849,retire,0,0,,0,785,what-20xx-research-shows,hydrogen-water-health-benefits-muscle-healing-research-shows,Hydrogen Water Health Benefits for Muscle Healing: What 2024 Research Shows
https://hydrogenstudies.com/blog/how-to-use-hydrogen-water-for-faster-muscle-healing-968122,7850,retire,0,0,,0,777,how-to-use,use-hydrogen-water-faster-muscle-healing,How to Use Hydrogen Water for Faster Muscle Healing
https://hydrogenstudies.com/blog/how-to-use-hydrogen-water-for-faster-muscle-recovery-a-science-backed-guide-970278,7852,retire,0,0,,0,702,how-to-use,use-hydrogen-water-faster-muscle-recovery-science-backed,How to Use Hydrogen Water for Faster Muscle Recovery: A Science-Backed Guide
https://hydrogenstudies.com/blog/hydrogen-water-health-benefits-for-muscle-repair-your-questions-answered-007294,7853,retire,0,0,,0,811,,hydrogen-water-health-benefits-muscle-repair-questions-answered,Hydrogen Water Health Benefits for Muscle Repair: Your Questions Answered
https://hydrogenstudies.com/blog/hydrogen-water-health-benefits-is-it-safe-for-recovery-011458,7854,retire,0,0,,0,810,,hydrogen-water-health-benefits-safe-recovery,Hydrogen Water Health Benefits: Is It Safe for Recovery?
https://hydrogenstudies.com/blog/hydrogen-therapy-bone-health-can-it-speed-up-healing-271055,7863,retire,0,0,,0,772,,hydrogen-therapy-bone-health-speed-up-healing,Hydrogen Therapy Bone Health: Can It Speed Up Healing?
https://hydrogenstudies.com/blog/how-to-use-hydrogen-water-for-hangover-relief-a-science-backed-guide-360307,7865,retire,0,1,22.0,0,741,how-to-use,use-hydrogen-water-hangover-relief-science-backed,How to Use Hydrogen Water for Hangover Relief: A Science-Backed Guide
https://hydrogenstudies.com/blog/hydrogen-water-health-benefits-does-it-help-hangovers-402629,7866,retire,0,0,,0,844,,hydrogen-water-health-benefits-help-hangovers,Hydrogen Water Health Benefits: Does It Help Hangovers?
https://hydrogenstudies.com/blog/how-to-use-hydrogen-water-for-brain-health-pain-relief-guide-492924,7868,retire,0,0,,0,716,how-to-use,use-hydrogen-water-brain-health-pain-relief,How to Use Hydrogen Water for Brain Health: Pain Relief Guide
https://hydrogenstudies.com/blog/hydrogen-water-skin-benefits-what-2024-research-shows-for-acne-748721,7876,retire,0,5,33.6,0,821,,hydrogen-water-skin-benefits-research-shows-acne,Hydrogen Water Skin Benefits: What 2024 Research Shows for Acne
https://hydrogenstudies.com/blog/hydrogen-water-for-acne-your-questions-answered-789051,7878,retire,0,0,,0,834,,hydrogen-water-acne-questions-answered,Hydrogen Water for Acne: Your Questions Answered
https://hydrogenstudies.com/blog/hydrogen-water-gut-health-what-2024-research-shows-for-pain-873632,7881,retire,0,0,,0,770,,hydrogen-water-gut-health-research-shows-pain,Hydrogen Water Gut Health: What 2024 Research Shows for Pain
https://hydrogenstudies.com/blog/hydrogen-water-gut-health-your-ibd-questions-answered-889616,7883,retire,0,0,,0,828,,hydrogen-water-gut-health-ibd-questions-answered,Hydrogen Water Gut Health: Your IBD Questions Answered
https://hydrogenstudies.com/blog/how-to-use-hydrogen-water-for-brain-health-after-heart-attack-a-science-backed-guide-977856,7886,retire,0,0,,0,728,how-to-use,use-hydrogen-water-brain-health-after-heart-attack-science-backed,How to Use Hydrogen Water for Brain Health After Heart Attack: A Science-Backed Guide
https://hydrogenstudies.com/blog/how-to-use-hydrogen-water-for-brain-health-after-heart-emergencies-004848,7888,retire,0,0,,0,723,how-to-use,use-hydrogen-water-brain-health-after-heart-emergencies,How to Use Hydrogen Water for Brain Health After Heart Emergencies
https://hydrogenstudies.com/blog/hydrogen-water-brain-health-can-it-help-after-heart-attack-046083,7890,retire,0,0,,0,830,,hydrogen-water-brain-health-help-after-heart-attack,Hydrogen Water Brain Health: Can It Help After Heart Attack?
https://hydrogenstudies.com/blog/how-to-use-hydrogen-water-for-heart-health-lower-blood-pressure-227634,7895,retire,0,0,,0,758,how-to-use,use-hydrogen-water-heart-health-lower-blood-pressure,How to Use Hydrogen Water for Heart Health: Lower Blood Pressure
https://hydrogenstudies.com/blog/hydrogen-water-health-benefits-your-immune-system-questions-answered-391117,7899,retire,0,0,,0,830,,hydrogen-water-health-benefits-immune-system-questions-answered,Hydrogen Water Health Benefits: Your Immune System Questions Answered
https://hydrogenstudies.com/blog/how-to-use-hydrogen-water-for-safer-pregnancy-a-science-guide-603764,7904,retire,0,0,,0,761,how-to-use,use-hydrogen-water-safer-pregnancy-science,How to Use Hydrogen Water for Safer Pregnancy: A Science Guide
https://hydrogenstudies.com/blog/hydrogen-water-health-benefits-what-2024-silicon-research-shows-633412,7905,retire,0,0,,0,803,,hydrogen-water-health-benefits-silicon-research-shows,Hydrogen Water Health Benefits: What 2024 Silicon Research Shows
https://hydrogenstudies.com/blog/how-to-use-hydrogen-water-health-benefits-for-your-whole-body-a-science-backed-guide-632384,7906,keep,0,237,61.2,0,772,,use-hydrogen-water-health-benefits-whole-body-science-backed,How to Use Hydrogen Water Health Benefits for Your Whole Body: A Science-Backed Guide
https://hydrogenstudies.com/blog/hydrogen-water-gut-health-what-2024-research-shows-763130,7910,retire,0,4,95.8,0,823,what-20xx-research-shows,hydrogen-water-gut-health-research-shows,Hydrogen Water Gut Health: What 2024 Research Shows
https://hydrogenstudies.com/blog/how-to-use-hydrogen-water-for-gut-health-protect-your-intestines-from-pain-meds-895228,7915,retire,0,0,,0,750,how-to-use,use-hydrogen-water-gut-health-protect-intestines-pain-meds,How to Use Hydrogen Water for Gut Health: Protect Your Intestines from Pain Meds
https://hydrogenstudies.com/blog/hydrogen-water-gut-health-what-2024-research-shows-about-pain-meds-897512,7916,retire,0,0,,0,818,,hydrogen-water-gut-health-research-shows-about-pain-meds,Hydrogen Water Gut Health: What 2024 Research Shows About Pain Meds
https://hydrogenstudies.com/blog/how-to-use-hydrogen-therapy-for-hearing-health-recovery-032538,7919,retire,0,0,,0,748,,use-hydrogen-therapy-hearing-health-recovery,How to Use Hydrogen Therapy for Hearing Health Recovery
https://hydrogenstudies.com/blog/hydrogen-water-gut-health-what-2024-research-shows-for-recovery-156964,7921,retire,0,0,,0,685,,hydrogen-water-gut-health-research-shows-recovery,Hydrogen Water Gut Health: What 2024 Research Shows for Recovery
https://hydrogenstudies.com/blog/how-to-use-hydrogen-water-for-gut-health-in-addiction-recovery-a-science-backed-guide-158632,7922,retire,0,6,59.5,0,755,how-to-use,use-hydrogen-water-gut-health-addiction-recovery-science-backed,How to Use Hydrogen Water for Gut Health in Addiction Recovery: A Science-Backed Guide
https://hydrogenstudies.com/blog/hydrogen-water-gut-health-can-it-help-addiction-recovery-201899,7923,retire,0,2,44.0,0,828,,hydrogen-water-gut-health-help-addiction-recovery,Hydrogen Water Gut Health: Can It Help Addiction Recovery?
https://hydrogenstudies.com/blog/how-to-use-hydrogen-water-for-gut-health-and-faster-recovery-536876,7932,retire,0,0,,0,732,how-to-use,use-hydrogen-water-gut-health-faster-recovery,How to Use Hydrogen Water for Gut Health and Faster Recovery
https://hydrogenstudies.com/blog/hydrogen-water-gut-health-what-2024-research-shows-for-athletes-539055,7933,retire,0,1,89.0,0,858,,hydrogen-water-gut-health-research-shows-athletes,Hydrogen Water Gut Health: What 2024 Research Shows for Athletes
https://hydrogenstudies.com/blog/hydrogen-water-gut-health-your-recovery-questions-answered-574066,7934,retire,0,0,,0,924,,hydrogen-water-gut-health-recovery-questions-answered,Hydrogen Water Gut Health: Your Recovery Questions Answered
https://hydrogenstudies.com/blog/hydrogen-water-gut-health-your-sports-recovery-questions-575861,7935,retire,0,0,,0,799,,hydrogen-water-gut-health-sports-recovery-questions,Hydrogen Water Gut Health: Your Sports Recovery Questions
https://hydrogenstudies.com/blog/how-to-use-hydrogen-water-for-brain-health-fight-infection-damage-661500,7936,retire,0,1,6.0,0,700,how-to-use,use-hydrogen-water-brain-health-fight-infection-damage,How to Use Hydrogen Water for Brain Health: Fight Infection Damage
https://hydrogenstudies.com/blog/how-to-use-hydrogen-water-for-brain-health-kids-infection-guide-662815,7939,retire,0,0,,0,689,how-to-use,use-hydrogen-water-brain-health-kids-infection,How to Use Hydrogen Water for Brain Health: Kids' Infection Guide
https://hydrogenstudies.com/blog/hydrogen-water-brain-health-your-infection-questions-answered-707501,7941,retire,0,0,,0,794,,hydrogen-water-brain-health-infection-questions-answered,Hydrogen Water Brain Health: Your Infection Questions Answered
https://hydrogenstudies.com/blog/hydrogen-water-health-benefits-what-2024-research-shows-787958,7942,retire,0,64,33.9,0,773,what-20xx-research-shows,hydrogen-water-health-benefits-research-shows,Hydrogen Water Health Benefits: What 2024 Research Shows
https://hydrogenstudies.com/blog/hydrogen-water-health-benefits-your-cell-protection-questions-answered-828574,7946,retire,0,1,79.0,0,832,,hydrogen-water-health-benefits-cell-protection-questions-answered,Hydrogen Water Health Benefits: Your Cell Protection Questions Answered
https://hydrogenstudies.com/blog/hydrogen-water-health-benefits-your-daily-questions-answered-837609,7947,retire,0,0,,0,809,,hydrogen-water-health-benefits-daily-questions-answered,Hydrogen Water Health Benefits: Your Daily Questions Answered
https://hydrogenstudies.com/blog/hydrogen-water-brain-health-what-2024-sepsis-study-shows-916789,7949,retire,0,0,,0,815,,hydrogen-water-brain-health-sepsis-study-shows,Hydrogen Water Brain Health: What 2024 Sepsis Study Shows
https://hydrogenstudies.com/blog/how-to-use-hydrogen-water-health-benefits-for-your-body-a-science-backed-guide-041971,7951,retire,0,23,9.1,0,727,,use-hydrogen-water-health-benefits-body-science-backed,How to Use Hydrogen Water Health Benefits for Your Body: A Science-Backed Guide
https://hydrogenstudies.com/blog/hydrogen-water-health-benefits-what-2024-rat-study-shows-046667,7952,retire,0,0,,0,788,,hydrogen-water-health-benefits-rat-study-shows,Hydrogen Water Health Benefits: What 2024 Rat Study Shows
https://hydrogenstudies.com/blog/hydrogen-water-health-benefits-is-high-ph-water-safe-085351,7953,retire,0,0,,0,782,,hydrogen-water-health-benefits-high-ph-water-safe,Hydrogen Water Health Benefits: Is High pH Water Safe?
https://hydrogenstudies.com/blog/how-to-use-hydrogen-water-for-type-2-diabetes-a-science-backed-guide-172547,7954,retire,0,52,6.7,0,696,how-to-use,use-hydrogen-water-type-2-diabetes-science-backed,How to Use Hydrogen Water for Type 2 Diabetes: A Science-Backed Guide
https://hydrogenstudies.com/blog/how-to-use-hydrogen-water-for-better-blood-sugar-a-science-backed-guide-689492,7972,retire,0,0,,0,703,how-to-use,use-hydrogen-water-better-blood-sugar-science-backed,How to Use Hydrogen Water for Better Blood Sugar: A Science-Backed Guide
https://hydrogenstudies.com/blog/hydrogen-water-health-benefits-can-it-lower-cholesterol-860751,7980,retire,0,0,,0,843,,hydrogen-water-health-benefits-lower-cholesterol,Hydrogen Water Health Benefits: Can It Lower Cholesterol?
https://hydrogenstudies.com/blog/hydrogen-therapy-bone-health-what-2024-research-shows-about-joint-pain-329913,7990,retire,0,0,,0,699,,hydrogen-therapy-bone-health-research-shows-about-joint-pain,Hydrogen Therapy Bone Health: What 2024 Research Shows About Joint Pain
https://hydrogenstudies.com/blog/how-to-use-hydrogen-therapy-bone-health-for-arthritis-relief-329111,7991,retire,0,0,,0,758,,use-hydrogen-therapy-bone-health-arthritis-relief,How to Use Hydrogen Therapy Bone Health for Arthritis Relief
https://hydrogenstudies.com/blog/how-to-use-hydrogen-therapy-bone-health-gels-for-joint-pain-349542,7993,retire,0,7,13.4,0,730,,use-hydrogen-therapy-bone-health-gels-joint-pain,How to Use Hydrogen Therapy Bone Health Gels for Joint Pain
https://hydrogenstudies.com/blog/hydrogen-therapy-bone-health-your-joint-pain-questions-398877,7995,retire,0,0,,0,879,,hydrogen-therapy-bone-health-joint-pain-questions,Hydrogen Therapy Bone Health: Your Joint Pain Questions
https://hydrogenstudies.com/blog/how-to-use-hydrogen-water-for-better-hearing-a-science-guide-723365,8008,retire,0,12,5.7,0,729,how-to-use,use-hydrogen-water-better-hearing-science,How to Use Hydrogen Water for Better Hearing: A Science Guide
https://hydrogenstudies.com/blog/hydrogen-therapy-hearing-health-your-questions-answered-766978,8010,retire,0,2,46.5,0,848,,hydrogen-therapy-hearing-health-questions-answered,Hydrogen Therapy Hearing Health: Your Questions Answered
https://hydrogenstudies.com/blog/how-to-use-hydrogen-water-for-spine-pain-a-science-backed-guide-855883,8012,keep,1,5,12.4,0,739,how-to-use,use-hydrogen-water-spine-pain-science-backed,How to Use Hydrogen Water for Spine Pain: A Science-Backed Guide
https://hydrogenstudies.com/blog/hydrogen-water-brain-health-what-2024-research-shows-for-sepsis-987062,8015,retire,0,0,,0,646,,hydrogen-water-brain-health-research-shows-sepsis,Hydrogen Water Brain Health: What 2024 Research Shows for Sepsis
https://hydrogenstudies.com/blog/how-to-use-hydrogen-water-health-benefits-for-workouts-what-science-really-shows-108978,8018,retire,0,3,12.7,0,741,,use-hydrogen-water-health-benefits-workouts-science-really-shows,How to Use Hydrogen Water Health Benefits for Workouts: What Science Really Shows
https://hydrogenstudies.com/blog/hydrogen-water-health-benefits-your-running-questions-answered-153323,8019,retire,0,3,16.0,0,821,,hydrogen-water-health-benefits-running-questions-answered,Hydrogen Water Health Benefits: Your Running Questions Answered
https://hydrogenstudies.com/blog/hydrogen-water-health-benefits-cancer-research-faq-282260,8025,retire,0,0,,0,821,,hydrogen-water-health-benefits-cancer-research-faq,Hydrogen Water Health Benefits: Cancer Research FAQ
https://hydrogenstudies.com/blog/hydrogen-water-health-benefits-what-2024-science-shows-about-your-blood-358008,8026,retire,0,0,,0,711,,hydrogen-water-health-benefits-science-shows-about-blood,Hydrogen Water Health Benefits: What 2024 Science Shows About Your Blood
https://hydrogenstudies.com/blog/how-to-use-hydrogen-water-health-benefits-for-your-whole-body-359394,8027,retire,0,18,38.2,0,766,,use-hydrogen-water-health-benefits-whole-body,How to Use Hydrogen Water Health Benefits for Your Whole Body
https://hydrogenstudies.com/blog/hydrogen-water-health-benefits-what-2024-science-shows-367364,8029,retire,0,17,83.1,0,733,,hydrogen-water-health-benefits-science-shows,Hydrogen Water Health Benefits: What 2024 Science Shows
https://hydrogenstudies.com/blog/how-to-use-hydrogen-water-for-whole-body-muscle-health-benefits-485540,8032,retire,0,0,,0,688,how-to-use,use-hydrogen-water-whole-body-muscle-health-benefits,How to Use Hydrogen Water for Whole Body Muscle Health Benefits
https://hydrogenstudies.com/blog/hydrogen-water-health-benefits-what-2024-muscle-research-shows-493675,8033,retire,0,0,,0,910,,hydrogen-water-health-benefits-muscle-research-shows,Hydrogen Water Health Benefits: What 2024 Muscle Research Shows
https://hydrogenstudies.com/blog/hydrogen-water-health-benefits-how-it-reaches-your-muscles-500750,8034,retire,0,0,,0,690,,hydrogen-water-health-benefits-reaches-muscles,Hydrogen Water Health Benefits: How It Reaches Your Muscles
https://hydrogenstudies.com/blog/hydrogen-water-health-benefits-how-it-moves-through-your-body-533789,8036,retire,0,14,24.7,0,828,,hydrogen-water-health-benefits-moves-through-body,Hydrogen Water Health Benefits: How It Moves Through Your Body
https://hydrogenstudies.com/blog/hydrogen-water-health-benefits-how-your-body-absorbs-it-549196,8037,retire,0,0,,0,659,,hydrogen-water-health-benefits-body-absorbs,Hydrogen Water Health Benefits: How Your Body Absorbs It
https://hydrogenstudies.com/blog/hydrogen-water-health-benefits-how-it-travels-through-your-body-619652,8038,retire,0,10,80.2,0,728,,hydrogen-water-health-benefits-travels-through-body,Hydrogen Water Health Benefits: How It Travels Through Your Body
https://hydrogenstudies.com/blog/hydrogen-water-heart-health-your-questions-answered-788011,8043,retire,0,7,26.3,0,792,,hydrogen-water-heart-health-questions-answered,Hydrogen Water Heart Health: Your Questions Answered
https://hydrogenstudies.com/blog/hydrogen-water-heart-health-can-it-protect-during-chemo-916430,8046,retire,0,0,,0,888,,hydrogen-water-heart-health-protect-during-chemo,Hydrogen Water Heart Health: Can It Protect During Chemo?
https://hydrogenstudies.com/blog/how-to-use-hydrogen-water-for-burns-a-science-backed-guide-006646,8048,retire,0,0,,0,785,how-to-use,use-hydrogen-water-burns-science-backed,How to Use Hydrogen Water for Burns: A Science-Backed Guide
https://hydrogenstudies.com/blog/hydrogen-water-skin-benefits-can-it-help-burns-heal-faster-048486,8049,retire,0,1,12.0,0,827,,hydrogen-water-skin-benefits-help-burns-heal-faster,Hydrogen Water Skin Benefits: Can It Help Burns Heal Faster?
https://hydrogenstudies.com/blog/hydrogen-water-brain-health-your-alzheimers-questions-answered-173730,8055,retire,0,0,,0,896,,hydrogen-water-brain-health-alzheimers-questions-answered,Hydrogen Water Brain Health: Your Alzheimer's Questions Answered
https://hydrogenstudies.com/blog/hydrogen-water-and-burn-skin-damage-what-2024-research-shows-390021,8062,retire,0,0,,0,832,what-20xx-research-shows,hydrogen-water-burn-skin-damage-research-shows,Hydrogen Water and Burn Skin Damage: What 2024 Research Shows
https://hydrogenstudies.com/blog/hydrogen-water-and-burn-recovery-what-2024-research-shows-397817,8064,retire,0,0,,0,829,what-20xx-research-shows,hydrogen-water-burn-recovery-research-shows,Hydrogen Water and Burn Recovery: What 2024 Research Shows
https://hydrogenstudies.com/blog/how-to-use-hydrogen-water-for-burn-recovery-a-science-backed-guide-396863,8065,retire,0,1,216.0,0,743,how-to-use,use-hydrogen-water-burn-recovery-science-backed,How to Use Hydrogen Water for Burn Recovery: A Science-Backed Guide
https://hydrogenstudies.com/blog/hydrogen-water-skin-benefits-your-burn-questions-answered-433069,8066,retire,0,0,,0,805,,hydrogen-water-skin-benefits-burn-questions-answered,Hydrogen Water Skin Benefits: Your Burn Questions Answered
https://hydrogenstudies.com/blog/hydrogen-water-for-burn-recovery-your-questions-answered-443156,8067,retire,0,0,,0,817,,hydrogen-water-burn-recovery-questions-answered,Hydrogen Water for Burn Recovery: Your Questions Answered
https://hydrogenstudies.com/blog/hydrogen-water-brain-health-can-it-protect-during-infection-569906,8070,retire,0,0,,0,841,,hydrogen-water-brain-health-protect-during-infection,Hydrogen Water Brain Health: Can It Protect During Infection?
https://hydrogenstudies.com/blog/how-to-use-hydrogen-water-for-brain-health-after-surgery-a-science-backed-guide-293865,8093,retire,0,1,31.0,0,737,how-to-use,use-hydrogen-water-brain-health-after-surgery-science-backed,How to Use Hydrogen Water for Brain Health After Surgery: A Science-Backed Guide
https://hydrogenstudies.com/blog/hydrogen-water-brain-health-your-surgery-recovery-questions-336270,8096,retire,0,0,,0,826,,hydrogen-water-brain-health-surgery-recovery-questions,Hydrogen Water Brain Health: Your Surgery Recovery Questions
https://hydrogenstudies.com/blog/hydrogen-water-and-spine-pain-what-2024-research-shows-695381,8104,retire,0,9,22.0,0,830,what-20xx-research-shows,hydrogen-water-spine-pain-research-shows,Hydrogen Water and Spine Pain: What 2024 Research Shows
https://hydrogenstudies.com/blog/how-to-use-hydrogen-water-for-spine-pain-after-surgery-a-science-backed-guide-694017,8105,retire,0,0,,0,711,how-to-use,use-hydrogen-water-spine-pain-after-surgery-science-backed,How to Use Hydrogen Water for Spine Pain After Surgery: A Science-Backed Guide
https://hydrogenstudies.com/blog/hydrogen-water-for-spine-surgery-pain-your-questions-answered-736610,8106,retire,0,0,,0,798,,hydrogen-water-spine-surgery-pain-questions-answered,Hydrogen Water for Spine Surgery Pain: Your Questions Answered
https://hydrogenstudies.com/blog/how-to-use-hydrogen-water-for-sun-protection-a-science-backed-guide-952646,8111,retire,0,1,10.0,0,629,how-to-use,use-hydrogen-water-sun-protection-science-backed,How to Use Hydrogen Water for Sun Protection: A Science-Backed Guide
https://hydrogenstudies.com/blog/how-to-use-hydrogen-water-for-brain-health-shield-against-device-radiation-077436,8114,retire,0,0,,0,703,how-to-use,use-hydrogen-water-brain-health-shield-against-device-radiation,How to Use Hydrogen Water for Brain Health: Shield Against Device Radiation
https://hydrogenstudies.com/blog/how-to-use-hydrogen-water-for-brain-health-shield-against-emf-damage-087375,8115,retire,0,0,,0,729,how-to-use,use-hydrogen-water-brain-health-shield-against-emf-damage,How to Use Hydrogen Water for Brain Health: Shield Against EMF Damage
https://hydrogenstudies.com/blog/hydrogen-water-brain-health-emf-protection-questions-answered-131659,8118,retire,0,0,,0,842,,hydrogen-water-brain-health-emf-protection-questions-answered,Hydrogen Water Brain Health: EMF Protection Questions Answered
https://hydrogenstudies.com/blog/how-to-use-hydrogen-water-for-bone-health-protect-against-medication-damage-206787,8120,retire,0,0,,0,695,how-to-use,use-hydrogen-water-bone-health-protect-against-medication-damage,How to Use Hydrogen Water for Bone Health: Protect Against Medication Damage
https://hydrogenstudies.com/blog/hydrogen-water-and-bone-loss-what-2024-research-shows-219511,8121,retire,0,4,4.3,0,767,what-20xx-research-shows,hydrogen-water-bone-loss-research-shows,Hydrogen Water and Bone Loss: What 2024 Research Shows
https://hydrogenstudies.com/blog/how-to-use-hydrogen-therapy-bone-health-to-fight-steroid-damage-217830,8122,retire,0,0,,0,756,,use-hydrogen-therapy-bone-health-fight-steroid-damage,How to Use Hydrogen Therapy Bone Health to Fight Steroid Damage
https://hydrogenstudies.com/blog/hydrogen-water-health-benefits-fighting-superbugs-in-2024-351424,8126,retire,0,0,,0,832,,hydrogen-water-health-benefits-fighting-superbugs,Hydrogen Water Health Benefits: Fighting Superbugs in 2024
https://hydrogenstudies.com/blog/hydrogen-water-health-benefits-can-it-fight-superbugs-396802,8127,retire,0,0,,0,894,,hydrogen-water-health-benefits-fight-superbugs,Hydrogen Water Health Benefits: Can It Fight Superbugs?
https://hydrogenstudies.com/blog/hydrogen-therapy-lung-health-your-questions-answered-669664,8133,retire,0,28,75.9,0,809,,hydrogen-therapy-lung-health-questions-answered,Hydrogen Therapy Lung Health: Your Questions Answered
https://hydrogenstudies.com/blog/hydrogen-water-and-spine-healing-what-2024-research-shows-762056,8134,retire,0,0,,0,818,what-20xx-research-shows,hydrogen-water-spine-healing-research-shows,Hydrogen Water and Spine Healing: What 2024 Research Shows
https://hydrogenstudies.com/blog/hydrogen-water-spine-recovery-what-2024-research-shows-771421,8135,retire,0,0,,0,713,what-20xx-research-shows,hydrogen-water-spine-recovery-research-shows,Hydrogen Water Spine Recovery: What 2024 Research Shows
https://hydrogenstudies.com/blog/how-to-use-hydrogen-water-for-spine-healing-a-science-backed-guide-763525,8136,retire,0,6,41.2,0,816,how-to-use,use-hydrogen-water-spine-healing-science-backed,How to Use Hydrogen Water for Spine Healing: A Science-Backed Guide
https://hydrogenstudies.com/blog/hydrogen-water-for-spine-injuries-your-questions-answered-806298,8137,retire,0,0,,0,849,,hydrogen-water-spine-injuries-questions-answered,Hydrogen Water for Spine Injuries: Your Questions Answered
https://hydrogenstudies.com/blog/hydrogen-water-brain-health-can-it-help-after-brain-injury-913895,8142,retire,0,6,10.2,0,794,,hydrogen-water-brain-health-help-after-brain-injury,Hydrogen Water Brain Health: Can It Help After Brain Injury?
https://hydrogenstudies.com/blog/hydrogen-water-brain-health-what-2024-research-shows-about-parkinsons-149034,8152,retire,0,0,,0,718,,hydrogen-water-brain-health-research-shows-about-parkinsons,Hydrogen Water Brain Health: What 2024 Research Shows About Parkinson's
https://hydrogenstudies.com/blog/hydrogen-water-brain-health-can-it-help-parkinsons-shaking-184077,8154,retire,0,0,,0,828,,hydrogen-water-brain-health-help-parkinsons-shaking,Hydrogen Water Brain Health: Can It Help Parkinson's Shaking?
https://hydrogenstudies.com/blog/how-to-use-hydrogen-water-for-better-gums-a-science-guide-541619,8166,retire,0,0,,0,730,how-to-use,use-hydrogen-water-better-gums-science,How to Use Hydrogen Water for Better Gums: A Science Guide
https://hydrogenstudies.com/blog/how-to-use-hydrogen-therapy-lung-health-during-surgery-675630,8168,retire,0,0,,0,727,,use-hydrogen-therapy-lung-health-during-surgery,How to Use Hydrogen Therapy Lung Health During Surgery
https://hydrogenstudies.com/blog/hydrogen-water-and-lung-transplants-what-2024-research-shows-676817,8169,retire,0,1,157.0,0,754,what-20xx-research-shows,hydrogen-water-lung-transplants-research-shows,Hydrogen Water and Lung Transplants: What 2024 Research Shows
https://hydrogenstudies.com/blog/hydrogen-therapy-lung-health-can-it-save-transplant-lives-719477,8171,retire,0,0,,0,800,,hydrogen-therapy-lung-health-save-transplant-lives,Hydrogen Therapy Lung Health: Can It Save Transplant Lives?
https://hydrogenstudies.com/blog/hydrogen-water-brain-health-what-2024-research-shows-about-healing-780616,8173,retire,0,0,,0,796,,hydrogen-water-brain-health-research-shows-about-healing,Hydrogen Water Brain Health: What 2024 Research Shows About Healing
https://hydrogenstudies.com/blog/hydrogen-water-and-eye-cancer-what-2024-research-shows-076186,8186,retire,0,0,,0,764,what-20xx-research-shows,hydrogen-water-eye-cancer-research-shows,Hydrogen Water and Eye Cancer: What 2024 Research Shows
https://hydrogenstudies.com/blog/how-to-use-hydrogen-water-for-eye-health-a-science-backed-guide-077393,8187,retire,0,4,134.3,0,719,how-to-use,use-hydrogen-water-eye-health-science-backed,How to Use Hydrogen Water for Eye Health: A Science-Backed Guide
https://hydrogenstudies.com/blog/hydrogen-water-eye-health-cancer-treatment-questions-answered-094658,8188,retire,0,0,,0,822,,hydrogen-water-eye-health-cancer-treatment-questions-answered,Hydrogen Water Eye Health: Cancer Treatment Questions Answered
https://hydrogenstudies.com/blog/hydrogen-water-eye-health-can-it-help-fight-eye-cancer-120423,8189,retire,0,0,,0,839,,hydrogen-water-eye-health-help-fight-eye-cancer,Hydrogen Water Eye Health: Can It Help Fight Eye Cancer?
https://hydrogenstudies.com/blog/hydrogen-water-and-lung-injury-what-2024-research-shows-184013,8190,retire,0,0,,0,752,what-20xx-research-shows,hydrogen-water-lung-injury-research-shows,Hydrogen Water and Lung Injury: What 2024 Research Shows
https://hydrogenstudies.com/blog/how-to-use-hydrogen-water-for-heart-health-endothelium-protection-guide-311944,8193,retire,0,0,,0,730,how-to-use,use-hydrogen-water-heart-health-endothelium-protection,How to Use Hydrogen Water for Heart Health: Endothelium Protection Guide
https://hydrogenstudies.com/blog/hydrogen-water-and-endothelium-what-2024-research-shows-311771,8194,retire,0,0,,0,723,what-20xx-research-shows,hydrogen-water-endothelium-research-shows,Hydrogen Water and Endothelium: What 2024 Research Shows
https://hydrogenstudies.com/blog/hydrogen-water-endothelium-your-questions-answered-360143,8195,retire,0,0,,0,847,,hydrogen-water-endothelium-questions-answered,Hydrogen Water Endothelium: Your Questions Answered
https://hydrogenstudies.com/blog/how-to-use-hydrogen-water-to-protect-your-ears-a-science-backed-guide-632368,8203,retire,0,0,,0,794,,use-hydrogen-water-protect-ears-science-backed,How to Use Hydrogen Water to Protect Your Ears: A Science-Backed Guide
https://hydrogenstudies.com/blog/hydrogen-water-kidney-health-heart-surgery-protection-faq-804927,8209,retire,0,0,,0,877,,hydrogen-water-kidney-health-heart-surgery-protection-faq,Hydrogen Water Kidney Health: Heart Surgery Protection FAQ
https://hydrogenstudies.com/blog/hydrogen-water-kidney-health-can-it-prevent-surgery-damage-809489,8210,retire,0,0,,0,810,,hydrogen-water-kidney-health-prevent-surgery-damage,Hydrogen Water Kidney Health: Can It Prevent Surgery Damage?
https://hydrogenstudies.com/blog/how-to-use-hydrogen-water-for-brain-health-protect-your-mind-028724,8218,retire,0,0,,0,724,how-to-use,use-hydrogen-water-brain-health-protect-mind,How to Use Hydrogen Water for Brain Health: Protect Your Mind
https://hydrogenstudies.com/blog/how-to-use-hydrogen-water-for-brain-health-protect-memory-during-illness-162912,8220,retire,0,0,,0,671,how-to-use,use-hydrogen-water-brain-health-protect-memory-during-illness,How to Use Hydrogen Water for Brain Health: Protect Memory During Illness
https://hydrogenstudies.com/blog/how-to-use-hydrogen-water-for-faster-skin-healing-a-science-backed-guide-294957,8223,retire,0,0,,0,692,how-to-use,use-hydrogen-water-faster-skin-healing-science-backed,How to Use Hydrogen Water for Faster Skin Healing: A Science-Backed Guide
https://hydrogenstudies.com/blog/hydrogen-water-health-benefits-for-diabetes-what-2024-research-shows-423262,8227,retire,0,57,29.7,0,769,what-20xx-research-shows,hydrogen-water-health-benefits-diabetes-research-shows,Hydrogen Water Health Benefits for Diabetes: What 2024 Research Shows
https://hydrogenstudies.com/blog/how-to-use-hydrogen-water-for-inflamed-skin-a-science-backed-guide-529108,8229,retire,0,0,,0,704,how-to-use,use-hydrogen-water-inflamed-skin-science-backed,How to Use Hydrogen Water for Inflamed Skin: A Science-Backed Guide
https://hydrogenstudies.com/blog/hydrogen-water-for-psoriasis-your-questions-answered-604600,8234,retire,0,0,,0,798,,hydrogen-water-psoriasis-questions-answered,Hydrogen Water for Psoriasis: Your Questions Answered
https://hydrogenstudies.com/blog/hydrogen-water-brain-health-can-it-prevent-strokes-957313,8248,retire,0,0,,0,770,,hydrogen-water-brain-health-prevent-strokes,Hydrogen Water Brain Health: Can It Prevent Strokes?
https://hydrogenstudies.com/blog/how-to-use-hydrogen-water-for-brain-health-a-science-backed-guide-178256,8253,retire,0,36,20.9,0,690,how-to-use,use-hydrogen-water-brain-health-science-backed,How to Use Hydrogen Water for Brain Health: A Science-Backed Guide
https://hydrogenstudies.com/blog/hydrogen-water-gut-health-what-2024-research-shows-for-blood-sugar-305923,8255,retire,0,0,,0,765,,hydrogen-water-gut-health-research-shows-blood-sugar,Hydrogen Water Gut Health: What 2024 Research Shows for Blood Sugar
https://hydrogenstudies.com/blog/hydrogen-water-gut-health-can-it-help-your-blood-sugar-347538,8257,retire,0,0,,0,832,,hydrogen-water-gut-health-help-blood-sugar,Hydrogen Water Gut Health: Can It Help Your Blood Sugar?
https://hydrogenstudies.com/blog/how-to-use-hydrogen-water-for-faster-wound-healing-science-guide-433814,8258,retire,0,0,,0,722,how-to-use,use-hydrogen-water-faster-wound-healing-science,How to Use Hydrogen Water for Faster Wound Healing: Science Guide
https://hydrogenstudies.com/blog/hydrogen-water-health-benefits-for-covid-recovery-faqs-614018,8267,retire,0,0,,0,801,,hydrogen-water-health-benefits-covid-recovery-faqs,Hydrogen Water Health Benefits for COVID Recovery: FAQs
https://hydrogenstudies.com/blog/hydrogen-water-liver-health-your-cancer-questions-answered-729533,8270,retire,0,0,,0,874,,hydrogen-water-liver-health-cancer-questions-answered,Hydrogen Water Liver Health: Your Cancer Questions Answered
https://hydrogenstudies.com/blog/hydrogen-water-bone-marrow-healing-your-questions-answered-862451,8273,retire,0,0,,0,783,,hydrogen-water-bone-marrow-healing-questions-answered,Hydrogen Water Bone Marrow Healing: Your Questions Answered
https://hydrogenstudies.com/blog/hydrogen-water-gut-health-what-2024-chicken-studies-show-956225,8274,retire,0,0,,0,709,,hydrogen-water-gut-health-chicken-studies-show,Hydrogen Water Gut Health: What 2024 Chicken Studies Show
https://hydrogenstudies.com/blog/hydrogen-water-gut-health-can-it-help-your-chickens-009623,8276,retire,0,0,,0,884,,hydrogen-water-gut-health-help-chickens,Hydrogen Water Gut Health: Can It Help Your Chickens?
https://hydrogenstudies.com/blog/how-to-use-hydrogen-water-for-brain-health-kids-and-sepsis-223528,8280,retire,0,1,28.0,0,717,how-to-use,use-hydrogen-water-brain-health-kids-sepsis,How to Use Hydrogen Water for Brain Health: Kids and Sepsis
https://hydrogenstudies.com/blog/hydrogen-water-brain-health-can-it-fight-sepsis-damage-268640,8282,retire,0,0,,0,800,,hydrogen-water-brain-health-fight-sepsis-damage,Hydrogen Water Brain Health: Can It Fight Sepsis Damage?
https://hydrogenstudies.com/blog/how-to-use-hydrogen-water-for-brain-health-and-appetite-control-322468,8283,retire,0,5,12.0,0,576,how-to-use,use-hydrogen-water-brain-health-appetite-control,How to Use Hydrogen Water for Brain Health and Appetite Control
https://hydrogenstudies.com/blog/hydrogen-water-brain-health-what-2024-research-shows-about-hunger-332655,8284,retire,0,0,,0,804,,hydrogen-water-brain-health-research-shows-about-hunger,Hydrogen Water Brain Health: What 2024 Research Shows About Hunger
https://hydrogenstudies.com/blog/how-to-use-hydrogen-water-for-brain-health-and-weight-loss-358165,8286,retire,0,0,,0,753,how-to-use,use-hydrogen-water-brain-health-weight-loss,How to Use Hydrogen Water for Brain Health and Weight Loss
https://hydrogenstudies.com/blog/hydrogen-water-brain-health-does-it-help-weight-loss-375228,8287,retire,0,0,,0,780,,hydrogen-water-brain-health-help-weight-loss,Hydrogen Water Brain Health: Does It Help Weight Loss?
https://hydrogenstudies.com/blog/hydrogen-water-brain-health-can-it-help-you-lose-weight-401253,8288,retire,0,1,82.0,0,814,,hydrogen-water-brain-health-help-lose-weight,Hydrogen Water Brain Health: Can It Help You Lose Weight?
https://hydrogenstudies.com/blog/hydrogen-water-and-eye-pressure-what-2024-research-shows-460820,8290,retire,0,0,,0,790,what-20xx-research-shows,hydrogen-water-eye-pressure-research-shows,Hydrogen Water and Eye Pressure: What 2024 Research Shows
https://hydrogenstudies.com/blog/hydrogen-water-eye-health-can-it-raise-eye-pressure-528746,8294,retire,0,0,,0,832,,hydrogen-water-eye-health-raise-eye-pressure,Hydrogen Water Eye Health: Can It Raise Eye Pressure?
https://hydrogenstudies.com/blog/how-to-use-hydrogen-water-for-aging-lungs-a-science-guide-723106,8301,retire,0,0,,0,682,how-to-use,use-hydrogen-water-aging-lungs-science,How to Use Hydrogen Water for Aging Lungs: A Science Guide
https://hydrogenstudies.com/blog/hydrogen-water-and-aging-lungs-what-2024-research-shows-726394,8302,retire,0,0,,0,751,what-20xx-research-shows,hydrogen-water-aging-lungs-research-shows,Hydrogen Water and Aging Lungs: What 2024 Research Shows
https://hydrogenstudies.com/blog/hydrogen-water-health-benefits-what-2024-research-shows-for-heart-health-855390,8304,retire,0,0,,0,851,,hydrogen-water-health-benefits-research-shows-heart-health,Hydrogen Water Health Benefits: What 2024 Research Shows for Heart Health
https://hydrogenstudies.com/blog/how-to-use-hydrogen-water-for-lower-triglycerides-a-science-backed-guide-855340,8305,retire,0,2,82.5,0,756,how-to-use,use-hydrogen-water-lower-triglycerides-science-backed,How to Use Hydrogen Water for Lower Triglycerides: A Science-Backed Guide
https://hydrogenstudies.com/blog/hydrogen-water-health-benefits-your-metabolic-questions-answered-897147,8306,retire,0,0,,0,895,,hydrogen-water-health-benefits-metabolic-questions-answered,Hydrogen Water Health Benefits: Your Metabolic Questions Answered
https://hydrogenstudies.com/blog/hydrogen-water-liver-health-what-2024-research-shows-117581,8311,retire,0,10,69.4,0,810,what-20xx-research-shows,hydrogen-water-liver-health-research-shows,Hydrogen Water Liver Health: What 2024 Research Shows
https://hydrogenstudies.com/blog/hydrogen-water-and-uterus-cancer-what-2024-research-shows-233491,8313,retire,0,0,,0,791,what-20xx-research-shows,hydrogen-water-uterus-cancer-research-shows,Hydrogen Water and Uterus Cancer: What 2024 Research Shows
https://hydrogenstudies.com/blog/how-to-use-hydrogen-water-for-uterus-health-a-science-guide-230588,8314,retire,0,0,,0,708,how-to-use,use-hydrogen-water-uterus-health-science,How to Use Hydrogen Water for Uterus Health: A Science Guide
https://hydrogenstudies.com/blog/how-to-use-hydrogen-water-for-uterus-health-a-science-backed-guide-244584,8315,retire,0,1,3.0,0,807,how-to-use,use-hydrogen-water-uterus-health-science-backed,How to Use Hydrogen Water for Uterus Health: A Science-Backed Guide
https://hydrogenstudies.com/blog/hydrogen-water-for-uterus-cancer-your-questions-answered-276729,8317,retire,0,0,,0,880,,hydrogen-water-uterus-cancer-questions-answered,Hydrogen Water for Uterus Cancer: Your Questions Answered
https://hydrogenstudies.com/blog/how-to-use-hydrogen-therapy-hearing-health-for-cancer-survivors-363419,8320,retire,0,0,,0,765,,use-hydrogen-therapy-hearing-health-cancer-survivors,How to Use Hydrogen Therapy Hearing Health for Cancer Survivors
https://hydrogenstudies.com/blog/how-to-use-hydrogen-therapy-for-hearing-health-after-cancer-treatment-374003,8322,retire,0,1,195.0,0,745,,use-hydrogen-therapy-hearing-health-after-cancer-treatment,How to Use Hydrogen Therapy for Hearing Health After Cancer Treatment
https://hydrogenstudies.com/blog/hydrogen-therapy-hearing-health-can-it-help-after-cancer-406041,8323,retire,0,0,,0,857,,hydrogen-therapy-hearing-health-help-after-cancer,Hydrogen Therapy Hearing Health: Can It Help After Cancer?
https://hydrogenstudies.com/blog/how-to-use-hydrogen-water-for-ovary-health-a-science-guide-758424,8334,retire,0,0,,0,780,how-to-use,use-hydrogen-water-ovary-health-science,How to Use Hydrogen Water for Ovary Health: A Science Guide
https://hydrogenstudies.com/blog/hydrogen-water-and-ovaries-what-2024-research-shows-for-pcos-754274,8335,retire,0,0,,0,701,,hydrogen-water-ovaries-research-shows-pcos,Hydrogen Water and Ovaries: What 2024 Research Shows for PCOS
https://hydrogenstudies.com/blog/hydrogen-water-health-benefits-tiny-robots-fight-deadly-blood-infection-895117,8338,retire,0,0,,0,693,,hydrogen-water-health-benefits-tiny-robots-fight-deadly-blood-infection,Hydrogen Water Health Benefits: Tiny Robots Fight Deadly Blood Infection
https://hydrogenstudies.com/blog/hydrogen-water-health-benefits-can-tiny-robots-help-fight-infection-937478,8339,retire,0,0,,0,800,,hydrogen-water-health-benefits-tiny-robots-help-fight-infection,Hydrogen Water Health Benefits: Can Tiny Robots Help Fight Infection?
https://hydrogenstudies.com/blog/hydrogen-water-eye-health-what-2024-research-shows-165028,8346,retire,0,3,82.0,0,770,what-20xx-research-shows,hydrogen-water-eye-health-research-shows,Hydrogen Water Eye Health: What 2024 Research Shows
https://hydrogenstudies.com/blog/hydrogen-water-eye-health-can-it-help-vision-loss-206318,8348,retire,0,0,,0,864,,hydrogen-water-eye-health-help-vision-loss,Hydrogen Water Eye Health: Can It Help Vision Loss?
https://hydrogenstudies.com/blog/hydrogen-water-and-copd-what-2024-research-shows-295324,8351,retire,0,19,73.2,0,809,what-20xx-research-shows,hydrogen-water-copd-research-shows,Hydrogen Water and COPD: What 2024 Research Shows
https://hydrogenstudies.com/blog/how-to-use-hydrogen-water-for-brain-health-protect-against-radiation-damage-524789,8362,retire,0,0,,0,736,how-to-use,use-hydrogen-water-brain-health-protect-against-radiation-damage,How to Use Hydrogen Water for Brain Health: Protect Against Radiation Damage
https://hydrogenstudies.com/blog/hydrogen-water-brain-health-your-radiation-questions-answered-569748,8363,retire,0,0,,0,893,,hydrogen-water-brain-health-radiation-questions-answered,Hydrogen Water Brain Health: Your Radiation Questions Answered
https://hydrogenstudies.com/blog/hydrogen-water-and-lung-damage-what-2024-research-shows-664826,8365,retire,0,1,140.0,0,777,what-20xx-research-shows,hydrogen-water-lung-damage-research-shows,Hydrogen Water and Lung Damage: What 2024 Research Shows
https://hydrogenstudies.com/blog/hydrogen-therapy-lung-health-can-it-help-fight-infections-710714,8366,retire,0,0,,0,907,,hydrogen-therapy-lung-health-help-fight-infections,Hydrogen Therapy Lung Health: Can It Help Fight Infections?
https://hydrogenstudies.com/blog/hydrogen-therapy-lung-health-covid-recovery-questions-answered-840384,8369,retire,0,1,12.0,0,813,,hydrogen-therapy-lung-health-covid-recovery-questions-answered,Hydrogen Therapy Lung Health: COVID Recovery Questions Answered
https://hydrogenstudies.com/blog/hydrogen-water-health-benefits-how-light-therapy-fights-cancer-034392,8373,retire,0,0,,0,804,,hydrogen-water-health-benefits-light-therapy-fights-cancer,Hydrogen Water Health Benefits: How Light Therapy Fights Cancer
https://hydrogenstudies.com/blog/hydrogen-water-health-benefits-for-cancer-your-questions-answered-094049,8378,retire,0,12,68.3,0,880,,hydrogen-water-health-benefits-cancer-questions-answered,Hydrogen Water Health Benefits for Cancer: Your Questions Answered
https://hydrogenstudies.com/blog/how-to-use-hydrogen-water-for-brain-health-fight-fatigue-164031,8379,retire,0,0,,0,765,how-to-use,use-hydrogen-water-brain-health-fight-fatigue,How to Use Hydrogen Water for Brain Health: Fight Fatigue
https://hydrogenstudies.com/blog/how-to-use-hydrogen-water-for-brain-health-beat-fatigue-177441,8381,retire,0,0,,0,732,how-to-use,use-hydrogen-water-brain-health-beat-fatigue,How to Use Hydrogen Water for Brain Health: Beat Fatigue
https://hydrogenstudies.com/blog/hydrogen-water-brain-health-can-it-fight-fatigue-208546,8383,retire,0,0,,0,840,,hydrogen-water-brain-health-fight-fatigue,Hydrogen Water Brain Health: Can It Fight Fatigue?
https://hydrogenstudies.com/blog/how-to-use-hydrogen-water-for-lung-scarring-a-science-guide-431281,8391,retire,0,0,,0,753,how-to-use,use-hydrogen-water-lung-scarring-science,How to Use Hydrogen Water for Lung Scarring: A Science Guide
https://hydrogenstudies.com/blog/hydrogen-water-and-heart-surgery-what-2024-research-shows-564504,8394,retire,0,0,,0,827,what-20xx-research-shows,hydrogen-water-heart-surgery-research-shows,Hydrogen Water and Heart Surgery: What 2024 Research Shows
https://hydrogenstudies.com/blog/hydrogen-water-endothelium-heart-surgery-questions-answered-606901,8396,retire,0,0,,0,804,,hydrogen-water-endothelium-heart-surgery-questions-answered,Hydrogen Water Endothelium: Heart Surgery Questions Answered
https://hydrogenstudies.com/blog/how-to-use-hydrogen-water-for-heart-health-during-sleep-a-science-backed-guide-695663,8397,retire,0,0,,0,703,how-to-use,use-hydrogen-water-heart-health-during-sleep-science-backed,How to Use Hydrogen Water for Heart Health During Sleep: A Science-Backed Guide
https://hydrogenstudies.com/blog/hydrogen-water-brain-health-can-it-stop-chemo-brain-fog-874382,8402,retire,0,0,,0,801,,hydrogen-water-brain-health-stop-chemo-brain-fog,Hydrogen Water Brain Health: Can It Stop Chemo Brain Fog?
https://hydrogenstudies.com/blog/hydrogen-water-brain-health-your-head-injury-questions-answered-156257,8414,retire,0,0,,0,871,,hydrogen-water-brain-health-head-injury-questions-answered,Hydrogen Water Brain Health: Your Head Injury Questions Answered
https://hydrogenstudies.com/blog/how-to-use-hydrogen-water-for-stomach-health-a-science-backed-guide-246195,8416,retire,0,1,11.0,0,707,how-to-use,use-hydrogen-water-stomach-health-science-backed,How to Use Hydrogen Water for Stomach Health: A Science-Backed Guide
https://hydrogenstudies.com/blog/how-to-use-hydrogen-therapy-bone-health-for-faster-healing-372922,8420,retire,0,2,98.5,0,738,,use-hydrogen-therapy-bone-health-faster-healing,How to Use Hydrogen Therapy Bone Health for Faster Healing
https://hydrogenstudies.com/blog/hydrogen-therapy-bone-health-can-it-heal-fractures-faster-419877,8421,retire,0,0,,0,823,,hydrogen-therapy-bone-health-heal-fractures-faster,Hydrogen Therapy Bone Health: Can It Heal Fractures Faster?
https://hydrogenstudies.com/blog/hydrogen-water-brain-health-can-it-help-you-sleep-better-551693,8424,retire,0,0,,0,830,,hydrogen-water-brain-health-help-sleep-better,Hydrogen Water Brain Health: Can It Help You Sleep Better?
https://hydrogenstudies.com/blog/how-to-use-hydrogen-water-for-brain-health-in-babies-633391,8425,retire,0,0,,0,692,how-to-use,use-hydrogen-water-brain-health-babies,How to Use Hydrogen Water for Brain Health in Babies
https://hydrogenstudies.com/blog/hydrogen-water-health-benefits-for-runners-what-2024-research-shows-774189,8430,retire,0,0,,0,806,what-20xx-research-shows,hydrogen-water-health-benefits-runners-research-shows,Hydrogen Water Health Benefits for Runners: What 2024 Research Shows
https://hydrogenstudies.com/blog/hydrogen-water-health-benefits-does-it-boost-your-workouts-804590,8431,retire,0,34,26.0,0,773,,hydrogen-water-health-benefits-boost-workouts,Hydrogen Water Health Benefits: Does It Boost Your Workouts?
https://hydrogenstudies.com/blog/how-to-use-hydrogen-water-health-benefits-for-weight-loss-a-science-backed-guide-017896,8441,retire,0,0,,0,720,,use-hydrogen-water-health-benefits-weight-loss-science-backed,How to Use Hydrogen Water Health Benefits for Weight Loss: A Science-Backed Guide
https://hydrogenstudies.com/blog/hydrogen-water-health-benefits-does-it-help-weight-loss-043252,8442,retire,0,0,,0,846,,hydrogen-water-health-benefits-help-weight-loss,Hydrogen Water Health Benefits: Does It Help Weight Loss?
https://hydrogenstudies.com/blog/how-to-use-hydrogen-therapy-lung-health-for-copd-relief-125988,8445,retire,0,38,80.4,0,725,,use-hydrogen-therapy-lung-health-copd-relief,How to Use Hydrogen Therapy Lung Health for COPD Relief
https://hydrogenstudies.com/blog/how-to-use-hydrogen-therapy-lung-health-for-copd-a-science-backed-guide-145359,8447,retire,0,16,64.4,0,752,,use-hydrogen-therapy-lung-health-copd-science-backed,How to Use Hydrogen Therapy Lung Health for COPD: A Science-Backed Guide
https://hydrogenstudies.com/blog/hydrogen-therapy-lung-health-your-copd-questions-answered-173843,8448,retire,0,2,70.0,0,838,,hydrogen-therapy-lung-health-copd-questions-answered,Hydrogen Therapy Lung Health: Your COPD Questions Answered
https://hydrogenstudies.com/blog/how-to-use-hydrogen-water-for-muscle-recovery-a-science-backed-guide-261849,8450,retire,0,1,210.0,0,708,how-to-use,use-hydrogen-water-muscle-recovery-science-backed,How to Use Hydrogen Water for Muscle Recovery: A Science-Backed Guide
https://hydrogenstudies.com/blog/how-to-use-hydrogen-water-for-gut-health-during-medical-procedures-393509,8454,retire,0,1,94.0,0,742,how-to-use,use-hydrogen-water-gut-health-during-medical-procedures,How to Use Hydrogen Water for Gut Health During Medical Procedures
https://hydrogenstudies.com/blog/how-to-use-hydrogen-water-for-gut-health-during-medical-emergencies-533994,8456,retire,0,0,,0,734,how-to-use,use-hydrogen-water-gut-health-during-medical-emergencies,How to Use Hydrogen Water for Gut Health During Medical Emergencies
https://hydrogenstudies.com/blog/hydrogen-water-heart-health-what-2024-research-shows-about-sepsis-673407,8459,retire,0,1,170.0,0,748,,hydrogen-water-heart-health-research-shows-about-sepsis,Hydrogen Water Heart Health: What 2024 Research Shows About Sepsis
https://hydrogenstudies.com/blog/hydrogen-water-heart-health-what-2024-sepsis-study-shows-674243,8461,retire,0,0,,0,741,,hydrogen-water-heart-health-sepsis-study-shows,Hydrogen Water Heart Health: What 2024 Sepsis Study Shows
https://hydrogenstudies.com/blog/hydrogen-water-heart-health-can-it-fight-sepsis-712055,8462,retire,0,0,,0,804,,hydrogen-water-heart-health-fight-sepsis,Hydrogen Water Heart Health: Can It Fight Sepsis?
https://hydrogenstudies.com/blog/hydrogen-water-health-benefits-for-behcets-disease-what-2024-research-shows-797691,8465,retire,0,0,,0,706,what-20xx-research-shows,hydrogen-water-health-benefits-beh-ets-disease-research-shows,Hydrogen Water Health Benefits for Behçet's Disease: What 2024 Research Shows
https://hydrogenstudies.com/blog/hydrogen-water-health-benefits-for-behcets-disease-your-questions-answered-821641,8466,retire,0,0,,0,805,,hydrogen-water-health-benefits-beh-ets-disease-questions-answered,Hydrogen Water Health Benefits for Behçet's Disease: Your Questions Answered
https://hydrogenstudies.com/blog/how-to-use-hydrogen-water-for-behcets-disease-a-science-backed-guide-800339,8467,retire,0,0,,0,804,how-to-use,use-hydrogen-water-beh-ets-disease-science-backed,How to Use Hydrogen Water for Behçet's Disease: A Science-Backed Guide
https://hydrogenstudies.com/blog/hydrogen-water-health-benefits-for-behcets-your-questions-answered-843913,8468,retire,0,0,,0,820,,hydrogen-water-health-benefits-beh-ets-questions-answered,Hydrogen Water Health Benefits for Behçet's: Your Questions Answered
https://hydrogenstudies.com/blog/how-to-use-hydrogen-water-for-brain-health-during-workouts-893446,8470,retire,0,0,,0,754,how-to-use,use-hydrogen-water-brain-health-during-workouts,How to Use Hydrogen Water for Brain Health During Workouts
https://hydrogenstudies.com/blog/hydrogen-water-brain-health-does-it-boost-workout-focus-935131,8471,retire,0,0,,0,892,,hydrogen-water-brain-health-boost-workout-focus,Hydrogen Water Brain Health: Does It Boost Workout Focus?
https://hydrogenstudies.com/blog/hydrogen-water-brain-health-your-exercise-questions-answered-934287,8472,retire,0,0,,0,810,,hydrogen-water-brain-health-exercise-questions-answered,Hydrogen Water Brain Health: Your Exercise Questions Answered
https://hydrogenstudies.com/blog/hydrogen-water-brain-health-what-2024-diving-research-shows-021749,8473,retire,0,0,,0,671,,hydrogen-water-brain-health-diving-research-shows,Hydrogen Water Brain Health: What 2024 Diving Research Shows
https://hydrogenstudies.com/blog/hydrogen-water-brain-health-what-2024-deep-sea-research-shows-020586,8475,retire,0,0,,0,677,,hydrogen-water-brain-health-deep-sea-research-shows,Hydrogen Water Brain Health: What 2024 Deep-Sea Research Shows
https://hydrogenstudies.com/blog/how-to-use-hydrogen-water-for-brain-health-while-diving-019283,8476,retire,0,0,,0,697,how-to-use,use-hydrogen-water-brain-health-while-diving,How to Use Hydrogen Water for Brain Health While Diving
https://hydrogenstudies.com/blog/hydrogen-water-brain-health-can-it-protect-deep-divers-062248,8477,retire,0,0,,0,789,,hydrogen-water-brain-health-protect-deep-divers,Hydrogen Water Brain Health: Can It Protect Deep Divers?
https://hydrogenstudies.com/blog/hydrogen-water-brain-health-can-it-help-deep-sea-divers-062144,8478,retire,0,0,,0,790,,hydrogen-water-brain-health-help-deep-sea-divers,Hydrogen Water Brain Health: Can It Help Deep Sea Divers?
https://hydrogenstudies.com/blog/how-to-use-hydrogen-water-for-spine-health-timing-matters-149724,8480,retire,0,0,,0,747,how-to-use,use-hydrogen-water-spine-health-timing-matters,How to Use Hydrogen Water for Spine Health: Timing Matters
https://hydrogenstudies.com/blog/how-to-use-hydrogen-water-for-lung-health-a-science-backed-guide-553073,8489,retire,0,2,114.0,0,709,how-to-use,use-hydrogen-water-lung-health-science-backed,How to Use Hydrogen Water for Lung Health: A Science-Backed Guide
https://hydrogenstudies.com/blog/hydrogen-water-health-benefits-what-2024-dna-safety-study-shows-675695,8492,retire,0,0,,0,759,,hydrogen-water-health-benefits-dna-safety-study-shows,Hydrogen Water Health Benefits: What 2024 DNA Safety Study Shows
https://hydrogenstudies.com/blog/hydrogen-water-health-benefits-what-2024-dna-safety-research-shows-682107,8493,retire,0,0,,0,677,,hydrogen-water-health-benefits-dna-safety-research-shows,Hydrogen Water Health Benefits: What 2024 DNA Safety Research Shows
https://hydrogenstudies.com/blog/hydrogen-water-health-benefits-is-it-safe-for-your-body-721158,8496,retire,0,0,,0,866,,hydrogen-water-health-benefits-safe-body,Hydrogen Water Health Benefits: Is It Safe for Your Body?
https://hydrogenstudies.com/blog/hydrogen-water-health-benefits-is-it-safe-for-your-dna-725235,8497,retire,0,0,,0,748,,hydrogen-water-health-benefits-safe-dna,Hydrogen Water Health Benefits: Is It Safe for Your DNA?
https://hydrogenstudies.com/blog/hydrogen-water-oral-health-what-2024-research-shows-for-gums-806874,8498,retire,0,0,,0,684,,hydrogen-water-oral-health-research-shows-gums,Hydrogen Water Oral Health: What 2024 Research Shows for Gums
https://hydrogenstudies.com/blog/how-to-use-hydrogen-water-for-faster-gum-healing-809167,8499,retire,0,0,,0,694,how-to-use,use-hydrogen-water-faster-gum-healing,How to Use Hydrogen Water for Faster Gum Healing
https://hydrogenstudies.com/blog/hydrogen-water-oral-health-what-2024-research-shows-about-gum-healing-812880,8501,retire,0,0,,0,774,,hydrogen-water-oral-health-research-shows-about-gum-healing,Hydrogen Water Oral Health: What 2024 Research Shows About Gum Healing
https://hydrogenstudies.com/blog/hydrogen-water-oral-health-can-it-heal-your-gums-faster-853010,8502,retire,0,0,,0,868,,hydrogen-water-oral-health-heal-gums-faster,Hydrogen Water Oral Health: Can It Heal Your Gums Faster?
https://hydrogenstudies.com/blog/hydrogen-water-oral-health-can-it-help-heal-your-gums-857927,8503,retire,0,0,,0,856,,hydrogen-water-oral-health-help-heal-gums,Hydrogen Water Oral Health: Can It Help Heal Your Gums?
https://hydrogenstudies.com/blog/how-to-use-hydrogen-water-for-eye-health-what-science-says-072205,8511,retire,0,0,,0,713,how-to-use,use-hydrogen-water-eye-health-science-says,How to Use Hydrogen Water for Eye Health: What Science Says
https://hydrogenstudies.com/blog/how-to-use-hydrogen-water-for-eye-health-blue-light-protection-464353,8520,retire,0,0,,0,710,how-to-use,use-hydrogen-water-eye-health-blue-light-protection,How to Use Hydrogen Water for Eye Health: Blue Light Protection
https://hydrogenstudies.com/blog/hydrogen-water-eye-health-can-it-block-blue-light-damage-508616,8522,retire,0,0,,0,829,,hydrogen-water-eye-health-block-blue-light-damage,Hydrogen Water Eye Health: Can It Block Blue Light Damage?
https://hydrogenstudies.com/blog/how-to-use-hydrogen-water-for-brain-health-during-seizures-572935,8523,retire,0,0,,0,725,how-to-use,use-hydrogen-water-brain-health-during-seizures,How to Use Hydrogen Water for Brain Health During Seizures
https://hydrogenstudies.com/blog/how-to-use-hydrogen-water-for-brain-health-seizure-protection-guide-594157,8526,retire,0,0,,0,741,how-to-use,use-hydrogen-water-brain-health-seizure-protection,How to Use Hydrogen Water for Brain Health: Seizure Protection Guide
https://hydrogenstudies.com/blog/hydrogen-water-brain-health-can-it-stop-seizures-614577,8527,retire,0,0,,0,757,,hydrogen-water-brain-health-stop-seizures,Hydrogen Water Brain Health: Can It Stop Seizures?
https://hydrogenstudies.com/blog/hydrogen-water-for-brain-health-your-seizure-questions-answered-636320,8528,retire,0,0,,0,856,,hydrogen-water-brain-health-seizure-questions-answered,Hydrogen Water for Brain Health: Your Seizure Questions Answered
https://hydrogenstudies.com/blog/how-to-use-hydrogen-water-for-lung-protection-a-science-backed-guide-840971,8535,retire,0,1,227.0,0,705,how-to-use,use-hydrogen-water-lung-protection-science-backed,How to Use Hydrogen Water for Lung Protection: A Science-Backed Guide
https://hydrogenstudies.com/blog/hydrogen-water-and-radiation-lung-damage-what-2024-research-shows-859236,8538,retire,0,0,,0,748,what-20xx-research-shows,hydrogen-water-radiation-lung-damage-research-shows,Hydrogen Water and Radiation Lung Damage: What 2024 Research Shows
https://hydrogenstudies.com/blog/hydrogen-therapy-lung-health-can-it-help-cancer-patients-885444,8539,retire,0,0,,0,873,,hydrogen-therapy-lung-health-help-cancer-patients,Hydrogen Therapy Lung Health: Can It Help Cancer Patients?
https://hydrogenstudies.com/blog/hydrogen-water-and-surgery-what-2024-research-shows-for-lung-health-976599,8542,retire,0,0,,0,805,,hydrogen-water-surgery-research-shows-lung-health,Hydrogen Water and Surgery: What 2024 Research Shows for Lung Health
https://hydrogenstudies.com/blog/hydrogen-water-for-surgery-your-lung-health-questions-answered-019025,8543,retire,0,0,,0,829,,hydrogen-water-surgery-lung-health-questions-answered,Hydrogen Water for Surgery: Your Lung Health Questions Answered
https://hydrogenstudies.com/blog/how-to-use-hydrogen-water-for-long-covid-fatigue-a-science-backed-guide-106454,8544,retire,0,0,,0,745,how-to-use,use-hydrogen-water-long-covid-fatigue-science-backed,How to Use Hydrogen Water for Long COVID Fatigue: A Science-Backed Guide
https://hydrogenstudies.com/blog/hydrogen-water-for-long-covid-your-questions-answered-141520,8546,retire,0,0,,0,835,,hydrogen-water-long-covid-questions-answered,Hydrogen Water for Long COVID: Your Questions Answered
https://hydrogenstudies.com/blog/hydrogen-water-health-benefits-what-2024-cancer-research-shows-373291,8552,retire,0,13,14.8,0,810,,hydrogen-water-health-benefits-cancer-research-shows,Hydrogen Water Health Benefits: What 2024 Cancer Research Shows
https://hydrogenstudies.com/blog/hydrogen-water-heart-health-what-2024-research-shows-about-implants-605413,8561,retire,0,0,,0,772,,hydrogen-water-heart-health-research-shows-about-implants,Hydrogen Water Heart Health: What 2024 Research Shows About Implants
https://hydrogenstudies.com/blog/hydrogen-water-heart-health-can-implants-beat-drinking-it-651888,8565,retire,0,0,,0,828,,hydrogen-water-heart-health-implants-beat-drinking,Hydrogen Water Heart Health: Can Implants Beat Drinking It?
https://hydrogenstudies.com/blog/how-to-use-hydrogen-water-for-baby-lung-health-a-science-guide-739247,8568,retire,0,0,,0,791,how-to-use,use-hydrogen-water-baby-lung-health-science,How to Use Hydrogen Water for Baby Lung Health: A Science Guide
https://hydrogenstudies.com/blog/how-to-use-hydrogen-therapy-lung-health-for-baby-protection-735866,8569,retire,0,1,12.0,0,720,,use-hydrogen-therapy-lung-health-baby-protection,How to Use Hydrogen Therapy Lung Health for Baby Protection
https://hydrogenstudies.com/blog/hydrogen-therapy-lung-health-can-it-help-babies-breathe-better-784324,8570,retire,0,0,,0,854,,hydrogen-therapy-lung-health-help-babies-breathe-better,Hydrogen Therapy Lung Health: Can It Help Babies Breathe Better?
https://hydrogenstudies.com/blog/how-to-use-hydrogen-water-health-benefits-for-long-covid-a-science-backed-guide-875131,8573,retire,0,1,28.0,0,715,,use-hydrogen-water-health-benefits-long-covid-science-backed,How to Use Hydrogen Water Health Benefits for Long COVID: A Science-Backed Guide
https://hydrogenstudies.com/blog/hydrogen-water-health-benefits-for-long-covid-your-questions-answered-919147,8574,retire,0,4,104.5,0,774,,hydrogen-water-health-benefits-long-covid-questions-answered,Hydrogen Water Health Benefits for Long COVID: Your Questions Answered
https://hydrogenstudies.com/blog/hydrogen-water-and-lung-scarring-what-2024-research-shows-002330,8575,retire,0,2,141.0,0,798,what-20xx-research-shows,hydrogen-water-lung-scarring-research-shows,Hydrogen Water and Lung Scarring: What 2024 Research Shows
https://hydrogenstudies.com/blog/how-to-use-hydrogen-therapy-lung-health-for-easier-breathing-001382,8576,retire,0,0,,0,723,,use-hydrogen-therapy-lung-health-easier-breathing,How to Use Hydrogen Therapy Lung Health for Easier Breathing
https://hydrogenstudies.com/blog/how-to-use-hydrogen-water-health-benefits-for-better-workouts-133580,8579,retire,0,2,54.5,0,751,,use-hydrogen-water-health-benefits-better-workouts,How to Use Hydrogen Water Health Benefits for Better Workouts
https://hydrogenstudies.com/blog/hydrogen-water-health-benefits-your-exercise-questions-answered-176968,8580,retire,0,0,,0,863,,hydrogen-water-health-benefits-exercise-questions-answered,Hydrogen Water Health Benefits: Your Exercise Questions Answered
https://hydrogenstudies.com/blog/how-to-use-hydrogen-therapy-lung-health-for-cancer-care-261647,8582,retire,0,0,,0,774,,use-hydrogen-therapy-lung-health-cancer-care,How to Use Hydrogen Therapy Lung Health for Cancer Care
https://hydrogenstudies.com/blog/how-to-use-hydrogen-therapy-lung-health-for-dust-protection-377696,8586,retire,0,0,,0,742,,use-hydrogen-therapy-lung-health-dust-protection,How to Use Hydrogen Therapy Lung Health for Dust Protection
https://hydrogenstudies.com/blog/hydrogen-water-and-lung-scars-what-2024-research-shows-388713,8588,retire,0,0,,0,779,what-20xx-research-shows,hydrogen-water-lung-scars-research-shows,Hydrogen Water and Lung Scars: What 2024 Research Shows
https://hydrogenstudies.com/blog/hydrogen-therapy-lung-health-can-it-protect-from-dust-423008,8589,retire,0,0,,0,746,,hydrogen-therapy-lung-health-protect-dust,Hydrogen Therapy Lung Health: Can It Protect From Dust?
https://hydrogenstudies.com/blog/hydrogen-therapy-lung-health-can-it-help-lung-scarring-432762,8590,retire,0,0,,0,819,,hydrogen-therapy-lung-health-help-lung-scarring,Hydrogen Therapy Lung Health: Can It Help Lung Scarring?
https://hydrogenstudies.com/blog/how-to-use-hydrogen-water-health-benefits-for-cell-protection-517146,8594,retire,0,0,,0,711,,use-hydrogen-water-health-benefits-cell-protection,How to Use Hydrogen Water Health Benefits for Cell Protection
https://hydrogenstudies.com/blog/how-to-use-hydrogen-water-for-liver-health-fight-fatty-liver-651868,8600,retire,0,1,90.0,0,668,how-to-use,use-hydrogen-water-liver-health-fight-fatty-liver,How to Use Hydrogen Water for Liver Health: Fight Fatty Liver
https://hydrogenstudies.com/blog/hydrogen-water-brain-health-what-2024-cancer-study-shows-070306,8609,retire,0,0,,0,858,,hydrogen-water-brain-health-cancer-study-shows,Hydrogen Water Brain Health: What 2024 Cancer Study Shows
https://hydrogenstudies.com/blog/hydrogen-water-and-diabetic-bones-what-2024-research-shows-232932,8614,retire,0,0,,0,688,what-20xx-research-shows,hydrogen-water-diabetic-bones-research-shows,Hydrogen Water and Diabetic Bones: What 2024 Research Shows
https://hydrogenstudies.com/blog/hydrogen-water-for-diabetic-bones-your-questions-answered-277920,8617,retire,0,0,,0,792,,hydrogen-water-diabetic-bones-questions-answered,Hydrogen Water for Diabetic Bones: Your Questions Answered
https://hydrogenstudies.com/blog/hydrogen-water-eye-health-can-it-help-baby-vision-408487,8622,retire,0,0,,0,813,,hydrogen-water-eye-health-help-baby-vision,Hydrogen Water Eye Health: Can It Help Baby Vision?
https://hydrogenstudies.com/blog/how-to-use-hydrogen-water-for-better-gut-health-easy-relief-769633,8634,retire,0,0,,0,795,how-to-use,use-hydrogen-water-better-gut-health-easy-relief,How to Use Hydrogen Water for Better Gut Health: Easy Relief
https://hydrogenstudies.com/blog/hydrogen-water-gut-health-can-it-help-your-constipation-810925,8635,retire,0,0,,0,805,,hydrogen-water-gut-health-help-constipation,Hydrogen Water Gut Health: Can It Help Your Constipation?
https://hydrogenstudies.com/blog/hydrogen-water-and-chemo-brain-pain-what-2024-research-shows-156703,8644,retire,0,0,,0,756,what-20xx-research-shows,hydrogen-water-chemo-brain-pain-research-shows,Hydrogen Water and Chemo Brain Pain: What 2024 Research Shows
https://hydrogenstudies.com/blog/how-to-use-hydrogen-water-for-brain-health-after-cancer-a-science-backed-guide-151292,8645,retire,0,1,11.0,0,672,how-to-use,use-hydrogen-water-brain-health-after-cancer-science-backed,How to Use Hydrogen Water for Brain Health After Cancer: A Science-Backed Guide
https://hydrogenstudies.com/blog/hydrogen-water-brain-health-can-it-help-chemo-nerve-pain-172214,8646,retire,0,0,,0,841,,hydrogen-water-brain-health-help-chemo-nerve-pain,Hydrogen Water Brain Health: Can It Help Chemo Nerve Pain?
https://hydrogenstudies.com/blog/hydrogen-water-brain-health-can-it-help-chemo-side-effects-198413,8647,retire,0,0,,0,862,,hydrogen-water-brain-health-help-chemo-side-effects,Hydrogen Water Brain Health: Can It Help Chemo Side Effects?
https://hydrogenstudies.com/blog/hydrogen-water-liver-health-your-questions-answered-302391,8652,retire,0,34,26.2,0,833,,hydrogen-water-liver-health-questions-answered,Hydrogen Water Liver Health: Your Questions Answered
https://hydrogenstudies.com/blog/hydrogen-water-heart-health-what-2024-research-shows-for-kids-390355,8654,retire,0,0,,0,766,,hydrogen-water-heart-health-research-shows-kids,Hydrogen Water Heart Health: What 2024 Research Shows for Kids
https://hydrogenstudies.com/blog/hydrogen-water-heart-health-can-it-help-kids-hearts-430346,8658,retire,0,0,,0,790,,hydrogen-water-heart-health-help-kids-hearts,Hydrogen Water Heart Health: Can It Help Kids' Hearts?
https://hydrogenstudies.com/blog/hydrogen-water-health-benefits-what-2024-research-shows-for-athletes-524189,8660,retire,0,0,,0,769,,hydrogen-water-health-benefits-research-shows-athletes,Hydrogen Water Health Benefits: What 2024 Research Shows for Athletes
https://hydrogenstudies.com/blog/how-to-use-hydrogen-water-for-faster-sports-recovery-522892,8661,retire,0,1,11.0,0,720,how-to-use,use-hydrogen-water-faster-sports-recovery,How to Use Hydrogen Water for Faster Sports Recovery
https://hydrogenstudies.com/blog/hydrogen-water-health-benefits-for-athletes-your-questions-answered-569440,8662,retire,0,41,31.7,0,892,,hydrogen-water-health-benefits-athletes-questions-answered,Hydrogen Water Health Benefits for Athletes: Your Questions Answered
https://hydrogenstudies.com/blog/hydrogen-water-gut-health-what-2024-research-shows-about-tea-657201,8664,retire,0,0,,0,778,,hydrogen-water-gut-health-research-shows-about-tea,Hydrogen Water Gut Health: What 2024 Research Shows About Tea
https://hydrogenstudies.com/blog/hydrogen-water-brain-health-can-it-help-baby-brains-836144,8668,retire,0,0,,0,738,,hydrogen-water-brain-health-help-baby-brains,Hydrogen Water Brain Health: Can It Help Baby Brains?
https://hydrogenstudies.com/blog/how-to-use-hydrogen-water-for-heart-health-during-cancer-treatment-926602,8670,retire,0,0,,0,830,how-to-use,use-hydrogen-water-heart-health-during-cancer-treatment,How to Use Hydrogen Water for Heart Health During Cancer Treatment
https://hydrogenstudies.com/blog/hydrogen-water-health-benefits-for-covid-recovery-what-2023-research-shows-032726,8672,retire,0,0,,0,775,what-20xx-research-shows,hydrogen-water-health-benefits-covid-recovery-research-shows,Hydrogen Water Health Benefits for COVID Recovery: What 2023 Research Shows
https://hydrogenstudies.com/blog/how-to-use-hydrogen-water-health-benefits-for-faster-recovery-a-science-backed-guide-029479,8673,retire,0,0,,0,717,,use-hydrogen-water-health-benefits-faster-recovery-science-backed,How to Use Hydrogen Water Health Benefits for Faster Recovery: A Science-Backed Guide
https://hydrogenstudies.com/blog/hydrogen-water-health-benefits-what-2024-covid-research-shows-055781,8674,retire,0,5,81.6,0,769,,hydrogen-water-health-benefits-covid-research-shows,Hydrogen Water Health Benefits: What 2024 COVID Research Shows
https://hydrogenstudies.com/blog/how-to-use-hydrogen-water-health-benefits-for-faster-recovery-055997,8675,retire,0,0,,0,796,,use-hydrogen-water-health-benefits-faster-recovery,How to Use Hydrogen Water Health Benefits for Faster Recovery
https://hydrogenstudies.com/blog/hydrogen-water-health-benefits-covid-recovery-questions-074784,8676,retire,0,0,,0,874,,hydrogen-water-health-benefits-covid-recovery-questions,Hydrogen Water Health Benefits: COVID Recovery Questions
https://hydrogenstudies.com/blog/hydrogen-water-health-benefits-for-covid-recovery-faq-095263,8677,retire,0,0,,0,843,,hydrogen-water-health-benefits-covid-recovery-faq,Hydrogen Water Health Benefits for COVID Recovery: FAQ
https://hydrogenstudies.com/blog/how-to-use-hydrogen-water-health-benefits-to-fight-cell-damage-149341,8678,retire,0,53,67.0,0,716,,use-hydrogen-water-health-benefits-fight-cell-damage,How to Use Hydrogen Water Health Benefits to Fight Cell Damage
https://hydrogenstudies.com/blog/hydrogen-water-health-benefits-your-whole-body-questions-answered-192102,8682,retire,0,129,31.8,0,826,,hydrogen-water-health-benefits-whole-body-questions-answered,Hydrogen Water Health Benefits: Your Whole Body Questions Answered
https://hydrogenstudies.com/blog/hydrogen-water-health-benefits-your-body-questions-answered-218445,8683,retire,0,12,36.8,0,844,,hydrogen-water-health-benefits-body-questions-answered,Hydrogen Water Health Benefits: Your Body Questions Answered
https://hydrogenstudies.com/blog/how-to-use-hydrogen-water-for-brain-health-stay-social-during-stress-278804,8684,retire,0,0,,0,822,how-to-use,use-hydrogen-water-brain-health-stay-social-during-stress,How to Use Hydrogen Water for Brain Health: Stay Social During Stress
https://hydrogenstudies.com/blog/hydrogen-water-brain-health-what-2024-research-shows-about-depression-280715,8685,retire,0,0,,0,845,,hydrogen-water-brain-health-research-shows-about-depression,Hydrogen Water Brain Health: What 2024 Research Shows About Depression
https://hydrogenstudies.com/blog/hydrogen-water-brain-health-what-2024-research-shows-for-depression-306549,8687,retire,0,0,,0,775,,hydrogen-water-brain-health-research-shows-depression,Hydrogen Water Brain Health: What 2024 Research Shows for Depression
https://hydrogenstudies.com/blog/hydrogen-water-brain-health-your-depression-questions-answered-322740,8688,retire,0,0,,0,866,,hydrogen-water-brain-health-depression-questions-answered,Hydrogen Water Brain Health: Your Depression Questions Answered
https://hydrogenstudies.com/blog/hydrogen-water-brain-health-does-it-help-depression-349900,8689,retire,0,0,,0,856,,hydrogen-water-brain-health-help-depression,Hydrogen Water Brain Health: Does It Help Depression?
https://hydrogenstudies.com/blog/how-to-use-hydrogen-water-for-asthma-relief-a-science-backed-guide-407481,8690,retire,0,0,,0,724,how-to-use,use-hydrogen-water-asthma-relief-science-backed,How to Use Hydrogen Water for Asthma Relief: A Science-Backed Guide
https://hydrogenstudies.com/blog/how-to-use-hydrogen-water-for-lung-health-what-science-really-shows-545651,8693,retire,0,0,,0,711,how-to-use,use-hydrogen-water-lung-health-science-really-shows,How to Use Hydrogen Water for Lung Health: What Science Really Shows
https://hydrogenstudies.com/blog/hydrogen-water-and-lung-recovery-what-2024-research-shows-549471,8694,retire,0,0,,0,755,what-20xx-research-shows,hydrogen-water-lung-recovery-research-shows,Hydrogen Water and Lung Recovery: What 2024 Research Shows
https://hydrogenstudies.com/blog/how-to-use-hydrogen-water-for-brain-health-after-heart-problems-669439,8696,retire,0,0,,0,724,how-to-use,use-hydrogen-water-brain-health-after-heart-problems,How to Use Hydrogen Water for Brain Health After Heart Problems
https://hydrogenstudies.com/blog/hydrogen-water-brain-health-does-it-help-beat-addiction-843827,8701,retire,0,0,,0,822,,hydrogen-water-brain-health-help-beat-addiction,Hydrogen Water Brain Health: Does It Help Beat Addiction?
https://hydrogenstudies.com/blog/how-to-use-hydrogen-water-for-brain-health-after-surgery-928508,8702,retire,0,1,81.0,0,764,how-to-use,use-hydrogen-water-brain-health-after-surgery,How to Use Hydrogen Water for Brain Health After Surgery
https://hydrogenstudies.com/blog/hydrogen-water-health-benefits-what-2024-lung-research-shows-932900,8704,retire,0,0,,0,751,,hydrogen-water-health-benefits-lung-research-shows,Hydrogen Water Health Benefits: What 2024 Lung Research Shows
https://hydrogenstudies.com/blog/hydrogen-water-health-benefits-what-2024-research-shows-for-inflammation-194588,8712,retire,0,0,,0,790,,hydrogen-water-health-benefits-research-shows-inflammation,Hydrogen Water Health Benefits: What 2024 Research Shows for Inflammation
https://hydrogenstudies.com/blog/how-to-use-hydrogen-water-health-benefits-for-less-body-pain-198124,8713,retire,0,3,38.0,0,731,,use-hydrogen-water-health-benefits-less-body-pain,How to Use Hydrogen Water Health Benefits for Less Body Pain
https://hydrogenstudies.com/blog/hydrogen-water-health-benefits-what-2024-stem-cell-research-shows-325069,8715,retire,0,0,,0,720,,hydrogen-water-health-benefits-stem-cell-research-shows,Hydrogen Water Health Benefits: What 2024 Stem Cell Research Shows
https://hydrogenstudies.com/blog/how-to-use-hydrogen-water-health-benefits-for-better-cell-recovery-a-science-backed-guide-325567,8716,retire,0,1,5.0,0,682,,use-hydrogen-water-health-benefits-better-cell-recovery-science-backed,How to Use Hydrogen Water Health Benefits for Better Cell Recovery: A Science-Backed Guide
https://hydrogenstudies.com/blog/hydrogen-water-health-benefits-your-stem-cell-questions-answered-366495,8717,retire,0,0,,0,876,,hydrogen-water-health-benefits-stem-cell-questions-answered,Hydrogen Water Health Benefits: Your Stem Cell Questions Answered
https://hydrogenstudies.com/blog/how-to-use-hydrogen-water-for-blood-health-lower-uric-acid-453222,8719,retire,0,0,,0,706,how-to-use,use-hydrogen-water-blood-health-lower-uric-acid,How to Use Hydrogen Water for Blood Health: Lower Uric Acid
https://hydrogenstudies.com/blog/how-to-use-hydrogen-water-for-spine-surgery-recovery-a-science-backed-guide-730126,8724,retire,0,0,,0,755,how-to-use,use-hydrogen-water-spine-surgery-recovery-science-backed,How to Use Hydrogen Water for Spine Surgery Recovery: A Science-Backed Guide
https://hydrogenstudies.com/blog/hydrogen-water-for-spine-surgery-your-questions-answered-772772,8726,retire,0,0,,0,819,,hydrogen-water-spine-surgery-questions-answered,Hydrogen Water for Spine Surgery: Your Questions Answered
https://hydrogenstudies.com/blog/hydrogen-water-health-benefits-how-it-may-shield-your-heart-828643,8727,retire,0,65,85.1,0,696,,hydrogen-water-health-benefits-may-shield-heart,Hydrogen Water Health Benefits: How It May Shield Your Heart
https://hydrogenstudies.com/blog/hydrogen-water-health-benefits-how-it-may-protect-your-heart-856545,8729,retire,0,0,,0,684,,hydrogen-water-health-benefits-may-protect-heart,Hydrogen Water Health Benefits: How It May Protect Your Heart
https://hydrogenstudies.com/blog/hydrogen-water-health-benefits-your-fat-protection-questions-answered-896979,8732,retire,0,0,,0,780,,hydrogen-water-health-benefits-fat-protection-questions-answered,Hydrogen Water Health Benefits: Your Fat Protection Questions Answered
https://hydrogenstudies.com/blog/how-to-use-hydrogen-water-for-gut-health-early-warning-signs-957247,8733,retire,0,0,,0,683,how-to-use,use-hydrogen-water-gut-health-early-warning-signs,How to Use Hydrogen Water for Gut Health: Early Warning Signs
https://hydrogenstudies.com/blog/hydrogen-water-gut-health-what-2024-research-shows-about-early-detection-963398,8734,retire,0,0,,0,821,,hydrogen-water-gut-health-research-shows-about-early-detection,Hydrogen Water Gut Health: What 2024 Research Shows About Early Detection
https://hydrogenstudies.com/blog/hydrogen-therapy-bone-health-can-injections-help-joints-166927,8744,retire,0,0,,0,847,,hydrogen-therapy-bone-health-injections-help-joints,Hydrogen Therapy Bone Health: Can Injections Help Joints?
https://hydrogenstudies.com/blog/how-to-use-hydrogen-water-for-nose-stuffiness-a-science-backed-guide-227434,8746,retire,0,0,,0,751,how-to-use,use-hydrogen-water-nose-stuffiness-science-backed,How to Use Hydrogen Water for Nose Stuffiness: A Science-Backed Guide
https://hydrogenstudies.com/blog/hydrogen-water-blood-health-your-questions-answered-543459,8753,retire,0,0,,0,892,,hydrogen-water-blood-health-questions-answered,Hydrogen Water Blood Health: Your Questions Answered
https://hydrogenstudies.com/blog/hydrogen-water-and-sore-throat-what-2024-research-shows-636411,8754,retire,0,0,,0,820,what-20xx-research-shows,hydrogen-water-sore-throat-research-shows,Hydrogen Water and Sore Throat: What 2024 Research Shows
https://hydrogenstudies.com/blog/hydrogen-water-and-throat-pain-what-2024-research-shows-672363,8756,retire,0,0,,0,763,what-20xx-research-shows,hydrogen-water-throat-pain-research-shows,Hydrogen Water and Throat Pain: What 2024 Research Shows
https://hydrogenstudies.com/blog/hydrogen-therapy-lung-health-can-it-protect-during-surgery-681317,8757,retire,0,0,,0,851,,hydrogen-therapy-lung-health-protect-during-surgery,Hydrogen Therapy Lung Health: Can It Protect During Surgery?
https://hydrogenstudies.com/blog/hydrogen-water-eye-health-what-2024-research-shows-for-diabetes-781781,8760,retire,0,0,,0,860,,hydrogen-water-eye-health-research-shows-diabetes,Hydrogen Water Eye Health: What 2024 Research Shows for Diabetes
https://hydrogenstudies.com/blog/hydrogen-water-eye-health-can-it-help-diabetic-vision-825105,8763,retire,0,1,88.0,0,823,,hydrogen-water-eye-health-help-diabetic-vision,Hydrogen Water Eye Health: Can It Help Diabetic Vision?
https://hydrogenstudies.com/blog/hydrogen-therapy-bone-health-what-2024-research-shows-949233,8766,retire,0,1,80.0,0,687,what-20xx-research-shows,hydrogen-therapy-bone-health-research-shows,Hydrogen Therapy Bone Health: What 2024 Research Shows
https://hydrogenstudies.com/blog/hydrogen-therapy-bone-health-can-it-beat-infections-995179,8769,retire,0,0,,0,920,,hydrogen-therapy-bone-health-beat-infections,Hydrogen Therapy Bone Health: Can It Beat Infections?
https://hydrogenstudies.com/blog/hydrogen-water-health-benefits-for-dialysis-fatigue-what-2024-research-shows-054709,8771,retire,0,0,,0,705,what-20xx-research-shows,hydrogen-water-health-benefits-dialysis-fatigue-research-shows,Hydrogen Water Health Benefits for Dialysis Fatigue: What 2024 Research Shows
https://hydrogenstudies.com/blog/hydrogen-water-health-benefits-for-fatigue-your-questions-answered-101805,8772,retire,0,0,,0,879,,hydrogen-water-health-benefits-fatigue-questions-answered,Hydrogen Water Health Benefits for Fatigue: Your Questions Answered
https://hydrogenstudies.com/blog/how-to-use-hydrogen-water-for-liver-health-boost-cholesterol-control-184817,8774,keep,1,57,13.4,0,680,how-to-use,use-hydrogen-water-liver-health-boost-cholesterol-control,How to Use Hydrogen Water for Liver Health: Boost Cholesterol Control
https://hydrogenstudies.com/blog/hydrogen-water-liver-health-can-it-help-lower-cholesterol-231596,8775,retire,0,0,,0,780,,hydrogen-water-liver-health-help-lower-cholesterol,Hydrogen Water Liver Health: Can It Help Lower Cholesterol?
https://hydrogenstudies.com/blog/how-to-use-hydrogen-water-for-nose-surgery-recovery-a-science-backed-guide-319258,8776,retire,0,0,,0,713,how-to-use,use-hydrogen-water-nose-surgery-recovery-science-backed,How to Use Hydrogen Water for Nose Surgery Recovery: A Science-Backed Guide
https://hydrogenstudies.com/blog/hydrogen-water-nose-rinses-your-surgery-recovery-questions-359656,8778,retire,0,0,,0,819,,hydrogen-water-nose-rinses-surgery-recovery-questions,Hydrogen Water Nose Rinses: Your Surgery Recovery Questions
https://hydrogenstudies.com/blog/how-to-use-hydrogen-water-for-kidney-health-during-illness-445394,8779,retire,0,5,6.2,0,661,how-to-use,use-hydrogen-water-kidney-health-during-illness,How to Use Hydrogen Water for Kidney Health During Illness
https://hydrogenstudies.com/blog/hydrogen-water-health-benefits-cancer-fighting-questions-755859,8791,retire,0,0,,0,824,,hydrogen-water-health-benefits-cancer-fighting-questions,Hydrogen Water Health Benefits: Cancer Fighting Questions
https://hydrogenstudies.com/blog/hydrogen-water-gut-health-what-2024-research-shows-about-cleaner-digestion-075446,8804,retire,0,0,,0,812,,hydrogen-water-gut-health-research-shows-about-cleaner-digestion,Hydrogen Water Gut Health: What 2024 Research Shows About Cleaner Digestion
https://hydrogenstudies.com/blog/hydrogen-water-gut-health-in-cows-your-questions-answered-117116,8806,retire,0,0,,0,818,,hydrogen-water-gut-health-cows-questions-answered,Hydrogen Water Gut Health in Cows: Your Questions Answered
https://hydrogenstudies.com/blog/hydrogen-water-health-benefits-2024-research-on-metal-protection-208051,8807,retire,0,0,,0,794,,hydrogen-water-health-benefits-research-metal-protection,Hydrogen Water Health Benefits: 2024 Research on Metal Protection
https://hydrogenstudies.com/blog/how-to-use-hydrogen-water-for-toxin-protection-a-science-backed-guide-207039,8808,retire,0,0,,0,773,how-to-use,use-hydrogen-water-toxin-protection-science-backed,How to Use Hydrogen Water for Toxin Protection: A Science-Backed Guide
https://hydrogenstudies.com/blog/hydrogen-water-health-benefits-can-it-protect-you-from-toxins-254446,8809,retire,0,0,,0,865,,hydrogen-water-health-benefits-protect-toxins,Hydrogen Water Health Benefits: Can It Protect You From Toxins?
https://hydrogenstudies.com/blog/hydrogen-water-health-benefits-for-heart-what-2024-research-shows-474747,8814,retire,0,0,,0,767,what-20xx-research-shows,hydrogen-water-health-benefits-heart-research-shows,Hydrogen Water Health Benefits for Heart: What 2024 Research Shows
https://hydrogenstudies.com/blog/hydrogen-water-health-benefits-for-your-heart-faqs-answered-517667,8816,retire,0,0,,0,878,,hydrogen-water-health-benefits-heart-faqs-answered,Hydrogen Water Health Benefits for Your Heart: FAQs Answered
https://hydrogenstudies.com/blog/hydrogen-water-health-benefits-how-bacteria-fight-cancer-in-2024-603018,8819,retire,0,0,,0,751,,hydrogen-water-health-benefits-bacteria-fight-cancer,Hydrogen Water Health Benefits: How Bacteria Fight Cancer in 2024
https://hydrogenstudies.com/blog/hydrogen-water-health-benefits-can-it-fight-cancer-625512,8821,retire,0,0,,0,888,,hydrogen-water-health-benefits-fight-cancer,Hydrogen Water Health Benefits: Can It Fight Cancer?
https://hydrogenstudies.com/blog/how-to-use-hydrogen-water-for-brain-health-during-cancer-treatment-a-science-backed-guide-740034,8826,retire,0,2,282.5,0,753,how-to-use,use-hydrogen-water-brain-health-during-cancer-treatment-science-backed,How to Use Hydrogen Water for Brain Health During Cancer Treatment: A Science-Backed Guide
https://hydrogenstudies.com/blog/hydrogen-water-brain-health-your-cancer-questions-answered-780226,8828,retire,0,0,,0,842,,hydrogen-water-brain-health-cancer-questions-answered,Hydrogen Water Brain Health: Your Cancer Questions Answered
https://hydrogenstudies.com/blog/how-to-use-hydrogen-water-health-benefits-for-fighting-infections-871560,8832,retire,0,19,38.2,0,763,,use-hydrogen-water-health-benefits-fighting-infections,How to Use Hydrogen Water Health Benefits for Fighting Infections
https://hydrogenstudies.com/blog/hydrogen-water-health-benefits-can-it-fight-body-infections-884597,8833,retire,0,0,,0,734,,hydrogen-water-health-benefits-fight-body-infections,Hydrogen Water Health Benefits: Can It Fight Body Infections?
https://hydrogenstudies.com/blog/hydrogen-water-health-benefits-tiny-robots-fight-germs-917430,8834,retire,0,0,,0,853,,hydrogen-water-health-benefits-tiny-robots-fight-germs,Hydrogen Water Health Benefits: Tiny Robots Fight Germs?
https://hydrogenstudies.com/blog/how-to-use-hydrogen-water-for-dental-implants-a-science-backed-guide-337879,8840,retire,0,0,,0,741,how-to-use,use-hydrogen-water-dental-implants-science-backed,How to Use Hydrogen Water for Dental Implants: A Science-Backed Guide
https://hydrogenstudies.com/blog/how-to-use-hydrogen-water-for-better-athletic-recovery-457116,8841,retire,0,50,37.2,0,784,how-to-use,use-hydrogen-water-better-athletic-recovery,How to Use Hydrogen Water for Better Athletic Recovery
https://hydrogenstudies.com/blog/hydrogen-water-health-benefits-does-it-help-recovery-509527,8843,retire,0,0,,0,846,,hydrogen-water-health-benefits-help-recovery,Hydrogen Water Health Benefits: Does It Help Recovery?
https://hydrogenstudies.com/blog/hydrogen-water-brain-health-can-it-fight-alzheimers-522333,8844,retire,0,0,,0,778,,hydrogen-water-brain-health-fight-alzheimers,Hydrogen Water Brain Health: Can It Fight Alzheimer's?
https://hydrogenstudies.com/blog/hydrogen-water-health-benefits-can-it-help-fight-cancer-659844,8848,retire,0,0,,0,860,,hydrogen-water-health-benefits-help-fight-cancer,Hydrogen Water Health Benefits: Can It Help Fight Cancer?
https://hydrogenstudies.com/blog/how-to-use-hydrogen-water-for-brain-health-fight-stress-and-boost-your-mood-753018,8850,retire,0,0,,0,715,how-to-use,use-hydrogen-water-brain-health-fight-stress-boost-mood,How to Use Hydrogen Water for Brain Health: Fight Stress and Boost Your Mood
https://hydrogenstudies.com/blog/how-to-use-hydrogen-therapy-lung-health-safely-avoid-diy-risks-882403,8852,retire,0,0,,0,619,,use-hydrogen-therapy-lung-health-safely-avoid-diy-risks,How to Use Hydrogen Therapy Lung Health Safely: Avoid DIY Risks
https://hydrogenstudies.com/blog/hydrogen-therapy-lung-health-what-2024-safety-research-shows-884477,8853,retire,0,0,,0,669,,hydrogen-therapy-lung-health-safety-research-shows,Hydrogen Therapy Lung Health: What 2024 Safety Research Shows
https://hydrogenstudies.com/blog/hydrogen-therapy-lung-health-safety-questions-answered-925832,8854,retire,0,0,,0,842,,hydrogen-therapy-lung-health-safety-questions-answered,Hydrogen Therapy Lung Health: Safety Questions Answered
https://hydrogenstudies.com/blog/how-to-use-hydrogen-therapy-lung-health-a-science-backed-guide-276367,8861,retire,0,8,69.6,0,714,,use-hydrogen-therapy-lung-health-science-backed,How to Use Hydrogen Therapy Lung Health: A Science-Backed Guide
https://hydrogenstudies.com/blog/hydrogen-water-health-benefits-how-your-body-uses-it-524787,8870,retire,0,1,68.0,0,769,,hydrogen-water-health-benefits-body-uses,Hydrogen Water Health Benefits: How Your Body Uses It
https://hydrogenstudies.com/blog/how-to-use-hydrogen-water-for-baby-eye-health-a-science-guide-629513,8873,retire,0,0,,0,762,how-to-use,use-hydrogen-water-baby-eye-health-science,How to Use Hydrogen Water for Baby Eye Health: A Science Guide
https://hydrogenstudies.com/blog/hydrogen-water-for-baby-eye-health-your-questions-answered-667303,8876,retire,0,0,,0,865,,hydrogen-water-baby-eye-health-questions-answered,Hydrogen Water for Baby Eye Health: Your Questions Answered
https://hydrogenstudies.com/blog/hydrogen-water-eye-health-can-it-save-premature-babies-670342,8877,retire,0,1,147.0,0,773,,hydrogen-water-eye-health-save-premature-babies,Hydrogen Water Eye Health: Can It Save Premature Babies?
https://hydrogenstudies.com/blog/hydrogen-water-kidney-health-what-2024-research-shows-for-babies-175452,8889,retire,0,0,,0,744,,hydrogen-water-kidney-health-research-shows-babies,Hydrogen Water Kidney Health: What 2024 Research Shows for Babies
https://hydrogenstudies.com/blog/hydrogen-water-skin-benefits-what-2024-research-shows-for-diabetes-543842,8904,retire,0,0,,0,704,,hydrogen-water-skin-benefits-research-shows-diabetes,Hydrogen Water Skin Benefits: What 2024 Research Shows for Diabetes
https://hydrogenstudies.com/blog/how-to-use-hydrogen-water-for-diabetic-skin-a-science-backed-guide-548237,8905,retire,0,0,,0,691,how-to-use,use-hydrogen-water-diabetic-skin-science-backed,How to Use Hydrogen Water for Diabetic Skin: A Science-Backed Guide
https://hydrogenstudies.com/blog/hydrogen-water-skin-benefits-can-it-help-diabetic-wounds-590963,8907,retire,0,0,,0,910,,hydrogen-water-skin-benefits-help-diabetic-wounds,Hydrogen Water Skin Benefits: Can It Help Diabetic Wounds?
https://hydrogenstudies.com/blog/hydrogen-water-skin-benefits-for-diabetes-your-questions-answered-595245,8908,retire,0,21,34.7,0,844,,hydrogen-water-skin-benefits-diabetes-questions-answered,Hydrogen Water Skin Benefits for Diabetes: Your Questions Answered
https://hydrogenstudies.com/blog/hydrogen-water-skin-benefits-what-2024-research-shows-about-chronic-itch-684699,8912,retire,0,0,,0,694,,hydrogen-water-skin-benefits-research-shows-about-chronic-itch,Hydrogen Water Skin Benefits: What 2024 Research Shows About Chronic Itch
https://hydrogenstudies.com/blog/hydrogen-water-skin-benefits-can-it-stop-chronic-itching-723462,8913,retire,0,0,,0,867,,hydrogen-water-skin-benefits-stop-chronic-itching,Hydrogen Water Skin Benefits: Can It Stop Chronic Itching?
https://hydrogenstudies.com/blog/hydrogen-water-skin-benefits-can-it-stop-itching-728798,8914,retire,0,0,,0,836,,hydrogen-water-skin-benefits-stop-itching,Hydrogen Water Skin Benefits: Can It Stop Itching?
https://hydrogenstudies.com/blog/hydrogen-water-and-cancer-skin-care-what-2024-research-shows-812375,8915,retire,0,0,,0,753,what-20xx-research-shows,hydrogen-water-cancer-skin-care-research-shows,Hydrogen Water and Cancer Skin Care: What 2024 Research Shows
https://hydrogenstudies.com/blog/hydrogen-water-skin-benefits-does-it-protect-from-damage-857398,8917,retire,0,0,,0,836,,hydrogen-water-skin-benefits-protect-damage,Hydrogen Water Skin Benefits: Does It Protect From Damage?
https://hydrogenstudies.com/blog/how-to-use-hydrogen-water-for-cell-protection-what-new-science-shows-949000,8919,retire,0,0,,0,804,how-to-use,use-hydrogen-water-cell-protection-science-shows,How to Use Hydrogen Water for Cell Protection: What New Science Shows
https://hydrogenstudies.com/blog/hydrogen-water-health-benefits-does-new-research-change-everything-993169,8920,retire,0,0,,0,863,,hydrogen-water-health-benefits-research-change-everything,Hydrogen Water Health Benefits: Does New Research Change Everything?
https://hydrogenstudies.com/blog/how-to-use-hydrogen-water-for-pregnancy-safety-a-science-backed-guide-269894,8929,retire,0,1,11.0,0,808,how-to-use,use-hydrogen-water-pregnancy-safety-science-backed,How to Use Hydrogen Water for Pregnancy Safety: A Science-Backed Guide
https://hydrogenstudies.com/blog/how-to-use-hydrogen-water-for-fat-burning-a-science-backed-guide-412428,8935,retire,0,0,,0,809,how-to-use,use-hydrogen-water-fat-burning-science-backed,How to Use Hydrogen Water for Fat Burning: A Science-Backed Guide
https://hydrogenstudies.com/blog/hydrogen-water-health-benefits-how-2024-research-shows-fat-burning-426041,8936,retire,0,0,,0,725,,hydrogen-water-health-benefits-research-shows-fat-burning,Hydrogen Water Health Benefits: How 2024 Research Shows Fat Burning
https://hydrogenstudies.com/blog/hydrogen-water-health-benefits-does-it-boost-fat-burning-452321,8938,retire,0,0,,0,768,,hydrogen-water-health-benefits-boost-fat-burning,Hydrogen Water Health Benefits: Does It Boost Fat Burning?
https://hydrogenstudies.com/blog/hydrogen-water-health-benefits-does-it-help-women-burn-fat-467632,8939,retire,0,0,,0,842,,hydrogen-water-health-benefits-help-women-burn-fat,Hydrogen Water Health Benefits: Does It Help Women Burn Fat?
https://hydrogenstudies.com/blog/hydrogen-water-health-benefits-for-kidneys-what-2024-research-shows-685290,8943,retire,0,4,12.3,0,783,what-20xx-research-shows,hydrogen-water-health-benefits-kidneys-research-shows,Hydrogen Water Health Benefits for Kidneys: What 2024 Research Shows
https://hydrogenstudies.com/blog/how-to-use-hydrogen-water-for-energy-during-dialysis-treatment-688706,8944,retire,0,0,,0,852,how-to-use,use-hydrogen-water-energy-during-dialysis-treatment,How to Use Hydrogen Water for Energy During Dialysis Treatment
https://hydrogenstudies.com/blog/hydrogen-water-health-benefits-can-it-fight-extreme-tiredness-729341,8945,retire,0,0,,0,805,,hydrogen-water-health-benefits-fight-extreme-tiredness,Hydrogen Water Health Benefits: Can It Fight Extreme Tiredness?
https://hydrogenstudies.com/blog/how-to-use-hydrogen-water-for-knee-pain-a-science-backed-guide-823107,8946,retire,0,0,,0,750,how-to-use,use-hydrogen-water-knee-pain-science-backed,How to Use Hydrogen Water for Knee Pain: A Science-Backed Guide
https://hydrogenstudies.com/blog/hydrogen-water-knee-pain-what-2024-research-shows-823943,8947,retire,0,0,,0,774,what-20xx-research-shows,hydrogen-water-knee-pain-research-shows,Hydrogen Water Knee Pain: What 2024 Research Shows
https://hydrogenstudies.com/blog/hydrogen-water-for-knee-pain-your-questions-answered-868709,8948,retire,0,0,,0,887,,hydrogen-water-knee-pain-questions-answered,Hydrogen Water for Knee Pain: Your Questions Answered
https://hydrogenstudies.com/blog/how-to-use-hydrogen-water-for-bladder-control-a-science-backed-guide-082030,8953,keep,1,129,10.2,0,723,how-to-use,use-hydrogen-water-bladder-control-science-backed,How to Use Hydrogen Water for Bladder Control: A Science-Backed Guide
https://hydrogenstudies.com/blog/hydrogen-water-and-bladder-health-what-2024-research-shows-083186,8954,retire,0,0,,0,841,what-20xx-research-shows,hydrogen-water-bladder-health-research-shows,Hydrogen Water and Bladder Health: What 2024 Research Shows
https://hydrogenstudies.com/blog/hydrogen-water-for-bladder-issues-your-questions-answered-129458,8958,retire,0,3,5.0,0,784,,hydrogen-water-bladder-issues-questions-answered,Hydrogen Water for Bladder Issues: Your Questions Answered
https://hydrogenstudies.com/blog/hydrogen-water-health-benefits-what-2024-radiation-studies-show-217065,8959,retire,0,1,8.0,0,768,,hydrogen-water-health-benefits-radiation-studies-show,Hydrogen Water Health Benefits: What 2024 Radiation Studies Show
https://hydrogenstudies.com/blog/how-to-use-hydrogen-water-health-benefits-for-radiation-protection-217985,8960,retire,0,0,,0,703,,use-hydrogen-water-health-benefits-radiation-protection,How to Use Hydrogen Water Health Benefits for Radiation Protection
https://hydrogenstudies.com/blog/hydrogen-water-health-benefits-can-it-protect-you-from-radiation-260377,8963,retire,0,0,,0,803,,hydrogen-water-health-benefits-protect-radiation,Hydrogen Water Health Benefits: Can It Protect You From Radiation?
https://hydrogenstudies.com/blog/hydrogen-water-health-benefits-can-it-boost-immunity-262715,8964,retire,0,0,,0,868,,hydrogen-water-health-benefits-boost-immunity,Hydrogen Water Health Benefits: Can It Boost Immunity?
https://hydrogenstudies.com/blog/hydrogen-water-skin-benefits-can-it-help-cuts-heal-faster-392415,8969,retire,0,0,,0,856,,hydrogen-water-skin-benefits-help-cuts-heal-faster,Hydrogen Water Skin Benefits: Can It Help Cuts Heal Faster?
https://hydrogenstudies.com/blog/hydrogen-water-skin-benefits-your-wound-healing-questions-answered-396179,8970,retire,0,11,35.5,0,800,,hydrogen-water-skin-benefits-wound-healing-questions-answered,Hydrogen Water Skin Benefits: Your Wound Healing Questions Answered
https://hydrogenstudies.com/blog/hydrogen-water-gut-health-what-2024-pig-study-shows-484514,8972,retire,0,0,,0,787,,hydrogen-water-gut-health-pig-study-shows,Hydrogen Water Gut Health: What 2024 Pig Study Shows
https://hydrogenstudies.com/blog/hydrogen-water-gut-health-can-it-help-you-digest-better-529097,8973,retire,0,0,,0,795,,hydrogen-water-gut-health-help-digest-better,Hydrogen Water Gut Health: Can It Help You Digest Better?
https://hydrogenstudies.com/blog/hydrogen-water-skin-benefits-can-it-heal-wounds-faster-666350,8976,retire,0,3,33.7,0,870,,hydrogen-water-skin-benefits-heal-wounds-faster,Hydrogen Water Skin Benefits: Can It Heal Wounds Faster?
https://hydrogenstudies.com/blog/hydrogen-water-eye-health-can-it-help-glaucoma-pressure-804810,8979,retire,0,0,,0,834,,hydrogen-water-eye-health-help-glaucoma-pressure,Hydrogen Water Eye Health: Can It Help Glaucoma Pressure?
https://hydrogenstudies.com/blog/hydrogen-water-and-ocean-health-what-2024-research-shows-897207,8980,retire,0,0,,0,744,what-20xx-research-shows,hydrogen-water-ocean-health-research-shows,Hydrogen Water and Ocean Health: What 2024 Research Shows
https://hydrogenstudies.com/blog/how-to-use-hydrogen-water-health-benefits-for-heat-when-timing-matters-896917,8982,retire,0,0,,0,721,,use-hydrogen-water-health-benefits-heat-timing-matters,How to Use Hydrogen Water Health Benefits for Heat: When Timing Matters
https://hydrogenstudies.com/blog/how-to-use-hydrogen-water-health-benefits-your-body-makes-it-too-931972,8983,retire,0,34,69.9,0,691,,use-hydrogen-water-health-benefits-body-makes-too,How to Use Hydrogen Water Health Benefits: Your Body Makes It Too
https://hydrogenstudies.com/blog/hydrogen-water-health-benefits-can-it-save-coral-reefs-940704,8984,retire,0,0,,0,771,,hydrogen-water-health-benefits-save-coral-reefs,Hydrogen Water Health Benefits: Can It Save Coral Reefs?
https://hydrogenstudies.com/blog/hydrogen-water-health-benefits-does-your-body-make-it-978089,8985,retire,0,0,,0,770,,hydrogen-water-health-benefits-body-make,Hydrogen Water Health Benefits: Does Your Body Make It?
https://hydrogenstudies.com/blog/hydrogen-water-health-benefits-how-your-body-makes-it-028719,8986,retire,0,1,38.0,0,798,,hydrogen-water-health-benefits-body-makes,Hydrogen Water Health Benefits: How Your Body Makes It
https://hydrogenstudies.com/blog/how-to-use-hydrogen-water-for-oral-health-what-science-says-070050,8988,retire,0,0,,0,745,how-to-use,use-hydrogen-water-oral-health-science-says,How to Use Hydrogen Water for Oral Health: What Science Says
https://hydrogenstudies.com/blog/how-to-use-hydrogen-water-for-gum-health-what-science-says-118400,8990,retire,0,0,,0,776,how-to-use,use-hydrogen-water-gum-health-science-says,How to Use Hydrogen Water for Gum Health: What Science Says
https://hydrogenstudies.com/blog/hydrogen-water-gut-health-what-2024-research-shows-about-diabetes-199169,8991,retire,0,0,,0,649,,hydrogen-water-gut-health-research-shows-about-diabetes,Hydrogen Water Gut Health: What 2024 Research Shows About Diabetes
https://hydrogenstudies.com/blog/how-to-use-hydrogen-water-for-gut-health-better-blood-sugar-control-203586,8993,retire,0,1,15.0,0,661,how-to-use,use-hydrogen-water-gut-health-better-blood-sugar-control,How to Use Hydrogen Water for Gut Health: Better Blood Sugar Control
https://hydrogenstudies.com/blog/how-to-use-hydrogen-water-for-gut-health-fix-blood-sugar-spikes-202203,8994,retire,0,0,,0,738,how-to-use,use-hydrogen-water-gut-health-fix-blood-sugar-spikes,How to Use Hydrogen Water for Gut Health: Fix Blood Sugar Spikes
https://hydrogenstudies.com/blog/hydrogen-water-gut-health-type-2-diabetes-questions-answered-242050,8995,retire,0,0,,0,766,,hydrogen-water-gut-health-type-2-diabetes-questions-answered,Hydrogen Water Gut Health: Type 2 Diabetes Questions Answered
https://hydrogenstudies.com/blog/hydrogen-water-gut-health-your-diabetes-questions-answered-245694,8996,retire,0,0,,0,839,,hydrogen-water-gut-health-diabetes-questions-answered,Hydrogen Water Gut Health: Your Diabetes Questions Answered
https://hydrogenstudies.com/blog/how-to-use-hydrogen-water-for-brain-health-beat-stress-naturally-345704,8998,retire,0,0,,0,766,how-to-use,use-hydrogen-water-brain-health-beat-stress-naturally,How to Use Hydrogen Water for Brain Health: Beat Stress Naturally
https://hydrogenstudies.com/blog/how-to-use-hydrogen-water-for-better-baby-health-a-safety-guide-475450,9001,retire,0,0,,0,766,how-to-use,use-hydrogen-water-better-baby-health-safety,How to Use Hydrogen Water for Better Baby Health: A Safety Guide
https://hydrogenstudies.com/blog/hydrogen-water-pregnancy-safety-your-questions-answered-524158,9002,keep,0,236,12.4,0,876,,hydrogen-water-pregnancy-safety-questions-answered,Hydrogen Water Pregnancy Safety: Your Questions Answered
https://hydrogenstudies.com/blog/how-to-use-hydrogen-water-for-natural-healing-health-benefits-618390,9003,retire,0,0,,0,797,how-to-use,use-hydrogen-water-natural-healing-health-benefits,How to Use Hydrogen Water for Natural Healing: Health Benefits
https://hydrogenstudies.com/blog/hydrogen-water-health-benefits-what-2024-research-shows-about-germ-fighting-626037,9004,retire,0,0,,0,811,,hydrogen-water-health-benefits-research-shows-about-germ-fighting,Hydrogen Water Health Benefits: What 2024 Research Shows About Germ Fighting
https://hydrogenstudies.com/blog/hydrogen-water-health-benefits-your-germ-fighting-questions-661972,9005,retire,0,0,,0,875,,hydrogen-water-health-benefits-germ-fighting-questions,Hydrogen Water Health Benefits: Your Germ-Fighting Questions
https://hydrogenstudies.com/blog/hydrogen-water-health-benefits-what-2024-research-shows-about-parkinsons-755332,9007,retire,0,0,,0,771,,hydrogen-water-health-benefits-research-shows-about-parkinsons,Hydrogen Water Health Benefits: What 2024 Research Shows About Parkinson's
https://hydrogenstudies.com/blog/hydrogen-water-health-benefits-for-parkinsons-what-2024-research-shows-773828,9008,retire,0,0,,0,796,what-20xx-research-shows,hydrogen-water-health-benefits-parkinsons-research-shows,Hydrogen Water Health Benefits for Parkinson's: What 2024 Research Shows
https://hydrogenstudies.com/blog/hydrogen-water-health-benefits-for-parkinsons-your-questions-answered-796173,9009,retire,0,0,,0,893,,hydrogen-water-health-benefits-parkinsons-questions-answered,Hydrogen Water Health Benefits for Parkinson's: Your Questions Answered
https://hydrogenstudies.com/blog/how-to-use-hydrogen-water-health-benefits-for-better-digestion-878912,9013,retire,0,4,19.5,0,665,,use-hydrogen-water-health-benefits-better-digestion,How to Use Hydrogen Water Health Benefits for Better Digestion
https://hydrogenstudies.com/blog/hydrogen-water-health-benefits-your-safety-questions-answered-927627,9014,retire,0,4,43.5,0,813,,hydrogen-water-health-benefits-safety-questions-answered,Hydrogen Water Health Benefits: Your Safety Questions Answered
https://hydrogenstudies.com/blog/how-to-use-hydrogen-water-for-heart-health-after-heart-attack-016030,9016,retire,0,0,,0,751,how-to-use,use-hydrogen-water-heart-health-after-heart-attack,How to Use Hydrogen Water for Heart Health After Heart Attack
https://hydrogenstudies.com/blog/how-to-use-hydrogen-water-for-brain-health-during-surgery-148151,9022,retire,0,0,,0,745,how-to-use,use-hydrogen-water-brain-health-during-surgery,How to Use Hydrogen Water for Brain Health During Surgery
https://hydrogenstudies.com/blog/how-to-use-hydrogen-water-for-brain-health-clear-thinking-guide-150134,9024,retire,0,3,38.0,0,741,how-to-use,use-hydrogen-water-brain-health-clear-thinking,How to Use Hydrogen Water for Brain Health: Clear Thinking Guide
https://hydrogenstudies.com/blog/hydrogen-water-brain-health-what-2024-surgery-study-shows-156393,9025,retire,0,0,,0,867,,hydrogen-water-brain-health-surgery-study-shows,Hydrogen Water Brain Health: What 2024 Surgery Study Shows
https://hydrogenstudies.com/blog/hydrogen-water-brain-health-can-it-help-memory-after-surgery-200416,9027,retire,0,0,,0,918,,hydrogen-water-brain-health-help-memory-after-surgery,Hydrogen Water Brain Health: Can It Help Memory After Surgery?
https://hydrogenstudies.com/blog/hydrogen-therapy-bone-health-your-joint-pain-questions-answered-329678,9030,retire,0,1,146.0,0,908,,hydrogen-therapy-bone-health-joint-pain-questions-answered,Hydrogen Therapy Bone Health: Your Joint Pain Questions Answered
https://hydrogenstudies.com/blog/hydrogen-water-brain-health-your-recovery-questions-answered-466065,9033,retire,0,0,,0,859,,hydrogen-water-brain-health-recovery-questions-answered,Hydrogen Water Brain Health: Your Recovery Questions Answered
https://hydrogenstudies.com/blog/how-to-use-hydrogen-water-for-lupus-support-health-benefits-552236,9034,retire,0,0,,0,656,how-to-use,use-hydrogen-water-lupus-support-health-benefits,How to Use Hydrogen Water for Lupus Support: Health Benefits
https://hydrogenstudies.com/blog/hydrogen-water-and-lupus-what-2024-research-shows-554576,9035,retire,0,2,94.5,0,805,what-20xx-research-shows,hydrogen-water-lupus-research-shows,Hydrogen Water and Lupus: What 2024 Research Shows
https://hydrogenstudies.com/blog/hydrogen-water-health-benefits-for-lupus-your-questions-answered-598285,9036,retire,0,0,,0,880,,hydrogen-water-health-benefits-lupus-questions-answered,Hydrogen Water Health Benefits for Lupus: Your Questions Answered
https://hydrogenstudies.com/blog/how-to-use-hydrogen-water-for-autoimmune-health-benefits-690768,9038,retire,0,5,35.6,0,814,how-to-use,use-hydrogen-water-autoimmune-health-benefits,How to Use Hydrogen Water for Autoimmune Health Benefits
https://hydrogenstudies.com/blog/how-to-use-hydrogen-water-for-blood-vessel-health-a-science-guide-733535,9041,retire,0,0,,0,739,how-to-use,use-hydrogen-water-blood-vessel-health-science,How to Use Hydrogen Water for Blood Vessel Health: A Science Guide
https://hydrogenstudies.com/blog/how-to-use-hydrogen-water-for-blood-vessel-health-a-guide-821560,9042,retire,0,0,,0,764,how-to-use,use-hydrogen-water-blood-vessel-health,How to Use Hydrogen Water for Blood Vessel Health: A Guide
https://hydrogenstudies.com/blog/hydrogen-water-for-blood-vessels-your-questions-answered-867670,9046,retire,0,0,,0,854,,hydrogen-water-blood-vessels-questions-answered,Hydrogen Water for Blood Vessels: Your Questions Answered
https://hydrogenstudies.com/blog/hydrogen-water-health-benefits-what-2024-nanobot-research-shows-013405,9050,retire,0,0,,0,795,,hydrogen-water-health-benefits-nanobot-research-shows,Hydrogen Water Health Benefits: What 2024 Nanobot Research Shows
https://hydrogenstudies.com/blog/how-to-use-hydrogen-water-health-benefits-for-better-cell-protection-049999,9052,retire,0,0,,0,657,,use-hydrogen-water-health-benefits-better-cell-protection,How to Use Hydrogen Water Health Benefits for Better Cell Protection
https://hydrogenstudies.com/blog/hydrogen-water-eye-health-what-2024-space-study-shows-285423,9059,retire,0,1,96.0,0,795,,hydrogen-water-eye-health-space-study-shows,Hydrogen Water Eye Health: What 2024 Space Study Shows
https://hydrogenstudies.com/blog/hydrogen-water-eye-health-in-space-your-questions-answered-336000,9060,retire,0,0,,0,800,,hydrogen-water-eye-health-space-questions-answered,Hydrogen Water Eye Health in Space: Your Questions Answered
https://hydrogenstudies.com/blog/how-to-use-hydrogen-water-for-kidney-health-during-dialysis-418979,9062,retire,0,0,,0,753,how-to-use,use-hydrogen-water-kidney-health-during-dialysis,How to Use Hydrogen Water for Kidney Health During Dialysis
https://hydrogenstudies.com/blog/hydrogen-water-and-brain-tumors-what-2024-research-shows-574698,9066,retire,0,0,,0,776,what-20xx-research-shows,hydrogen-water-brain-tumors-research-shows,Hydrogen Water and Brain Tumors: What 2024 Research Shows
https://hydrogenstudies.com/blog/hydrogen-water-brain-health-can-it-fight-brain-tumors-592024,9067,retire,0,0,,0,860,,hydrogen-water-brain-health-fight-brain-tumors,Hydrogen Water Brain Health: Can It Fight Brain Tumors?
https://hydrogenstudies.com/blog/how-to-use-hydrogen-water-for-brain-health-als-support-guide-675105,9069,retire,0,0,,0,710,how-to-use,use-hydrogen-water-brain-health-als-support,How to Use Hydrogen Water for Brain Health: ALS Support Guide
https://hydrogenstudies.com/blog/hydrogen-water-brain-health-what-2024-als-research-shows-677290,9071,retire,0,0,,0,791,,hydrogen-water-brain-health-als-research-shows,Hydrogen Water Brain Health: What 2024 ALS Research Shows
https://hydrogenstudies.com/blog/hydrogen-water-brain-health-can-it-help-als-symptoms-722909,9072,retire,0,0,,0,804,,hydrogen-water-brain-health-help-als-symptoms,Hydrogen Water Brain Health: Can It Help ALS Symptoms?
https://hydrogenstudies.com/blog/hydrogen-water-brain-health-can-it-help-als-patients-717666,9073,retire,0,0,,0,773,,hydrogen-water-brain-health-help-als-patients,Hydrogen Water Brain Health: Can It Help ALS Patients?
https://hydrogenstudies.com/blog/how-to-use-hydrogen-therapy-lung-health-for-better-breathing-808277,9075,retire,0,2,96.5,0,670,,use-hydrogen-therapy-lung-health-better-breathing,How to Use Hydrogen Therapy Lung Health for Better Breathing
https://hydrogenstudies.com/blog/how-to-use-hydrogen-water-for-better-lung-health-a-science-backed-guide-810741,9076,retire,0,0,,0,720,how-to-use,use-hydrogen-water-better-lung-health-science-backed,How to Use Hydrogen Water for Better Lung Health: A Science-Backed Guide
https://hydrogenstudies.com/blog/hydrogen-water-muscle-recovery-what-2024-research-shows-940608,9080,retire,0,3,94.3,0,684,what-20xx-research-shows,hydrogen-water-muscle-recovery-research-shows,Hydrogen Water Muscle Recovery: What 2024 Research Shows
https://hydrogenstudies.com/blog/how-to-use-hydrogen-water-for-faster-wound-healing-a-guide-072680,9086,retire,0,0,,0,687,how-to-use,use-hydrogen-water-faster-wound-healing,How to Use Hydrogen Water for Faster Wound Healing: A Guide
https://hydrogenstudies.com/blog/hydrogen-water-health-benefits-for-diabetic-wounds-what-2024-research-shows-074399,9087,retire,0,0,,0,721,what-20xx-research-shows,hydrogen-water-health-benefits-diabetic-wounds-research-shows,Hydrogen Water Health Benefits for Diabetic Wounds: What 2024 Research Shows
https://hydrogenstudies.com/blog/hydrogen-water-and-sperm-what-2024-research-shows-213207,9090,retire,0,0,,0,782,what-20xx-research-shows,hydrogen-water-sperm-research-shows,Hydrogen Water and Sperm: What 2024 Research Shows
https://hydrogenstudies.com/blog/hydrogen-water-for-sperm-health-your-questions-answered-254491,9091,retire,0,0,,0,853,,hydrogen-water-sperm-health-questions-answered,Hydrogen Water for Sperm Health: Your Questions Answered
https://hydrogenstudies.com/blog/hydrogen-water-skin-benefits-what-2024-research-shows-about-cancer-345508,9092,retire,0,0,,0,789,,hydrogen-water-skin-benefits-research-shows-about-cancer,Hydrogen Water Skin Benefits: What 2024 Research Shows About Cancer
https://hydrogenstudies.com/blog/how-to-use-hydrogen-water-for-stronger-skin-a-science-backed-guide-345827,9094,retire,0,0,,0,711,how-to-use,use-hydrogen-water-stronger-skin-science-backed,How to Use Hydrogen Water for Stronger Skin: A Science-Backed Guide
https://hydrogenstudies.com/blog/hydrogen-water-brain-health-can-it-help-brain-injuries-525656,9097,retire,0,0,,0,873,,hydrogen-water-brain-health-help-brain-injuries,Hydrogen Water Brain Health: Can It Help Brain Injuries?
https://hydrogenstudies.com/blog/how-to-use-hydrogen-water-for-better-sperm-health-a-science-guide-534488,9099,retire,0,0,,0,819,how-to-use,use-hydrogen-water-better-sperm-health-science,How to Use Hydrogen Water for Better Sperm Health: A Science Guide
https://hydrogenstudies.com/blog/how-to-use-hydrogen-water-for-brain-health-during-cancer-care-661925,9101,retire,0,0,,0,729,how-to-use,use-hydrogen-water-brain-health-during-cancer-care,How to Use Hydrogen Water for Brain Health During Cancer Care
https://hydrogenstudies.com/blog/how-to-use-hydrogen-water-for-brain-health-during-cancer-treatment-660674,9104,retire,0,121,9.9,0,670,how-to-use,use-hydrogen-water-brain-health-during-cancer-treatment,How to Use Hydrogen Water for Brain Health During Cancer Treatment
https://hydrogenstudies.com/blog/hydrogen-water-brain-health-can-it-protect-from-radiation-707128,9106,retire,0,0,,0,869,,hydrogen-water-brain-health-protect-radiation,Hydrogen Water Brain Health: Can It Protect From Radiation?
https://hydrogenstudies.com/blog/how-to-use-hydrogen-water-for-brain-health-after-stroke-a-science-backed-guide-795936,9110,retire,0,1,9.0,0,657,how-to-use,use-hydrogen-water-brain-health-after-stroke-science-backed,How to Use Hydrogen Water for Brain Health After Stroke: A Science-Backed Guide
https://hydrogenstudies.com/blog/how-to-use-hydrogen-therapy-lung-health-after-brain-injury-927053,9114,retire,0,0,,0,755,,use-hydrogen-therapy-lung-health-after-brain-injury,How to Use Hydrogen Therapy Lung Health After Brain Injury
https://hydrogenstudies.com/blog/how-to-use-hydrogen-water-for-brain-health-protect-against-liver-toxins-059307,9117,retire,0,0,,0,763,how-to-use,use-hydrogen-water-brain-health-protect-against-liver-toxins,How to Use Hydrogen Water for Brain Health: Protect Against Liver Toxins
https://hydrogenstudies.com/blog/hydrogen-water-brain-health-can-it-protect-from-liver-damage-101791,9118,retire,0,0,,0,799,,hydrogen-water-brain-health-protect-liver-damage,Hydrogen Water Brain Health: Can It Protect From Liver Damage?
https://hydrogenstudies.com/blog/how-to-use-hydrogen-therapy-bone-health-for-steroid-protection-a-science-backed-guide-192909,9119,retire,0,0,,0,752,,use-hydrogen-therapy-bone-health-steroid-protection-science-backed,How to Use Hydrogen Therapy Bone Health for Steroid Protection: A Science-Backed Guide
https://hydrogenstudies.com/blog/how-to-use-hydrogen-water-for-female-athletes-health-benefits-guide-322490,9122,retire,0,0,,0,648,how-to-use,use-hydrogen-water-female-athletes-health-benefits,How to Use Hydrogen Water for Female Athletes: Health Benefits Guide
https://hydrogenstudies.com/blog/hydrogen-water-health-benefits-your-recovery-questions-answered-371233,9124,retire,0,24,5.7,0,848,,hydrogen-water-health-benefits-recovery-questions-answered,Hydrogen Water Health Benefits: Your Recovery Questions Answered
https://hydrogenstudies.com/blog/hydrogen-water-health-benefits-what-2024-science-shows-about-tiny-cell-generators-470345,9128,retire,0,0,,0,747,,hydrogen-water-health-benefits-science-shows-about-tiny-cell-generators,Hydrogen Water Health Benefits: What 2024 Science Shows About Tiny Cell Generators
https://hydrogenstudies.com/blog/hydrogen-water-health-benefits-anti-aging-questions-answered-482747,9129,retire,0,4,67.0,0,779,,hydrogen-water-health-benefits-anti-aging-questions-answered,Hydrogen Water Health Benefits: Anti-Aging Questions Answered
https://hydrogenstudies.com/blog/how-to-use-hydrogen-therapy-lung-health-for-less-swelling-598151,9133,retire,0,0,,0,789,,use-hydrogen-therapy-lung-health-less-swelling,How to Use Hydrogen Therapy Lung Health for Less Swelling
https://hydrogenstudies.com/blog/hydrogen-water-for-pemphigus-lung-damage-your-questions-answered-636293,9136,retire,0,0,,0,821,,hydrogen-water-pemphigus-lung-damage-questions-answered,Hydrogen Water for Pemphigus Lung Damage: Your Questions Answered
https://hydrogenstudies.com/blog/how-to-use-hydrogen-water-for-better-teeth-oral-health-guide-723908,9139,retire,0,0,,0,714,how-to-use,use-hydrogen-water-better-teeth-oral-health,How to Use Hydrogen Water for Better Teeth: Oral Health Guide
https://hydrogenstudies.com/blog/hydrogen-therapy-lung-health-what-2024-research-shows-976792,9146,retire,0,1,86.0,0,715,what-20xx-research-shows,hydrogen-therapy-lung-health-research-shows,Hydrogen Therapy Lung Health: What 2024 Research Shows
https://hydrogenstudies.com/blog/how-to-use-hydrogen-water-for-lupus-relief-health-benefits-guide-109151,9149,retire,0,0,,0,705,how-to-use,use-hydrogen-water-lupus-relief-health-benefits,How to Use Hydrogen Water for Lupus Relief: Health Benefits Guide
https://hydrogenstudies.com/blog/hydrogen-water-health-benefits-for-autoimmune-disease-faq-156163,9151,retire,0,6,94.5,0,818,,hydrogen-water-health-benefits-autoimmune-disease-faq,Hydrogen Water Health Benefits for Autoimmune Disease: FAQ
https://hydrogenstudies.com/blog/hydrogen-water-health-benefits-what-2024-research-shows-for-drug-side-effects-244740,9152,retire,0,0,,0,768,,hydrogen-water-health-benefits-research-shows-drug-side-effects,Hydrogen Water Health Benefits: What 2024 Research Shows for Drug Side Effects
https://hydrogenstudies.com/blog/how-to-use-hydrogen-water-health-benefits-to-fight-drug-side-effects-241078,9153,retire,0,18,67.6,0,728,,use-hydrogen-water-health-benefits-fight-drug-side-effects,How to Use Hydrogen Water Health Benefits to Fight Drug Side Effects
https://hydrogenstudies.com/blog/hydrogen-water-and-blood-recovery-what-2024-research-shows-272681,9154,retire,0,0,,0,790,what-20xx-research-shows,hydrogen-water-blood-recovery-research-shows,Hydrogen Water and Blood Recovery: What 2024 Research Shows
https://hydrogenstudies.com/blog/hydrogen-water-health-benefits-for-arthritis-your-questions-answered-290536,9155,keep,1,19,25.3,0,958,,hydrogen-water-health-benefits-arthritis-questions-answered,Hydrogen Water Health Benefits for Arthritis: Your Questions Answered
https://hydrogenstudies.com/blog/hydrogen-water-heart-health-can-it-prevent-heart-problems-420346,9160,retire,0,1,8.0,0,835,,hydrogen-water-heart-health-prevent-heart-problems,Hydrogen Water Heart Health: Can It Prevent Heart Problems?
https://hydrogenstudies.com/blog/hydrogen-water-health-benefits-for-muscle-recovery-what-2024-research-shows-636441,9168,retire,0,0,,0,818,what-20xx-research-shows,hydrogen-water-health-benefits-muscle-recovery-research-shows,Hydrogen Water Health Benefits for Muscle Recovery: What 2024 Research Shows
https://hydrogenstudies.com/blog/how-to-use-hydrogen-water-for-faster-recovery-over-50-633666,9169,retire,0,0,,0,808,how-to-use,use-hydrogen-water-faster-recovery-over-50,How to Use Hydrogen Water for Faster Recovery Over 50
https://hydrogenstudies.com/blog/how-to-use-hydrogen-water-for-muscle-building-after-50-a-science-backed-guide-634309,9171,retire,0,0,,0,744,how-to-use,use-hydrogen-water-muscle-building-after-50-science-backed,How to Use Hydrogen Water for Muscle Building After 50: A Science-Backed Guide
https://hydrogenstudies.com/blog/hydrogen-water-health-benefits-for-muscle-health-your-questions-answered-680035,9172,retire,0,0,,0,893,,hydrogen-water-health-benefits-muscle-health-questions-answered,Hydrogen Water Health Benefits for Muscle Health: Your Questions Answered
https://hydrogenstudies.com/blog/hydrogen-water-health-benefits-after-50-your-questions-answered-679269,9173,retire,0,0,,0,900,,hydrogen-water-health-benefits-after-50-questions-answered,Hydrogen Water Health Benefits After 50: Your Questions Answered
https://hydrogenstudies.com/blog/hydrogen-water-health-benefits-what-2024-patch-study-shows-770655,9175,retire,0,0,,0,813,,hydrogen-water-health-benefits-patch-study-shows,Hydrogen Water Health Benefits: What 2024 Patch Study Shows
https://hydrogenstudies.com/blog/hydrogen-water-health-benefits-post-surgery-recovery-faq-815760,9176,retire,0,0,,0,845,,hydrogen-water-health-benefits-post-surgery-recovery-faq,Hydrogen Water Health Benefits: Post-Surgery Recovery FAQ
https://hydrogenstudies.com/blog/how-to-use-hydrogen-water-for-wound-healing-a-science-backed-guide-904752,9178,retire,0,1,13.0,0,669,how-to-use,use-hydrogen-water-wound-healing-science-backed,How to Use Hydrogen Water for Wound Healing: A Science-Backed Guide
https://hydrogenstudies.com/blog/hydrogen-water-skin-benefits-pressure-sore-questions-answered-954527,9179,retire,0,0,,0,867,,hydrogen-water-skin-benefits-pressure-sore-questions-answered,Hydrogen Water Skin Benefits: Pressure Sore Questions Answered
https://hydrogenstudies.com/blog/how-to-use-hydrogen-water-for-oral-health-beat-germs-better-040021,9181,retire,0,0,,0,754,how-to-use,use-hydrogen-water-oral-health-beat-germs-better,How to Use Hydrogen Water for Oral Health: Beat Germs Better
https://hydrogenstudies.com/blog/hydrogen-water-for-germ-free-teeth-your-questions-answered-082979,9182,retire,0,0,,0,857,,hydrogen-water-germ-free-teeth-questions-answered,Hydrogen Water for Germ-Free Teeth: Your Questions Answered
https://hydrogenstudies.com/blog/how-to-use-hydrogen-water-for-sperm-health-a-science-backed-guide-171091,9184,retire,0,0,,0,768,how-to-use,use-hydrogen-water-sperm-health-science-backed,How to Use Hydrogen Water for Sperm Health: A Science-Backed Guide
https://hydrogenstudies.com/blog/hydrogen-water-skin-benefits-what-2024-burn-research-shows-303821,9189,retire,0,0,,0,774,,hydrogen-water-skin-benefits-burn-research-shows,Hydrogen Water Skin Benefits: What 2024 Burn Research Shows
https://hydrogenstudies.com/blog/hydrogen-water-for-burns-your-questions-answered-318663,9191,retire,0,0,,0,862,,hydrogen-water-burns-questions-answered,Hydrogen Water for Burns: Your Questions Answered
https://hydrogenstudies.com/blog/hydrogen-water-skin-benefits-for-burns-your-questions-answered-344238,9192,retire,0,2,82.0,0,808,,hydrogen-water-skin-benefits-burns-questions-answered,Hydrogen Water Skin Benefits for Burns: Your Questions Answered
https://hydrogenstudies.com/blog/how-to-use-hydrogen-therapy-bone-health-a-science-guide-407267,9193,retire,0,0,,0,669,,use-hydrogen-therapy-bone-health-science,How to Use Hydrogen Therapy Bone Health: A Science Guide
https://hydrogenstudies.com/blog/hydrogen-water-heart-health-what-2024-research-shows-for-lupus-539886,9199,retire,0,0,,0,778,,hydrogen-water-heart-health-research-shows-lupus,Hydrogen Water Heart Health: What 2024 Research Shows for Lupus
https://hydrogenstudies.com/blog/how-to-use-hydrogen-water-for-heart-health-in-lupus-a-science-backed-guide-567349,9202,retire,0,0,,0,756,how-to-use,use-hydrogen-water-heart-health-lupus-science-backed,How to Use Hydrogen Water for Heart Health in Lupus: A Science-Backed Guide
https://hydrogenstudies.com/blog/hydrogen-water-heart-health-your-lupus-questions-answered-581511,9203,retire,0,0,,0,849,,hydrogen-water-heart-health-lupus-questions-answered,Hydrogen Water Heart Health: Your Lupus Questions Answered
https://hydrogenstudies.com/blog/hydrogen-water-brain-health-what-2024-research-shows-for-chemo-805066,9209,retire,0,0,,0,772,,hydrogen-water-brain-health-research-shows-chemo,Hydrogen Water Brain Health: What 2024 Research Shows for Chemo
https://hydrogenstudies.com/blog/hydrogen-water-brain-health-can-it-help-chemo-patients-849960,9210,retire,0,2,92.5,0,846,,hydrogen-water-brain-health-help-chemo-patients,Hydrogen Water Brain Health: Can It Help Chemo Patients?
https://hydrogenstudies.com/blog/hydrogen-water-health-benefits-how-2024-science-fights-cancer-071606,9215,retire,0,0,,0,745,,hydrogen-water-health-benefits-science-fights-cancer,Hydrogen Water Health Benefits: How 2024 Science Fights Cancer
https://hydrogenstudies.com/blog/hydrogen-water-health-benefits-how-light-triggers-healing-in-2024-172102,9219,retire,0,0,,0,768,,hydrogen-water-health-benefits-light-triggers-healing,Hydrogen Water Health Benefits: How Light Triggers Healing in 2024
https://hydrogenstudies.com/blog/hydrogen-water-health-benefits-does-it-keep-your-body-young-393087,9228,retire,0,0,,0,899,,hydrogen-water-health-benefits-keep-body-young,Hydrogen Water Health Benefits: Does It Keep Your Body Young?
https://hydrogenstudies.com/blog/hydrogen-water-health-benefits-for-sleep-apnea-what-2024-research-shows-580969,9235,retire,0,1,83.0,0,863,what-20xx-research-shows,hydrogen-water-health-benefits-sleep-apnea-research-shows,Hydrogen Water Health Benefits for Sleep Apnea: What 2024 Research Shows
https://hydrogenstudies.com/blog/how-to-use-hydrogen-water-for-better-sleep-and-blood-vessel-health-575864,9236,retire,0,0,,0,709,how-to-use,use-hydrogen-water-better-sleep-blood-vessel-health,How to Use Hydrogen Water for Better Sleep and Blood Vessel Health
https://hydrogenstudies.com/blog/hydrogen-water-health-benefits-for-sleep-apnea-your-questions-answered-624281,9237,retire,0,0,,0,894,,hydrogen-water-health-benefits-sleep-apnea-questions-answered,Hydrogen Water Health Benefits for Sleep Apnea: Your Questions Answered
https://hydrogenstudies.com/blog/hydrogen-water-skin-benefits-for-eczema-what-2024-research-shows-713327,9238,retire,0,0,,0,741,what-20xx-research-shows,hydrogen-water-skin-benefits-eczema-research-shows,Hydrogen Water Skin Benefits for Eczema: What 2024 Research Shows
https://hydrogenstudies.com/blog/how-to-use-hydrogen-water-for-eczema-a-science-backed-guide-712090,9239,retire,0,0,,0,679,how-to-use,use-hydrogen-water-eczema-science-backed,How to Use Hydrogen Water for Eczema: A Science-Backed Guide
https://hydrogenstudies.com/blog/hydrogen-water-skin-benefits-your-eczema-questions-answered-752028,9240,retire,0,0,,0,795,,hydrogen-water-skin-benefits-eczema-questions-answered,Hydrogen Water Skin Benefits: Your Eczema Questions Answered
https://hydrogenstudies.com/blog/hydrogen-water-health-benefits-for-sleep-what-2024-research-shows-842369,9241,retire,0,2,62.5,0,822,what-20xx-research-shows,hydrogen-water-health-benefits-sleep-research-shows,Hydrogen Water Health Benefits for Sleep: What 2024 Research Shows
https://hydrogenstudies.com/blog/how-to-use-hydrogen-water-for-better-sleep-a-science-backed-guide-838809,9242,retire,0,3,16.3,0,659,how-to-use,use-hydrogen-water-better-sleep-science-backed,How to Use Hydrogen Water for Better Sleep: A Science-Backed Guide
https://hydrogenstudies.com/blog/hydrogen-water-health-benefits-for-sleep-your-questions-answered-886129,9243,retire,0,6,54.8,0,805,,hydrogen-water-health-benefits-sleep-questions-answered,Hydrogen Water Health Benefits for Sleep: Your Questions Answered
https://hydrogenstudies.com/blog/how-to-use-hydrogen-water-for-balance-issues-a-science-backed-guide-073927,9249,retire,0,0,,0,704,how-to-use,use-hydrogen-water-balance-issues-science-backed,How to Use Hydrogen Water for Balance Issues: A Science-Backed Guide
https://hydrogenstudies.com/blog/how-to-use-hydrogen-therapy-hearing-health-for-better-balance-106395,9250,retire,0,0,,0,731,,use-hydrogen-therapy-hearing-health-better-balance,How to Use Hydrogen Therapy Hearing Health for Better Balance
https://hydrogenstudies.com/blog/hydrogen-water-and-balance-what-2024-research-shows-105028,9251,retire,0,2,84.5,0,706,what-20xx-research-shows,hydrogen-water-balance-research-shows,Hydrogen Water and Balance: What 2024 Research Shows
https://hydrogenstudies.com/blog/hydrogen-water-for-balance-issues-your-questions-answered-118203,9252,retire,0,0,,0,834,,hydrogen-water-balance-issues-questions-answered,Hydrogen Water for Balance Issues: Your Questions Answered
https://hydrogenstudies.com/blog/hydrogen-therapy-hearing-health-can-it-help-your-balance-148579,9253,retire,0,1,1.0,0,790,,hydrogen-therapy-hearing-health-help-balance,Hydrogen Therapy Hearing Health: Can It Help Your Balance?
https://hydrogenstudies.com/blog/hydrogen-water-health-benefits-cancer-fighter-questions-278818,9259,retire,0,0,,0,795,,hydrogen-water-health-benefits-cancer-fighter-questions,Hydrogen Water Health Benefits: Cancer Fighter Questions
https://hydrogenstudies.com/blog/hydrogen-water-and-chemo-hearing-loss-what-2024-research-shows-337830,9261,retire,0,0,,0,735,what-20xx-research-shows,hydrogen-water-chemo-hearing-loss-research-shows,Hydrogen Water and Chemo Hearing Loss: What 2024 Research Shows
https://hydrogenstudies.com/blog/how-to-use-hydrogen-water-to-protect-your-ears-during-cancer-treatment-369589,9263,retire,0,0,,0,810,,use-hydrogen-water-protect-ears-during-cancer-treatment,How to Use Hydrogen Water to Protect Your Ears During Cancer Treatment
https://hydrogenstudies.com/blog/hydrogen-therapy-hearing-health-chemo-protection-faq-379284,9264,retire,0,0,,0,833,,hydrogen-therapy-hearing-health-chemo-protection-faq,Hydrogen Therapy Hearing Health: Chemo Protection FAQ
https://hydrogenstudies.com/blog/hydrogen-therapy-hearing-health-cancer-treatment-faq-409928,9265,retire,0,0,,0,825,,hydrogen-therapy-hearing-health-cancer-treatment-faq,Hydrogen Therapy Hearing Health: Cancer Treatment FAQ
https://hydrogenstudies.com/blog/hydrogen-water-brain-health-can-it-protect-from-damage-512485,9268,retire,0,0,,0,849,,hydrogen-water-brain-health-protect-damage,Hydrogen Water Brain Health: Can It Protect From Damage?
https://hydrogenstudies.com/blog/hydrogen-water-brain-health-what-2024-research-shows-for-head-injuries-602323,9269,retire,0,0,,0,773,,hydrogen-water-brain-health-research-shows-head-injuries,Hydrogen Water Brain Health: What 2024 Research Shows for Head Injuries
https://hydrogenstudies.com/blog/hydrogen-water-brain-health-can-it-protect-from-injury-650636,9271,retire,0,0,,0,805,,hydrogen-water-brain-health-protect-injury,Hydrogen Water Brain Health: Can It Protect From Injury?
https://hydrogenstudies.com/blog/how-to-use-hydrogen-water-for-better-sleep-and-less-cravings-a-science-backed-guide-737082,9273,retire,0,0,,0,793,how-to-use,use-hydrogen-water-better-sleep-less-cravings-science-backed,How to Use Hydrogen Water for Better Sleep and Less Cravings: A Science-Backed Guide
https://hydrogenstudies.com/blog/hydrogen-water-gut-health-what-2024-research-shows-about-mood-866487,9276,retire,0,0,,0,699,,hydrogen-water-gut-health-research-shows-about-mood,Hydrogen Water Gut Health: What 2024 Research Shows About Mood
https://hydrogenstudies.com/blog/hydrogen-water-gut-health-what-2024-research-shows-about-anxiety-873144,9277,retire,0,3,18.7,0,755,,hydrogen-water-gut-health-research-shows-about-anxiety,Hydrogen Water Gut Health: What 2024 Research Shows About Anxiety
https://hydrogenstudies.com/blog/hydrogen-water-kidney-health-what-2024-mouse-studies-show-995019,9281,retire,0,0,,0,733,,hydrogen-water-kidney-health-mouse-studies-show,Hydrogen Water Kidney Health: What 2024 Mouse Studies Show
https://hydrogenstudies.com/blog/hydrogen-water-kidney-health-can-it-help-chemo-patients-017077,9283,retire,0,0,,0,808,,hydrogen-water-kidney-health-help-chemo-patients,Hydrogen Water Kidney Health: Can It Help Chemo Patients?
https://hydrogenstudies.com/blog/how-to-use-hydrogen-water-for-heart-health-during-infections-102795,9286,retire,0,0,,0,662,how-to-use,use-hydrogen-water-heart-health-during-infections,How to Use Hydrogen Water for Heart Health During Infections
https://hydrogenstudies.com/blog/hydrogen-water-heart-health-what-2024-mouse-studies-show-127085,9287,retire,0,0,,0,716,,hydrogen-water-heart-health-mouse-studies-show,Hydrogen Water Heart Health: What 2024 Mouse Studies Show
https://hydrogenstudies.com/blog/hydrogen-water-heart-health-can-it-protect-during-illness-146927,9289,retire,0,0,,0,815,,hydrogen-water-heart-health-protect-during-illness,Hydrogen Water Heart Health: Can It Protect During Illness?
https://hydrogenstudies.com/blog/hydrogen-water-heart-health-can-it-help-during-illness-171575,9290,retire,0,0,,0,764,,hydrogen-water-heart-health-help-during-illness,Hydrogen Water Heart Health: Can It Help During Illness?
https://hydrogenstudies.com/blog/hydrogen-water-brain-health-can-it-prevent-alzheimers-299864,9296,retire,0,0,,0,793,,hydrogen-water-brain-health-prevent-alzheimers,Hydrogen Water Brain Health: Can It Prevent Alzheimer's?
https://hydrogenstudies.com/blog/how-to-use-hydrogen-water-for-better-workouts-cool-down-fast-372925,9297,retire,0,0,,0,717,how-to-use,use-hydrogen-water-better-workouts-cool-down-fast,How to Use Hydrogen Water for Better Workouts: Cool Down Fast
https://hydrogenstudies.com/blog/hydrogen-water-kidney-health-can-it-help-diabetics-545936,9302,retire,0,0,,0,802,,hydrogen-water-kidney-health-help-diabetics,Hydrogen Water Kidney Health: Can It Help Diabetics?
https://hydrogenstudies.com/blog/hydrogen-water-health-benefits-for-soccer-players-what-2024-research-shows-773793,9306,retire,0,25,7.8,0,818,what-20xx-research-shows,hydrogen-water-health-benefits-soccer-players-research-shows,Hydrogen Water Health Benefits for Soccer Players: What 2024 Research Shows
https://hydrogenstudies.com/blog/how-to-use-hydrogen-water-for-faster-recovery-a-science-backed-guide-772455,9307,retire,0,1,54.0,0,770,how-to-use,use-hydrogen-water-faster-recovery-science-backed,How to Use Hydrogen Water for Faster Recovery: A Science-Backed Guide
https://hydrogenstudies.com/blog/how-to-use-hydrogen-water-health-benefits-safely-what-new-research-shows-873067,9310,retire,0,0,,0,776,,use-hydrogen-water-health-benefits-safely-research-shows,How to Use Hydrogen Water Health Benefits Safely: What New Research Shows
https://hydrogenstudies.com/blog/hydrogen-water-health-benefits-what-2024-pig-study-shows-872061,9311,retire,0,0,,0,748,,hydrogen-water-health-benefits-pig-study-shows,Hydrogen Water Health Benefits: What 2024 Pig Study Shows
https://hydrogenstudies.com/blog/hydrogen-water-health-benefits-does-it-really-protect-your-body-921143,9313,retire,0,1,168.0,0,895,,hydrogen-water-health-benefits-really-protect-body,Hydrogen Water Health Benefits: Does It Really Protect Your Body?
https://hydrogenstudies.com/blog/hydrogen-water-health-benefits-for-gut-issues-your-questions-answered-952006,9314,retire,0,0,,0,853,,hydrogen-water-health-benefits-gut-issues-questions-answered,Hydrogen Water Health Benefits for Gut Issues: Your Questions Answered
https://hydrogenstudies.com/blog/how-to-use-hydrogen-water-for-faster-wound-healing-benefits-044246,9318,retire,0,0,,0,793,how-to-use,use-hydrogen-water-faster-wound-healing-benefits,How to Use Hydrogen Water for Faster Wound Healing Benefits
https://hydrogenstudies.com/blog/hydrogen-water-health-benefits-for-healing-your-questions-answered-087635,9321,retire,0,0,,0,846,,hydrogen-water-health-benefits-healing-questions-answered,Hydrogen Water Health Benefits for Healing: Your Questions Answered
https://hydrogenstudies.com/blog/hydrogen-water-gut-health-your-probiotic-questions-answered-221419,9327,retire,0,0,,0,801,,hydrogen-water-gut-health-probiotic-questions-answered,Hydrogen Water Gut Health: Your Probiotic Questions Answered
https://hydrogenstudies.com/blog/how-to-use-hydrogen-water-health-benefits-for-kidney-care-277140,9328,retire,0,0,,0,677,,use-hydrogen-water-health-benefits-kidney-care,How to Use Hydrogen Water Health Benefits for Kidney Care
https://hydrogenstudies.com/blog/hydrogen-water-health-benefits-your-dialysis-questions-answered-321126,9330,retire,0,1,11.0,0,810,,hydrogen-water-health-benefits-dialysis-questions-answered,Hydrogen Water Health Benefits: Your Dialysis Questions Answered
https://hydrogenstudies.com/blog/hydrogen-water-health-benefits-how-it-fights-cancer-in-2024-409257,9331,retire,0,0,,0,758,,hydrogen-water-health-benefits-fights-cancer,Hydrogen Water Health Benefits: How It Fights Cancer in 2024
https://hydrogenstudies.com/blog/hydrogen-water-brain-health-your-birth-injury-questions-answered-590146,9336,retire,0,0,,0,854,,hydrogen-water-brain-health-birth-injury-questions-answered,Hydrogen Water Brain Health: Your Birth Injury Questions Answered
https://hydrogenstudies.com/blog/hydrogen-water-health-benefits-for-muscles-what-2024-research-shows-678979,9338,retire,0,2,23.0,0,823,what-20xx-research-shows,hydrogen-water-health-benefits-muscles-research-shows,Hydrogen Water Health Benefits for Muscles: What 2024 Research Shows
https://hydrogenstudies.com/blog/how-to-use-hydrogen-therapy-bone-health-fight-fatigue-fast-816428,9343,retire,0,0,,0,754,,use-hydrogen-therapy-bone-health-fight-fatigue-fast,How to Use Hydrogen Therapy Bone Health: Fight Fatigue Fast
https://hydrogenstudies.com/blog/hydrogen-therapy-bone-health-your-questions-answered-858422,9345,retire,0,7,31.1,0,816,,hydrogen-therapy-bone-health-questions-answered,Hydrogen Therapy Bone Health: Your Questions Answered
https://hydrogenstudies.com/blog/how-to-use-hydrogen-water-for-cervix-cancer-care-gut-relief-guide-904124,9346,retire,0,0,,0,637,how-to-use,use-hydrogen-water-cervix-cancer-care-gut-relief,How to Use Hydrogen Water for Cervix Cancer Care: Gut Relief Guide
https://hydrogenstudies.com/blog/how-to-use-hydrogen-water-for-cervix-cancer-care-a-science-backed-guide-945231,9348,retire,0,0,,0,725,how-to-use,use-hydrogen-water-cervix-cancer-care-science-backed,How to Use Hydrogen Water for Cervix Cancer Care: A Science-Backed Guide
https://hydrogenstudies.com/blog/hydrogen-water-cervix-cancer-your-questions-answered-951733,9350,retire,0,0,,0,854,,hydrogen-water-cervix-cancer-questions-answered,Hydrogen Water Cervix Cancer: Your Questions Answered
https://hydrogenstudies.com/blog/hydrogen-water-health-benefits-what-2024-research-shows-about-radiation-protection-041169,9352,retire,0,34,68.3,0,768,,hydrogen-water-health-benefits-research-shows-about-radiation-protection,Hydrogen Water Health Benefits: What 2024 Research Shows About Radiation Protection
https://hydrogenstudies.com/blog/hydrogen-water-health-benefits-radiation-protection-faq-090307,9355,retire,0,1,21.0,0,910,,hydrogen-water-health-benefits-radiation-protection-faq,Hydrogen Water Health Benefits: Radiation Protection FAQ
https://hydrogenstudies.com/blog/how-to-use-hydrogen-water-for-ovaries-a-science-backed-guide-318798,9361,retire,0,0,,0,852,how-to-use,use-hydrogen-water-ovaries-science-backed,How to Use Hydrogen Water for Ovaries: A Science-Backed Guide
https://hydrogenstudies.com/blog/hydrogen-water-ovaries-your-cancer-questions-answered-362793,9362,retire,0,0,,0,860,,hydrogen-water-ovaries-cancer-questions-answered,Hydrogen Water Ovaries: Your Cancer Questions Answered
https://hydrogenstudies.com/blog/hydrogen-water-gut-health-what-2024-breath-tests-show-449428,9364,retire,0,0,,0,819,,hydrogen-water-gut-health-breath-tests-show,Hydrogen Water Gut Health: What 2024 Breath Tests Show
https://hydrogenstudies.com/blog/hydrogen-water-health-benefits-how-healing-gas-helps-wounds-582022,9366,retire,0,0,,0,682,,hydrogen-water-health-benefits-healing-gas-helps-wounds,Hydrogen Water Health Benefits: How Healing Gas Helps Wounds
https://hydrogenstudies.com/blog/hydrogen-water-health-benefits-for-diabetic-wounds-your-questions-answered-625158,9368,retire,0,0,,0,816,,hydrogen-water-health-benefits-diabetic-wounds-questions-answered,Hydrogen Water Health Benefits for Diabetic Wounds: Your Questions Answered
https://hydrogenstudies.com/blog/hydrogen-water-and-lupus-skin-what-2024-research-shows-632616,9369,retire,0,0,,0,796,what-20xx-research-shows,hydrogen-water-lupus-skin-research-shows,Hydrogen Water and Lupus Skin: What 2024 Research Shows
https://hydrogenstudies.com/blog/how-to-use-hydrogen-water-for-lupus-skin-rash-relief-631952,9370,retire,0,0,,0,754,how-to-use,use-hydrogen-water-lupus-skin-rash-relief,How to Use Hydrogen Water for Lupus Skin Rash Relief
https://hydrogenstudies.com/blog/hydrogen-water-skin-benefits-can-it-clear-lupus-rashes-679941,9371,retire,0,0,,0,864,,hydrogen-water-skin-benefits-clear-lupus-rashes,Hydrogen Water Skin Benefits: Can It Clear Lupus Rashes?
https://hydrogenstudies.com/blog/hydrogen-water-skin-benefits-for-lupus-your-questions-answered-717177,9372,retire,0,0,,0,808,,hydrogen-water-skin-benefits-lupus-questions-answered,Hydrogen Water Skin Benefits for Lupus: Your Questions Answered
https://hydrogenstudies.com/blog/hydrogen-water-brain-health-what-2024-stroke-study-shows-762730,9374,retire,0,0,,0,771,,hydrogen-water-brain-health-stroke-study-shows,Hydrogen Water Brain Health: What 2024 Stroke Study Shows
https://hydrogenstudies.com/blog/hydrogen-water-health-benefits-what-2024-skin-cancer-research-shows-888982,9377,retire,0,0,,0,749,,hydrogen-water-health-benefits-skin-cancer-research-shows,Hydrogen Water Health Benefits: What 2024 Skin Cancer Research Shows
https://hydrogenstudies.com/blog/how-to-use-hydrogen-water-for-gut-health-fight-cancer-cells-152817,9386,retire,0,0,,0,660,how-to-use,use-hydrogen-water-gut-health-fight-cancer-cells,How to Use Hydrogen Water for Gut Health: Fight Cancer Cells
https://hydrogenstudies.com/blog/hydrogen-water-gut-health-can-it-fight-colon-cancer-199172,9388,retire,0,0,,0,829,,hydrogen-water-gut-health-fight-colon-cancer,Hydrogen Water Gut Health: Can It Fight Colon Cancer?
https://hydrogenstudies.com/blog/hydrogen-water-health-benefits-what-2024-high-altitude-study-shows-285608,9389,retire,0,14,8.3,0,832,,hydrogen-water-health-benefits-high-altitude-study-shows,Hydrogen Water Health Benefits: What 2024 High Altitude Study Shows
https://hydrogenstudies.com/blog/how-to-use-hydrogen-water-for-high-altitude-health-benefits-guide-284235,9390,retire,0,7,8.0,0,743,how-to-use,use-hydrogen-water-high-altitude-health-benefits,How to Use Hydrogen Water for High Altitude Health: Benefits Guide
https://hydrogenstudies.com/blog/hydrogen-water-health-benefits-for-altitude-your-questions-answered-327282,9391,retire,0,20,15.9,0,848,,hydrogen-water-health-benefits-altitude-questions-answered,Hydrogen Water Health Benefits for Altitude: Your Questions Answered
https://hydrogenstudies.com/blog/how-to-use-hydrogen-water-for-gut-health-stop-diarrhea-fast-419370,9393,retire,0,8,27.9,0,718,how-to-use,use-hydrogen-water-gut-health-stop-diarrhea-fast,How to Use Hydrogen Water for Gut Health: Stop Diarrhea Fast
https://hydrogenstudies.com/blog/hydrogen-water-gut-health-your-questions-answered-466005,9394,retire,0,13,52.8,0,880,,hydrogen-water-gut-health-questions-answered,Hydrogen Water Gut Health: Your Questions Answered
https://hydrogenstudies.com/blog/hydrogen-water-gut-health-what-2024-chicken-study-shows-663511,9402,retire,0,0,,0,740,,hydrogen-water-gut-health-chicken-study-shows,Hydrogen Water Gut Health: What 2024 Chicken Study Shows
https://hydrogenstudies.com/blog/how-to-use-hydrogen-water-for-pressure-sore-healing-a-science-backed-guide-797741,9407,retire,0,0,,0,724,how-to-use,use-hydrogen-water-pressure-sore-healing-science-backed,How to Use Hydrogen Water for Pressure Sore Healing: A Science-Backed Guide
https://hydrogenstudies.com/blog/hydrogen-water-and-pressure-sores-what-2024-research-shows-801843,9408,retire,0,0,,0,783,what-20xx-research-shows,hydrogen-water-pressure-sores-research-shows,Hydrogen Water and Pressure Sores: What 2024 Research Shows
https://hydrogenstudies.com/blog/hydrogen-water-skin-benefits-your-wound-healing-questions-842087,9411,retire,0,0,,0,869,,hydrogen-water-skin-benefits-wound-healing-questions,Hydrogen Water Skin Benefits: Your Wound Healing Questions
https://hydrogenstudies.com/blog/hydrogen-water-for-pressure-sores-your-questions-answered-868328,9412,retire,0,0,,0,860,,hydrogen-water-pressure-sores-questions-answered,Hydrogen Water for Pressure Sores: Your Questions Answered
https://hydrogenstudies.com/blog/hydrogen-water-brain-health-what-2024-research-shows-about-nerve-pain-933850,9413,retire,0,0,,0,813,,hydrogen-water-brain-health-research-shows-about-nerve-pain,Hydrogen Water Brain Health: What 2024 Research Shows About Nerve Pain
https://hydrogenstudies.com/blog/how-to-use-hydrogen-water-for-brain-health-fix-gut-pain-fast-934721,9414,retire,0,0,,0,818,how-to-use,use-hydrogen-water-brain-health-fix-gut-pain-fast,How to Use Hydrogen Water for Brain Health: Fix Gut Pain Fast
https://hydrogenstudies.com/blog/hydrogen-water-brain-health-can-it-really-reduce-nerve-pain-977512,9415,retire,0,0,,0,802,,hydrogen-water-brain-health-really-reduce-nerve-pain,Hydrogen Water Brain Health: Can It Really Reduce Nerve Pain?
https://hydrogenstudies.com/blog/hydrogen-therapy-lung-health-can-it-help-asthma-109977,9418,retire,0,59,76.8,0,866,,hydrogen-therapy-lung-health-help-asthma,Hydrogen Therapy Lung Health: Can It Help Asthma?
https://hydrogenstudies.com/blog/hydrogen-water-health-benefits-for-stroke-what-2024-research-shows-198186,9420,retire,0,0,,0,840,what-20xx-research-shows,hydrogen-water-health-benefits-stroke-research-shows,Hydrogen Water Health Benefits for Stroke: What 2024 Research Shows
https://hydrogenstudies.com/blog/hydrogen-water-health-benefits-after-stroke-your-questions-answered-239146,9421,retire,0,0,,0,879,,hydrogen-water-health-benefits-after-stroke-questions-answered,Hydrogen Water Health Benefits After Stroke: Your Questions Answered
https://hydrogenstudies.com/blog/hydrogen-water-gut-health-what-2024-science-shows-328696,9423,retire,0,0,,0,812,,hydrogen-water-gut-health-science-shows,Hydrogen Water Gut Health: What 2024 Science Shows
https://hydrogenstudies.com/blog/hydrogen-water-health-benefits-your-bacteria-questions-answered-510117,9430,retire,0,0,,0,778,,hydrogen-water-health-benefits-bacteria-questions-answered,Hydrogen Water Health Benefits: Your Bacteria Questions Answered
https://hydrogenstudies.com/blog/how-to-use-hydrogen-water-for-stomach-protection-a-science-backed-guide-565691,9431,retire,0,7,43.1,0,902,how-to-use,use-hydrogen-water-stomach-protection-science-backed,How to Use Hydrogen Water for Stomach Protection: A Science-Backed Guide
https://hydrogenstudies.com/blog/hydrogen-water-stomach-healing-what-2024-research-shows-565900,9432,retire,0,0,,0,834,what-20xx-research-shows,hydrogen-water-stomach-healing-research-shows,Hydrogen Water Stomach Healing: What 2024 Research Shows
https://hydrogenstudies.com/blog/hydrogen-water-and-stomach-protection-what-2024-research-shows-601667,9433,retire,0,0,,0,990,what-20xx-research-shows,hydrogen-water-stomach-protection-research-shows,Hydrogen Water and Stomach Protection: What 2024 Research Shows
https://hydrogenstudies.com/blog/hydrogen-water-for-stomach-protection-your-questions-answered-610460,9435,retire,0,0,,0,932,,hydrogen-water-stomach-protection-questions-answered,Hydrogen Water for Stomach Protection: Your Questions Answered
https://hydrogenstudies.com/blog/how-to-use-hydrogen-water-for-strong-bones-a-science-backed-guide-734702,9439,retire,0,0,,0,729,how-to-use,use-hydrogen-water-strong-bones-science-backed,How to Use Hydrogen Water for Strong Bones: A Science-Backed Guide
https://hydrogenstudies.com/blog/hydrogen-water-skin-benefits-what-2024-patch-research-shows-976473,9446,retire,0,0,,0,764,,hydrogen-water-skin-benefits-patch-research-shows,Hydrogen Water Skin Benefits: What 2024 Patch Research Shows
https://hydrogenstudies.com/blog/how-to-use-hydrogen-water-for-healthy-skin-a-science-backed-guide-238984,9453,retire,0,0,,0,750,how-to-use,use-hydrogen-water-healthy-skin-science-backed,How to Use Hydrogen Water for Healthy Skin: A Science-Backed Guide
https://hydrogenstudies.com/blog/hydrogen-water-skin-benefits-what-2024-cancer-research-shows-272895,9454,retire,0,0,,0,724,,hydrogen-water-skin-benefits-cancer-research-shows,Hydrogen Water Skin Benefits: What 2024 Cancer Research Shows
https://hydrogenstudies.com/blog/hydrogen-water-skin-benefits-can-it-fight-cancer-284570,9455,retire,0,0,,0,881,,hydrogen-water-skin-benefits-fight-cancer,Hydrogen Water Skin Benefits: Can It Fight Cancer?
https://hydrogenstudies.com/blog/hydrogen-water-health-benefits-your-body-recovery-questions-answered-423257,9461,retire,0,0,,0,870,,hydrogen-water-health-benefits-body-recovery-questions-answered,Hydrogen Water Health Benefits: Your Body Recovery Questions Answered
https://hydrogenstudies.com/blog/how-to-use-hydrogen-water-for-faster-healing-a-science-backed-guide-508639,9462,retire,0,6,46.2,0,650,how-to-use,use-hydrogen-water-faster-healing-science-backed,How to Use Hydrogen Water for Faster Healing: A Science-Backed Guide
https://hydrogenstudies.com/blog/hydrogen-water-skin-benefits-what-2024-research-shows-511491,9463,retire,0,9,73.0,0,702,what-20xx-research-shows,hydrogen-water-skin-benefits-research-shows,Hydrogen Water Skin Benefits: What 2024 Research Shows
https://hydrogenstudies.com/blog/hydrogen-water-skin-benefits-what-2024-wound-healing-shows-549348,9464,retire,0,0,,0,796,,hydrogen-water-skin-benefits-wound-healing-shows,Hydrogen Water Skin Benefits: What 2024 Wound Healing Shows
https://hydrogenstudies.com/blog/how-to-use-hydrogen-water-for-cancer-support-health-benefits-638803,9468,retire,0,0,,0,839,how-to-use,use-hydrogen-water-cancer-support-health-benefits,How to Use Hydrogen Water for Cancer Support: Health Benefits
https://hydrogenstudies.com/blog/how-to-use-hydrogen-therapy-bone-health-for-joint-pain-relief-771729,9471,retire,0,8,67.4,0,681,,use-hydrogen-therapy-bone-health-joint-pain-relief,How to Use Hydrogen Therapy Bone Health for Joint Pain Relief
https://hydrogenstudies.com/blog/hydrogen-therapy-bone-health-can-it-help-arthritis-pain-813871,9472,retire,0,1,41.0,0,913,,hydrogen-therapy-bone-health-help-arthritis-pain,Hydrogen Therapy Bone Health: Can It Help Arthritis Pain?
https://hydrogenstudies.com/blog/hydrogen-water-heart-health-can-it-help-lupus-problems-940651,9475,retire,0,1,82.0,0,794,,hydrogen-water-heart-health-help-lupus-problems,Hydrogen Water Heart Health: Can It Help Lupus Problems?
https://hydrogenstudies.com/blog/hydrogen-water-gut-health-what-2024-research-shows-for-ibd-026664,9476,retire,0,0,,0,771,,hydrogen-water-gut-health-research-shows-ibd,Hydrogen Water Gut Health: What 2024 Research Shows for IBD
https://hydrogenstudies.com/blog/hydrogen-water-gut-health-can-it-help-ulcerative-colitis-072317,9478,retire,0,0,,0,843,,hydrogen-water-gut-health-help-ulcerative-colitis,Hydrogen Water Gut Health: Can It Help Ulcerative Colitis?
https://hydrogenstudies.com/blog/how-to-use-hydrogen-water-for-liver-health-protect-against-alcohol-damage-163258,9480,retire,0,24,22.3,0,743,how-to-use,use-hydrogen-water-liver-health-protect-against-alcohol-damage,How to Use Hydrogen Water for Liver Health: Protect Against Alcohol Damage
https://hydrogenstudies.com/blog/hydrogen-water-for-liver-health-your-hangover-questions-answered-203112,9482,retire,0,12,15.8,0,774,,hydrogen-water-liver-health-hangover-questions-answered,Hydrogen Water for Liver Health: Your Hangover Questions Answered
https://hydrogenstudies.com/blog/how-to-use-hydrogen-water-for-gut-health-what-your-breath-reveals-271170,9484,retire,0,0,,0,803,how-to-use,use-hydrogen-water-gut-health-breath-reveals,How to Use Hydrogen Water for Gut Health: What Your Breath Reveals
https://hydrogenstudies.com/blog/hydrogen-water-gut-health-what-2024-research-shows-about-food-issues-295505,9486,retire,0,3,95.3,0,896,,hydrogen-water-gut-health-research-shows-about-food-issues,Hydrogen Water Gut Health: What 2024 Research Shows About Food Issues
https://hydrogenstudies.com/blog/hydrogen-water-gut-health-your-fructose-questions-answered-340923,9488,retire,0,0,,0,919,,hydrogen-water-gut-health-fructose-questions-answered,Hydrogen Water Gut Health: Your Fructose Questions Answered
https://hydrogenstudies.com/blog/hydrogen-water-kidney-health-can-it-fight-cancer-cells-475263,9494,retire,0,0,,0,820,,hydrogen-water-kidney-health-fight-cancer-cells,Hydrogen Water Kidney Health: Can It Fight Cancer Cells?
https://hydrogenstudies.com/blog/how-to-use-hydrogen-therapy-bone-health-at-high-altitude-530191,9496,retire,0,0,,0,750,,use-hydrogen-therapy-bone-health-high-altitude,How to Use Hydrogen Therapy Bone Health at High Altitude
https://hydrogenstudies.com/blog/hydrogen-therapy-bone-health-high-altitude-protection-faq-607386,9500,retire,0,0,,0,836,,hydrogen-therapy-bone-health-high-altitude-protection-faq,Hydrogen Therapy Bone Health: High Altitude Protection FAQ
https://hydrogenstudies.com/blog/hydrogen-water-for-stomach-ulcers-your-questions-answered-708233,9503,retire,0,1,6.0,0,822,,hydrogen-water-stomach-ulcers-questions-answered,Hydrogen Water for Stomach Ulcers: Your Questions Answered
https://hydrogenstudies.com/blog/hydrogen-water-gut-health-what-2024-research-shows-about-bad-bacteria-795765,9504,retire,0,2,92.0,0,754,,hydrogen-water-gut-health-research-shows-about-bad-bacteria,Hydrogen Water Gut Health: What 2024 Research Shows About Bad Bacteria
https://hydrogenstudies.com/blog/how-to-use-hydrogen-water-for-liver-health-protect-against-pain-med-damage-927423,9508,retire,0,0,,0,758,how-to-use,use-hydrogen-water-liver-health-protect-against-pain-med-damage,How to Use Hydrogen Water for Liver Health: Protect Against Pain Med Damage
https://hydrogenstudies.com/blog/hydrogen-water-liver-health-can-it-protect-you-from-pills-973032,9509,retire,0,0,,0,880,,hydrogen-water-liver-health-protect-pills,Hydrogen Water Liver Health: Can It Protect You From Pills?
https://hydrogenstudies.com/blog/how-to-use-hydrogen-water-for-brain-health-calm-anxiety-naturally-178681,9515,retire,0,0,,0,772,how-to-use,use-hydrogen-water-brain-health-calm-anxiety-naturally,How to Use Hydrogen Water for Brain Health: Calm Anxiety Naturally
https://hydrogenstudies.com/blog/hydrogen-water-brain-health-what-2024-research-shows-about-ptsd-199793,9516,retire,0,0,,0,813,,hydrogen-water-brain-health-research-shows-about-ptsd,Hydrogen Water Brain Health: What 2024 Research Shows About PTSD
https://hydrogenstudies.com/blog/how-to-use-hydrogen-water-for-brain-health-stress-relief-guide-198841,9517,retire,0,0,,0,783,how-to-use,use-hydrogen-water-brain-health-stress-relief,How to Use Hydrogen Water for Brain Health: Stress Relief Guide
https://hydrogenstudies.com/blog/hydrogen-water-brain-health-your-ptsd-questions-answered-215601,9518,retire,0,0,,0,804,,hydrogen-water-brain-health-ptsd-questions-answered,Hydrogen Water Brain Health: Your PTSD Questions Answered
https://hydrogenstudies.com/blog/hydrogen-water-gut-health-what-2024-research-shows-about-fighting-bad-bacteria-309355,9521,retire,0,0,,0,741,,hydrogen-water-gut-health-research-shows-about-fighting-bad-bacteria,Hydrogen Water Gut Health: What 2024 Research Shows About Fighting Bad Bacteria
https://hydrogenstudies.com/blog/how-to-use-hydrogen-water-for-gut-health-fight-bad-bacteria-332260,9522,retire,0,0,,0,762,how-to-use,use-hydrogen-water-gut-health-fight-bad-bacteria,How to Use Hydrogen Water for Gut Health: Fight Bad Bacteria
https://hydrogenstudies.com/blog/hydrogen-water-gut-health-what-2024-research-shows-about-ulcers-337434,9523,retire,0,0,,0,769,,hydrogen-water-gut-health-research-shows-about-ulcers,Hydrogen Water Gut Health: What 2024 Research Shows About Ulcers
https://hydrogenstudies.com/blog/hydrogen-water-gut-health-can-it-fight-h-pylori-bacteria-351045,9524,retire,0,0,,0,826,,hydrogen-water-gut-health-fight-h-pylori-bacteria,Hydrogen Water Gut Health: Can It Fight H. Pylori Bacteria?
https://hydrogenstudies.com/blog/hydrogen-water-gut-health-does-it-kill-bad-bacteria-380844,9525,retire,0,0,,0,876,,hydrogen-water-gut-health-kill-bad-bacteria,Hydrogen Water Gut Health: Does It Kill Bad Bacteria?
https://hydrogenstudies.com/blog/hydrogen-water-gut-health-what-2024-research-shows-about-gas-441580,9526,retire,0,0,,0,726,,hydrogen-water-gut-health-research-shows-about-gas,Hydrogen Water Gut Health: What 2024 Research Shows About Gas
https://hydrogenstudies.com/blog/hydrogen-water-gut-health-your-breath-test-questions-answered-482433,9530,retire,0,4,71.5,0,766,,hydrogen-water-gut-health-breath-test-questions-answered,Hydrogen Water Gut Health: Your Breath Test Questions Answered
https://hydrogenstudies.com/blog/how-to-use-hydrogen-water-for-heart-health-shield-your-heart-572224,9532,retire,0,1,199.0,0,724,how-to-use,use-hydrogen-water-heart-health-shield-heart,How to Use Hydrogen Water for Heart Health: Shield Your Heart
https://hydrogenstudies.com/blog/hydrogen-water-brain-health-your-stroke-questions-answered-121137,9547,retire,0,0,,0,892,,hydrogen-water-brain-health-stroke-questions-answered,Hydrogen Water Brain Health: Your Stroke Questions Answered
https://hydrogenstudies.com/blog/hydrogen-water-brain-health-can-it-save-newborn-babies-211199,9552,retire,0,0,,0,833,,hydrogen-water-brain-health-save-newborn-babies,Hydrogen Water Brain Health: Can It Save Newborn Babies?
https://hydrogenstudies.com/blog/hydrogen-water-brain-health-can-it-help-newborn-babies-254617,9553,retire,0,0,,0,860,,hydrogen-water-brain-health-help-newborn-babies,Hydrogen Water Brain Health: Can It Help Newborn Babies?
https://hydrogenstudies.com/blog/how-to-use-hydrogen-water-for-healthy-testes-a-science-backed-guide-689636,9564,retire,0,0,,0,724,how-to-use,use-hydrogen-water-healthy-testes-science-backed,How to Use Hydrogen Water for Healthy Testes: A Science-Backed Guide
https://hydrogenstudies.com/blog/hydrogen-water-heart-health-is-lower-blood-oxygen-safe-994663,9572,retire,0,0,,0,786,,hydrogen-water-heart-health-lower-blood-oxygen-safe,Hydrogen Water Heart Health: Is Lower Blood Oxygen Safe?
https://hydrogenstudies.com/blog/hydrogen-water-health-benefits-for-stress-what-2024-research-shows-070027,9573,retire,0,0,,0,910,what-20xx-research-shows,hydrogen-water-health-benefits-stress-research-shows,Hydrogen Water Health Benefits for Stress: What 2024 Research Shows
https://hydrogenstudies.com/blog/how-to-use-hydrogen-water-for-stress-relief-a-science-backed-guide-068400,9574,retire,0,0,,0,754,how-to-use,use-hydrogen-water-stress-relief-science-backed,How to Use Hydrogen Water for Stress Relief: A Science-Backed Guide
https://hydrogenstudies.com/blog/how-to-use-hydrogen-water-for-work-stress-a-science-backed-guide-079644,9576,retire,0,0,,0,782,how-to-use,use-hydrogen-water-work-stress-science-backed,How to Use Hydrogen Water for Work Stress: A Science-Backed Guide
https://hydrogenstudies.com/blog/hydrogen-water-health-benefits-for-stress-your-questions-answered-116090,9577,retire,0,0,,0,885,,hydrogen-water-health-benefits-stress-questions-answered,Hydrogen Water Health Benefits for Stress: Your Questions Answered
https://hydrogenstudies.com/blog/hydrogen-water-health-benefits-what-2024-research-shows-for-burnout-204569,9580,retire,0,0,,0,830,,hydrogen-water-health-benefits-research-shows-burnout,Hydrogen Water Health Benefits: What 2024 Research Shows for Burnout
https://hydrogenstudies.com/blog/how-to-use-hydrogen-water-for-brain-health-baby-protection-guide-336649,9585,retire,0,0,,0,655,how-to-use,use-hydrogen-water-brain-health-baby-protection,How to Use Hydrogen Water for Brain Health: Baby Protection Guide
https://hydrogenstudies.com/blog/hydrogen-water-brain-health-can-it-protect-babies-382742,9587,retire,0,0,,0,775,,hydrogen-water-brain-health-protect-babies,Hydrogen Water Brain Health: Can It Protect Babies?
https://hydrogenstudies.com/blog/how-to-use-hydrogen-water-for-breast-health-a-science-backed-guide-471503,9589,retire,0,0,,0,783,how-to-use,use-hydrogen-water-breast-health-science-backed,How to Use Hydrogen Water for Breast Health: A Science-Backed Guide
https://hydrogenstudies.com/blog/hydrogen-water-for-breast-health-your-questions-answered-517267,9590,retire,0,0,,0,878,,hydrogen-water-breast-health-questions-answered,Hydrogen Water for Breast Health: Your Questions Answered
https://hydrogenstudies.com/blog/how-to-use-hydrogen-water-for-better-sleep-health-a-science-backed-guide-606935,9592,retire,0,5,10.6,0,764,how-to-use,use-hydrogen-water-better-sleep-health-science-backed,How to Use Hydrogen Water for Better Sleep Health: A Science-Backed Guide
https://hydrogenstudies.com/blog/hydrogen-water-for-sleep-apnea-your-questions-answered-650640,9593,retire,0,18,33.6,0,800,,hydrogen-water-sleep-apnea-questions-answered,Hydrogen Water for Sleep Apnea: Your Questions Answered
https://hydrogenstudies.com/blog/how-to-use-hydrogen-water-health-benefits-at-high-altitude-what-science-shows-734332,9594,retire,0,0,,0,688,,use-hydrogen-water-health-benefits-high-altitude-science-shows,How to Use Hydrogen Water Health Benefits at High Altitude: What Science Shows
https://hydrogenstudies.com/blog/hydrogen-water-and-high-altitude-sickness-what-2024-research-shows-738484,9595,retire,0,0,,0,750,what-20xx-research-shows,hydrogen-water-high-altitude-sickness-research-shows,Hydrogen Water and High Altitude Sickness: What 2024 Research Shows
https://hydrogenstudies.com/blog/hydrogen-water-health-benefits-for-high-altitude-your-questions-answered-777237,9596,retire,0,0,,0,833,,hydrogen-water-health-benefits-high-altitude-questions-answered,Hydrogen Water Health Benefits for High Altitude: Your Questions Answered
https://hydrogenstudies.com/blog/how-to-use-hydrogen-water-for-heart-health-sleep-apnea-guide-868056,9597,retire,0,0,,0,709,how-to-use,use-hydrogen-water-heart-health-sleep-apnea,How to Use Hydrogen Water for Heart Health: Sleep Apnea Guide
https://hydrogenstudies.com/blog/hydrogen-water-heart-health-sleep-apnea-questions-answered-911402,9601,retire,0,0,,0,851,,hydrogen-water-heart-health-sleep-apnea-questions-answered,Hydrogen Water Heart Health: Sleep Apnea Questions Answered
https://hydrogenstudies.com/blog/hydrogen-water-brain-health-your-sepsis-questions-answered-942971,9602,retire,0,0,,0,847,,hydrogen-water-brain-health-sepsis-questions-answered,Hydrogen Water Brain Health: Your Sepsis Questions Answered
https://hydrogenstudies.com/blog/how-to-use-hydrogen-water-for-more-energy-a-science-backed-guide-033283,9603,retire,0,2,31.5,0,747,how-to-use,use-hydrogen-water-more-energy-science-backed,How to Use Hydrogen Water for More Energy: A Science-Backed Guide
https://hydrogenstudies.com/blog/hydrogen-water-health-benefits-what-2024-research-shows-about-cell-power-030434,9604,retire,0,5,10.4,0,692,,hydrogen-water-health-benefits-research-shows-about-cell-power,Hydrogen Water Health Benefits: What 2024 Research Shows About Cell Power
https://hydrogenstudies.com/blog/how-to-use-hydrogen-water-health-benefits-for-more-energy-047483,9606,retire,0,25,59.6,0,731,,use-hydrogen-water-health-benefits-more-energy,How to Use Hydrogen Water Health Benefits for More Energy
https://hydrogenstudies.com/blog/hydrogen-water-health-benefits-your-liver-questions-answered-072084,9607,retire,0,0,,0,807,,hydrogen-water-health-benefits-liver-questions-answered,Hydrogen Water Health Benefits: Your Liver Questions Answered
https://hydrogenstudies.com/blog/how-to-use-hydrogen-water-for-baby-lung-health-a-science-backed-guide-161094,9609,retire,0,0,,0,664,how-to-use,use-hydrogen-water-baby-lung-health-science-backed,How to Use Hydrogen Water for Baby Lung Health: A Science-Backed Guide
https://hydrogenstudies.com/blog/hydrogen-therapy-lung-health-what-2024-research-shows-for-baby-lungs-165519,9610,retire,0,0,,0,784,,hydrogen-therapy-lung-health-research-shows-baby-lungs,Hydrogen Therapy Lung Health: What 2024 Research Shows for Baby Lungs
https://hydrogenstudies.com/blog/how-to-use-hydrogen-therapy-lung-health-for-baby-care-183762,9611,retire,0,0,,0,738,,use-hydrogen-therapy-lung-health-baby-care,How to Use Hydrogen Therapy Lung Health for Baby Care
https://hydrogenstudies.com/blog/hydrogen-water-and-baby-lungs-what-2024-research-shows-183624,9612,retire,0,0,,0,817,what-20xx-research-shows,hydrogen-water-baby-lungs-research-shows,Hydrogen Water and Baby Lungs: What 2024 Research Shows
https://hydrogenstudies.com/blog/hydrogen-therapy-lung-health-for-babies-your-questions-answered-228399,9614,retire,0,0,,0,867,,hydrogen-therapy-lung-health-babies-questions-answered,Hydrogen Therapy Lung Health for Babies: Your Questions Answered
https://hydrogenstudies.com/blog/how-to-use-hydrogen-water-for-faster-dental-implant-healing-297691,9615,retire,0,0,,0,712,how-to-use,use-hydrogen-water-faster-dental-implant-healing,How to Use Hydrogen Water for Faster Dental Implant Healing
https://hydrogenstudies.com/blog/hydrogen-water-oral-health-your-dental-surgery-questions-answered-342412,9617,retire,0,0,,0,810,,hydrogen-water-oral-health-dental-surgery-questions-answered,Hydrogen Water Oral Health: Your Dental Surgery Questions Answered
https://hydrogenstudies.com/blog/how-to-use-hydrogen-water-for-kids-gut-health-a-science-guide-433056,9618,retire,0,0,,0,729,how-to-use,use-hydrogen-water-kids-gut-health-science,How to Use Hydrogen Water for Kids' Gut Health: A Science Guide
https://hydrogenstudies.com/blog/hydrogen-water-gut-health-what-2024-research-shows-for-kids-433708,9619,retire,0,0,,0,826,,hydrogen-water-gut-health-research-shows-kids,Hydrogen Water Gut Health: What 2024 Research Shows for Kids
https://hydrogenstudies.com/blog/hydrogen-water-gut-health-your-kids-tummy-questions-answered-472638,9620,retire,0,0,,0,835,,hydrogen-water-gut-health-kids-tummy-questions-answered,Hydrogen Water Gut Health: Your Kids' Tummy Questions Answered
https://hydrogenstudies.com/blog/how-to-use-hydrogen-water-for-sun-protection-science-guide-557798,9622,retire,0,0,,0,671,how-to-use,use-hydrogen-water-sun-protection-science,How to Use Hydrogen Water for Sun Protection: Science Guide
https://hydrogenstudies.com/blog/hydrogen-water-skin-benefits-can-it-protect-from-sun-damage-604418,9623,retire,0,0,,0,895,,hydrogen-water-skin-benefits-protect-sun-damage,Hydrogen Water Skin Benefits: Can It Protect From Sun Damage?
https://hydrogenstudies.com/blog/how-to-use-hydrogen-water-for-brain-health-30-minute-guide-862188,9633,retire,0,0,,0,727,how-to-use,use-hydrogen-water-brain-health-30-minute,How to Use Hydrogen Water for Brain Health: 30-Minute Guide
https://hydrogenstudies.com/blog/how-to-use-hydrogen-water-for-better-lung-medicine-a-science-backed-guide-991158,9639,retire,0,0,,0,679,how-to-use,use-hydrogen-water-better-lung-medicine-science-backed,How to Use Hydrogen Water for Better Lung Medicine: A Science-Backed Guide
https://hydrogenstudies.com/blog/hydrogen-water-eye-health-what-2024-research-shows-about-cataracts-390991,9649,retire,0,0,,0,821,,hydrogen-water-eye-health-research-shows-about-cataracts,Hydrogen Water Eye Health: What 2024 Research Shows About Cataracts
https://hydrogenstudies.com/blog/how-to-use-hydrogen-water-for-scar-relief-a-science-backed-guide-631400,9655,retire,0,0,,0,764,how-to-use,use-hydrogen-water-scar-relief-science-backed,How to Use Hydrogen Water for Scar Relief: A Science-Backed Guide
https://hydrogenstudies.com/blog/how-to-use-hydrogen-water-for-keloid-scars-a-science-backed-guide-646515,9657,retire,0,43,11.7,0,714,how-to-use,use-hydrogen-water-keloid-scars-science-backed,How to Use Hydrogen Water for Keloid Scars: A Science-Backed Guide
https://hydrogenstudies.com/blog/hydrogen-water-skin-benefits-can-it-help-keloid-pain-677904,9658,retire,0,1,12.0,0,817,,hydrogen-water-skin-benefits-help-keloid-pain,Hydrogen Water Skin Benefits: Can It Help Keloid Pain?
https://hydrogenstudies.com/blog/hydrogen-water-skin-benefits-for-keloid-scars-your-questions-answered-694365,9659,retire,0,2,179.5,0,843,,hydrogen-water-skin-benefits-keloid-scars-questions-answered,Hydrogen Water Skin Benefits for Keloid Scars: Your Questions Answered
https://hydrogenstudies.com/blog/how-to-use-hydrogen-water-for-psoriasis-a-science-backed-guide-760096,9660,retire,0,5,46.2,0,769,how-to-use,use-hydrogen-water-psoriasis-science-backed,How to Use Hydrogen Water for Psoriasis: A Science-Backed Guide
https://hydrogenstudies.com/blog/hydrogen-water-skin-benefits-what-2024-mouse-study-shows-761479,9661,retire,0,0,,0,776,,hydrogen-water-skin-benefits-mouse-study-shows,Hydrogen Water Skin Benefits: What 2024 Mouse Study Shows
https://hydrogenstudies.com/blog/how-to-use-hydrogen-water-for-heart-health-in-babies-a-science-backed-guide-877828,9667,retire,0,0,,0,710,how-to-use,use-hydrogen-water-heart-health-babies-science-backed,How to Use Hydrogen Water for Heart Health in Babies: A Science-Backed Guide
https://hydrogenstudies.com/blog/hydrogen-water-heart-health-what-2024-research-shows-for-babies-914879,9669,retire,0,0,,0,774,,hydrogen-water-heart-health-research-shows-babies,Hydrogen Water Heart Health: What 2024 Research Shows for Babies
https://hydrogenstudies.com/blog/hydrogen-water-heart-health-can-it-save-newborn-lives-921841,9670,retire,0,0,,0,817,,hydrogen-water-heart-health-save-newborn-lives,Hydrogen Water Heart Health: Can It Save Newborn Lives?
https://hydrogenstudies.com/blog/hydrogen-water-heart-health-can-it-help-newborn-babies-953484,9671,retire,0,0,,0,847,,hydrogen-water-heart-health-help-newborn-babies,Hydrogen Water Heart Health: Can It Help Newborn Babies?
https://hydrogenstudies.com/blog/hydrogen-water-blood-health-heart-surgery-questions-answered-056315,9674,retire,0,0,,0,801,,hydrogen-water-blood-health-heart-surgery-questions-answered,Hydrogen Water Blood Health: Heart Surgery Questions Answered
https://hydrogenstudies.com/blog/hydrogen-water-gut-health-your-testing-questions-answered-193240,9677,retire,0,0,,0,829,,hydrogen-water-gut-health-testing-questions-answered,Hydrogen Water Gut Health: Your Testing Questions Answered
https://hydrogenstudies.com/blog/hydrogen-water-heart-health-what-2024-lupus-study-shows-284865,9678,retire,0,0,,0,784,,hydrogen-water-heart-health-lupus-study-shows,Hydrogen Water Heart Health: What 2024 Lupus Study Shows
https://hydrogenstudies.com/blog/hydrogen-water-heart-health-can-it-help-lupus-patients-329629,9680,retire,0,0,,0,901,,hydrogen-water-heart-health-help-lupus-patients,Hydrogen Water Heart Health: Can It Help Lupus Patients?
https://hydrogenstudies.com/blog/hydrogen-water-brain-health-your-questions-answered-574508,9688,retire,0,8,8.9,0,845,,hydrogen-water-brain-health-questions-answered,Hydrogen Water Brain Health: Your Questions Answered
https://hydrogenstudies.com/blog/how-to-use-hydrogen-water-for-brain-pain-relief-a-science-backed-guide-661179,9691,retire,0,0,,0,748,how-to-use,use-hydrogen-water-brain-pain-relief-science-backed,How to Use Hydrogen Water for Brain Pain Relief: A Science-Backed Guide
https://hydrogenstudies.com/blog/hydrogen-water-and-nerve-pain-what-2024-research-shows-677274,9692,retire,0,1,136.0,0,792,what-20xx-research-shows,hydrogen-water-nerve-pain-research-shows,Hydrogen Water and Nerve Pain: What 2024 Research Shows
https://hydrogenstudies.com/blog/hydrogen-water-skin-benefits-your-sun-damage-questions-answered-831481,9700,retire,0,0,,0,804,,hydrogen-water-skin-benefits-sun-damage-questions-answered,Hydrogen Water Skin Benefits: Your Sun Damage Questions Answered
https://hydrogenstudies.com/blog/hydrogen-water-health-benefits-what-2024-surgery-research-shows-045234,9706,retire,0,0,,0,772,,hydrogen-water-health-benefits-surgery-research-shows,Hydrogen Water Health Benefits: What 2024 Surgery Research Shows
https://hydrogenstudies.com/blog/hydrogen-water-health-benefits-for-surgery-your-questions-answered-093359,9707,retire,0,0,,0,862,,hydrogen-water-health-benefits-surgery-questions-answered,Hydrogen Water Health Benefits for Surgery: Your Questions Answered
https://hydrogenstudies.com/blog/hydrogen-water-health-benefits-new-2024-research-shows-promise-against-superbugs-434075,9715,retire,0,1,196.0,0,807,,hydrogen-water-health-benefits-research-shows-promise-against-superbugs,Hydrogen Water Health Benefits: New 2024 Research Shows Promise Against Superbugs
https://hydrogenstudies.com/blog/how-to-use-hydrogen-water-health-benefits-to-fight-germs-naturally-435575,9717,retire,0,1,6.0,0,812,,use-hydrogen-water-health-benefits-fight-germs-naturally,How to Use Hydrogen Water Health Benefits to Fight Germs Naturally
https://hydrogenstudies.com/blog/hydrogen-water-health-benefits-fighting-bacteria-faq-473531,9718,retire,0,0,,0,881,,hydrogen-water-health-benefits-fighting-bacteria-faq,Hydrogen Water Health Benefits: Fighting Bacteria FAQ
https://hydrogenstudies.com/blog/hydrogen-water-health-benefits-can-it-fight-bacteria-478234,9719,retire,0,0,,0,854,,hydrogen-water-health-benefits-fight-bacteria,Hydrogen Water Health Benefits: Can It Fight Bacteria?
https://hydrogenstudies.com/blog/hydrogen-water-health-benefits-what-2024-research-shows-about-air-cleaning-559308,9720,retire,0,0,,0,696,,hydrogen-water-health-benefits-research-shows-about-air-cleaning,Hydrogen Water Health Benefits: What 2024 Research Shows About Air Cleaning
https://hydrogenstudies.com/blog/how-to-use-hydrogen-water-health-benefits-for-clean-air-a-science-backed-guide-558873,9721,retire,0,1,10.0,0,718,,use-hydrogen-water-health-benefits-clean-air-science-backed,How to Use Hydrogen Water Health Benefits for Clean Air: A Science-Backed Guide
https://hydrogenstudies.com/blog/hydrogen-water-health-benefits-what-2024-research-shows-about-fighting-germs-572209,9722,retire,0,0,,0,806,,hydrogen-water-health-benefits-research-shows-about-fighting-germs,Hydrogen Water Health Benefits: What 2024 Research Shows About Fighting Germs
https://hydrogenstudies.com/blog/how-to-use-hydrogen-water-health-benefits-to-kill-germs-safely-569641,9723,retire,0,0,,0,716,,use-hydrogen-water-health-benefits-kill-germs-safely,How to Use Hydrogen Water Health Benefits to Kill Germs Safely
https://hydrogenstudies.com/blog/hydrogen-water-health-benefits-can-it-clean-air-safely-605576,9724,retire,0,0,,0,850,,hydrogen-water-health-benefits-clean-air-safely,Hydrogen Water Health Benefits: Can It Clean Air Safely?
https://hydrogenstudies.com/blog/how-to-use-hydrogen-water-for-brain-health-sleep-loss-protection-693204,9726,retire,0,0,,0,693,how-to-use,use-hydrogen-water-brain-health-sleep-loss-protection,How to Use Hydrogen Water for Brain Health: Sleep Loss Protection
https://hydrogenstudies.com/blog/hydrogen-water-brain-health-what-2024-sleep-study-shows-697756,9727,retire,0,2,55.5,0,720,,hydrogen-water-brain-health-sleep-study-shows,Hydrogen Water Brain Health: What 2024 Sleep Study Shows
https://hydrogenstudies.com/blog/hydrogen-water-brain-health-can-it-help-you-think-better-740900,9731,retire,0,0,,0,796,,hydrogen-water-brain-health-help-think-better,Hydrogen Water Brain Health: Can It Help You Think Better?
https://hydrogenstudies.com/blog/hydrogen-water-and-bone-infections-what-2024-research-shows-827080,9733,retire,0,0,,0,788,what-20xx-research-shows,hydrogen-water-bone-infections-research-shows,Hydrogen Water and Bone Infections: What 2024 Research Shows
https://hydrogenstudies.com/blog/how-to-use-hydrogen-water-for-better-workouts-a-science-guide-953160,9736,retire,0,2,27.0,0,726,how-to-use,use-hydrogen-water-better-workouts-science,How to Use Hydrogen Water for Better Workouts: A Science Guide
https://hydrogenstudies.com/blog/hydrogen-water-and-liver-cancer-what-2024-research-shows-216696,9741,retire,0,0,,0,839,what-20xx-research-shows,hydrogen-water-liver-cancer-research-shows,Hydrogen Water and Liver Cancer: What 2024 Research Shows
https://hydrogenstudies.com/blog/how-to-use-hydrogen-water-for-faster-mouth-surgery-healing-325847,9744,retire,0,0,,0,694,how-to-use,use-hydrogen-water-faster-mouth-surgery-healing,How to Use Hydrogen Water for Faster Mouth Surgery Healing
https://hydrogenstudies.com/blog/how-to-use-hydrogen-water-for-faster-tooth-healing-oral-health-guide-348461,9746,retire,0,0,,0,722,how-to-use,use-hydrogen-water-faster-tooth-healing-oral-health,How to Use Hydrogen Water for Faster Tooth Healing: Oral Health Guide
https://hydrogenstudies.com/blog/hydrogen-water-for-wisdom-teeth-your-questions-answered-368958,9748,retire,0,0,,0,852,,hydrogen-water-wisdom-teeth-questions-answered,Hydrogen Water for Wisdom Teeth: Your Questions Answered
https://hydrogenstudies.com/blog/hydrogen-water-oral-health-your-tooth-surgery-questions-answered-394007,9749,retire,0,0,,0,869,,hydrogen-water-oral-health-tooth-surgery-questions-answered,Hydrogen Water Oral Health: Your Tooth Surgery Questions Answered
https://hydrogenstudies.com/blog/hydrogen-water-brain-health-what-2024-research-shows-for-parkinsons-452536,9751,retire,0,2,83.5,0,805,,hydrogen-water-brain-health-research-shows-parkinsons,Hydrogen Water Brain Health: What 2024 Research Shows for Parkinson's
https://hydrogenstudies.com/blog/hydrogen-water-brain-health-what-2024-parkinsons-study-shows-481303,9752,retire,0,0,,0,793,,hydrogen-water-brain-health-parkinsons-study-shows,Hydrogen Water Brain Health: What 2024 Parkinson's Study Shows
https://hydrogenstudies.com/blog/hydrogen-water-brain-health-can-it-help-parkinsons-524959,9755,retire,0,0,,0,868,,hydrogen-water-brain-health-help-parkinsons,Hydrogen Water Brain Health: Can It Help Parkinson's?
https://hydrogenstudies.com/blog/how-to-use-hydrogen-water-for-heart-health-during-chemo-treatment-609212,9758,retire,0,0,,0,716,how-to-use,use-hydrogen-water-heart-health-during-chemo-treatment,How to Use Hydrogen Water for Heart Health During Chemo Treatment
https://hydrogenstudies.com/blog/hydrogen-water-heart-health-can-it-protect-during-cancer-treatment-618534,9760,retire,0,0,,0,870,,hydrogen-water-heart-health-protect-during-cancer-treatment,Hydrogen Water Heart Health: Can It Protect During Cancer Treatment?
https://hydrogenstudies.com/blog/hydrogen-water-heart-health-what-2024-bubble-research-shows-835871,9766,retire,0,0,,0,783,,hydrogen-water-heart-health-bubble-research-shows,Hydrogen Water Heart Health: What 2024 Bubble Research Shows
https://hydrogenstudies.com/blog/how-to-use-hydrogen-water-for-staying-strong-as-you-age-a-science-backed-guide-961261,9768,retire,0,1,287.0,0,724,how-to-use,use-hydrogen-water-staying-strong-as-age-science-backed,How to Use Hydrogen Water for Staying Strong as You Age: A Science-Backed Guide
https://hydrogenstudies.com/blog/how-to-use-hydrogen-water-health-benefits-during-cancer-treatment-a-science-backed-guide-225588,9775,retire,0,1,99.0,0,664,,use-hydrogen-water-health-benefits-during-cancer-treatment-science-backed,How to Use Hydrogen Water Health Benefits During Cancer Treatment: A Science-Backed Guide
https://hydrogenstudies.com/blog/hydrogen-water-for-ovaries-your-questions-answered-270915,9779,retire,0,0,,0,959,,hydrogen-water-ovaries-questions-answered,Hydrogen Water for Ovaries: Your Questions Answered
https://hydrogenstudies.com/blog/how-to-use-hydrogen-water-for-calm-skin-a-science-backed-guide-352575,9781,retire,0,0,,0,686,how-to-use,use-hydrogen-water-calm-skin-science-backed,How to Use Hydrogen Water for Calm Skin: A Science-Backed Guide
https://hydrogenstudies.com/blog/how-to-use-hydrogen-water-for-brain-health-fight-memory-loss-489304,9785,retire,0,0,,0,788,how-to-use,use-hydrogen-water-brain-health-fight-memory-loss,How to Use Hydrogen Water for Brain Health: Fight Memory Loss
https://hydrogenstudies.com/blog/how-to-use-hydrogen-water-for-liver-health-during-cancer-treatment-a-science-backed-guide-743705,9790,retire,0,0,,0,696,how-to-use,use-hydrogen-water-liver-health-during-cancer-treatment-science-backed,How to Use Hydrogen Water for Liver Health During Cancer Treatment: A Science-Backed Guide
https://hydrogenstudies.com/blog/hydrogen-water-brain-health-does-it-help-baby-seizures-050631,9798,retire,0,0,,0,879,,hydrogen-water-brain-health-help-baby-seizures,Hydrogen Water Brain Health: Does It Help Baby Seizures?
https://hydrogenstudies.com/blog/hydrogen-water-oral-health-what-2024-research-shows-for-cancer-care-107345,9799,retire,0,0,,0,733,,hydrogen-water-oral-health-research-shows-cancer-care,Hydrogen Water Oral Health: What 2024 Research Shows for Cancer Care
https://hydrogenstudies.com/blog/hydrogen-water-oral-health-what-2024-research-shows-for-cancer-patients-140193,9801,retire,0,5,10.2,0,869,,hydrogen-water-oral-health-research-shows-cancer-patients,Hydrogen Water Oral Health: What 2024 Research Shows for Cancer Patients
https://hydrogenstudies.com/blog/how-to-use-hydrogen-water-for-mouth-sores-a-science-backed-guide-139668,9802,retire,0,0,,0,799,how-to-use,use-hydrogen-water-mouth-sores-science-backed,How to Use Hydrogen Water for Mouth Sores: A Science-Backed Guide
https://hydrogenstudies.com/blog/hydrogen-water-oral-health-what-2024-research-shows-about-gum-disease-273050,9808,retire,0,1,7.0,0,711,,hydrogen-water-oral-health-research-shows-about-gum-disease,Hydrogen Water Oral Health: What 2024 Research Shows About Gum Disease
https://hydrogenstudies.com/blog/hydrogen-water-oral-health-can-it-fix-gum-disease-280592,9809,retire,0,0,,0,812,,hydrogen-water-oral-health-fix-gum-disease,Hydrogen Water Oral Health: Can It Fix Gum Disease?
https://hydrogenstudies.com/blog/hydrogen-water-oral-health-your-gum-questions-answered-314571,9810,retire,0,0,,0,819,,hydrogen-water-oral-health-gum-questions-answered,Hydrogen Water Oral Health: Your Gum Questions Answered
https://hydrogenstudies.com/blog/hydrogen-water-and-joint-repair-what-2024-research-shows-405381,9814,retire,0,0,,0,776,what-20xx-research-shows,hydrogen-water-joint-repair-research-shows,Hydrogen Water and Joint Repair: What 2024 Research Shows
https://hydrogenstudies.com/blog/how-to-use-hydrogen-water-for-brain-health-protect-against-sports-injury-501244,9817,retire,0,0,,0,704,how-to-use,use-hydrogen-water-brain-health-protect-against-sports-injury,How to Use Hydrogen Water for Brain Health: Protect Against Sports Injury
https://hydrogenstudies.com/blog/how-to-use-hydrogen-water-for-brain-health-in-kids-with-autism-629900,9820,retire,0,0,,0,764,how-to-use,use-hydrogen-water-brain-health-kids-autism,How to Use Hydrogen Water for Brain Health in Kids with Autism
https://hydrogenstudies.com/blog/hydrogen-water-brain-health-what-2024-autism-study-shows-632300,9821,retire,0,0,,0,765,,hydrogen-water-brain-health-autism-study-shows,Hydrogen Water Brain Health: What 2024 Autism Study Shows
https://hydrogenstudies.com/blog/hydrogen-water-brain-health-for-autism-your-questions-answered-672735,9822,retire,0,0,,0,930,,hydrogen-water-brain-health-autism-questions-answered,Hydrogen Water Brain Health for Autism: Your Questions Answered
https://hydrogenstudies.com/blog/hydrogen-water-gut-health-your-sibo-questions-answered-797049,9825,retire,0,26,36.2,0,819,,hydrogen-water-gut-health-sibo-questions-answered,Hydrogen Water Gut Health: Your SIBO Questions Answered
https://hydrogenstudies.com/blog/how-to-use-hydrogen-water-for-long-covid-recovery-a-science-backed-guide-889856,9826,retire,0,0,,0,750,how-to-use,use-hydrogen-water-long-covid-recovery-science-backed,How to Use Hydrogen Water for Long COVID Recovery: A Science-Backed Guide
https://hydrogenstudies.com/blog/hydrogen-water-health-benefits-for-long-covid-what-2024-research-shows-890545,9827,retire,0,0,,0,810,what-20xx-research-shows,hydrogen-water-health-benefits-long-covid-research-shows,Hydrogen Water Health Benefits for Long COVID: What 2024 Research Shows
https://hydrogenstudies.com/blog/hydrogen-water-health-benefits-post-covid-recovery-questions-answered-925178,9828,retire,0,0,,0,853,,hydrogen-water-health-benefits-post-covid-recovery-questions-answered,Hydrogen Water Health Benefits: Post-COVID Recovery Questions Answered
https://hydrogenstudies.com/blog/hydrogen-water-health-benefits-for-gut-your-questions-answered-052325,9834,retire,0,3,10.7,0,838,,hydrogen-water-health-benefits-gut-questions-answered,Hydrogen Water Health Benefits for Gut: Your Questions Answered
https://hydrogenstudies.com/blog/hydrogen-water-health-benefits-how-2024-research-shows-better-cell-talk-136158,9835,retire,0,0,,0,778,,hydrogen-water-health-benefits-research-shows-better-cell-talk,Hydrogen Water Health Benefits: How 2024 Research Shows Better Cell Talk
https://hydrogenstudies.com/blog/how-to-use-hydrogen-water-health-benefits-for-better-cell-healing-133906,9836,retire,0,0,,0,717,,use-hydrogen-water-health-benefits-better-cell-healing,How to Use Hydrogen Water Health Benefits for Better Cell Healing
https://hydrogenstudies.com/blog/hydrogen-water-health-benefits-how-it-heals-your-body-175619,9837,retire,0,1,75.0,0,809,,hydrogen-water-health-benefits-heals-body,Hydrogen Water Health Benefits: How It Heals Your Body
https://hydrogenstudies.com/blog/hydrogen-water-health-benefits-how-it-works-in-your-body-189491,9838,retire,0,0,,0,900,,hydrogen-water-health-benefits-works-body,Hydrogen Water Health Benefits: How It Works in Your Body
https://hydrogenstudies.com/blog/hydrogen-water-heart-health-what-2024-research-shows-about-radiation-protection-259109,9839,retire,0,4,17.3,0,816,,hydrogen-water-heart-health-research-shows-about-radiation-protection,Hydrogen Water Heart Health: What 2024 Research Shows About Radiation Protection
https://hydrogenstudies.com/blog/hydrogen-water-heart-health-does-it-protect-from-damage-299151,9841,retire,0,1,100.0,0,837,,hydrogen-water-heart-health-protect-damage,Hydrogen Water Heart Health: Does It Protect From Damage?
https://hydrogenstudies.com/blog/how-to-use-hydrogen-water-for-cholesterol-a-science-backed-guide-385114,9842,keep,2,604,10.6,0,678,how-to-use,use-hydrogen-water-cholesterol-science-backed,How to Use Hydrogen Water for Cholesterol: A Science-Backed Guide
https://hydrogenstudies.com/blog/hydrogen-water-and-high-cholesterol-what-2024-research-shows-387137,9843,retire,0,40,14.1,0,765,what-20xx-research-shows,hydrogen-water-high-cholesterol-research-shows,Hydrogen Water and High Cholesterol: What 2024 Research Shows
https://hydrogenstudies.com/blog/hydrogen-water-general-your-cholesterol-questions-answered-425507,9844,retire,0,42,5.5,0,813,hydrogen-water-general,hydrogen-water-general-cholesterol-questions-answered,Hydrogen Water General: Your Cholesterol Questions Answered
https://hydrogenstudies.com/blog/hydrogen-water-general-your-ibs-and-sibo-questions-answered-557777,9847,retire,0,32,29.5,0,844,hydrogen-water-general,hydrogen-water-general-ibs-sibo-questions-answered,Hydrogen Water General: Your IBS and SIBO Questions Answered
https://hydrogenstudies.com/blog/is-hydrogen-water-legit-pillar,9848,retire,0,20,11.1,0,2496,,hydrogen-water-legit-deep-dive-into-1-000-published-studies,"Is Hydrogen Water Legit? A Deep Dive Into 1,000+ Published Studies"
https://hydrogenstudies.com/blog/hydrogen-water-real-or-fake,9849,keep,9,4582,14.3,0,1764,,hydrogen-water-real-science-expensive-hype-evidence-review,Hydrogen Water: Real Science or Expensive Hype? Evidence Review
https://hydrogenstudies.com/blog/hydrogen-water-scientific-evidence,9851,keep,1,989,10.4,0,2219,,scientific-evidence-hydrogen-water-1-000-studies-show,"The Scientific Evidence for Hydrogen Water: What 1,000+ Studies Show"
https://hydrogenstudies.com/blog/hydrogen-water-scam-debunked,9853,keep,0,286,8.9,0,1609,,hydrogen-water-scam-separating-marketing-claims-research,Is Hydrogen Water a Scam? Separating Marketing Claims from Research
https://hydrogenstudies.com/blog/hydrogen-water-benefits-debunked,9855,retire,0,36,19.9,0,1931,,hydrogen-water-benefits-whats-proven-whats-promising-whats-hype,"Hydrogen Water Benefits: What's Proven, What's Promising, and What's Hype"
https://hydrogenstudies.com/blog/molecular-hydrogen-research-history,9857,keep,11,746,7.0,0,1954,,molecular-hydrogen-research-20-years-scientific-discovery,Molecular Hydrogen Research: 20 Years of Scientific Discovery
https://hydrogenstudies.com/blog/hydrogen-water-peer-reviewed-studies,9859,keep,0,725,8.4,0,1950,,peer-reviewed-hydrogen-water-studies-most-important-findings,Peer-Reviewed Hydrogen Water Studies: The Most Important Findings
https://hydrogenstudies.com/blog/does-hydrogen-water-work,9861,keep,0,260,23.4,0,1887,,hydrogen-water-actually-work-clinical-trials-say,Does Hydrogen Water Actually Work? What the Clinical Trials Say
https://hydrogenstudies.com/blog/hydrogen-water-vs-regular-water,9863,keep,1,95,10.6,0,1585,,hydrogen-water-regular-water-there-really-difference,Hydrogen Water vs Regular Water: Is There Really a Difference?
https://hydrogenstudies.com/blog/molecular-hydrogen-benefits-guide-pillar,9864,keep,1,3026,23.5,0,3497,,molecular-hydrogen-benefits-h2-therapy-research,Molecular Hydrogen Benefits: Complete Guide to H2 Therapy Research
https://hydrogenstudies.com/blog/hydrogen-water-bottle-quality-test,9865,retire,0,1,27.0,0,1795,,hydrogen-water-bottle-quality-testing-which-brands-actually-deliver,Hydrogen Water Bottle Quality Testing: Which Brands Actually Deliver?
https://hydrogenstudies.com/blog/hydrogen-water-clinical-trials,9867,keep,0,253,17.9,0,2396,,hydrogen-water-clinical-trials-database-human-studies,Hydrogen Water Clinical Trials: A Database of Human Studies
https://hydrogenstudies.com/blog/hydrogen-water-bottle-comparison-pillar,9868,retire,0,112,13.1,0,3080,,hydrogen-water-bottle-comparison-quality-ppm-actually-matters,"Hydrogen Water Bottle Comparison: Quality, PPM, and What Actually Matters"
https://hydrogenstudies.com/blog/doctors-hydrogen-water-opinions,9870,retire,0,2,50.5,0,2211,,doctors-researchers-say-about-hydrogen-water,What Doctors and Researchers Say About Hydrogen Water
https://hydrogenstudies.com/blog/cheap-hydrogen-water-bottle-dangers,9872,keep,1,23,13.7,0,2132,,dangers-cheap-hydrogen-water-bottles-materials-ozone-false-ppm,"The Dangers of Cheap Hydrogen Water Bottles: Materials, Ozone, and False PPM"
https://hydrogenstudies.com/blog/hydrogen-water-all-hype,9873,retire,0,10,37.3,0,1694,,hydrogen-water-all-hype-researchers-honest-assessment,Is Hydrogen Water All Hype? A Researcher's Honest Assessment
https://hydrogenstudies.com/blog/drink-hrw-tablets-review-pillar,9875,retire,0,0,,0,2368,,drink-hrw-review-rejuvenation-hydrogen-tablets-live-up-research,Drink HRW Review: Do Rejuvenation Hydrogen Tablets Live Up to the Research?
https://hydrogenstudies.com/blog/evolv-hydrogen-water-bottle-review-pillar,9876,retire,0,57,6.7,0,3055,,evolv-hydrogen-water-bottle-review-ppm-materials-compares,"Evolv Hydrogen Water Bottle Review: PPM, Materials, and How It Compares"
https://hydrogenstudies.com/blog/alkaviva-water-ionizer-review-pillar,9877,retire,0,71,8.5,0,3036,,alkaviva-water-ionizer-review-ultrawater-filtration-hydrogen-question,AlkaViva Water Ionizer Review: UltraWater Filtration and the Hydrogen Question
https://hydrogenstudies.com/blog/hfactor-hydrogen-water-review-pillar,9878,retire,0,27,28.3,0,3011,,hfactor-hydrogen-water-review-pre-bottled-h2-water-actually-work,HFactor Hydrogen Water Review: Does Pre-Bottled H2 Water Actually Work?
https://hydrogenstudies.com/blog/piurify-hydrogen-water-bottle-review-pillar,9879,retire,0,0,,0,3129,,piurify-hydrogen-water-bottle-review-quality-test-ppm-alternatives,"Piurify Hydrogen Water Bottle Review: Quality Test, PPM, and Alternatives"
https://hydrogenstudies.com/blog/ionbottles-hydrogen-water-bottle-review-pillar,9880,retire,0,23,13.9,0,3166,,ionbottles-review-hydrogen-output-quality-better-alternatives,"IonBottles Review: Hydrogen Output, Quality, and Better Alternatives"
https://hydrogenstudies.com/blog/vital-reaction-tablets-review-pillar,9881,keep,1,617,6.3,0,3170,,vital-reaction-review-hydrogen-tablets-tested-ppm-dissolution-value,"Vital Reaction Review: Hydrogen Tablets Tested for PPM, Dissolution, and Value"
https://hydrogenstudies.com/blog/tyent-water-ionizer-review-pillar,9882,retire,0,0,,0,3322,,tyent-water-ionizer-review-price-performance-simpler-alternatives,"Tyent Water Ionizer Review: Price, Performance, and Simpler Alternatives"
https://hydrogenstudies.com/blog/kangen-water-alternative-pillar,9883,keep,3,248,9.9,0,3480,,kangen-water-alternative-modern-hydrogen-water-bottles-outperform-4-000-enagic-machine,"Kangen Water Alternative: Why Modern Hydrogen Water Bottles Outperform the $4,000 Enagic Machine"
https://hydrogenstudies.com/blog/h2-tabs-review-pillar,9884,keep,2,281,9.7,0,3268,,h2-tabs-review-hydrogen-tablets-compared-ppm-price-convenience,"H2 Tabs Review: Hydrogen Tablets Compared on PPM, Price, and Convenience"
https://hydrogenstudies.com/blog/hydrogen-water-bottle-guide-pillar,9885,retire,0,0,,0,3486,,hydrogen-water-bottles-science-benefits-look,"The Complete Guide to Hydrogen Water Bottles: Science, Benefits, and What to Look For"
https://hydrogenstudies.com/blog/best-hydrogen-water-bottles,9886,keep,1,168,19.1,0,1962,,best-hydrogen-water-bottles-expert-comparison-reviews,Best Hydrogen Water Bottles in 2025: Expert Comparison & Reviews
https://hydrogenstudies.com/blog/hydrogen-water-bottle-benefits,9887,retire,0,11,62.0,0,2188,,7-science-backed-benefits-using-hydrogen-water-bottle-daily,7 Science-Backed Benefits of Using a Hydrogen Water Bottle Daily
https://hydrogenstudies.com/blog/how-hydrogen-water-bottle-works,9888,retire,0,1,9.0,0,2021,,hydrogen-water-bottles-work-science-behind-spe-pem-electrolysis,How Hydrogen Water Bottles Work: The Science Behind SPE/PEM Electrolysis
https://hydrogenstudies.com/blog/hydrogen-water-vs-alkaline-water,9889,keep,0,236,22.9,0,1671,,hydrogen-water-alkaline-water-research-actually-shows,Hydrogen Water vs Alkaline Water: What the Research Actually Shows
https://hydrogenstudies.com/blog/hydrogen-water-bottle-side-effects,9890,retire,0,0,,0,1745,,hydrogen-water-bottles-safe-side-effects-risks-studies-say,"Are Hydrogen Water Bottles Safe? Side Effects, Risks, and What Studies Say"
https://hydrogenstudies.com/blog/how-much-hydrogen-water-per-day,9891,retire,0,65,21.0,0,1949,,much-hydrogen-water-drink-per-day-research-based,How Much Hydrogen Water Should You Drink Per Day? Research-Based Guide
https://hydrogenstudies.com/blog/hydrogen-water-bottle-athletes,9892,retire,0,1,7.0,0,2030,,hydrogen-water-athletes-recovery-performance-research,"Hydrogen Water for Athletes: Recovery, Performance, and the Research"
https://hydrogenstudies.com/blog/portable-hydrogen-water-generator,9893,retire,0,45,28.2,0,1615,,portable-hydrogen-water-generators-know-before-buy,Portable Hydrogen Water Generators: What to Know Before You Buy
https://hydrogenstudies.com/blog/hydrogen-water-ppm-levels,9894,keep,3,700,12.5,0,1862,,understanding-ppm-hydrogen-water-concentration-matters,Understanding PPM in Hydrogen Water: Why Concentration Matters
https://hydrogenstudies.com/blog/cheap-hydrogen-water-bottles-problems,9895,retire,0,0,,0,1790,,cheap-hydrogen-water-bottles-dont-work-quality-price-analysis,Why Cheap Hydrogen Water Bottles Don't Work: Quality vs Price Analysis
https://hydrogenstudies.com/blog/kangen-water-review,9896,keep,18,2033,10.1,0,1495,,kangen-water-review-real-pros-cons-science-behind-enagics-sd501,"Kangen Water Review: The Real Pros, Cons, and Science Behind Enagic's SD501"
https://hydrogenstudies.com/blog/is-kangen-water-worth-it,9897,retire,0,1,71.0,0,1604,,kangen-water-worth-4-000-honest-cost-benefit-analysis,"Is Kangen Water Worth $4,000? An Honest Cost-vs-Benefit Analysis"
https://hydrogenstudies.com/blog/kangen-vs-hydrogen-water,9898,retire,0,19,11.3,0,1706,,kangen-water-hydrogen-water-ionization-alkalinity-actually-delivers-h2,"Kangen Water vs Hydrogen Water: Ionization, Alkalinity, and What Actually Delivers H2"
https://hydrogenstudies.com/blog/kangen-water-scam-truth,9899,keep,6,688,8.8,0,1640,,kangen-water-scam-separating-mlm-marketing-science,Is Kangen Water a Scam? Separating MLM Marketing From the Science
https://hydrogenstudies.com/blog/kangen-water-complaints,9900,keep,3,103,15.9,0,1598,,common-kangen-water-complaints-owners-wish-they-knew-first,Common Kangen Water Complaints: What Owners Wish They Knew First
https://hydrogenstudies.com/blog/enagic-sd501-vs-hydrogen-bottle,9901,retire,0,0,,0,1614,,enagic-sd501-portable-hydrogen-bottle-size-cost-h2-output-compared,"Enagic SD501 vs Portable Hydrogen Bottle: Size, Cost, and H2 Output Compared"
https://hydrogenstudies.com/blog/kangen-water-ppm-hydrogen-levels,9902,retire,0,1,27.0,0,1683,,much-molecular-hydrogen-actually-kangen-water-lab-test-results,How Much Molecular Hydrogen Is Actually in Kangen Water? Lab Test Results
https://hydrogenstudies.com/blog/cheaper-than-kangen-water,9903,keep,2,117,18.4,0,1727,,cheaper-alternatives-kangen-water-that-actually-deliver-more-hydrogen,Cheaper Alternatives to Kangen Water That Actually Deliver More Hydrogen
https://hydrogenstudies.com/blog/hydrogen-inhalation-machine-guide-pillar,9904,retire,0,0,,0,3896,,hydrogen-inhalation-therapy-h2-breathing-devices,Hydrogen Inhalation Therapy: Complete Guide to H2 Breathing Devices
https://hydrogenstudies.com/blog/hydrogen-water-filter-guide-pillar,9905,keep,1,190,15.1,0,4375,,hydrogen-water-filtration-systems-clean-water-molecular-hydrogen,Hydrogen Water Filtration Systems: Clean Water + Molecular Hydrogen
https://hydrogenstudies.com/blog/tyent-ach-9-review,9906,retire,0,14,8.4,0,1898,,tyent-ace-13-ach-9-reviewed-premium-price-justified,Tyent ACE-13 and ACH-9 Reviewed: Is the Premium Price Justified?
https://hydrogenstudies.com/blog/piurify-review,9908,retire,0,151,6.5,0,1613,,piurify-hydrogen-water-bottle-independent-review-ppm-testing,Piurify Hydrogen Water Bottle: Independent Review and PPM Testing
https://hydrogenstudies.com/blog/evolv-water-bottle-review,9909,retire,0,14,9.4,0,1618,,evolv-hydrogen-water-bottle-full-review-lab-tested-ppm-results,Evolv Hydrogen Water Bottle: Full Review With Lab-Tested PPM Results
https://hydrogenstudies.com/blog/hydrogen-water-inflammation-research,9910,retire,0,66,49.1,0,1901,,hydrogen-water-inflammation-200-studies-reveal,Hydrogen Water for Inflammation: What 200+ Studies Reveal
https://hydrogenstudies.com/blog/h2-tabs-review-full,9911,keep,4,960,10.3,0,1642,,h2-tabs-hydrogen-tablets-review-full-testing-honest-assessment,H2 Tabs Hydrogen Tablets Review: Full Testing and Honest Assessment
https://hydrogenstudies.com/blog/vital-reaction-review,9912,keep,2,265,7.6,0,1651,,vital-reaction-hydrogen-tablets-review-independent-ppm-taste-testing,Vital Reaction Hydrogen Tablets Review: Independent PPM and Taste Testing
https://hydrogenstudies.com/blog/ionbottles-review,9913,retire,0,187,8.8,0,1652,,ionbottles-review-lab-tested-ppm-materials-long-term-performance,"IonBottles Review: Lab-Tested PPM, Materials, and Long-Term Performance"
https://hydrogenstudies.com/blog/drink-hrw-review,9914,retire,0,0,,0,2024,,drink-hrw-review-real-pros-cons-flagship-h2-tablet-brand,Drink HRW Review: The Real Pros and Cons of the Flagship H2 Tablet Brand
https://hydrogenstudies.com/blog/titanium-vs-stainless-steel-hydrogen,9915,retire,0,0,,0,1718,,titanium-stainless-steel-electrodes-materials-matter-h2-bottles,Titanium vs Stainless Steel Electrodes: Why Materials Matter in H2 Bottles
https://hydrogenstudies.com/blog/hfactor-water-review,9916,retire,0,154,23.9,0,2018,,hfactor-water-review-best-known-pre-bottled-h2-brand,HFactor Water: Complete Review of the Best-Known Pre-Bottled H2 Brand
https://hydrogenstudies.com/blog/hydrogen-inhalation-benefits,9917,keep,0,249,45.1,0,2321,,hydrogen-inhalation-therapy-benefits-backed-clinical-research,Hydrogen Inhalation Therapy: Benefits Backed by Clinical Research
https://hydrogenstudies.com/blog/best-hydrogen-water-filters,9918,keep,0,937,20.9,0,1903,,best-hydrogen-water-filter-systems-filtration-quality-h2-output,Best Hydrogen Water Filter Systems: Filtration Quality + H2 Output
https://hydrogenstudies.com/blog/hydrogen-water-gut-health,9921,retire,0,0,,0,2010,,hydrogen-water-gut-health-microbiome-connection,Hydrogen Water and Gut Health: The Microbiome Connection
https://hydrogenstudies.com/blog/piurify-vs-echo-water,9922,retire,0,0,,0,1679,,piurify-echo-water-side-side-comparison-quality-h2-output,Piurify vs Echo Water: Side-by-Side Comparison on Quality and H2 Output
https://hydrogenstudies.com/blog/evolv-hydrogen-water-ppm,9923,retire,0,0,,0,1746,,whats-real-hydrogen-ppm-evolv-bottle-independent-testing,What's the Real Hydrogen PPM of an Evolv Bottle? Independent Testing
https://hydrogenstudies.com/blog/h2-tabs-vs-drink-hrw,9924,retire,0,73,7.6,0,1694,,h2-tabs-drink-hrw-which-hydrogen-tablet-actually-dissolves-better,H2 Tabs vs Drink HRW: Which Hydrogen Tablet Actually Dissolves Better?
https://hydrogenstudies.com/blog/ionbottles-vs-echo-water,9925,retire,0,5,15.2,0,1902,,ionbottles-echo-water-quality-output-value-compared,"IonBottles vs Echo Water: Quality, Output, and Value Compared"
https://hydrogenstudies.com/blog/vital-reaction-vs-drink-hrw,9926,retire,0,0,,0,1801,,vital-reaction-drink-hrw-tablet-makers-compared-output-price,Vital Reaction vs Drink HRW: Tablet Makers Compared on Output and Price
https://hydrogenstudies.com/blog/drink-hrw-rejuvenation-review,9927,retire,0,11,4.2,0,1685,,drink-hrw-rejuvenation-tablets-reviewed-dissolution-time-measured-ppm,Drink HRW Rejuvenation Tablets Reviewed: Dissolution Time and Measured PPM
https://hydrogenstudies.com/blog/spe-pem-hydrogen-technology,9928,retire,0,6,32.2,0,1964,,spe-pem-technology-gold-standard-hydrogen-water-generation,SPE/PEM Technology: The Gold Standard in Hydrogen Water Generation
https://hydrogenstudies.com/blog/hfactor-water-ppm,9929,retire,0,4,9.5,0,1643,,hfactor-hydrogen-ppm-whats-pouch-open,HFactor Hydrogen PPM: What's in the Pouch When You Open It?
https://hydrogenstudies.com/blog/tyent-vs-hydrogen-water-bottle,9930,retire,0,0,,0,1492,,tyent-ionizer-portable-hydrogen-bottle-which-delivers-actual-h2,Tyent Ionizer vs a Portable Hydrogen Bottle: Which Delivers Actual H2?
https://hydrogenstudies.com/blog/best-hydrogen-inhalation-machines,9931,retire,0,15,15.2,0,2056,,best-hydrogen-inhalation-machines-safety-output-quality-compared,"Best Hydrogen Inhalation Machines: Safety, Output, and Quality Compared"
https://hydrogenstudies.com/blog/hydrogen-water-filter-vs-bottle,9932,keep,1,40,15.2,0,1989,,hydrogen-water-filter-bottle-which-better-home,Hydrogen Water Filter vs Bottle: Which Is Better for Your Home?
https://hydrogenstudies.com/blog/h2-tabs-vs-vital-reaction,9933,retire,0,47,7.9,0,1576,,h2-tabs-vital-reaction-ppm-ingredients-per-dose-cost,"H2 Tabs vs Vital Reaction: PPM, Ingredients, and Per-Dose Cost"
https://hydrogenstudies.com/blog/hydrogen-water-skin-benefits,9935,retire,0,0,,0,1891,,hydrogen-water-skin-health-anti-aging-dermatology-research,Hydrogen Water for Skin Health: Anti-Aging and Dermatology Research
https://hydrogenstudies.com/blog/evolv-vs-echo-water,9937,retire,0,1,6.0,0,1792,,evolv-echo-water-hydrogen-output-materials-warranty-side-side,"Evolv vs Echo Water: Hydrogen Output, Materials, and Warranty Side-by-Side"
https://hydrogenstudies.com/blog/vital-reaction-vs-hydrogen-water-bottle,9938,retire,0,5,9.2,0,1345,,vital-reaction-tablets-hydrogen-water-bottle-real-world-dosing,Vital Reaction Tablets vs a Hydrogen Water Bottle: Real-World Dosing
https://hydrogenstudies.com/blog/ionbottles-ppm-hydrogen,9939,retire,0,1,9.0,0,1651,,ionbottles-hydrogen-ppm-marketing-match-output,IonBottles Hydrogen PPM: Does Marketing Match the Output?
https://hydrogenstudies.com/blog/hydrogen-bottle-ozone-problem,9940,retire,0,1,35.0,0,1660,,ozone-problem-cheap-hydrogen-bottles-spe-pem-matters,The Ozone Problem in Cheap Hydrogen Bottles: Why SPE/PEM Matters
https://hydrogenstudies.com/blog/drink-hrw-vs-hydrogen-water-bottle,9941,retire,0,0,,0,1698,,drink-hrw-tablets-hydrogen-water-bottle-dosing-cost-convenience,"Drink HRW Tablets vs Hydrogen Water Bottle: Dosing, Cost, and Convenience"
https://hydrogenstudies.com/blog/hfactor-vs-fresh-hydrogen-water,9942,retire,0,5,37.6,0,1431,,hfactor-pouches-fresh-hydrogen-water-shelf-life-problem,HFactor Pouches vs Fresh Hydrogen Water: The Shelf-Life Problem
https://hydrogenstudies.com/blog/countertop-hydrogen-water-machine,9943,retire,0,2,19.5,0,1582,,countertop-hydrogen-water-machines-space-saving-solutions-reviewed,Countertop Hydrogen Water Machines: Space-Saving Solutions Reviewed
https://hydrogenstudies.com/blog/hydrogen-inhalation-lung-health,9944,retire,0,0,,0,1879,,hydrogen-gas-inhalation-lung-health-50-studies-reveal,Hydrogen Gas Inhalation for Lung Health: What 50+ Studies Reveal
https://hydrogenstudies.com/blog/tyent-water-ionizer-price,9945,retire,0,0,,0,1857,,tyent-water-ionizer-price-breakdown-youre-really-paying,Tyent Water Ionizer Price Breakdown: What You're Really Paying For
https://hydrogenstudies.com/blog/vital-reaction-ppm,9946,retire,0,0,,0,1259,,vital-reaction-ppm-much-hydrogen-one-tablet-actually-produces,Vital Reaction PPM: How Much Hydrogen One Tablet Actually Produces
https://hydrogenstudies.com/blog/hydrogen-water-brain-health,9947,retire,0,7,66.6,0,2033,,hydrogen-water-brain-health-neuroprotection-research,Hydrogen Water and Brain Health: Neuroprotection Research
https://hydrogenstudies.com/blog/alkaviva-ultrawater-review,9948,keep,0,210,19.5,0,1804,,alkaviva-ultrawater-filtration-removes-doesnt,AlkaViva UltraWater Filtration: What It Removes (and What It Doesn't)
https://hydrogenstudies.com/blog/h2-tabs-vs-hydrogen-water-bottle,9949,retire,0,0,,0,1549,,h2-tabs-hydrogen-water-bottle-portability-real-world-dosing,H2 Tabs vs Hydrogen Water Bottle: Portability and Real-World Dosing
https://hydrogenstudies.com/blog/evolv-water-complaints,9950,retire,0,15,7.9,0,1820,,evolv-hydrogen-water-complaints-common-issues-verified-users,Evolv Hydrogen Water Complaints: Common Issues From Verified Users
https://hydrogenstudies.com/blog/piurify-hydrogen-ppm,9951,retire,0,0,,0,2114,,much-hydrogen-piurify-bottle-actually-produce,How Much Hydrogen Does a Piurify Bottle Actually Produce?
https://hydrogenstudies.com/blog/hrw-tablets-side-effects,9952,keep,0,356,7.1,0,1705,,drink-hrw-tablet-side-effects-research-user-reports-show,Drink HRW Tablet Side Effects: What the Research and User Reports Show
https://hydrogenstudies.com/blog/ionbottles-quality-issues,9953,retire,0,0,,0,2034,,ionbottles-quality-issues-common-defects-owners-report,IonBottles Quality Issues: Common Defects and What Owners Report
https://hydrogenstudies.com/blog/does-hfactor-water-still-have-hydrogen,9954,retire,0,0,,0,1599,,long-hfactor-hold-hydrogen-science-h2-escape,How Long Does HFactor Hold Its Hydrogen? The Science of H2 Escape
https://hydrogenstudies.com/blog/amazon-hydrogen-water-bottle-review,9955,retire,0,0,,0,1811,,amazon-hydrogen-water-bottles-most-waste-money,Amazon Hydrogen Water Bottles: Why Most Are a Waste of Money
https://hydrogenstudies.com/blog/water-filtration-hydrogen-technology,9956,retire,0,54,21.5,0,1806,,hydrogen-water-filtration-works-technology,How Hydrogen Water Filtration Works: Technology Explained
https://hydrogenstudies.com/blog/how-to-use-hydrogen-inhalation,9957,retire,0,1,8.0,0,1861,,use-hydrogen-inhalation-machine-safely-home,How to Use a Hydrogen Inhalation Machine Safely at Home
https://hydrogenstudies.com/blog/vital-reaction-side-effects,9959,keep,2,1133,9.6,0,1918,,vital-reaction-side-effects-dissolution-products-magnesium-dose,Vital Reaction Side Effects: Dissolution Products and Magnesium Dose
https://hydrogenstudies.com/blog/hydrogen-water-antioxidant-mechanism,9960,retire,0,52,7.3,0,2004,,hydrogen-water-as-selective-antioxidant-targets-harmful-free-radicals,Hydrogen Water as a Selective Antioxidant: How It Targets Harmful Free Radicals
https://hydrogenstudies.com/blog/alkaviva-vs-hydrogen-water-bottle,9961,retire,0,1,5.0,0,1792,,alkaviva-countertop-portable-hydrogen-bottle-real-world-comparison,AlkaViva Countertop vs Portable Hydrogen Bottle: Real-World Comparison
https://hydrogenstudies.com/blog/evolv-hydrogen-water-alternative,9963,retire,0,34,18.1,0,1730,,evolv-alternatives-better-value-hydrogen-water-bottles-worth-considering,Evolv Alternatives: Better-Value Hydrogen Water Bottles Worth Considering
https://hydrogenstudies.com/blog/drink-hrw-ppm,9966,retire,0,0,,0,1812,,drink-hrw-ppm-actual-hydrogen-concentration-tablets,Drink HRW PPM: Actual Hydrogen Concentration From the Tablets
https://hydrogenstudies.com/blog/hfactor-vs-hydrogen-water-bottle,9967,retire,0,73,9.4,0,1541,,hfactor-pouches-reusable-hydrogen-bottle-cost-h2-dose-compared,HFactor Pouches vs a Reusable Hydrogen Bottle: Cost and H2 Dose Compared
https://hydrogenstudies.com/blog/american-vs-chinese-hydrogen-bottles,9968,retire,0,25,12.3,0,1780,,american-made-chinese-hydrogen-water-bottles-whats-difference,American-Made vs Chinese Hydrogen Water Bottles: What's the Difference?
https://hydrogenstudies.com/blog/vital-reaction-complaints,9969,retire,0,0,,0,1452,,vital-reaction-complaints-user-reported-issues-subscription-problems,Vital Reaction Complaints: User-Reported Issues and Subscription Problems
https://hydrogenstudies.com/blog/hydrogen-water-for-cooking,9970,retire,0,0,,0,1700,,using-hydrogen-water-cooking-make-difference,Using Hydrogen Water for Cooking: Does It Make a Difference?
https://hydrogenstudies.com/blog/hydrogen-water-weight-loss,9971,keep,4,573,5.8,0,1468,,hydrogen-water-help-weight-loss-research-evidence,Can Hydrogen Water Help with Weight Loss? Research Evidence
https://hydrogenstudies.com/blog/hydrogen-gas-therapy-research,9973,keep,0,243,25.9,0,2333,,hydrogen-gas-therapy-research-clinical-evidence,Hydrogen Gas Therapy: Comprehensive Research Overview and Clinical Evidence
https://hydrogenstudies.com/blog/h2-tabs-side-effects,9976,keep,10,1331,6.6,0,1665,,h2-tabs-side-effects-magnesium-dissolution-who-cautious,"H2 Tabs Side Effects: Magnesium, Dissolution, and Who Should Be Cautious"
https://hydrogenstudies.com/blog/is-evolv-water-worth-it,9978,retire,0,0,,0,1758,,evolv-hydrogen-water-worth-price-cost-per-liter-analysis,Is Evolv Hydrogen Water Worth the Price? Cost-per-Liter Analysis
https://hydrogenstudies.com/blog/drink-hrw-complaints,9980,retire,0,53,10.6,0,1806,,drink-hrw-complaints-common-issues-taste-subscription-gotchas,"Drink HRW Complaints: Common Issues, Taste, and Subscription Gotchas"
https://hydrogenstudies.com/blog/hfactor-cost-per-ounce,9982,retire,0,43,11.3,0,1848,,hfactor-cost-per-ounce-pre-bottled-hydrogen-gets-expensive-fast,HFactor Cost Per Ounce: Why Pre-Bottled Hydrogen Gets Expensive Fast
https://hydrogenstudies.com/blog/hydrogen-water-diabetes-research,9983,keep,1,24,8.6,0,2038,,hydrogen-water-diabetes-blood-sugar-research-clinical-trials,Hydrogen Water and Diabetes: Blood Sugar Research & Clinical Trials
https://hydrogenstudies.com/blog/is-vital-reaction-worth-it,9984,retire,0,0,,0,1687,,vital-reaction-worth-price-per-dose-fresh-hydrogen-water,Is Vital Reaction Worth It? Price-per-Dose vs Fresh Hydrogen Water
https://hydrogenstudies.com/blog/how-to-test-hydrogen-water-ppm,9985,retire,0,12,75.5,0,2170,,test-hydrogen-water-ppm-drops-meters-lab-testing,"How to Test Your Hydrogen Water: PPM Drops, Meters, and Lab Testing"
https://hydrogenstudies.com/blog/tyent-hydrogen-output,9986,retire,0,0,,0,1546,,much-hydrogen-tyent-actually-produce-measured-ppm-results,How Much Hydrogen Does Tyent Actually Produce? Measured PPM Results
https://hydrogenstudies.com/blog/whole-house-hydrogen-water,9987,retire,0,0,,0,2100,,whole-house-hydrogen-water-worth-cost-benefits-analysis,Whole House Hydrogen Water: Is It Worth It? Cost & Benefits Analysis
https://hydrogenstudies.com/blog/hydrogen-inhalation-dosage-guide,9988,keep,1,35,5.0,0,1757,,hydrogen-inhalation-dosage-flow-rates-duration-research-protocols,"Hydrogen Inhalation Dosage: Flow Rates, Duration, and Research Protocols"
https://hydrogenstudies.com/blog/evolv-water-warranty,9993,retire,0,0,,0,1693,,evolv-water-warranty-customer-service-owners-actually-get,Evolv Water Warranty and Customer Service: What Owners Actually Get
https://hydrogenstudies.com/blog/drink-hrw-cost-per-day,9994,retire,0,0,,0,1684,,drink-hrw-cost-per-day-tablet-subscription-actually-cheaper-than-bottle,Drink HRW Cost Per Day: Is a Tablet Subscription Actually Cheaper Than a Bottle?
https://hydrogenstudies.com/blog/vital-reaction-alternative,9995,retire,0,0,,0,1368,,vital-reaction-alternatives-fresh-hydrogen-water-tablets,Vital Reaction Alternatives: Fresh Hydrogen Water Without Tablets
https://hydrogenstudies.com/blog/tyent-water-ionizer-problems,9997,retire,0,0,,0,1692,,tyent-ionizer-problems-maintenance-plate-degradation-long-term-costs,"Tyent Ionizer Problems: Maintenance, Plate Degradation, and Long-Term Costs"
https://hydrogenstudies.com/blog/hydrogen-water-bottle-warranty-guide,9998,retire,0,0,,0,1837,,hydrogen-water-bottle-warranties-quality-brands-offer,Hydrogen Water Bottle Warranties: What Quality Brands Offer
https://hydrogenstudies.com/blog/hydrogen-water-energy-fatigue,9999,retire,0,0,,0,2140,,hydrogen-water-energy-fatigue-mitochondrial-research,Hydrogen Water for Energy and Fatigue: Mitochondrial Research
https://hydrogenstudies.com/blog/hydrogen-inhalation-side-effects,10001,keep,1,620,33.5,0,1747,,hydrogen-inhalation-safe-side-effects-safety-data-100-studies,Is Hydrogen Inhalation Safe? Side Effects and Safety Data from 100+ Studies
https://hydrogenstudies.com/blog/hydrogen-water-machine-maintenance,10002,retire,0,3,2.0,0,2118,,hydrogen-water-machine-maintenance-cleaning-filters-longevity,"Hydrogen Water Machine Maintenance: Cleaning, Filters, and Longevity"
https://hydrogenstudies.com/blog/alkaviva-hydrogen-water-ppm,10003,retire,0,5,33.8,0,1778,,alkaviva-hydrogen-ppm-ionizer-stacks-up-measured-h2-output,AlkaViva Hydrogen PPM: How the Ionizer Stacks Up on Measured H2 Output
https://hydrogenstudies.com/blog/evolv-spe-pem-technology,10004,retire,0,2,42.0,0,1604,,evolv-use-spe-pem-technology-electrode-quality-compared,Does Evolv Use SPE/PEM Technology? Electrode Quality Compared
https://hydrogenstudies.com/blog/piurify-materials-quality,10005,retire,0,0,,0,1816,,piurify-materials-electrodes-bpa-build-quality,"Piurify Materials Explained: Electrodes, BPA, and Build Quality"
https://hydrogenstudies.com/blog/ionbottles-electrode-material,10006,retire,0,0,,0,1984,,ionbottles-electrode-materials-titanium-platinum-matters,"IonBottles Electrode Materials: Titanium, Platinum, and Why It Matters"
https://hydrogenstudies.com/blog/is-hfactor-water-worth-it,10007,keep,1,213,19.4,0,1529,,hfactor-water-worth-value-efficacy-breakdown,Is HFactor Water Worth It? A Value + Efficacy Breakdown
https://hydrogenstudies.com/blog/drink-hrw-alternative,10008,retire,0,44,12.3,0,1917,,drink-hrw-alternatives-hydrogen-options-higher-ppm-no-subscription,Drink HRW Alternatives: Hydrogen Options With Higher PPM and No Subscription
https://hydrogenstudies.com/blog/hydrogen-water-heart-health,10009,retire,0,15,42.9,0,2052,,hydrogen-water-cardiovascular-health-research-shows,Hydrogen Water and Cardiovascular Health: What Research Shows
https://hydrogenstudies.com/blog/hydrogen-water-bottle-certifications,10010,retire,0,52,23.0,0,2136,,hydrogen-water-bottle-safety-certifications-ul-ce-fda,"Hydrogen Water Bottle Safety Certifications: UL, CE, and FDA Explained"
https://hydrogenstudies.com/blog/water-quality-hydrogen-infusion,10011,retire,0,0,,0,1718,,water-quality-matters-hydrogen-infusion-tds-ph-ppm,"Why Water Quality Matters for Hydrogen Infusion: TDS, pH, and PPM"
https://hydrogenstudies.com/blog/hydrogen-inhalation-vs-water,10012,retire,0,22,18.8,0,1914,,hydrogen-inhalation-hydrogen-water-which-delivers-more-h2,Hydrogen Inhalation vs Hydrogen Water: Which Delivers More H2?
https://hydrogenstudies.com/blog/how-molecular-hydrogen-works-body,10013,retire,0,71,7.1,0,1634,,molecular-hydrogen-works-body-mechanisms-action,How Molecular Hydrogen Works in the Body: Mechanisms of Action
https://hydrogenstudies.com/blog/hydrogen-inhalation-inflammation,10014,retire,0,19,11.1,0,1796,,hydrogen-inhalation-chronic-inflammation-research-mechanisms,Hydrogen Inhalation for Chronic Inflammation: Research & Mechanisms
https://hydrogenstudies.com/blog/hydrogen-water-machine-cost-analysis,10015,retire,0,1,8.0,0,2145,,hydrogen-water-machine-cost-breaking-down-price-value,Hydrogen Water Machine Cost: Breaking Down Price vs Value
https://hydrogenstudies.com/blog/hydrogen-therapy-machine-home,10016,keep,5,784,20.0,0,1829,,hydrogen-therapy-machines-home-use-buying,Hydrogen Therapy Machines for Home Use: Complete Buying Guide
https://hydrogenstudies.com/blog/echo-water-filter-review,10017,retire,0,122,9.4,0,1681,,echo-water-filter-systems-review-performance-testing,Echo Water Filter Systems: Complete Review and Performance Testing
https://hydrogenstudies.com/blog/hydrogen-water-stomach-tests-what-2024-research-shows-304870,10045,retire,0,0,,0,801,what-20xx-research-shows,hydrogen-water-stomach-tests-research-shows,Hydrogen Water Stomach Tests: What 2024 Research Shows
https://hydrogenstudies.com/blog/hydrogen-water-for-stomach-health-your-questions-answered-337150,10046,retire,0,0,,0,850,,hydrogen-water-stomach-health-questions-answered,Hydrogen Water for Stomach Health: Your Questions Answered
https://hydrogenstudies.com/blog/hydrogen-water-brain-health-can-it-protect-from-stroke-458170,10049,retire,0,0,,0,865,,hydrogen-water-brain-health-protect-stroke,Hydrogen Water Brain Health: Can It Protect From Stroke?
https://hydrogenstudies.com/blog/hydrogen-water-gut-health-your-ulcerative-colitis-questions-700926,10055,retire,0,0,,0,907,,hydrogen-water-gut-health-ulcerative-colitis-questions,Hydrogen Water Gut Health: Your Ulcerative Colitis Questions
https://hydrogenstudies.com/blog/how-to-use-hydrogen-water-for-pain-relief-a-science-backed-guide-016740,10062,retire,0,12,11.0,0,766,how-to-use,use-hydrogen-water-pain-relief-science-backed,How to Use Hydrogen Water for Pain Relief: A Science-Backed Guide
https://hydrogenstudies.com/blog/hydrogen-water-health-benefits-for-pain-what-2024-research-shows-020326,10063,retire,0,0,,0,898,what-20xx-research-shows,hydrogen-water-health-benefits-pain-research-shows,Hydrogen Water Health Benefits for Pain: What 2024 Research Shows
https://hydrogenstudies.com/blog/hydrogen-water-health-benefits-for-fibromyalgia-your-questions-answered-055480,10064,retire,0,79,14.5,0,886,,hydrogen-water-health-benefits-fibromyalgia-questions-answered,Hydrogen Water Health Benefits for Fibromyalgia: Your Questions Answered
https://hydrogenstudies.com/blog/hydrogen-water-eye-health-what-2024-research-shows-for-glaucoma-150407,10067,retire,0,1,100.0,0,932,,hydrogen-water-eye-health-research-shows-glaucoma,Hydrogen Water Eye Health: What 2024 Research Shows for Glaucoma
https://hydrogenstudies.com/blog/hydrogen-water-eye-health-can-it-help-glaucoma-178580,10068,retire,0,4,97.3,0,821,,hydrogen-water-eye-health-help-glaucoma,Hydrogen Water Eye Health: Can It Help Glaucoma?
https://hydrogenstudies.com/blog/how-to-use-hydrogen-water-for-faster-swimming-a-science-backed-guide-247646,10069,retire,0,0,,0,727,how-to-use,use-hydrogen-water-faster-swimming-science-backed,How to Use Hydrogen Water for Faster Swimming: A Science-Backed Guide
https://hydrogenstudies.com/blog/hydrogen-water-health-benefits-for-swimmers-what-2024-research-shows-250395,10070,retire,0,0,,0,917,what-20xx-research-shows,hydrogen-water-health-benefits-swimmers-research-shows,Hydrogen Water Health Benefits for Swimmers: What 2024 Research Shows
https://hydrogenstudies.com/blog/how-to-use-hydrogen-water-for-better-swimming-a-science-backed-guide-270104,10071,retire,0,0,,0,750,how-to-use,use-hydrogen-water-better-swimming-science-backed,How to Use Hydrogen Water for Better Swimming: A Science-Backed Guide
https://hydrogenstudies.com/blog/hydrogen-water-health-benefits-for-swimming-your-questions-answered-302595,10074,retire,0,1,8.0,0,812,,hydrogen-water-health-benefits-swimming-questions-answered,Hydrogen Water Health Benefits for Swimming: Your Questions Answered
https://hydrogenstudies.com/blog/how-to-use-hydrogen-water-for-liver-health-during-illness-361729,10075,retire,0,0,,0,688,how-to-use,use-hydrogen-water-liver-health-during-illness,How to Use Hydrogen Water for Liver Health During Illness
https://hydrogenstudies.com/blog/how-to-use-hydrogen-water-gut-health-tests-for-better-ibs-care-490623,10082,retire,0,7,40.3,0,858,,use-hydrogen-water-gut-health-tests-better-ibs-care,How to Use Hydrogen Water Gut Health Tests for Better IBS Care
https://hydrogenstudies.com/blog/hydrogen-water-brain-health-can-it-help-schizophrenia-641945,10086,retire,0,0,,0,817,,hydrogen-water-brain-health-help-schizophrenia,Hydrogen Water Brain Health: Can It Help Schizophrenia?
https://hydrogenstudies.com/blog/hydrogen-water-oral-health-what-2024-research-shows-for-tooth-pain-729658,10087,retire,0,0,,0,777,,hydrogen-water-oral-health-research-shows-tooth-pain,Hydrogen Water Oral Health: What 2024 Research Shows for Tooth Pain
https://hydrogenstudies.com/blog/how-to-use-hydrogen-water-for-dry-socket-relief-a-science-backed-guide-731925,10088,retire,0,0,,0,844,how-to-use,use-hydrogen-water-dry-socket-relief-science-backed,How to Use Hydrogen Water for Dry Socket Relief: A Science-Backed Guide
https://hydrogenstudies.com/blog/hydrogen-water-oral-health-can-it-help-dry-socket-heal-769516,10089,retire,0,0,,0,849,,hydrogen-water-oral-health-help-dry-socket-heal,Hydrogen Water Oral Health: Can It Help Dry Socket Heal?
https://hydrogenstudies.com/blog/hydrogen-water-and-spine-injuries-what-2024-research-shows-858287,10091,retire,0,1,99.0,0,801,what-20xx-research-shows,hydrogen-water-spine-injuries-research-shows,Hydrogen Water and Spine Injuries: What 2024 Research Shows
https://hydrogenstudies.com/blog/hydrogen-water-health-benefits-cancer-research-questions-014230,10095,retire,0,0,,0,851,,hydrogen-water-health-benefits-cancer-research-questions,Hydrogen Water Health Benefits: Cancer Research Questions
https://hydrogenstudies.com/blog/how-to-use-hydrogen-water-for-psoriasis-relief-a-science-backed-guide-099066,10096,keep,1,27,50.6,0,776,how-to-use,use-hydrogen-water-psoriasis-relief-science-backed,How to Use Hydrogen Water for Psoriasis Relief: A Science-Backed Guide
https://hydrogenstudies.com/blog/hydrogen-water-skin-benefits-what-2024-research-shows-for-psoriasis-101659,10097,retire,0,12,51.0,0,843,,hydrogen-water-skin-benefits-research-shows-psoriasis,Hydrogen Water Skin Benefits: What 2024 Research Shows for Psoriasis
https://hydrogenstudies.com/blog/hydrogen-water-health-benefits-what-2024-research-shows-about-epilepsy-125608,10099,retire,0,0,,0,947,,hydrogen-water-health-benefits-research-shows-about-epilepsy,Hydrogen Water Health Benefits: What 2024 Research Shows About Epilepsy
https://hydrogenstudies.com/blog/hydrogen-water-skin-benefits-for-psoriasis-your-questions-answered-131482,10100,retire,0,1,66.0,0,857,,hydrogen-water-skin-benefits-psoriasis-questions-answered,Hydrogen Water Skin Benefits for Psoriasis: Your Questions Answered
https://hydrogenstudies.com/blog/hydrogen-water-health-benefits-for-brain-health-your-questions-answered-157769,10101,retire,0,0,,0,886,,hydrogen-water-health-benefits-brain-health-questions-answered,Hydrogen Water Health Benefits for Brain Health: Your Questions Answered
https://hydrogenstudies.com/blog/how-to-use-hydrogen-water-for-better-ph-balance-a-science-backed-guide-247501,10103,retire,0,4,61.3,0,848,how-to-use,use-hydrogen-water-better-ph-balance-science-backed,How to Use Hydrogen Water for Better pH Balance: A Science-Backed Guide
https://hydrogenstudies.com/blog/how-to-use-hydrogen-water-for-better-body-balance-a-science-backed-guide-271259,10105,retire,0,0,,0,780,how-to-use,use-hydrogen-water-better-body-balance-science-backed,How to Use Hydrogen Water for Better Body Balance: A Science-Backed Guide
https://hydrogenstudies.com/blog/hydrogen-water-general-can-it-fight-cancer-your-questions-answered-279102,10106,retire,0,0,,0,865,hydrogen-water-general,hydrogen-water-general-fight-cancer-questions-answered,Hydrogen Water General: Can It Fight Cancer? Your Questions Answered
https://hydrogenstudies.com/blog/hydrogen-water-general-how-gut-bacteria-make-health-gas-in-2024-365490,10109,retire,0,0,,0,830,hydrogen-water-general,hydrogen-water-general-gut-bacteria-make-health-gas,Hydrogen Water General: How Gut Bacteria Make Health Gas in 2024
https://hydrogenstudies.com/blog/hydrogen-water-general-how-gut-fiber-makes-disease-fighting-gas-394943,10110,retire,0,1,46.0,0,759,hydrogen-water-general,hydrogen-water-general-gut-fiber-makes-disease-fighting-gas,Hydrogen Water General: How Gut Fiber Makes Disease-Fighting Gas
https://hydrogenstudies.com/blog/hydrogen-water-general-what-2024-gut-research-shows-479832,10112,retire,0,0,,0,825,hydrogen-water-general,hydrogen-water-general-gut-research-shows,Hydrogen Water General: What 2024 Gut Research Shows
https://hydrogenstudies.com/blog/hydrogen-water-general-can-it-fix-your-gut-problems-508355,10113,retire,0,14,44.4,0,789,hydrogen-water-general,hydrogen-water-general-fix-gut-problems,Hydrogen Water General: Can It Fix Your Gut Problems?
https://hydrogenstudies.com/blog/hydrogen-water-general-studies-what-2024-research-shows-594434,10115,retire,0,78,25.0,0,897,what-20xx-research-shows,hydrogen-water-general-studies-research-shows,Hydrogen Water General Studies: What 2024 Research Shows
https://hydrogenstudies.com/blog/hydrogen-water-general-your-research-questions-answered-625919,10116,retire,0,1,74.0,0,812,hydrogen-water-general,hydrogen-water-general-research-questions-answered,Hydrogen Water General: Your Research Questions Answered
https://hydrogenstudies.com/blog/hydrogen-water-general-how-bacteria-make-clean-fuel-in-2024-715545,10117,retire,0,0,,0,822,hydrogen-water-general,hydrogen-water-general-bacteria-make-clean-fuel,Hydrogen Water General: How Bacteria Make Clean Fuel in 2024
https://hydrogenstudies.com/blog/how-to-use-hydrogen-water-for-clean-energy-a-science-backed-guide-714085,10118,retire,0,6,55.0,0,771,how-to-use,use-hydrogen-water-clean-energy-science-backed,How to Use Hydrogen Water for Clean Energy: A Science-Backed Guide
https://hydrogenstudies.com/blog/hydrogen-water-general-can-bacteria-make-clean-energy-749613,10119,retire,0,2,73.0,0,803,hydrogen-water-general,hydrogen-water-general-bacteria-make-clean-energy,Hydrogen Water General: Can Bacteria Make Clean Energy?
https://hydrogenstudies.com/blog/how-to-store-hydrogen-water-for-best-results-a-science-backed-guide-953734,10123,retire,0,0,,0,742,,store-hydrogen-water-best-results-science-backed,How to Store Hydrogen Water for Best Results: A Science-Backed Guide
https://hydrogenstudies.com/blog/hydrogen-water-general-storage-what-2024-research-shows-956544,10124,retire,0,0,,0,809,what-20xx-research-shows,hydrogen-water-general-storage-research-shows,Hydrogen Water General Storage: What 2024 Research Shows
https://hydrogenstudies.com/blog/hydrogen-water-general-storage-your-questions-answered-984716,10125,retire,0,0,,0,762,,hydrogen-water-general-storage-questions-answered,Hydrogen Water General Storage: Your Questions Answered
https://hydrogenstudies.com/blog/hydrogen-water-general-faq-your-cell-protection-questions-answered-037407,10128,retire,0,0,,0,845,,hydrogen-water-general-faq-cell-protection-questions-answered,Hydrogen Water General FAQ: Your Cell Protection Questions Answered
https://hydrogenstudies.com/blog/how-to-use-hydrogen-water-for-cell-energy-a-science-backed-guide-120447,10131,retire,0,0,,0,828,how-to-use,use-hydrogen-water-cell-energy-science-backed,How to Use Hydrogen Water for Cell Energy: A Science-Backed Guide
https://hydrogenstudies.com/blog/hydrogen-water-general-what-2024-research-shows-about-sleep-147126,10133,retire,0,0,,0,893,hydrogen-water-general,hydrogen-water-general-research-shows-about-sleep,Hydrogen Water General: What 2024 Research Shows About Sleep
https://hydrogenstudies.com/blog/hydrogen-water-general-your-energy-questions-answered-176860,10135,retire,0,0,,0,865,hydrogen-water-general,hydrogen-water-general-energy-questions-answered,Hydrogen Water General: Your Energy Questions Answered
https://hydrogenstudies.com/blog/hydrogen-water-general-what-ancient-bacteria-teach-us-232568,10137,retire,0,0,,0,761,hydrogen-water-general,hydrogen-water-general-ancient-bacteria-teach-us,Hydrogen Water General: What Ancient Bacteria Teach Us
https://hydrogenstudies.com/blog/hydrogen-water-general-ancient-bacteria-secrets-revealed-262901,10138,retire,0,0,,0,806,hydrogen-water-general,hydrogen-water-general-ancient-bacteria-secrets-revealed,Hydrogen Water General: Ancient Bacteria Secrets Revealed
https://hydrogenstudies.com/blog/hydrogen-water-and-disease-fighting-what-2024-research-shows-350441,10140,retire,0,0,,0,972,what-20xx-research-shows,hydrogen-water-disease-fighting-research-shows,Hydrogen Water and Disease Fighting: What 2024 Research Shows
https://hydrogenstudies.com/blog/hydrogen-water-general-health-what-2024-lab-research-shows-463383,10142,retire,0,0,,0,839,,hydrogen-water-general-health-lab-research-shows,Hydrogen Water General Health: What 2024 Lab Research Shows
https://hydrogenstudies.com/blog/how-to-use-hydrogen-water-for-better-lab-cells-a-science-guide-464512,10143,retire,0,1,3.0,0,852,how-to-use,use-hydrogen-water-better-lab-cells-science,How to Use Hydrogen Water for Better Lab Cells: A Science Guide
https://hydrogenstudies.com/blog/hydrogen-water-general-could-it-keep-you-young-forever-726204,10150,retire,0,0,,0,741,hydrogen-water-general,hydrogen-water-general-could-keep-young-forever,Hydrogen Water General: Could It Keep You Young Forever?
https://hydrogenstudies.com/blog/hydrogen-water-general-what-2024-research-shows-about-your-bodys-natural-shield-919683,10155,retire,0,0,,0,864,hydrogen-water-general,hydrogen-water-general-research-shows-about-bodys-natural-shield,Hydrogen Water General: What 2024 Research Shows About Your Body's Natural Shield
https://hydrogenstudies.com/blog/hydrogen-water-and-your-body-what-2024-research-shows-940958,10157,retire,0,117,43.7,0,978,what-20xx-research-shows,hydrogen-water-body-research-shows,Hydrogen Water and Your Body: What 2024 Research Shows
https://hydrogenstudies.com/blog/hydrogen-water-general-how-your-body-makes-this-tiny-protector-954889,10158,retire,0,0,,0,806,hydrogen-water-general,hydrogen-water-general-body-makes-this-tiny-protector,Hydrogen Water General: How Your Body Makes This Tiny Protector
https://hydrogenstudies.com/blog/hydrogen-water-general-your-bodys-natural-protection-970627,10159,retire,0,0,,0,825,hydrogen-water-general,hydrogen-water-general-bodys-natural-protection,Hydrogen Water General: Your Body's Natural Protection
https://hydrogenstudies.com/blog/hydrogen-water-general-your-antioxidant-questions-answered-087428,10165,retire,0,0,,0,850,hydrogen-water-general,hydrogen-water-general-antioxidant-questions-answered,Hydrogen Water General: Your Antioxidant Questions Answered
https://hydrogenstudies.com/blog/hydrogen-water-general-how-gas-from-diabetes-drugs-helps-hearts-156271,10167,retire,0,0,,0,902,hydrogen-water-general,hydrogen-water-general-gas-diabetes-drugs-helps-hearts,Hydrogen Water General: How Gas From Diabetes Drugs Helps Hearts
https://hydrogenstudies.com/blog/hydrogen-water-general-does-gut-gas-protect-your-heart-188940,10168,retire,0,0,,0,861,hydrogen-water-general,hydrogen-water-general-gut-gas-protect-heart,Hydrogen Water General: Does Gut Gas Protect Your Heart?
https://hydrogenstudies.com/blog/how-to-use-hydrogen-water-for-smart-antioxidant-power-a-science-guide-271361,10169,retire,0,14,50.6,0,771,how-to-use,use-hydrogen-water-smart-antioxidant-power-science,How to Use Hydrogen Water for Smart Antioxidant Power: A Science Guide
https://hydrogenstudies.com/blog/hydrogen-water-general-could-this-gas-change-medicine-422966,10174,retire,0,0,,0,874,hydrogen-water-general,hydrogen-water-general-could-this-gas-change-medicine,Hydrogen Water General: Could This Gas Change Medicine?
https://hydrogenstudies.com/blog/hydrogen-water-and-brain-safety-what-2024-research-shows-519061,10176,retire,0,0,,0,967,what-20xx-research-shows,hydrogen-water-brain-safety-research-shows,Hydrogen Water and Brain Safety: What 2024 Research Shows
https://hydrogenstudies.com/blog/how-to-use-hydrogen-water-for-heart-surgery-a-science-backed-guide-632627,10178,retire,0,0,,0,701,how-to-use,use-hydrogen-water-heart-surgery-science-backed,How to Use Hydrogen Water for Heart Surgery: A Science-Backed Guide
https://hydrogenstudies.com/blog/hydrogen-water-general-can-it-help-your-heart-stay-safe-666543,10180,retire,0,0,,0,870,hydrogen-water-general,hydrogen-water-general-help-heart-stay-safe,Hydrogen Water General: Can It Help Your Heart Stay Safe?
https://hydrogenstudies.com/blog/hydrogen-water-general-how-gut-bacteria-make-and-remove-gas-746894,10181,retire,0,17,42.5,0,769,hydrogen-water-general,hydrogen-water-general-gut-bacteria-make-remove-gas,Hydrogen Water General: How Gut Bacteria Make and Remove Gas
https://hydrogenstudies.com/blog/hydrogen-water-general-how-gut-bacteria-clean-your-system-751582,10183,retire,0,1,32.0,0,931,hydrogen-water-general,hydrogen-water-general-gut-bacteria-clean-system,Hydrogen Water General: How Gut Bacteria Clean Your System
https://hydrogenstudies.com/blog/how-to-use-hydrogen-water-for-body-detox-a-science-guide-846813,10185,retire,0,56,17.7,0,700,how-to-use,use-hydrogen-water-body-detox-science,How to Use Hydrogen Water for Body Detox: A Science Guide
https://hydrogenstudies.com/blog/hydrogen-water-and-safety-what-2024-research-shows-867345,10186,retire,0,1,86.0,0,918,what-20xx-research-shows,hydrogen-water-safety-research-shows,Hydrogen Water and Safety: What 2024 Research Shows
https://hydrogenstudies.com/blog/hydrogen-water-general-your-smart-antioxidant-questions-answered-893626,10189,retire,0,0,,0,875,hydrogen-water-general,hydrogen-water-general-smart-antioxidant-questions-answered,Hydrogen Water General: Your Smart Antioxidant Questions Answered
https://hydrogenstudies.com/blog/hydrogen-water-general-how-it-safely-fights-bad-toxins-909471,10190,retire,0,0,,0,894,hydrogen-water-general,hydrogen-water-general-safely-fights-bad-toxins,Hydrogen Water General: How It Safely Fights Bad Toxins
https://hydrogenstudies.com/blog/hydrogen-water-and-transplants-what-2024-research-shows-111542,10198,retire,0,0,,0,940,what-20xx-research-shows,hydrogen-water-transplants-research-shows,Hydrogen Water and Transplants: What 2024 Research Shows
https://hydrogenstudies.com/blog/hydrogen-water-general-brain-injury-questions-answered-497510,10208,retire,0,0,,0,841,hydrogen-water-general,hydrogen-water-general-brain-injury-questions-answered,Hydrogen Water General: Brain Injury Questions Answered
https://hydrogenstudies.com/blog/hydrogen-water-general-what-2024-copd-research-shows-583179,10210,retire,0,0,,0,908,hydrogen-water-general,hydrogen-water-general-copd-research-shows,Hydrogen Water General: What 2024 COPD Research Shows
https://hydrogenstudies.com/blog/hydrogen-water-general-can-it-help-copd-patients-breathe-612464,10211,retire,0,1,97.0,0,833,hydrogen-water-general,hydrogen-water-general-help-copd-patients-breathe,Hydrogen Water General: Can It Help COPD Patients Breathe?
https://hydrogenstudies.com/blog/hydrogen-water-general-what-2024-research-shows-for-copd-701453,10213,retire,0,0,,0,923,hydrogen-water-general,hydrogen-water-general-research-shows-copd,Hydrogen Water General: What 2024 Research Shows for COPD
https://hydrogenstudies.com/blog/hydrogen-water-general-can-it-help-copd-lung-problems-732256,10216,retire,0,0,,0,859,hydrogen-water-general,hydrogen-water-general-help-copd-lung-problems,Hydrogen Water General: Can It Help COPD Lung Problems?
https://hydrogenstudies.com/blog/hydrogen-water-general-can-gut-gas-help-ibd-naturally-747068,10217,retire,0,3,93.3,0,876,hydrogen-water-general,hydrogen-water-general-gut-gas-help-ibd-naturally,Hydrogen Water General: Can Gut Gas Help IBD Naturally?
https://hydrogenstudies.com/blog/hydrogen-water-general-how-sleep-hormone-protects-cells-in-2024-834071,10219,retire,0,0,,0,866,hydrogen-water-general,hydrogen-water-general-sleep-hormone-protects-cells,Hydrogen Water General: How Sleep Hormone Protects Cells in 2024
https://hydrogenstudies.com/blog/hydrogen-water-general-does-melatonin-protect-your-cells-864786,10220,retire,0,0,,0,783,hydrogen-water-general,hydrogen-water-general-melatonin-protect-cells,Hydrogen Water General: Does Melatonin Protect Your Cells?
https://hydrogenstudies.com/blog/hydrogen-water-general-your-questions-about-cell-energy-answered-863621,10221,retire,0,0,,0,845,hydrogen-water-general,hydrogen-water-general-questions-about-cell-energy-answered,Hydrogen Water General: Your Questions About Cell Energy Answered
https://hydrogenstudies.com/blog/how-to-use-hydrogen-water-for-daily-cell-protection-a-science-backed-guide-072990,10225,retire,0,0,,0,800,how-to-use,use-hydrogen-water-daily-cell-protection-science-backed,How to Use Hydrogen Water for Daily Cell Protection: A Science-Backed Guide
https://hydrogenstudies.com/blog/hydrogen-water-general-could-this-gas-change-medicine-forever-108289,10227,retire,0,0,,0,827,hydrogen-water-general,hydrogen-water-general-could-this-gas-change-medicine-forever,Hydrogen Water General: Could This Gas Change Medicine Forever?
https://hydrogenstudies.com/blog/how-to-use-hydrogen-water-for-fighting-body-damage-a-science-guide-190622,10229,retire,0,0,,0,718,how-to-use,use-hydrogen-water-fighting-body-damage-science,How to Use Hydrogen Water for Fighting Body Damage: A Science Guide
https://hydrogenstudies.com/blog/hydrogen-water-general-why-antioxidant-pills-fail-in-2024-309703,10232,retire,0,0,,0,854,hydrogen-water-general,hydrogen-water-general-antioxidant-pills-fail,Hydrogen Water General: Why Antioxidant Pills Fail in 2024
https://hydrogenstudies.com/blog/hydrogen-water-general-why-vitamins-cant-stop-iron-damage-340416,10233,retire,0,1,97.0,0,838,hydrogen-water-general,hydrogen-water-general-vitamins-cant-stop-iron-damage,Hydrogen Water General: Why Vitamins Can't Stop Iron Damage
https://hydrogenstudies.com/blog/how-to-use-hydrogen-water-for-fighting-aging-a-science-guide-424947,10234,retire,0,0,,0,733,how-to-use,use-hydrogen-water-fighting-aging-science,How to Use Hydrogen Water for Fighting Aging: A Science Guide
https://hydrogenstudies.com/blog/how-to-use-hydrogen-water-for-better-health-a-science-backed-guide-544297,10237,retire,0,16,82.5,0,757,how-to-use,use-hydrogen-water-better-health-science-backed,How to Use Hydrogen Water for Better Health: A Science-Backed Guide
https://hydrogenstudies.com/blog/hydrogen-water-and-health-what-2024-research-shows-550813,10239,retire,0,0,,0,920,what-20xx-research-shows,hydrogen-water-health-research-shows,Hydrogen Water and Health: What 2024 Research Shows
https://hydrogenstudies.com/blog/hydrogen-water-for-diabetes-your-questions-answered-575845,10240,retire,0,3,3.0,0,902,,hydrogen-water-diabetes-questions-answered,Hydrogen Water for Diabetes: Your Questions Answered
https://hydrogenstudies.com/blog/hydrogen-water-for-parkinsons-your-questions-answered-696870,10246,retire,0,0,,0,880,,hydrogen-water-parkinsons-questions-answered,Hydrogen Water for Parkinson's: Your Questions Answered
https://hydrogenstudies.com/blog/hydrogen-water-general-what-2024-research-shows-about-cancer-treatment-771171,10248,retire,0,0,,0,868,hydrogen-water-general,hydrogen-water-general-research-shows-about-cancer-treatment,Hydrogen Water General: What 2024 Research Shows About Cancer Treatment
https://hydrogenstudies.com/blog/how-to-use-hydrogen-water-for-cancer-treatment-a-science-backed-guide-782473,10249,retire,0,0,,0,809,how-to-use,use-hydrogen-water-cancer-treatment-science-backed,How to Use Hydrogen Water for Cancer Treatment: A Science-Backed Guide
https://hydrogenstudies.com/blog/hydrogen-water-general-can-it-help-during-cancer-treatment-817909,10252,retire,0,0,,0,903,hydrogen-water-general,hydrogen-water-general-help-during-cancer-treatment,Hydrogen Water General: Can It Help During Cancer Treatment?
https://hydrogenstudies.com/blog/hydrogen-water-general-can-it-help-men-with-diabetes-926775,10255,retire,0,0,,0,881,hydrogen-water-general,hydrogen-water-general-help-men-diabetes,Hydrogen Water General: Can It Help Men With Diabetes?
https://hydrogenstudies.com/blog/how-to-use-hydrogen-water-for-male-fertility-a-science-guide-014636,10256,retire,0,0,,0,799,how-to-use,use-hydrogen-water-male-fertility-science,How to Use Hydrogen Water for Male Fertility: A Science Guide
https://hydrogenstudies.com/blog/hydrogen-water-and-male-fertility-what-2024-research-shows-017134,10257,retire,0,0,,0,920,what-20xx-research-shows,hydrogen-water-male-fertility-research-shows,Hydrogen Water and Male Fertility: What 2024 Research Shows
https://hydrogenstudies.com/blog/hydrogen-water-for-mens-health-your-questions-answered-050538,10258,retire,0,0,,0,927,,hydrogen-water-mens-health-questions-answered,Hydrogen Water for Men's Health: Your Questions Answered
https://hydrogenstudies.com/blog/hydrogen-water-and-space-travel-what-2024-research-shows-137515,10259,retire,0,0,,0,894,what-20xx-research-shows,hydrogen-water-space-travel-research-shows,Hydrogen Water and Space Travel: What 2024 Research Shows
https://hydrogenstudies.com/blog/hydrogen-water-general-can-it-protect-astronauts-in-space-172366,10261,retire,0,7,9.1,0,879,hydrogen-water-general,hydrogen-water-general-protect-astronauts-space,Hydrogen Water General: Can It Protect Astronauts in Space?
https://hydrogenstudies.com/blog/how-to-use-hydrogen-water-for-blood-health-a-science-backed-guide-381943,10266,retire,0,1,72.0,0,862,how-to-use,use-hydrogen-water-blood-health-science-backed,How to Use Hydrogen Water for Blood Health: A Science-Backed Guide
https://hydrogenstudies.com/blog/hydrogen-water-general-can-it-help-aplastic-anemia-414982,10267,retire,0,0,,0,848,hydrogen-water-general,hydrogen-water-general-help-aplastic-anemia,Hydrogen Water General: Can It Help Aplastic Anemia?
https://hydrogenstudies.com/blog/hydrogen-water-and-brain-health-what-2024-research-shows-631840,10275,retire,0,3,120.3,0,946,what-20xx-research-shows,hydrogen-water-brain-health-research-shows,Hydrogen Water and Brain Health: What 2024 Research Shows
https://hydrogenstudies.com/blog/hydrogen-water-general-faq-can-it-protect-your-brain-662230,10276,retire,0,0,,0,858,,hydrogen-water-general-faq-protect-brain,Hydrogen Water General FAQ: Can It Protect Your Brain?
https://hydrogenstudies.com/blog/hydrogen-water-general-can-it-protect-your-brain-cells-673236,10277,retire,0,0,,0,866,hydrogen-water-general,hydrogen-water-general-protect-brain-cells,Hydrogen Water General: Can It Protect Your Brain Cells?
https://hydrogenstudies.com/blog/hydrogen-water-general-what-2024-research-shows-about-63-diseases-761295,10278,retire,0,0,,0,830,hydrogen-water-general,hydrogen-water-general-research-shows-about-63-diseases,Hydrogen Water General: What 2024 Research Shows About 63 Diseases
https://hydrogenstudies.com/blog/hydrogen-water-general-can-it-help-protect-your-brain-912825,10283,retire,0,0,,0,876,hydrogen-water-general,hydrogen-water-general-help-protect-brain,Hydrogen Water General: Can It Help Protect Your Brain?
https://hydrogenstudies.com/blog/hydrogen-water-general-health-what-2024-icu-research-shows-115654,10287,retire,0,0,,0,845,,hydrogen-water-general-health-icu-research-shows,Hydrogen Water General Health: What 2024 ICU Research Shows
https://hydrogenstudies.com/blog/hydrogen-water-general-could-it-help-hospital-patients-149926,10289,retire,0,0,,0,951,hydrogen-water-general,hydrogen-water-general-could-help-hospital-patients,Hydrogen Water General: Could It Help Hospital Patients?
https://hydrogenstudies.com/blog/hydrogen-water-general-how-gut-bacteria-make-gas-daily-239910,10291,retire,0,3,67.7,0,885,hydrogen-water-general,hydrogen-water-general-gut-bacteria-make-gas-daily,Hydrogen Water General: How Gut Bacteria Make Gas Daily
https://hydrogenstudies.com/blog/hydrogen-water-general-can-it-help-your-gut-health-271635,10292,retire,0,0,,0,917,hydrogen-water-general,hydrogen-water-general-help-gut-health,Hydrogen Water General: Can It Help Your Gut Health?
https://hydrogenstudies.com/blog/hydrogen-water-general-how-gas-heals-your-gut-in-2024-364085,10294,retire,0,0,,0,942,hydrogen-water-general,hydrogen-water-general-gas-heals-gut,Hydrogen Water General: How Gas Heals Your Gut in 2024
https://hydrogenstudies.com/blog/hydrogen-water-general-can-medicine-side-effects-heal-you-400040,10296,retire,0,0,,0,891,hydrogen-water-general,hydrogen-water-general-medicine-side-effects-heal,Hydrogen Water General: Can Medicine Side Effects Heal You?
https://hydrogenstudies.com/blog/hydrogen-water-general-faq-your-safety-questions-answered-437619,10298,retire,0,0,,0,884,,hydrogen-water-general-faq-safety-questions-answered,Hydrogen Water General FAQ: Your Safety Questions Answered
https://hydrogenstudies.com/blog/how-to-use-hydrogen-water-for-better-healing-a-science-guide-523022,10299,retire,0,0,,0,849,how-to-use,use-hydrogen-water-better-healing-science,How to Use Hydrogen Water for Better Healing: A Science Guide
https://hydrogenstudies.com/blog/hydrogen-water-general-what-2024-research-shows-about-how-it-works-535825,10301,retire,0,0,,0,803,hydrogen-water-general,hydrogen-water-general-research-shows-about-works,Hydrogen Water General: What 2024 Research Shows About How It Works
https://hydrogenstudies.com/blog/how-to-use-hydrogen-water-for-fighting-body-inflammation-535833,10302,retire,0,1,63.0,0,844,how-to-use,use-hydrogen-water-fighting-body-inflammation,How to Use Hydrogen Water for Fighting Body Inflammation
https://hydrogenstudies.com/blog/hydrogen-water-general-how-it-really-works-in-your-body-568795,10304,retire,0,5,80.0,0,912,hydrogen-water-general,hydrogen-water-general-really-works-body,Hydrogen Water General: How It Really Works in Your Body
https://hydrogenstudies.com/blog/hydrogen-water-general-what-2024-research-shows-for-joint-health-631683,10306,retire,0,0,,0,937,hydrogen-water-general,hydrogen-water-general-research-shows-joint-health,Hydrogen Water General: What 2024 Research Shows for Joint Health
https://hydrogenstudies.com/blog/hydrogen-water-general-can-it-help-your-joints-stay-healthy-662975,10307,retire,0,0,,0,855,hydrogen-water-general,hydrogen-water-general-help-joints-stay-healthy,Hydrogen Water General: Can It Help Your Joints Stay Healthy?
https://hydrogenstudies.com/blog/hydrogen-water-and-autism-what-2024-research-shows-749886,10309,retire,0,0,,0,892,what-20xx-research-shows,hydrogen-water-autism-research-shows,Hydrogen Water and Autism: What 2024 Research Shows
https://hydrogenstudies.com/blog/hydrogen-water-for-autism-your-questions-answered-779279,10310,retire,0,5,11.2,0,811,,hydrogen-water-autism-questions-answered,Hydrogen Water for Autism: Your Questions Answered
https://hydrogenstudies.com/blog/how-to-use-hydrogen-water-for-autism-support-a-science-backed-guide-860586,10311,retire,0,0,,0,728,how-to-use,use-hydrogen-water-autism-support-science-backed,How to Use Hydrogen Water for Autism Support: A Science-Backed Guide
https://hydrogenstudies.com/blog/hydrogen-water-general-your-medical-questions-answered-010488,10316,retire,0,0,,0,856,hydrogen-water-general,hydrogen-water-general-medical-questions-answered,Hydrogen Water General: Your Medical Questions Answered
https://hydrogenstudies.com/blog/how-to-use-hydrogen-water-for-better-digestion-a-science-guide-098176,10317,retire,0,0,,0,797,how-to-use,use-hydrogen-water-better-digestion-science,How to Use Hydrogen Water for Better Digestion: A Science Guide
https://hydrogenstudies.com/blog/hydrogen-water-and-stomach-health-what-2024-research-shows-103829,10318,retire,0,0,,0,903,what-20xx-research-shows,hydrogen-water-stomach-health-research-shows,Hydrogen Water and Stomach Health: What 2024 Research Shows
https://hydrogenstudies.com/blog/how-to-use-hydrogen-water-for-fighting-cell-damage-a-science-backed-guide-212222,10320,retire,0,0,,0,720,how-to-use,use-hydrogen-water-fighting-cell-damage-science-backed,How to Use Hydrogen Water for Fighting Cell Damage: A Science-Backed Guide
https://hydrogenstudies.com/blog/hydrogen-water-general-how-tiny-gas-molecules-control-energy-249736,10324,retire,0,0,,0,841,hydrogen-water-general,hydrogen-water-general-tiny-gas-molecules-control-energy,Hydrogen Water General: How Tiny Gas Molecules Control Energy
https://hydrogenstudies.com/blog/hydrogen-water-general-how-tiny-gas-molecules-boost-energy-276913,10325,retire,0,0,,0,885,hydrogen-water-general,hydrogen-water-general-tiny-gas-molecules-boost-energy,Hydrogen Water General: How Tiny Gas Molecules Boost Energy
https://hydrogenstudies.com/blog/how-to-use-hydrogen-water-for-fighting-free-radicals-a-science-backed-guide-360453,10326,retire,0,0,,0,797,how-to-use,use-hydrogen-water-fighting-free-radicals-science-backed,How to Use Hydrogen Water for Fighting Free Radicals: A Science-Backed Guide
https://hydrogenstudies.com/blog/hydrogen-water-general-could-this-change-medicine-forever-394361,10330,retire,0,0,,0,897,hydrogen-water-general,hydrogen-water-general-could-this-change-medicine-forever,Hydrogen Water General: Could This Change Medicine Forever?
https://hydrogenstudies.com/blog/hydrogen-water-general-health-claims-your-questions-answered-510729,10334,retire,0,0,,0,827,,hydrogen-water-general-health-claims-questions-answered,Hydrogen Water General Health Claims: Your Questions Answered
https://hydrogenstudies.com/blog/how-to-use-hydrogen-water-for-natural-health-a-science-backed-guide-720147,10339,retire,0,0,,0,818,how-to-use,use-hydrogen-water-natural-health-science-backed,How to Use Hydrogen Water for Natural Health: A Science-Backed Guide
https://hydrogenstudies.com/blog/hydrogen-water-general-your-questions-about-this-antioxidant-answered-750782,10340,retire,0,1,143.0,0,869,hydrogen-water-general,hydrogen-water-general-questions-about-this-antioxidant-answered,Hydrogen Water General: Your Questions About This Antioxidant Answered
https://hydrogenstudies.com/blog/how-to-use-hydrogen-water-general-for-cancer-care-a-science-backed-guide-833563,10341,retire,0,0,,0,791,,use-hydrogen-water-general-cancer-care-science-backed,How to Use Hydrogen Water General for Cancer Care: A Science-Backed Guide
https://hydrogenstudies.com/blog/hydrogen-water-and-cancer-treatment-what-2024-research-shows-837642,10342,retire,0,0,,0,920,what-20xx-research-shows,hydrogen-water-cancer-treatment-research-shows,Hydrogen Water and Cancer Treatment: What 2024 Research Shows
https://hydrogenstudies.com/blog/hydrogen-water-for-cancer-care-your-questions-answered-869229,10343,retire,0,0,,0,919,,hydrogen-water-cancer-care-questions-answered,Hydrogen Water for Cancer Care: Your Questions Answered
https://hydrogenstudies.com/blog/how-to-use-hydrogen-water-for-radiation-protection-a-science-backed-guide-959534,10344,retire,0,4,10.0,0,763,how-to-use,use-hydrogen-water-radiation-protection-science-backed,How to Use Hydrogen Water for Radiation Protection: A Science-Backed Guide
https://hydrogenstudies.com/blog/hydrogen-water-general-protection-what-2024-research-shows-961435,10345,retire,0,0,,0,941,what-20xx-research-shows,hydrogen-water-general-protection-research-shows,Hydrogen Water General Protection: What 2024 Research Shows
https://hydrogenstudies.com/blog/hydrogen-water-general-can-it-protect-against-radiation-991465,10346,retire,0,0,,0,862,hydrogen-water-general,hydrogen-water-general-protect-against-radiation,Hydrogen Water General: Can It Protect Against Radiation?
https://hydrogenstudies.com/blog/hydrogen-water-general-how-gas-treatment-saves-transplant-lungs-075918,10348,retire,0,0,,0,880,hydrogen-water-general,hydrogen-water-general-gas-treatment-saves-transplant-lungs,Hydrogen Water General: How Gas Treatment Saves Transplant Lungs
https://hydrogenstudies.com/blog/how-to-use-hydrogen-water-for-organ-health-a-science-backed-guide-080938,10349,retire,0,0,,0,858,how-to-use,use-hydrogen-water-organ-health-science-backed,How to Use Hydrogen Water for Organ Health: A Science-Backed Guide
https://hydrogenstudies.com/blog/hydrogen-water-and-organ-health-what-2024-research-shows-098599,10350,retire,0,0,,0,942,what-20xx-research-shows,hydrogen-water-organ-health-research-shows,Hydrogen Water and Organ Health: What 2024 Research Shows
https://hydrogenstudies.com/blog/hydrogen-water-general-can-it-help-organ-transplants-126796,10352,retire,0,0,,0,923,hydrogen-water-general,hydrogen-water-general-help-organ-transplants,Hydrogen Water General: Can It Help Organ Transplants?
https://hydrogenstudies.com/blog/how-to-use-hydrogen-water-for-organ-protection-a-science-backed-guide-193869,10353,retire,0,0,,0,786,how-to-use,use-hydrogen-water-organ-protection-science-backed,How to Use Hydrogen Water for Organ Protection: A Science-Backed Guide
https://hydrogenstudies.com/blog/how-to-use-hydrogen-water-for-emergency-care-a-science-backed-guide-213491,10356,retire,0,0,,0,750,how-to-use,use-hydrogen-water-emergency-care-science-backed,How to Use Hydrogen Water for Emergency Care: A Science-Backed Guide
https://hydrogenstudies.com/blog/hydrogen-water-for-organ-protection-your-questions-answered-230615,10357,retire,0,0,,0,916,,hydrogen-water-organ-protection-questions-answered,Hydrogen Water for Organ Protection: Your Questions Answered
https://hydrogenstudies.com/blog/hydrogen-water-and-brain-protection-what-2024-research-shows-318539,10359,retire,0,0,,0,912,what-20xx-research-shows,hydrogen-water-brain-protection-research-shows,Hydrogen Water and Brain Protection: What 2024 Research Shows
https://hydrogenstudies.com/blog/how-to-use-hydrogen-water-for-brain-protection-a-science-backed-guide-318861,10360,retire,0,0,,0,821,how-to-use,use-hydrogen-water-brain-protection-science-backed,How to Use Hydrogen Water for Brain Protection: A Science-Backed Guide
https://hydrogenstudies.com/blog/how-to-use-hydrogen-water-for-brain-safety-a-science-backed-guide-327759,10361,retire,0,0,,0,729,how-to-use,use-hydrogen-water-brain-safety-science-backed,How to Use Hydrogen Water for Brain Safety: A Science-Backed Guide
https://hydrogenstudies.com/blog/hydrogen-water-general-what-2024-research-shows-for-poison-care-333524,10362,retire,0,1,162.0,0,949,hydrogen-water-general,hydrogen-water-general-research-shows-poison-care,Hydrogen Water General: What 2024 Research Shows for Poison Care
https://hydrogenstudies.com/blog/hydrogen-water-for-carbon-monoxide-your-questions-answered-353291,10363,retire,0,0,,0,882,,hydrogen-water-carbon-monoxide-questions-answered,Hydrogen Water for Carbon Monoxide: Your Questions Answered
https://hydrogenstudies.com/blog/hydrogen-water-general-can-it-help-brain-damage-questions-365508,10364,retire,0,0,,0,933,hydrogen-water-general,hydrogen-water-general-help-brain-damage-questions,Hydrogen Water General: Can It Help Brain Damage Questions?
https://hydrogenstudies.com/blog/hydrogen-water-and-healing-what-2024-research-shows-571450,10369,retire,0,0,,0,985,what-20xx-research-shows,hydrogen-water-healing-research-shows,Hydrogen Water and Healing: What 2024 Research Shows
https://hydrogenstudies.com/blog/hydrogen-water-and-office-air-what-2024-research-shows-690991,10371,retire,0,0,,0,850,what-20xx-research-shows,hydrogen-water-office-air-research-shows,Hydrogen Water and Office Air: What 2024 Research Shows
https://hydrogenstudies.com/blog/how-to-use-hydrogen-water-for-office-air-protection-a-science-backed-guide-692821,10372,retire,0,0,,0,898,how-to-use,use-hydrogen-water-office-air-protection-science-backed,How to Use Hydrogen Water for Office Air Protection: A Science-Backed Guide
https://hydrogenstudies.com/blog/hydrogen-water-for-office-air-your-questions-answered-725821,10373,retire,0,0,,0,874,,hydrogen-water-office-air-questions-answered,Hydrogen Water for Office Air: Your Questions Answered
https://hydrogenstudies.com/blog/hydrogen-water-general-what-2024-research-shows-about-gut-health-812715,10375,retire,0,0,,0,953,hydrogen-water-general,hydrogen-water-general-research-shows-about-gut-health,Hydrogen Water General: What 2024 Research Shows About Gut Health
https://hydrogenstudies.com/blog/hydrogen-water-general-can-it-help-gut-health-issues-845320,10376,retire,0,0,,0,874,hydrogen-water-general,hydrogen-water-general-help-gut-health-issues,Hydrogen Water General: Can It Help Gut Health Issues?
https://hydrogenstudies.com/blog/how-to-use-hydrogen-water-general-safely-hidden-machine-risks-931989,10377,retire,0,0,,0,781,,use-hydrogen-water-general-safely-hidden-machine-risks,How to Use Hydrogen Water General Safely: Hidden Machine Risks
https://hydrogenstudies.com/blog/how-to-use-hydrogen-water-for-liver-health-a-science-backed-guide-095300,10385,retire,0,42,15.9,0,751,how-to-use,use-hydrogen-water-liver-health-science-backed,How to Use Hydrogen Water for Liver Health: A Science-Backed Guide
https://hydrogenstudies.com/blog/hydrogen-water-for-fatty-liver-your-questions-answered-134473,10388,retire,0,0,,0,940,,hydrogen-water-fatty-liver-questions-answered,Hydrogen Water for Fatty Liver: Your Questions Answered
https://hydrogenstudies.com/blog/hydrogen-water-general-health-what-2024-brain-research-shows-204147,10389,retire,0,0,,0,919,,hydrogen-water-general-health-brain-research-shows,Hydrogen Water General Health: What 2024 Brain Research Shows
https://hydrogenstudies.com/blog/how-to-use-hydrogen-water-for-better-brain-health-a-science-backed-guide-206246,10390,retire,0,0,,0,831,how-to-use,use-hydrogen-water-better-brain-health-science-backed,How to Use Hydrogen Water for Better Brain Health: A Science-Backed Guide
https://hydrogenstudies.com/blog/hydrogen-water-for-mental-health-your-questions-answered-236020,10391,retire,0,0,,0,916,,hydrogen-water-mental-health-questions-answered,Hydrogen Water for Mental Health: Your Questions Answered
https://hydrogenstudies.com/blog/how-to-use-hydrogen-water-for-transplant-recovery-a-science-backed-guide-576273,10398,retire,0,0,,0,853,how-to-use,use-hydrogen-water-transplant-recovery-science-backed,How to Use Hydrogen Water for Transplant Recovery: A Science-Backed Guide
https://hydrogenstudies.com/blog/hydrogen-water-general-what-2024-research-shows-for-blood-health-580044,10399,retire,0,0,,0,889,hydrogen-water-general,hydrogen-water-general-research-shows-blood-health,Hydrogen Water General: What 2024 Research Shows for Blood Health
https://hydrogenstudies.com/blog/hydrogen-water-general-can-it-help-after-blood-transfusions-612420,10400,retire,0,0,,0,864,hydrogen-water-general,hydrogen-water-general-help-after-blood-transfusions,Hydrogen Water General: Can It Help After Blood Transfusions?
https://hydrogenstudies.com/blog/hydrogen-water-general-your-brain-health-questions-answered-730852,10403,retire,0,0,,0,900,hydrogen-water-general,hydrogen-water-general-brain-health-questions-answered,Hydrogen Water General: Your Brain Health Questions Answered
https://hydrogenstudies.com/blog/hydrogen-water-general-brain-help-what-2024-research-shows-913259,10409,retire,0,0,,0,999,what-20xx-research-shows,hydrogen-water-general-brain-help-research-shows,Hydrogen Water General Brain Help: What 2024 Research Shows
https://hydrogenstudies.com/blog/hydrogen-water-general-what-2024-brain-studies-show-941253,10411,retire,0,0,,0,869,hydrogen-water-general,hydrogen-water-general-brain-studies-show,Hydrogen Water General: What 2024 Brain Studies Show
https://hydrogenstudies.com/blog/hydrogen-water-general-brain-bleeding-treatment-questions-945684,10412,retire,0,0,,0,899,hydrogen-water-general,hydrogen-water-general-brain-bleeding-treatment-questions,Hydrogen Water General: Brain Bleeding Treatment Questions
https://hydrogenstudies.com/blog/hydrogen-water-general-brain-bleeding-recovery-questions-answered-974284,10413,retire,0,0,,0,864,hydrogen-water-general,hydrogen-water-general-brain-bleeding-recovery-questions-answered,Hydrogen Water General: Brain Bleeding Recovery Questions Answered
https://hydrogenstudies.com/blog/hydrogen-water-general-what-2024-research-shows-about-brain-care-031707,10415,retire,0,0,,0,876,hydrogen-water-general,hydrogen-water-general-research-shows-about-brain-care,Hydrogen Water General: What 2024 Research Shows About Brain Care
https://hydrogenstudies.com/blog/how-to-use-hydrogen-water-for-emergency-health-a-science-backed-guide-143863,10420,retire,0,0,,0,811,how-to-use,use-hydrogen-water-emergency-health-science-backed,How to Use Hydrogen Water for Emergency Health: A Science-Backed Guide
https://hydrogenstudies.com/blog/hydrogen-water-general-what-2024-research-shows-for-sick-patients-149707,10421,retire,0,0,,0,992,hydrogen-water-general,hydrogen-water-general-research-shows-sick-patients,Hydrogen Water General: What 2024 Research Shows for Sick Patients
https://hydrogenstudies.com/blog/hydrogen-water-general-your-emergency-medicine-questions-answered-183976,10422,retire,0,0,,0,887,hydrogen-water-general,hydrogen-water-general-emergency-medicine-questions-answered,Hydrogen Water General: Your Emergency Medicine Questions Answered
https://hydrogenstudies.com/blog/hydrogen-water-general-your-breath-test-questions-answered-416608,10428,retire,0,0,,0,872,hydrogen-water-general,hydrogen-water-general-breath-test-questions-answered,Hydrogen Water General: Your Breath Test Questions Answered
https://hydrogenstudies.com/blog/how-to-check-your-hydrogen-water-general-safety-avoid-metal-risks-511740,10429,retire,0,3,56.7,0,820,,check-hydrogen-water-general-safety-avoid-metal-risks,How to Check Your Hydrogen Water General Safety: Avoid Metal Risks
https://hydrogenstudies.com/blog/hydrogen-water-general-risks-what-2024-research-shows-522608,10430,retire,0,0,,0,875,what-20xx-research-shows,hydrogen-water-general-risks-research-shows,Hydrogen Water General Risks: What 2024 Research Shows
https://hydrogenstudies.com/blog/hydrogen-water-general-health-your-colon-questions-answered-669194,10434,retire,0,0,,0,827,,hydrogen-water-general-health-colon-questions-answered,Hydrogen Water General Health: Your Colon Questions Answered
https://hydrogenstudies.com/blog/how-to-use-hydrogen-water-for-fighting-bad-molecules-a-science-backed-guide-018596,10446,retire,0,6,88.3,0,805,how-to-use,use-hydrogen-water-fighting-bad-molecules-science-backed,How to Use Hydrogen Water for Fighting Bad Molecules: A Science-Backed Guide
https://hydrogenstudies.com/blog/hydrogen-water-general-can-it-help-prevent-parkinsons-172483,10451,retire,0,0,,0,876,hydrogen-water-general,hydrogen-water-general-help-prevent-parkinsons,Hydrogen Water General: Can It Help Prevent Parkinson's?
https://hydrogenstudies.com/blog/hydrogen-water-general-can-it-help-with-cancer-treatment-291682,10454,retire,0,0,,0,855,hydrogen-water-general,hydrogen-water-general-help-cancer-treatment,Hydrogen Water General: Can It Help With Cancer Treatment?
https://hydrogenstudies.com/blog/how-to-use-hydrogen-water-for-fighting-infection-a-science-guide-371168,10455,retire,0,1,10.0,0,834,how-to-use,use-hydrogen-water-fighting-infection-science,How to Use Hydrogen Water for Fighting Infection: A Science Guide
https://hydrogenstudies.com/blog/hydrogen-water-and-blood-infections-what-2024-research-shows-373931,10456,retire,0,0,,0,848,what-20xx-research-shows,hydrogen-water-blood-infections-research-shows,Hydrogen Water and Blood Infections: What 2024 Research Shows
https://hydrogenstudies.com/blog/hydrogen-water-general-faq-can-it-help-fight-infections-405843,10457,retire,0,0,,0,863,,hydrogen-water-general-faq-help-fight-infections,Hydrogen Water General FAQ: Can It Help Fight Infections?
https://hydrogenstudies.com/blog/hydrogen-water-general-can-it-help-your-lungs-heal-522788,10460,retire,0,0,,0,839,hydrogen-water-general,hydrogen-water-general-help-lungs-heal,Hydrogen Water General: Can It Help Your Lungs Heal?
https://hydrogenstudies.com/blog/hydrogen-water-and-heart-recovery-what-2024-research-shows-612492,10462,retire,0,0,,0,996,what-20xx-research-shows,hydrogen-water-heart-recovery-research-shows,Hydrogen Water and Heart Recovery: What 2024 Research Shows
https://hydrogenstudies.com/blog/hydrogen-water-and-heart-attacks-what-2024-research-shows-612296,10463,retire,0,0,,0,966,what-20xx-research-shows,hydrogen-water-heart-attacks-research-shows,Hydrogen Water and Heart Attacks: What 2024 Research Shows
https://hydrogenstudies.com/blog/hydrogen-water-general-can-it-help-during-heart-emergencies-643782,10464,retire,0,0,,0,843,hydrogen-water-general,hydrogen-water-general-help-during-heart-emergencies,Hydrogen Water General: Can It Help During Heart Emergencies?
https://hydrogenstudies.com/blog/hydrogen-water-general-what-2024-research-shows-about-brain-health-726168,10468,retire,0,0,,0,835,hydrogen-water-general,hydrogen-water-general-research-shows-about-brain-health,Hydrogen Water General: What 2024 Research Shows About Brain Health
https://hydrogenstudies.com/blog/hydrogen-water-and-cancer-care-what-2024-research-shows-840548,10474,retire,0,0,,0,896,what-20xx-research-shows,hydrogen-water-cancer-care-research-shows,Hydrogen Water and Cancer Care: What 2024 Research Shows
https://hydrogenstudies.com/blog/hydrogen-water-general-can-it-protect-your-jaw-during-cancer-treatment-871856,10476,retire,0,0,,0,873,hydrogen-water-general,hydrogen-water-general-protect-jaw-during-cancer-treatment,Hydrogen Water General: Can It Protect Your Jaw During Cancer Treatment?
https://hydrogenstudies.com/blog/hydrogen-water-for-lung-problems-your-questions-answered-090357,10482,retire,0,1,37.0,0,835,,hydrogen-water-lung-problems-questions-answered,Hydrogen Water for Lung Problems: Your Questions Answered
https://hydrogenstudies.com/blog/how-to-use-hydrogen-water-for-better-sports-recovery-a-science-backed-guide-172183,10483,retire,0,1,13.0,0,785,how-to-use,use-hydrogen-water-better-sports-recovery-science-backed,How to Use Hydrogen Water for Better Sports Recovery: A Science-Backed Guide
https://hydrogenstudies.com/blog/hydrogen-water-general-what-2024-research-shows-for-athletes-175144,10484,retire,0,3,35.3,0,915,hydrogen-water-general,hydrogen-water-general-research-shows-athletes,Hydrogen Water General: What 2024 Research Shows for Athletes
https://hydrogenstudies.com/blog/how-to-use-hydrogen-water-for-healing-a-science-backed-guide-407979,10489,retire,0,1,86.0,0,788,how-to-use,use-hydrogen-water-healing-science-backed,How to Use Hydrogen Water for Healing: A Science-Backed Guide
https://hydrogenstudies.com/blog/hydrogen-water-general-3-safe-ways-hospitals-give-treatment-412079,10490,retire,0,0,,0,898,hydrogen-water-general,hydrogen-water-general-3-safe-ways-hospitals-give-treatment,Hydrogen Water General: 3 Safe Ways Hospitals Give Treatment
https://hydrogenstudies.com/blog/hydrogen-water-general-3-safe-ways-doctors-use-it-439617,10491,retire,0,0,,0,775,hydrogen-water-general,hydrogen-water-general-3-safe-ways-doctors-use,Hydrogen Water General: 3 Safe Ways Doctors Use It
https://hydrogenstudies.com/blog/hydrogen-water-general-how-it-moves-in-your-body-2024-study-520419,10492,retire,0,0,,0,803,hydrogen-water-general,hydrogen-water-general-moves-body-study,Hydrogen Water General: How It Moves in Your Body (2024 Study)
https://hydrogenstudies.com/blog/hydrogen-water-general-how-it-works-in-your-body-553019,10494,retire,0,0,,0,906,hydrogen-water-general,hydrogen-water-general-works-body,Hydrogen Water General: How It Works in Your Body
https://hydrogenstudies.com/blog/how-to-use-hydrogen-water-for-skin-protection-a-science-backed-guide-571493,10495,retire,0,0,,0,771,how-to-use,use-hydrogen-water-skin-protection-science-backed,How to Use Hydrogen Water for Skin Protection: A Science-Backed Guide
https://hydrogenstudies.com/blog/hydrogen-water-general-how-your-skin-makes-its-own-in-2024-573389,10496,retire,0,0,,0,851,hydrogen-water-general,hydrogen-water-general-skin-makes-own,Hydrogen Water General: How Your Skin Makes Its Own in 2024
https://hydrogenstudies.com/blog/hydrogen-water-general-does-your-skin-make-its-own-shield-604858,10497,retire,0,1,45.0,0,870,hydrogen-water-general,hydrogen-water-general-skin-make-own-shield,Hydrogen Water General: Does Your Skin Make Its Own Shield?
https://hydrogenstudies.com/blog/hydrogen-water-general-does-your-skin-make-its-own-protection-641372,10498,retire,0,0,,0,925,hydrogen-water-general,hydrogen-water-general-skin-make-own-protection,Hydrogen Water General: Does Your Skin Make Its Own Protection?
https://hydrogenstudies.com/blog/hydrogen-water-general-what-2024-research-shows-about-dosing-690270,10499,retire,0,0,,0,912,hydrogen-water-general,hydrogen-water-general-research-shows-about-dosing,Hydrogen Water General: What 2024 Research Shows About Dosing
https://hydrogenstudies.com/blog/how-to-test-hydrogen-water-general-quality-a-science-backed-guide-717258,10501,retire,0,0,,0,796,,test-hydrogen-water-general-quality-science-backed,How to Test Hydrogen Water General Quality: A Science-Backed Guide
https://hydrogenstudies.com/blog/hydrogen-water-general-what-2024-research-shows-about-testing-721039,10502,retire,0,0,,0,890,hydrogen-water-general,hydrogen-water-general-research-shows-about-testing,Hydrogen Water General: What 2024 Research Shows About Testing
https://hydrogenstudies.com/blog/hydrogen-water-general-which-test-works-best-726376,10503,retire,0,0,,0,865,hydrogen-water-general,hydrogen-water-general-which-test-works-best,Hydrogen Water General: Which Test Works Best?
https://hydrogenstudies.com/blog/hydrogen-water-general-how-scientists-track-it-in-your-body-752395,10504,retire,0,0,,0,876,hydrogen-water-general,hydrogen-water-general-scientists-track-body,Hydrogen Water General: How Scientists Track It in Your Body
https://hydrogenstudies.com/blog/how-to-use-hydrogen-water-for-fighting-cell-damage-a-guide-808123,10505,retire,0,0,,0,780,how-to-use,use-hydrogen-water-fighting-cell-damage,How to Use Hydrogen Water for Fighting Cell Damage: A Guide
https://hydrogenstudies.com/blog/hydrogen-water-and-cell-protection-what-2024-research-shows-813738,10506,retire,0,0,,0,912,what-20xx-research-shows,hydrogen-water-cell-protection-research-shows,Hydrogen Water and Cell Protection: What 2024 Research Shows
https://hydrogenstudies.com/blog/how-to-use-hydrogen-water-for-safe-daily-hydration-a-science-backed-guide-921281,10508,retire,0,0,,0,716,how-to-use,use-hydrogen-water-safe-daily-hydration-science-backed,How to Use Hydrogen Water for Safe Daily Hydration: A Science-Backed Guide
https://hydrogenstudies.com/blog/how-to-use-hydrogen-water-for-high-altitude-a-science-backed-guide-381652,10520,retire,0,0,,0,892,how-to-use,use-hydrogen-water-high-altitude-science-backed,How to Use Hydrogen Water for High Altitude: A Science-Backed Guide
https://hydrogenstudies.com/blog/hydrogen-water-and-mountain-sickness-what-2024-research-shows-411837,10522,retire,0,0,,0,936,what-20xx-research-shows,hydrogen-water-mountain-sickness-research-shows,Hydrogen Water and Mountain Sickness: What 2024 Research Shows
https://hydrogenstudies.com/blog/hydrogen-water-general-can-it-help-with-mountain-sickness-413129,10523,retire,0,0,,0,878,hydrogen-water-general,hydrogen-water-general-help-mountain-sickness,Hydrogen Water General: Can It Help with Mountain Sickness?
https://hydrogenstudies.com/blog/how-to-use-hydrogen-water-for-smart-antioxidant-action-a-science-backed-guide-496749,10524,retire,0,110,21.7,0,776,how-to-use,use-hydrogen-water-smart-antioxidant-action-science-backed,How to Use Hydrogen Water for Smart Antioxidant Action: A Science-Backed Guide
https://hydrogenstudies.com/blog/hydrogen-water-general-smart-antioxidant-that-picks-its-targets-501958,10525,retire,0,0,,0,918,hydrogen-water-general,hydrogen-water-general-smart-antioxidant-that-picks-targets,Hydrogen Water General: Smart Antioxidant That Picks Its Targets
https://hydrogenstudies.com/blog/hydrogen-water-general-what-2024-research-shows-we-need-512389,10527,retire,0,0,,0,850,hydrogen-water-general,hydrogen-water-general-research-shows-we-need,Hydrogen Water General: What 2024 Research Shows We Need
https://hydrogenstudies.com/blog/hydrogen-water-general-how-does-it-target-bad-free-radicals-533080,10528,retire,0,0,,0,896,hydrogen-water-general,hydrogen-water-general-target-bad-free-radicals,Hydrogen Water General: How Does It Target Bad Free Radicals?
https://hydrogenstudies.com/blog/hydrogen-water-general-how-it-fights-bad-molecules-only-784334,10535,retire,0,0,,0,821,hydrogen-water-general,hydrogen-water-general-fights-bad-molecules-only,Hydrogen Water General: How It Fights Bad Molecules Only
https://hydrogenstudies.com/blog/hydrogen-water-and-cell-damage-what-2024-research-shows-986816,10539,retire,0,0,,0,952,what-20xx-research-shows,hydrogen-water-cell-damage-research-shows,Hydrogen Water and Cell Damage: What 2024 Research Shows
https://hydrogenstudies.com/blog/how-to-use-hydrogen-water-for-better-cell-energy-a-science-backed-guide-216798,10545,retire,0,0,,0,785,how-to-use,use-hydrogen-water-better-cell-energy-science-backed,How to Use Hydrogen Water for Better Cell Energy: A Science-Backed Guide
https://hydrogenstudies.com/blog/hydrogen-water-general-health-what-2024-science-shows-220671,10546,retire,0,0,,0,908,,hydrogen-water-general-health-science-shows,Hydrogen Water General Health: What 2024 Science Shows
https://hydrogenstudies.com/blog/hydrogen-water-general-does-it-really-reach-your-cells-249564,10547,retire,0,0,,0,812,hydrogen-water-general,hydrogen-water-general-really-reach-cells,Hydrogen Water General: Does It Really Reach Your Cells?
https://hydrogenstudies.com/blog/hydrogen-water-general-4-safe-ways-scientists-give-h2-medicine-336708,10549,retire,0,11,75.1,0,839,hydrogen-water-general,hydrogen-water-general-4-safe-ways-scientists-give-h2-medicine,Hydrogen Water General: 4 Safe Ways Scientists Give H2 Medicine
https://hydrogenstudies.com/blog/how-to-use-hydrogen-water-for-kidney-health-a-science-backed-guide-370228,10550,retire,0,11,19.5,0,774,how-to-use,use-hydrogen-water-kidney-health-science-backed,How to Use Hydrogen Water for Kidney Health: A Science-Backed Guide
https://hydrogenstudies.com/blog/hydrogen-water-and-organ-protection-what-2024-research-shows-376382,10552,retire,0,0,,0,878,what-20xx-research-shows,hydrogen-water-organ-protection-research-shows,Hydrogen Water and Organ Protection: What 2024 Research Shows
https://hydrogenstudies.com/blog/hydrogen-water-and-carbon-monoxide-what-2024-research-shows-616656,10561,retire,0,0,,0,872,what-20xx-research-shows,hydrogen-water-carbon-monoxide-research-shows,Hydrogen Water and Carbon Monoxide: What 2024 Research Shows
https://hydrogenstudies.com/blog/hydrogen-water-general-can-it-help-with-poisoning-647411,10562,retire,0,0,,0,820,hydrogen-water-general,hydrogen-water-general-help-poisoning,Hydrogen Water General: Can It Help With Poisoning?
https://hydrogenstudies.com/blog/how-to-use-hydrogen-water-for-better-eye-health-a-science-backed-guide-853812,10566,retire,0,1,60.0,0,790,how-to-use,use-hydrogen-water-better-eye-health-science-backed,How to Use Hydrogen Water for Better Eye Health: A Science-Backed Guide
https://hydrogenstudies.com/blog/hydrogen-water-general-can-it-help-save-your-vision-889355,10568,retire,0,0,,0,845,hydrogen-water-general,hydrogen-water-general-help-save-vision,Hydrogen Water General: Can It Help Save Your Vision?
https://hydrogenstudies.com/blog/how-to-use-hydrogen-water-for-safer-dialysis-a-science-backed-guide-202543,10575,retire,0,0,,0,843,how-to-use,use-hydrogen-water-safer-dialysis-science-backed,How to Use Hydrogen Water for Safer Dialysis: A Science-Backed Guide
https://hydrogenstudies.com/blog/hydrogen-water-general-health-what-2024-gut-research-shows-319534,10582,retire,0,0,,0,850,,hydrogen-water-general-health-gut-research-shows,Hydrogen Water General Health: What 2024 Gut Research Shows
https://hydrogenstudies.com/blog/hydrogen-water-general-how-does-it-work-in-your-gut-339475,10583,retire,0,2,79.0,0,855,hydrogen-water-general,hydrogen-water-general-work-gut,Hydrogen Water General: How Does It Work in Your Gut?
https://hydrogenstudies.com/blog/hydrogen-water-general-how-it-affects-your-gut-health-350608,10584,retire,0,2,86.0,0,909,hydrogen-water-general,hydrogen-water-general-affects-gut-health,Hydrogen Water General: How It Affects Your Gut Health
https://hydrogenstudies.com/blog/hydrogen-water-general-what-2024-science-shows-about-skin-defense-426068,10586,retire,0,0,,0,879,hydrogen-water-general,hydrogen-water-general-science-shows-about-skin-defense,Hydrogen Water General: What 2024 Science Shows About Skin Defense
https://hydrogenstudies.com/blog/hydrogen-water-general-your-skin-makes-this-gas-to-fight-damage-432673,10588,retire,0,0,,0,857,hydrogen-water-general,hydrogen-water-general-skin-makes-this-gas-fight-damage,Hydrogen Water General: Your Skin Makes This Gas to Fight Damage
https://hydrogenstudies.com/blog/hydrogen-water-general-does-your-skin-make-its-own-459904,10589,retire,0,0,,0,888,hydrogen-water-general,hydrogen-water-general-skin-make-own,Hydrogen Water General: Does Your Skin Make Its Own?
https://hydrogenstudies.com/blog/hydrogen-water-general-can-it-reduce-pain-and-swelling-571832,10593,retire,0,0,,0,857,hydrogen-water-general,hydrogen-water-general-reduce-pain-swelling,Hydrogen Water General: Can It Reduce Pain and Swelling?
https://hydrogenstudies.com/blog/hydrogen-water-general-how-it-fights-cell-damage-in-2024-654222,10595,retire,0,0,,0,836,hydrogen-water-general,hydrogen-water-general-fights-cell-damage,Hydrogen Water General: How It Fights Cell Damage in 2024
https://hydrogenstudies.com/blog/hydrogen-water-general-your-free-radical-questions-answered-685383,10596,retire,0,0,,0,885,hydrogen-water-general,hydrogen-water-general-free-radical-questions-answered,Hydrogen Water General: Your Free Radical Questions Answered
https://hydrogenstudies.com/blog/hydrogen-water-general-benefits-your-questions-answered-799753,10599,retire,0,3,20.3,0,858,,hydrogen-water-general-benefits-questions-answered,Hydrogen Water General Benefits: Your Questions Answered
https://hydrogenstudies.com/blog/hydrogen-water-general-is-it-the-future-of-wellness-027809,10605,retire,0,0,,0,816,hydrogen-water-general,hydrogen-water-general-future-wellness,Hydrogen Water General: Is It the Future of Wellness?
https://hydrogenstudies.com/blog/hydrogen-water-general-studies-what-2024-research-gaps-show-224646,10613,retire,0,0,,0,802,,hydrogen-water-general-studies-research-gaps-show,Hydrogen Water General Studies: What 2024 Research Gaps Show
https://hydrogenstudies.com/blog/how-to-use-hydrogen-water-for-sepsis-support-a-science-backed-guide-316190,10616,retire,0,0,,0,772,how-to-use,use-hydrogen-water-sepsis-support-science-backed,How to Use Hydrogen Water for Sepsis Support: A Science-Backed Guide
https://hydrogenstudies.com/blog/how-to-use-hydrogen-water-for-blood-infection-recovery-a-science-backed-guide-331018,10618,retire,0,0,,0,780,how-to-use,use-hydrogen-water-blood-infection-recovery-science-backed,How to Use Hydrogen Water for Blood Infection Recovery: A Science-Backed Guide
https://hydrogenstudies.com/blog/hydrogen-water-and-sepsis-what-2024-research-shows-335616,10619,retire,0,0,,0,930,what-20xx-research-shows,hydrogen-water-sepsis-research-shows,Hydrogen Water and Sepsis: What 2024 Research Shows
https://hydrogenstudies.com/blog/hydrogen-water-general-can-it-help-fight-deadly-infections-351084,10620,retire,0,0,,0,934,hydrogen-water-general,hydrogen-water-general-help-fight-deadly-infections,Hydrogen Water General: Can It Help Fight Deadly Infections?
https://hydrogenstudies.com/blog/hydrogen-water-general-can-it-help-fight-serious-infections-366767,10621,retire,0,0,,0,886,hydrogen-water-general,hydrogen-water-general-help-fight-serious-infections,Hydrogen Water General: Can It Help Fight Serious Infections?
https://hydrogenstudies.com/blog/hydrogen-water-for-stroke-care-your-questions-answered-460584,10624,retire,0,0,,0,884,,hydrogen-water-stroke-care-questions-answered,Hydrogen Water for Stroke Care: Your Questions Answered
https://hydrogenstudies.com/blog/hydrogen-water-general-what-2024-research-shows-for-brain-health-774764,10632,retire,0,0,,0,926,hydrogen-water-general,hydrogen-water-general-research-shows-brain-health,Hydrogen Water General: What 2024 Research Shows for Brain Health
https://hydrogenstudies.com/blog/hydrogen-water-general-what-2024-research-shows-for-heart-health-892414,10635,retire,0,0,,0,933,hydrogen-water-general,hydrogen-water-general-research-shows-heart-health,Hydrogen Water General: What 2024 Research Shows for Heart Health
https://hydrogenstudies.com/blog/hydrogen-water-general-can-it-help-after-heart-attacks-926566,10636,retire,0,0,,0,867,hydrogen-water-general,hydrogen-water-general-help-after-heart-attacks,Hydrogen Water General: Can It Help After Heart Attacks?
https://hydrogenstudies.com/blog/how-to-use-hydrogen-water-for-chemo-side-effects-a-science-backed-guide-115055,10642,retire,0,0,,0,828,how-to-use,use-hydrogen-water-chemo-side-effects-science-backed,How to Use Hydrogen Water for Chemo Side Effects: A Science-Backed Guide
https://hydrogenstudies.com/blog/hydrogen-water-general-can-it-help-your-lungs-stay-healthy-267414,10652,retire,0,0,,0,857,hydrogen-water-general,hydrogen-water-general-help-lungs-stay-healthy,Hydrogen Water General: Can It Help Your Lungs Stay Healthy?
https://hydrogenstudies.com/blog/how-to-use-hydrogen-water-for-heart-health-a-science-backed-guide-341516,10653,retire,0,63,15.4,0,866,how-to-use,use-hydrogen-water-heart-health-science-backed,How to Use Hydrogen Water for Heart Health: A Science-Backed Guide
https://hydrogenstudies.com/blog/hydrogen-water-general-heart-attack-recovery-in-2024-344330,10654,retire,0,0,,0,939,hydrogen-water-general,hydrogen-water-general-heart-attack-recovery,Hydrogen Water General: Heart Attack Recovery in 2024
https://hydrogenstudies.com/blog/hydrogen-water-general-heart-attack-questions-answered-380489,10655,retire,0,0,,0,927,hydrogen-water-general,hydrogen-water-general-heart-attack-questions-answered,Hydrogen Water General: Heart Attack Questions Answered
https://hydrogenstudies.com/blog/hydrogen-water-general-what-2024-research-shows-for-heart-attacks-469211,10657,retire,0,0,,0,944,hydrogen-water-general,hydrogen-water-general-research-shows-heart-attacks,Hydrogen Water General: What 2024 Research Shows for Heart Attacks
https://hydrogenstudies.com/blog/hydrogen-water-general-can-it-save-lives-in-emergencies-499441,10658,retire,0,0,,0,875,hydrogen-water-general,hydrogen-water-general-save-lives-emergencies,Hydrogen Water General: Can It Save Lives in Emergencies?
https://hydrogenstudies.com/blog/how-to-use-hydrogen-water-for-better-hydration-a-science-guide-579830,10659,retire,0,0,,0,691,how-to-use,use-hydrogen-water-better-hydration-science,How to Use Hydrogen Water for Better Hydration: A Science Guide
https://hydrogenstudies.com/blog/hydrogen-water-general-what-2024-research-shows-about-athletes-584152,10660,retire,0,0,,0,722,hydrogen-water-general,hydrogen-water-general-research-shows-about-athletes,Hydrogen Water General: What 2024 Research Shows About Athletes
https://hydrogenstudies.com/blog/hydrogen-water-general-what-2024-research-shows-about-better-machines-699052,10663,retire,0,0,,0,889,hydrogen-water-general,hydrogen-water-general-research-shows-about-better-machines,Hydrogen Water General: What 2024 Research Shows About Better Machines
https://hydrogenstudies.com/blog/hydrogen-water-general-your-cancer-fighting-questions-answered-731312,10664,retire,0,0,,0,882,hydrogen-water-general,hydrogen-water-general-cancer-fighting-questions-answered,Hydrogen Water General: Your Cancer Fighting Questions Answered
https://hydrogenstudies.com/blog/hydrogen-water-general-how-body-bacteria-make-healing-gas-853558,10667,retire,0,0,,0,868,hydrogen-water-general,hydrogen-water-general-body-bacteria-make-healing-gas,Hydrogen Water General: How Body Bacteria Make Healing Gas
https://hydrogenstudies.com/blog/how-to-use-hydrogen-water-for-better-blood-flow-a-science-backed-guide-932916,10668,retire,0,3,97.7,0,818,how-to-use,use-hydrogen-water-better-blood-flow-science-backed,How to Use Hydrogen Water for Better Blood Flow: A Science-Backed Guide
https://hydrogenstudies.com/blog/hydrogen-water-general-what-2024-research-shows-about-muscle-protection-938505,10669,retire,0,0,,0,834,hydrogen-water-general,hydrogen-water-general-research-shows-about-muscle-protection,Hydrogen Water General: What 2024 Research Shows About Muscle Protection
https://hydrogenstudies.com/blog/hydrogen-water-general-your-heart-health-questions-answered-969941,10670,retire,0,0,,0,872,hydrogen-water-general,hydrogen-water-general-heart-health-questions-answered,Hydrogen Water General: Your Heart Health Questions Answered
https://hydrogenstudies.com/blog/how-to-use-hydrogen-water-for-smart-antioxidant-protection-974818,10672,retire,0,12,42.3,0,774,how-to-use,use-hydrogen-water-smart-antioxidant-protection,How to Use Hydrogen Water for Smart Antioxidant Protection
https://hydrogenstudies.com/blog/hydrogen-water-general-energy-what-2024-research-shows-102360,10677,retire,0,0,,0,902,what-20xx-research-shows,hydrogen-water-general-energy-research-shows,Hydrogen Water General Energy: What 2024 Research Shows
https://hydrogenstudies.com/blog/hydrogen-water-for-energy-your-questions-answered-134482,10679,retire,0,0,,0,877,,hydrogen-water-energy-questions-answered,Hydrogen Water for Energy: Your Questions Answered
https://hydrogenstudies.com/blog/how-to-use-hydrogen-water-for-cell-protection-a-science-guide-308525,10683,retire,0,0,,0,761,how-to-use,use-hydrogen-water-cell-protection-science,How to Use Hydrogen Water for Cell Protection: A Science Guide
https://hydrogenstudies.com/blog/hydrogen-water-general-what-2024-research-shows-for-disease-434439,10687,retire,0,0,,0,955,hydrogen-water-general,hydrogen-water-general-research-shows-disease,Hydrogen Water General: What 2024 Research Shows for Disease
https://hydrogenstudies.com/blog/hydrogen-water-general-your-cancer-treatment-questions-answered-468032,10688,retire,0,0,,0,927,hydrogen-water-general,hydrogen-water-general-cancer-treatment-questions-answered,Hydrogen Water General: Your Cancer Treatment Questions Answered
https://hydrogenstudies.com/blog/hydrogen-water-and-parkinsons-what-2024-research-shows-556577,10689,retire,0,0,,0,847,what-20xx-research-shows,hydrogen-water-parkinsons-research-shows,Hydrogen Water and Parkinson's: What 2024 Research Shows
https://hydrogenstudies.com/blog/hydrogen-water-general-study-fix-what-it-means-for-you-589086,10691,retire,0,0,,0,871,,hydrogen-water-general-study-fix-means,Hydrogen Water General Study Fix: What It Means for You
https://hydrogenstudies.com/blog/how-to-use-hydrogen-water-for-pcos-a-science-backed-guide-676497,10692,retire,0,0,,0,827,how-to-use,use-hydrogen-water-pcos-science-backed,How to Use Hydrogen Water for PCOS: A Science-Backed Guide
https://hydrogenstudies.com/blog/hydrogen-water-and-pcos-what-2024-research-shows-679111,10693,retire,0,0,,0,903,what-20xx-research-shows,hydrogen-water-pcos-research-shows,Hydrogen Water and PCOS: What 2024 Research Shows
https://hydrogenstudies.com/blog/hydrogen-water-for-pcos-your-questions-answered-711459,10694,retire,0,0,,0,911,,hydrogen-water-pcos-questions-answered,Hydrogen Water for PCOS: Your Questions Answered
https://hydrogenstudies.com/blog/hydrogen-water-and-viral-recovery-what-2024-research-shows-793747,10696,retire,0,0,,0,874,what-20xx-research-shows,hydrogen-water-viral-recovery-research-shows,Hydrogen Water and Viral Recovery: What 2024 Research Shows
https://hydrogenstudies.com/blog/hydrogen-water-and-viral-infections-what-2024-research-shows-812898,10697,retire,0,0,,0,990,what-20xx-research-shows,hydrogen-water-viral-infections-research-shows,Hydrogen Water and Viral Infections: What 2024 Research Shows
https://hydrogenstudies.com/blog/hydrogen-water-general-can-it-fight-flu-inflammation-826260,10698,retire,0,0,,0,884,hydrogen-water-general,hydrogen-water-general-fight-flu-inflammation,Hydrogen Water General: Can It Fight Flu Inflammation?
https://hydrogenstudies.com/blog/how-to-use-hydrogen-water-for-better-memory-a-science-backed-guide-901051,10699,retire,0,0,,0,642,how-to-use,use-hydrogen-water-better-memory-science-backed,How to Use Hydrogen Water for Better Memory: A Science-Backed Guide
https://hydrogenstudies.com/blog/hydrogen-water-general-what-2024-research-shows-for-memory-904541,10701,retire,0,0,,0,839,hydrogen-water-general,hydrogen-water-general-research-shows-memory,Hydrogen Water General: What 2024 Research Shows for Memory
https://hydrogenstudies.com/blog/hydrogen-water-general-can-it-help-fight-memory-loss-934640,10703,retire,0,0,,0,826,hydrogen-water-general,hydrogen-water-general-help-fight-memory-loss,Hydrogen Water General: Can It Help Fight Memory Loss?
https://hydrogenstudies.com/blog/hydrogen-water-and-brain-healing-what-2024-research-shows-022122,10707,retire,0,0,,0,873,what-20xx-research-shows,hydrogen-water-brain-healing-research-shows,Hydrogen Water and Brain Healing: What 2024 Research Shows
https://hydrogenstudies.com/blog/hydrogen-water-general-can-it-help-brain-injuries-058983,10710,retire,0,0,,0,878,hydrogen-water-general,hydrogen-water-general-help-brain-injuries,Hydrogen Water General: Can It Help Brain Injuries?
https://hydrogenstudies.com/blog/how-to-use-hydrogen-water-general-for-fighting-cancer-a-science-backed-guide-132679,10711,retire,0,0,,0,771,,use-hydrogen-water-general-fighting-cancer-science-backed,How to Use Hydrogen Water General for Fighting Cancer: A Science-Backed Guide
https://hydrogenstudies.com/blog/hydrogen-water-for-heart-and-brain-your-questions-answered-283562,10716,retire,0,0,,0,803,,hydrogen-water-heart-brain-questions-answered,Hydrogen Water for Heart and Brain: Your Questions Answered
https://hydrogenstudies.com/blog/how-to-use-hydrogen-water-for-stroke-recovery-a-science-backed-guide-599930,10724,retire,0,9,14.8,0,840,how-to-use,use-hydrogen-water-stroke-recovery-science-backed,How to Use Hydrogen Water for Stroke Recovery: A Science-Backed Guide
https://hydrogenstudies.com/blog/how-to-use-hydrogen-water-for-hearing-protection-a-science-backed-guide-715137,10727,retire,0,0,,0,784,how-to-use,use-hydrogen-water-hearing-protection-science-backed,How to Use Hydrogen Water for Hearing Protection: A Science-Backed Guide
https://hydrogenstudies.com/blog/how-to-use-hydrogen-water-for-better-sports-performance-a-science-backed-guide-824554,10729,retire,0,1,19.0,0,837,how-to-use,use-hydrogen-water-better-sports-performance-science-backed,How to Use Hydrogen Water for Better Sports Performance: A Science-Backed Guide
https://hydrogenstudies.com/blog/hydrogen-water-general-your-athletic-performance-questions-answered-856256,10731,retire,0,0,,0,809,hydrogen-water-general,hydrogen-water-general-athletic-performance-questions-answered,Hydrogen Water General: Your Athletic Performance Questions Answered
https://hydrogenstudies.com/blog/hydrogen-water-general-your-questions-about-gut-health-answered-026059,10738,retire,0,0,,0,798,hydrogen-water-general,hydrogen-water-general-questions-about-gut-health-answered,Hydrogen Water General: Your Questions About Gut Health Answered
https://hydrogenstudies.com/blog/hydrogen-water-general-how-gut-bacteria-use-gas-for-better-digestion-220750,10743,retire,0,1,87.0,0,806,hydrogen-water-general,hydrogen-water-general-gut-bacteria-use-gas-better-digestion,Hydrogen Water General: How Gut Bacteria Use Gas for Better Digestion
https://hydrogenstudies.com/blog/hydrogen-water-general-how-gut-bacteria-make-health-chemicals-251777,10744,retire,0,0,,0,910,hydrogen-water-general,hydrogen-water-general-gut-bacteria-make-health-chemicals,Hydrogen Water General: How Gut Bacteria Make Health Chemicals
https://hydrogenstudies.com/blog/hydrogen-water-general-how-gut-bacteria-use-h2-in-2024-340347,10746,retire,0,0,,0,911,hydrogen-water-general,hydrogen-water-general-gut-bacteria-use-h2,Hydrogen Water General: How Gut Bacteria Use H2 in 2024
https://hydrogenstudies.com/blog/hydrogen-water-general-how-it-helps-your-gut-stay-healthy-372429,10747,retire,0,0,,0,870,hydrogen-water-general,hydrogen-water-general-helps-gut-stay-healthy,Hydrogen Water General: How It Helps Your Gut Stay Healthy
https://hydrogenstudies.com/blog/hydrogen-water-general-how-tiny-body-machines-make-healing-gases-464359,10749,retire,0,0,,0,921,hydrogen-water-general,hydrogen-water-general-tiny-body-machines-make-healing-gases,Hydrogen Water General: How Tiny Body Machines Make Healing Gases
https://hydrogenstudies.com/blog/hydrogen-water-general-healing-gas-particles-faq-495164,10750,retire,0,0,,0,846,hydrogen-water-general,hydrogen-water-general-healing-gas-particles-faq,Hydrogen Water General: Healing Gas Particles FAQ
https://hydrogenstudies.com/blog/hydrogen-water-for-teeth-your-questions-answered-608727,10753,retire,0,0,,0,883,,hydrogen-water-teeth-questions-answered,Hydrogen Water for Teeth: Your Questions Answered
https://hydrogenstudies.com/blog/hydrogen-water-and-cell-repair-what-2024-research-shows-675881,10755,retire,0,0,,0,901,what-20xx-research-shows,hydrogen-water-cell-repair-research-shows,Hydrogen Water and Cell Repair: What 2024 Research Shows
https://hydrogenstudies.com/blog/how-to-use-hydrogen-water-for-cell-repair-a-science-backed-guide-689015,10756,retire,0,0,,0,758,how-to-use,use-hydrogen-water-cell-repair-science-backed,How to Use Hydrogen Water for Cell Repair: A Science-Backed Guide
https://hydrogenstudies.com/blog/hydrogen-water-general-does-it-really-fix-your-liver-706661,10758,retire,0,0,,0,863,hydrogen-water-general,hydrogen-water-general-really-fix-liver,Hydrogen Water General: Does It Really Fix Your Liver?
https://hydrogenstudies.com/blog/hydrogen-water-for-healing-your-questions-answered-722699,10759,retire,0,0,,0,887,,hydrogen-water-healing-questions-answered,Hydrogen Water for Healing: Your Questions Answered
https://hydrogenstudies.com/blog/how-to-use-hydrogen-water-general-for-smart-healing-a-science-guide-791795,10760,retire,0,4,61.5,0,724,,use-hydrogen-water-general-smart-healing-science,How to Use Hydrogen Water General for Smart Healing: A Science Guide
https://hydrogenstudies.com/blog/how-to-use-hydrogen-water-for-smart-health-a-science-backed-guide-800563,10762,retire,0,0,,0,696,how-to-use,use-hydrogen-water-smart-health-science-backed,How to Use Hydrogen Water for Smart Health: A Science-Backed Guide
https://hydrogenstudies.com/blog/hydrogen-water-general-how-does-it-fight-bad-molecules-827888,10764,retire,0,0,,0,910,hydrogen-water-general,hydrogen-water-general-fight-bad-molecules,Hydrogen Water General: How Does It Fight Bad Molecules?
https://hydrogenstudies.com/blog/hydrogen-water-and-cell-health-what-2024-research-shows-914514,10767,retire,0,0,,0,901,what-20xx-research-shows,hydrogen-water-cell-health-research-shows,Hydrogen Water and Cell Health: What 2024 Research Shows
https://hydrogenstudies.com/blog/hydrogen-water-general-could-this-discovery-change-medicine-943492,10770,retire,0,0,,0,844,hydrogen-water-general,hydrogen-water-general-could-this-discovery-change-medicine,Hydrogen Water General: Could This Discovery Change Medicine?
https://hydrogenstudies.com/blog/how-to-use-hydrogen-water-for-cell-protection-a-science-backed-guide-024882,10772,retire,0,109,63.7,0,756,how-to-use,use-hydrogen-water-cell-protection-science-backed,How to Use Hydrogen Water for Cell Protection: A Science-Backed Guide
https://hydrogenstudies.com/blog/hydrogen-water-general-what-2024-science-shows-about-cell-protection-029275,10773,retire,0,0,,0,864,hydrogen-water-general,hydrogen-water-general-science-shows-about-cell-protection,Hydrogen Water General: What 2024 Science Shows About Cell Protection
https://hydrogenstudies.com/blog/hydrogen-water-general-your-questions-about-new-science-answered-058418,10774,retire,0,0,,0,889,hydrogen-water-general,hydrogen-water-general-questions-about-science-answered,Hydrogen Water General: Your Questions About New Science Answered
https://hydrogenstudies.com/blog/how-to-use-hydrogen-water-for-fighting-inflammation-a-science-backed-guide-141092,10776,retire,0,4,31.0,0,809,how-to-use,use-hydrogen-water-fighting-inflammation-science-backed,How to Use Hydrogen Water for Fighting Inflammation: A Science-Backed Guide
https://hydrogenstudies.com/blog/how-to-use-hydrogen-water-for-male-fertility-a-science-backed-guide-381893,10781,retire,0,0,,0,842,how-to-use,use-hydrogen-water-male-fertility-science-backed,How to Use Hydrogen Water for Male Fertility: A Science-Backed Guide
https://hydrogenstudies.com/blog/hydrogen-water-and-mens-health-what-2024-research-shows-385199,10782,retire,0,0,,0,1001,what-20xx-research-shows,hydrogen-water-mens-health-research-shows,Hydrogen Water and Men's Health: What 2024 Research Shows
https://hydrogenstudies.com/blog/hydrogen-water-and-blood-health-what-2024-research-shows-508830,10785,retire,0,2,95.5,0,905,what-20xx-research-shows,hydrogen-water-blood-health-research-shows,Hydrogen Water and Blood Health: What 2024 Research Shows
https://hydrogenstudies.com/blog/hydrogen-water-general-blood-disease-questions-answered-539605,10787,retire,0,0,,0,853,hydrogen-water-general,hydrogen-water-general-blood-disease-questions-answered,Hydrogen Water General: Blood Disease Questions Answered
https://hydrogenstudies.com/blog/hydrogen-water-general-what-2024-research-shows-about-chronic-fatigue-604600,10788,retire,0,0,,0,848,hydrogen-water-general,hydrogen-water-general-research-shows-about-chronic-fatigue,Hydrogen Water General: What 2024 Research Shows About Chronic Fatigue
https://hydrogenstudies.com/blog/hydrogen-water-and-chronic-fatigue-what-2024-research-shows-623573,10791,retire,0,0,,0,948,what-20xx-research-shows,hydrogen-water-chronic-fatigue-research-shows,Hydrogen Water and Chronic Fatigue: What 2024 Research Shows
https://hydrogenstudies.com/blog/hydrogen-water-for-chronic-fatigue-your-questions-answered-655182,10793,retire,0,0,,0,951,,hydrogen-water-chronic-fatigue-questions-answered,Hydrogen Water for Chronic Fatigue: Your Questions Answered
https://hydrogenstudies.com/blog/hydrogen-water-general-can-it-fight-brain-cancer-755992,10798,retire,0,0,,0,858,hydrogen-water-general,hydrogen-water-general-fight-brain-cancer,Hydrogen Water General: Can It Fight Brain Cancer?
https://hydrogenstudies.com/blog/hydrogen-water-general-what-2024-research-shows-for-cancer-416163,10817,retire,0,0,,0,872,hydrogen-water-general,hydrogen-water-general-research-shows-cancer,Hydrogen Water General: What 2024 Research Shows for Cancer
https://hydrogenstudies.com/blog/how-to-use-hydrogen-water-for-cancer-care-a-science-backed-guide-504747,10819,retire,0,50,16.5,0,730,how-to-use,use-hydrogen-water-cancer-care-science-backed,How to Use Hydrogen Water for Cancer Care: A Science-Backed Guide
https://hydrogenstudies.com/blog/hydrogen-water-general-what-2024-cancer-research-shows-508808,10820,retire,0,2,7.5,0,833,hydrogen-water-general,hydrogen-water-general-cancer-research-shows,Hydrogen Water General: What 2024 Cancer Research Shows
https://hydrogenstudies.com/blog/hydrogen-water-and-cancer-what-2024-research-shows-529595,10821,retire,0,65,8.7,0,776,what-20xx-research-shows,hydrogen-water-cancer-research-shows,Hydrogen Water and Cancer: What 2024 Research Shows
https://hydrogenstudies.com/blog/how-to-use-hydrogen-water-for-cancer-support-a-science-backed-guide-529960,10822,keep,2,26,19.0,0,752,how-to-use,use-hydrogen-water-cancer-support-science-backed,How to Use Hydrogen Water for Cancer Support: A Science-Backed Guide
https://hydrogenstudies.com/blog/how-to-use-hydrogen-water-for-better-immunity-a-science-backed-guide-729915,10832,retire,0,0,,0,739,how-to-use,use-hydrogen-water-better-immunity-science-backed,How to Use Hydrogen Water for Better Immunity: A Science-Backed Guide
https://hydrogenstudies.com/blog/how-to-use-hydrogen-water-for-belly-pain-a-science-backed-guide-843794,10834,retire,0,0,,0,818,how-to-use,use-hydrogen-water-belly-pain-science-backed,How to Use Hydrogen Water for Belly Pain: A Science-Backed Guide
https://hydrogenstudies.com/blog/hydrogen-water-general-what-2024-research-shows-for-hearing-964504,10837,retire,0,0,,0,854,hydrogen-water-general,hydrogen-water-general-research-shows-hearing,Hydrogen Water General: What 2024 Research Shows for Hearing
https://hydrogenstudies.com/blog/hydrogen-water-general-can-it-protect-your-hearing-300533,10845,retire,0,0,,0,965,hydrogen-water-general,hydrogen-water-general-protect-hearing,Hydrogen Water General: Can It Protect Your Hearing?
https://hydrogenstudies.com/blog/hydrogen-water-general-what-2024-research-shows-about-natural-springs-330421,10846,retire,0,6,82.8,0,843,hydrogen-water-general,hydrogen-water-general-research-shows-about-natural-springs,Hydrogen Water General: What 2024 Research Shows About Natural Springs
https://hydrogenstudies.com/blog/hydrogen-water-general-your-questions-about-natural-springs-answered-361632,10848,retire,0,3,74.3,0,834,hydrogen-water-general,hydrogen-water-general-questions-about-natural-springs-answered,Hydrogen Water General: Your Questions About Natural Springs Answered
https://hydrogenstudies.com/blog/how-to-use-hydrogen-water-general-methods-for-best-results-376654,10849,retire,0,0,,0,748,,use-hydrogen-water-general-methods-best-results,How to Use Hydrogen Water General Methods for Best Results
https://hydrogenstudies.com/blog/hydrogen-water-general-how-your-body-uses-it-in-2024-380617,10850,retire,0,0,,0,887,hydrogen-water-general,hydrogen-water-general-body-uses,Hydrogen Water General: How Your Body Uses It in 2024
https://hydrogenstudies.com/blog/hydrogen-water-general-how-tiny-particles-make-it-work-better-493474,10853,retire,0,0,,0,861,hydrogen-water-general,hydrogen-water-general-tiny-particles-make-work-better,Hydrogen Water General: How Tiny Particles Make It Work Better
https://hydrogenstudies.com/blog/hydrogen-water-general-what-2024-research-shows-about-tiny-healing-particles-496284,10854,retire,0,0,,0,929,hydrogen-water-general,hydrogen-water-general-research-shows-about-tiny-healing-particles,Hydrogen Water General: What 2024 Research Shows About Tiny Healing Particles
https://hydrogenstudies.com/blog/hydrogen-water-general-tiny-particles-vs-regular-water-faq-524991,10856,retire,0,0,,0,926,hydrogen-water-general,hydrogen-water-general-tiny-particles-regular-water-faq,Hydrogen Water General: Tiny Particles vs Regular Water FAQ
https://hydrogenstudies.com/blog/hydrogen-water-general-how-it-targets-your-body-better-530676,10857,retire,0,0,,0,900,hydrogen-water-general,hydrogen-water-general-targets-body-better,Hydrogen Water General: How It Targets Your Body Better
https://hydrogenstudies.com/blog/hydrogen-water-general-tiny-cell-factories-fight-cancer-in-2024-617385,10859,retire,0,0,,0,930,hydrogen-water-general,hydrogen-water-general-tiny-cell-factories-fight-cancer,Hydrogen Water General: Tiny Cell Factories Fight Cancer in 2024
https://hydrogenstudies.com/blog/hydrogen-water-general-can-cell-factories-beat-drinking-it-647749,10860,retire,0,0,,0,908,hydrogen-water-general,hydrogen-water-general-cell-factories-beat-drinking,Hydrogen Water General: Can Cell Factories Beat Drinking It?
https://hydrogenstudies.com/blog/hydrogen-water-general-what-2024-research-shows-about-real-human-trials-967690,10867,retire,0,4,37.5,0,886,hydrogen-water-general,hydrogen-water-general-research-shows-about-real-human-trials,Hydrogen Water General: What 2024 Research Shows About Real Human Trials
https://hydrogenstudies.com/blog/hydrogen-water-general-your-clinical-trial-questions-answered-000960,10869,retire,0,0,,0,873,hydrogen-water-general,hydrogen-water-general-clinical-trial-questions-answered,Hydrogen Water General: Your Clinical Trial Questions Answered
https://hydrogenstudies.com/blog/hydrogen-water-general-what-2024-research-shows-about-energy-094472,10871,retire,0,0,,0,924,hydrogen-water-general,hydrogen-water-general-research-shows-about-energy,Hydrogen Water General: What 2024 Research Shows About Energy
https://hydrogenstudies.com/blog/hydrogen-water-general-how-it-boosts-cell-energy-125345,10872,retire,0,0,,0,859,hydrogen-water-general,hydrogen-water-general-boosts-cell-energy,Hydrogen Water General: How It Boosts Cell Energy
https://hydrogenstudies.com/blog/how-to-use-hydrogen-water-for-heart-protection-a-science-backed-guide-206213,10873,retire,0,0,,0,796,how-to-use,use-hydrogen-water-heart-protection-science-backed,How to Use Hydrogen Water for Heart Protection: A Science-Backed Guide
https://hydrogenstudies.com/blog/hydrogen-water-and-heart-protection-what-2024-research-shows-211823,10875,retire,0,0,,0,973,what-20xx-research-shows,hydrogen-water-heart-protection-research-shows,Hydrogen Water and Heart Protection: What 2024 Research Shows
https://hydrogenstudies.com/blog/how-to-use-hydrogen-water-for-sepsis-a-science-backed-guide-307793,10877,retire,0,0,,0,837,how-to-use,use-hydrogen-water-sepsis-science-backed,How to Use Hydrogen Water for Sepsis: A Science-Backed Guide
https://hydrogenstudies.com/blog/how-to-use-hydrogen-water-for-infection-protection-a-science-backed-guide-323026,10879,retire,0,0,,0,734,how-to-use,use-hydrogen-water-infection-protection-science-backed,How to Use Hydrogen Water for Infection Protection: A Science-Backed Guide
https://hydrogenstudies.com/blog/hydrogen-water-and-skin-aging-what-2024-research-shows-425572,10884,retire,0,4,6.5,0,916,what-20xx-research-shows,hydrogen-water-skin-aging-research-shows,Hydrogen Water and Skin Aging: What 2024 Research Shows
https://hydrogenstudies.com/blog/hydrogen-water-and-skin-health-what-2024-research-shows-442142,10886,retire,0,0,,0,919,what-20xx-research-shows,hydrogen-water-skin-health-research-shows,Hydrogen Water and Skin Health: What 2024 Research Shows
https://hydrogenstudies.com/blog/hydrogen-water-for-skin-your-questions-answered-454171,10887,retire,0,0,,0,875,,hydrogen-water-skin-questions-answered,Hydrogen Water for Skin: Your Questions Answered
https://hydrogenstudies.com/blog/hydrogen-water-for-skin-your-general-questions-answered-471167,10888,retire,0,1,5.0,0,813,,hydrogen-water-skin-general-questions-answered,Hydrogen Water for Skin: Your General Questions Answered
https://hydrogenstudies.com/blog/how-to-use-hydrogen-water-general-safety-rules-a-science-backed-guide-652060,10892,retire,0,0,,0,746,,use-hydrogen-water-general-safety-rules-science-backed,How to Use Hydrogen Water General Safety Rules: A Science-Backed Guide
https://hydrogenstudies.com/blog/hydrogen-water-and-brain-surgery-what-2024-research-shows-776296,10896,retire,0,0,,0,816,what-20xx-research-shows,hydrogen-water-brain-surgery-research-shows,Hydrogen Water and Brain Surgery: What 2024 Research Shows
https://hydrogenstudies.com/blog/hydrogen-water-general-brain-surgery-protection-faq-803801,10897,retire,0,0,,0,769,hydrogen-water-general,hydrogen-water-general-brain-surgery-protection-faq,Hydrogen Water General: Brain Surgery Protection FAQ
https://hydrogenstudies.com/blog/hydrogen-water-general-what-2024-research-shows-for-baby-brain-health-004225,10902,retire,0,0,,0,883,hydrogen-water-general,hydrogen-water-general-research-shows-baby-brain-health,Hydrogen Water General: What 2024 Research Shows for Baby Brain Health
https://hydrogenstudies.com/blog/hydrogen-water-general-can-it-help-baby-brain-injuries-035867,10903,retire,0,0,,0,869,hydrogen-water-general,hydrogen-water-general-help-baby-brain-injuries,Hydrogen Water General: Can It Help Baby Brain Injuries?
https://hydrogenstudies.com/blog/how-to-use-hydrogen-water-for-safer-births-a-science-guide-288771,10912,retire,0,1,92.0,0,774,how-to-use,use-hydrogen-water-safer-births-science,How to Use Hydrogen Water for Safer Births: A Science Guide
https://hydrogenstudies.com/blog/hydrogen-water-and-birth-injuries-what-2024-research-shows-293352,10913,retire,0,0,,0,898,what-20xx-research-shows,hydrogen-water-birth-injuries-research-shows,Hydrogen Water and Birth Injuries: What 2024 Research Shows
https://hydrogenstudies.com/blog/hydrogen-water-general-can-it-help-newborn-brain-health-326608,10915,retire,0,0,,0,883,hydrogen-water-general,hydrogen-water-general-help-newborn-brain-health,Hydrogen Water General: Can It Help Newborn Brain Health?
https://hydrogenstudies.com/blog/hydrogen-water-general-how-2024-research-could-change-cancer-care-390541,10917,retire,0,0,,0,916,hydrogen-water-general,hydrogen-water-general-research-could-change-cancer-care,Hydrogen Water General: How 2024 Research Could Change Cancer Care
https://hydrogenstudies.com/blog/hydrogen-water-general-can-it-help-fight-breast-cancer-421751,10918,retire,0,0,,0,847,hydrogen-water-general,hydrogen-water-general-help-fight-breast-cancer,Hydrogen Water General: Can It Help Fight Breast Cancer?
https://hydrogenstudies.com/blog/hydrogen-water-general-can-it-help-fight-cancer-cells-537891,10921,retire,0,0,,0,833,hydrogen-water-general,hydrogen-water-general-help-fight-cancer-cells,Hydrogen Water General: Can It Help Fight Cancer Cells?
https://hydrogenstudies.com/blog/hydrogen-water-general-tiny-machines-target-cancer-in-2024-621282,10923,retire,0,0,,0,885,hydrogen-water-general,hydrogen-water-general-tiny-machines-target-cancer,Hydrogen Water General: Tiny Machines Target Cancer in 2024
https://hydrogenstudies.com/blog/hydrogen-water-general-what-2023-research-shows-for-recovery-075518,10935,retire,0,0,,0,946,hydrogen-water-general,hydrogen-water-general-research-shows-recovery,Hydrogen Water General: What 2023 Research Shows for Recovery
https://hydrogenstudies.com/blog/hydrogen-water-general-can-it-help-you-breathe-better-119377,10939,retire,0,0,,0,833,hydrogen-water-general,hydrogen-water-general-help-breathe-better,Hydrogen Water General: Can It Help You Breathe Better?
https://hydrogenstudies.com/blog/hydrogen-water-general-health-what-2023-covid-research-shows-203217,10943,retire,0,0,,0,887,,hydrogen-water-general-health-covid-research-shows,Hydrogen Water General Health: What 2023 COVID Research Shows
https://hydrogenstudies.com/blog/hydrogen-water-for-covid-19-your-questions-answered-233297,10945,retire,0,0,,0,870,,hydrogen-water-covid-19-questions-answered,Hydrogen Water for COVID-19: Your Questions Answered
https://hydrogenstudies.com/blog/hydrogen-water-for-covid-recovery-your-questions-answered-451527,10951,retire,0,0,,0,874,,hydrogen-water-covid-recovery-questions-answered,Hydrogen Water for COVID Recovery: Your Questions Answered
https://hydrogenstudies.com/blog/hydrogen-water-general-faq-brain-and-heart-protection-574673,10954,retire,0,0,,0,846,,hydrogen-water-general-faq-brain-heart-protection,Hydrogen Water General FAQ: Brain and Heart Protection
https://hydrogenstudies.com/blog/hydrogen-water-general-can-it-help-prevent-heart-attacks-691951,10957,retire,0,0,,0,906,hydrogen-water-general,hydrogen-water-general-help-prevent-heart-attacks,Hydrogen Water General: Can It Help Prevent Heart Attacks?
https://hydrogenstudies.com/blog/how-to-use-hydrogen-water-for-virus-defense-a-science-backed-guide-776899,10958,retire,0,0,,0,752,how-to-use,use-hydrogen-water-virus-defense-science-backed,How to Use Hydrogen Water for Virus Defense: A Science-Backed Guide
https://hydrogenstudies.com/blog/hydrogen-water-general-can-it-help-fight-viruses-safely-810434,10960,retire,0,0,,0,811,hydrogen-water-general,hydrogen-water-general-help-fight-viruses-safely,Hydrogen Water General: Can It Help Fight Viruses Safely?
https://hydrogenstudies.com/blog/hydrogen-water-general-heart-protection-questions-answered-930864,10964,retire,0,0,,0,909,hydrogen-water-general,hydrogen-water-general-heart-protection-questions-answered,Hydrogen Water General: Heart Protection Questions Answered
https://hydrogenstudies.com/blog/how-to-use-hydrogen-water-for-recovery-a-science-backed-guide-011305,10966,retire,0,0,,0,834,how-to-use,use-hydrogen-water-recovery-science-backed,How to Use Hydrogen Water for Recovery: A Science-Backed Guide
https://hydrogenstudies.com/blog/hydrogen-water-general-what-2024-research-shows-for-covid-012114,10968,retire,0,0,,0,898,hydrogen-water-general,hydrogen-water-general-research-shows-covid,Hydrogen Water General: What 2024 Research Shows for COVID
https://hydrogenstudies.com/blog/hydrogen-water-general-can-it-help-fight-covid-19-043728,10969,retire,0,0,,0,889,hydrogen-water-general,hydrogen-water-general-help-fight-covid-19,Hydrogen Water General: Can It Help Fight COVID-19?
https://hydrogenstudies.com/blog/hydrogen-water-general-covid-19-questions-answered-042977,10970,retire,0,0,,0,849,hydrogen-water-general,hydrogen-water-general-covid-19-questions-answered,Hydrogen Water General: COVID-19 Questions Answered
https://hydrogenstudies.com/blog/hydrogen-water-general-what-2024-research-shows-for-lungs-135201,10974,retire,0,0,,0,965,hydrogen-water-general,hydrogen-water-general-research-shows-lungs,Hydrogen Water General: What 2024 Research Shows for Lungs
https://hydrogenstudies.com/blog/hydrogen-water-general-covid-19-recovery-questions-answered-161181,10975,retire,0,0,,0,885,hydrogen-water-general,hydrogen-water-general-covid-19-recovery-questions-answered,Hydrogen Water General: COVID-19 Recovery Questions Answered
https://hydrogenstudies.com/blog/hydrogen-water-general-what-2023-covid-research-shows-246510,10978,retire,0,0,,0,888,hydrogen-water-general,hydrogen-water-general-covid-research-shows,Hydrogen Water General: What 2023 COVID Research Shows
https://hydrogenstudies.com/blog/hydrogen-water-general-covid-recovery-questions-answered-277454,10979,retire,0,0,,0,833,hydrogen-water-general,hydrogen-water-general-covid-recovery-questions-answered,Hydrogen Water General: COVID Recovery Questions Answered
https://hydrogenstudies.com/blog/hydrogen-water-general-health-what-2024-heart-research-shows-361391,10981,retire,0,2,9.5,0,851,,hydrogen-water-general-health-heart-research-shows,Hydrogen Water General Health: What 2024 Heart Research Shows
https://hydrogenstudies.com/blog/how-to-use-hydrogen-water-for-pancreas-health-a-science-backed-guide-474066,10983,retire,0,1,238.0,0,783,how-to-use,use-hydrogen-water-pancreas-health-science-backed,How to Use Hydrogen Water for Pancreas Health: A Science-Backed Guide
https://hydrogenstudies.com/blog/hydrogen-water-and-pancreas-pain-what-2024-research-shows-475874,10984,retire,0,0,,0,868,what-20xx-research-shows,hydrogen-water-pancreas-pain-research-shows,Hydrogen Water and Pancreas Pain: What 2024 Research Shows
https://hydrogenstudies.com/blog/hydrogen-water-for-pancreatitis-your-questions-answered-503816,10985,retire,0,0,,0,851,,hydrogen-water-pancreatitis-questions-answered,Hydrogen Water for Pancreatitis: Your Questions Answered
https://hydrogenstudies.com/blog/hydrogen-water-general-how-gut-gas-shows-ibs-treatment-success-589089,10987,retire,0,0,,0,854,hydrogen-water-general,hydrogen-water-general-gut-gas-shows-ibs-treatment-success,Hydrogen Water General: How Gut Gas Shows IBS Treatment Success
https://hydrogenstudies.com/blog/hydrogen-water-general-ibs-treatment-questions-answered-619951,10988,retire,0,0,,0,831,hydrogen-water-general,hydrogen-water-general-ibs-treatment-questions-answered,Hydrogen Water General: IBS Treatment Questions Answered
https://hydrogenstudies.com/blog/hydrogen-water-general-recovery-what-2024-research-shows-706558,10990,retire,0,0,,0,877,what-20xx-research-shows,hydrogen-water-general-recovery-research-shows,Hydrogen Water General Recovery: What 2024 Research Shows
https://hydrogenstudies.com/blog/how-to-use-hydrogen-water-for-better-workouts-a-science-backed-guide-818288,10992,retire,0,0,,0,803,how-to-use,use-hydrogen-water-better-workouts-science-backed,How to Use Hydrogen Water for Better Workouts: A Science-Backed Guide
https://hydrogenstudies.com/blog/hydrogen-water-general-how-exercise-boosts-gut-health-in-2024-819480,10993,retire,0,0,,0,901,hydrogen-water-general,hydrogen-water-general-exercise-boosts-gut-health,Hydrogen Water General: How Exercise Boosts Gut Health in 2024
https://hydrogenstudies.com/blog/hydrogen-water-general-does-exercise-boost-your-gut-health-848160,10994,retire,0,0,,0,822,hydrogen-water-general,hydrogen-water-general-exercise-boost-gut-health,Hydrogen Water General: Does Exercise Boost Your Gut Health?
https://hydrogenstudies.com/blog/hydrogen-water-general-can-it-boost-athletic-performance-905969,10997,retire,0,0,,0,831,hydrogen-water-general,hydrogen-water-general-boost-athletic-performance,Hydrogen Water General: Can It Boost Athletic Performance?
https://hydrogenstudies.com/blog/hydrogen-water-for-muscle-recovery-your-questions-answered-019881,11003,retire,0,0,,0,871,,hydrogen-water-muscle-recovery-questions-answered,Hydrogen Water for Muscle Recovery: Your Questions Answered
https://hydrogenstudies.com/blog/hydrogen-water-for-recovery-your-questions-answered-041985,11004,retire,0,0,,0,921,,hydrogen-water-recovery-questions-answered,Hydrogen Water for Recovery: Your Questions Answered
https://hydrogenstudies.com/blog/hydrogen-water-general-what-2024-research-shows-about-fighting-fatigue-220274,11009,retire,0,0,,0,807,hydrogen-water-general,hydrogen-water-general-research-shows-about-fighting-fatigue,Hydrogen Water General: What 2024 Research Shows About Fighting Fatigue
https://hydrogenstudies.com/blog/hydrogen-water-for-tiredness-your-questions-answered-253320,11010,retire,0,0,,0,870,,hydrogen-water-tiredness-questions-answered,Hydrogen Water for Tiredness: Your Questions Answered
https://hydrogenstudies.com/blog/hydrogen-water-general-your-heart-and-brain-questions-answered-373131,11013,retire,0,0,,0,875,hydrogen-water-general,hydrogen-water-general-heart-brain-questions-answered,Hydrogen Water General: Your Heart and Brain Questions Answered
https://hydrogenstudies.com/blog/hydrogen-water-general-how-gut-bacteria-make-liver-protecting-gas-458564,11015,retire,0,5,62.0,0,819,hydrogen-water-general,hydrogen-water-general-gut-bacteria-make-liver-protecting-gas,Hydrogen Water General: How Gut Bacteria Make Liver-Protecting Gas
https://hydrogenstudies.com/blog/hydrogen-water-and-your-bodys-defenses-what-2024-research-shows-575341,11018,retire,0,0,,0,866,what-20xx-research-shows,hydrogen-water-bodys-defenses-research-shows,Hydrogen Water and Your Body's Defenses: What 2024 Research Shows
https://hydrogenstudies.com/blog/hydrogen-water-general-how-does-it-make-your-body-stronger-605782,11019,retire,0,0,,0,788,hydrogen-water-general,hydrogen-water-general-make-body-stronger,Hydrogen Water General: How Does It Make Your Body Stronger?
https://hydrogenstudies.com/blog/hydrogen-water-general-how-special-atoms-keep-organs-fresh-longer-711426,11022,retire,0,0,,0,923,hydrogen-water-general,hydrogen-water-general-special-atoms-keep-organs-fresh-longer,Hydrogen Water General: How Special Atoms Keep Organs Fresh Longer
https://hydrogenstudies.com/blog/hydrogen-water-general-can-heavy-water-save-transplant-organs-724756,11023,retire,0,3,5.7,0,872,hydrogen-water-general,hydrogen-water-general-heavy-water-save-transplant-organs,Hydrogen Water General: Can Heavy Water Save Transplant Organs?
https://hydrogenstudies.com/blog/how-to-use-hydrogen-water-for-anti-aging-a-science-guide-809399,11025,retire,0,0,,0,782,how-to-use,use-hydrogen-water-anti-aging-science,How to Use Hydrogen Water for Anti-Aging: A Science Guide
https://hydrogenstudies.com/blog/hydrogen-water-general-what-2024-research-shows-about-fighting-cell-damage-814408,11027,retire,0,0,,0,916,hydrogen-water-general,hydrogen-water-general-research-shows-about-fighting-cell-damage,Hydrogen Water General: What 2024 Research Shows About Fighting Cell Damage
https://hydrogenstudies.com/blog/hydrogen-water-general-your-anti-aging-questions-answered-843020,11028,retire,0,0,,0,844,hydrogen-water-general,hydrogen-water-general-anti-aging-questions-answered,Hydrogen Water General: Your Anti-Aging Questions Answered
https://hydrogenstudies.com/blog/hydrogen-water-general-how-does-it-target-bad-molecules-844694,11029,retire,0,0,,0,809,hydrogen-water-general,hydrogen-water-general-target-bad-molecules,Hydrogen Water General: How Does It Target Bad Molecules?
https://hydrogenstudies.com/blog/hydrogen-water-general-what-2024-smart-plastic-research-shows-039240,11037,retire,0,0,,0,907,hydrogen-water-general,hydrogen-water-general-smart-plastic-research-shows,Hydrogen Water General: What 2024 Smart Plastic Research Shows
https://hydrogenstudies.com/blog/hydrogen-water-general-what-2024-research-shows-about-tiny-particles-264710,11043,retire,0,0,,0,899,hydrogen-water-general,hydrogen-water-general-research-shows-about-tiny-particles,Hydrogen Water General: What 2024 Research Shows About Tiny Particles
https://hydrogenstudies.com/blog/hydrogen-water-general-new-science-breakthroughs-explained-296665,11044,retire,0,0,,0,843,hydrogen-water-general,hydrogen-water-general-science-breakthroughs,Hydrogen Water General: New Science Breakthroughs Explained
https://hydrogenstudies.com/blog/how-to-use-hydrogen-water-for-better-mood-a-science-guide-379087,11045,retire,0,0,,0,756,how-to-use,use-hydrogen-water-better-mood-science,How to Use Hydrogen Water for Better Mood: A Science Guide
https://hydrogenstudies.com/blog/hydrogen-water-and-mental-health-what-2024-research-shows-382272,11046,retire,0,0,,0,884,what-20xx-research-shows,hydrogen-water-mental-health-research-shows,Hydrogen Water and Mental Health: What 2024 Research Shows
https://hydrogenstudies.com/blog/hydrogen-water-general-what-2024-breathing-research-shows-621391,11053,retire,0,0,,0,882,hydrogen-water-general,hydrogen-water-general-breathing-research-shows,Hydrogen Water General: What 2024 Breathing Research Shows
https://hydrogenstudies.com/blog/hydrogen-water-general-can-it-help-covid-breathing-652569,11054,retire,0,4,95.0,0,868,hydrogen-water-general,hydrogen-water-general-help-covid-breathing,Hydrogen Water General: Can It Help COVID Breathing?
https://hydrogenstudies.com/blog/hydrogen-water-general-how-it-fights-bad-molecules-better-734132,11057,retire,0,0,,0,902,hydrogen-water-general,hydrogen-water-general-fights-bad-molecules-better,Hydrogen Water General: How It Fights Bad Molecules Better
https://hydrogenstudies.com/blog/hydrogen-water-general-faq-does-it-really-fight-bad-radicals-738370,11058,retire,0,0,,0,896,,hydrogen-water-general-faq-really-fight-bad-radicals,Hydrogen Water General FAQ: Does It Really Fight Bad Radicals?
https://hydrogenstudies.com/blog/how-to-use-hydrogen-water-for-body-swelling-a-science-guide-821474,11060,retire,0,6,64.7,0,819,how-to-use,use-hydrogen-water-body-swelling-science,How to Use Hydrogen Water for Body Swelling: A Science Guide
https://hydrogenstudies.com/blog/hydrogen-water-general-will-it-change-medicine-forever-854278,11064,retire,0,0,,0,848,hydrogen-water-general,hydrogen-water-general-will-change-medicine-forever,Hydrogen Water General: Will It Change Medicine Forever?
https://hydrogenstudies.com/blog/how-to-use-hydrogen-water-for-fighting-harmful-molecules-938778,11066,retire,0,0,,0,752,how-to-use,use-hydrogen-water-fighting-harmful-molecules,How to Use Hydrogen Water for Fighting Harmful Molecules
https://hydrogenstudies.com/blog/hydrogen-water-general-which-tests-really-measure-benefits-967622,11068,retire,0,0,,0,895,hydrogen-water-general,hydrogen-water-general-which-tests-really-measure-benefits,Hydrogen Water General: Which Tests Really Measure Benefits?
https://hydrogenstudies.com/blog/hydrogen-water-general-can-it-help-reduce-inflammation-082416,11071,retire,0,0,,0,898,hydrogen-water-general,hydrogen-water-general-help-reduce-inflammation,Hydrogen Water General: Can It Help Reduce Inflammation?
https://hydrogenstudies.com/blog/hydrogen-water-for-aging-your-questions-answered-307899,11077,retire,0,2,59.5,0,889,,hydrogen-water-aging-questions-answered,Hydrogen Water for Aging: Your Questions Answered
https://hydrogenstudies.com/blog/hydrogen-water-general-faq-your-top-questions-answered-428033,11080,retire,0,4,85.0,0,938,,hydrogen-water-general-faq-top-questions-answered,Hydrogen Water General FAQ: Your Top Questions Answered
https://hydrogenstudies.com/blog/hydrogen-water-general-heart-attack-protection-questions-answered-633187,11089,retire,0,0,,0,888,hydrogen-water-general,hydrogen-water-general-heart-attack-protection-questions-answered,Hydrogen Water General: Heart Attack Protection Questions Answered
https://hydrogenstudies.com/blog/hydrogen-water-general-can-this-gas-really-save-lives-654617,11090,retire,0,0,,0,907,hydrogen-water-general,hydrogen-water-general-this-gas-really-save-lives,Hydrogen Water General: Can This Gas Really Save Lives?
https://hydrogenstudies.com/blog/hydrogen-water-general-does-it-protect-from-radiation-772432,11096,retire,0,3,51.7,0,951,hydrogen-water-general,hydrogen-water-general-protect-radiation,Hydrogen Water General: Does It Protect From Radiation?
https://hydrogenstudies.com/blog/how-to-use-hydrogen-water-for-radiation-safety-a-science-backed-guide-834173,11097,retire,0,0,,0,801,how-to-use,use-hydrogen-water-radiation-safety-science-backed,How to Use Hydrogen Water for Radiation Safety: A Science-Backed Guide
https://hydrogenstudies.com/blog/hydrogen-water-general-what-2024-research-shows-about-fighting-infections-950594,11100,retire,0,0,,0,872,hydrogen-water-general,hydrogen-water-general-research-shows-about-fighting-infections,Hydrogen Water General: What 2024 Research Shows About Fighting Infections
https://hydrogenstudies.com/blog/hydrogen-water-general-can-it-help-fight-sepsis-980653,11102,retire,0,0,,0,871,hydrogen-water-general,hydrogen-water-general-help-fight-sepsis,Hydrogen Water General: Can It Help Fight Sepsis?
https://hydrogenstudies.com/blog/how-to-use-hydrogen-water-for-better-skin-a-science-backed-guide-060901,11103,retire,0,23,50.3,0,698,how-to-use,use-hydrogen-water-better-skin-science-backed,How to Use Hydrogen Water for Better Skin: A Science-Backed Guide
https://hydrogenstudies.com/blog/hydrogen-water-general-what-2024-research-shows-for-skin-066715,11104,retire,0,0,,0,907,hydrogen-water-general,hydrogen-water-general-research-shows-skin,Hydrogen Water General: What 2024 Research Shows for Skin
https://hydrogenstudies.com/blog/hydrogen-water-for-skin-health-your-questions-answered-098342,11105,retire,0,2,52.5,0,810,,hydrogen-water-skin-health-questions-answered,Hydrogen Water for Skin Health: Your Questions Answered
https://hydrogenstudies.com/blog/hydrogen-water-general-what-2024-research-shows-for-stroke-183250,11107,retire,0,0,,0,856,hydrogen-water-general,hydrogen-water-general-research-shows-stroke,Hydrogen Water General: What 2024 Research Shows for Stroke
https://hydrogenstudies.com/blog/hydrogen-water-general-what-2024-scientists-really-think-412727,11112,retire,0,0,,0,932,hydrogen-water-general,hydrogen-water-general-scientists-really-think,Hydrogen Water General: What 2024 Scientists Really Think
https://hydrogenstudies.com/blog/how-to-use-hydrogen-water-for-general-health-what-doctors-say-415716,11113,retire,0,0,,0,819,how-to-use,use-hydrogen-water-general-health-doctors-say,How to Use Hydrogen Water for General Health: What Doctors Say
https://hydrogenstudies.com/blog/hydrogen-water-general-what-2024-research-shows-doctors-415899,11114,retire,0,0,,0,831,hydrogen-water-general,hydrogen-water-general-research-shows-doctors,Hydrogen Water General: What 2024 Research Shows Doctors
https://hydrogenstudies.com/blog/hydrogen-water-general-do-doctors-really-believe-it-works-448508,11115,retire,0,0,,0,878,hydrogen-water-general,hydrogen-water-general-doctors-really-believe-works,Hydrogen Water General: Do Doctors Really Believe It Works?
https://hydrogenstudies.com/blog/hydrogen-water-general-what-2024-research-shows-about-fighting-disease-514098,11117,retire,0,0,,0,949,hydrogen-water-general,hydrogen-water-general-research-shows-about-fighting-disease,Hydrogen Water General: What 2024 Research Shows About Fighting Disease
https://hydrogenstudies.com/blog/how-to-make-hydrogen-water-at-home-a-science-backed-guide-619732,11122,retire,0,0,,0,740,,make-hydrogen-water-home-science-backed,How to Make Hydrogen Water at Home: A Science-Backed Guide
https://hydrogenstudies.com/blog/hydrogen-water-general-what-2024-research-tools-show-623294,11123,retire,0,0,,0,827,hydrogen-water-general,hydrogen-water-general-research-tools-show,Hydrogen Water General: What 2024 Research Tools Show
https://hydrogenstudies.com/blog/how-to-choose-hydrogen-water-general-equipment-a-science-backed-guide-641908,11124,retire,0,0,,0,785,,choose-hydrogen-water-general-equipment-science-backed,How to Choose Hydrogen Water General Equipment: A Science-Backed Guide
https://hydrogenstudies.com/blog/hydrogen-water-general-guide-what-2024-research-shows-644200,11125,retire,0,0,,0,852,what-20xx-research-shows,hydrogen-water-general-research-shows,Hydrogen Water General Guide: What 2024 Research Shows
https://hydrogenstudies.com/blog/hydrogen-water-general-how-do-scientists-make-it-safely-654975,11126,retire,0,0,,0,838,hydrogen-water-general,hydrogen-water-general-scientists-make-safely,Hydrogen Water General: How Do Scientists Make It Safely?
https://hydrogenstudies.com/blog/hydrogen-water-general-how-scientists-make-it-explained-675002,11127,retire,0,0,,0,827,hydrogen-water-general,hydrogen-water-general-scientists-make,Hydrogen Water General: How Scientists Make It Explained
https://hydrogenstudies.com/blog/hydrogen-water-general-medicine-what-2024-research-shows-742534,11128,retire,0,0,,0,828,what-20xx-research-shows,hydrogen-water-general-medicine-research-shows,Hydrogen Water General Medicine: What 2024 Research Shows
https://hydrogenstudies.com/blog/hydrogen-water-general-will-it-replace-expensive-drugs-774202,11130,retire,0,0,,0,835,hydrogen-water-general,hydrogen-water-general-will-replace-expensive-drugs,Hydrogen Water General: Will It Replace Expensive Drugs?
https://hydrogenstudies.com/blog/how-to-use-hydrogen-water-for-fighting-body-inflammation-a-science-backed-guide-852884,11131,retire,0,1,63.0,0,684,how-to-use,use-hydrogen-water-fighting-body-inflammation-science-backed,How to Use Hydrogen Water for Fighting Body Inflammation: A Science-Backed Guide
https://hydrogenstudies.com/blog/hydrogen-water-and-baby-brain-health-what-2024-research-shows-972061,11135,retire,0,0,,0,874,what-20xx-research-shows,hydrogen-water-baby-brain-health-research-shows,Hydrogen Water and Baby Brain Health: What 2024 Research Shows
https://hydrogenstudies.com/blog/hydrogen-water-general-can-it-help-protect-baby-brains-003050,11136,retire,0,2,10.5,0,875,hydrogen-water-general,hydrogen-water-general-help-protect-baby-brains,Hydrogen Water General: Can It Help Protect Baby Brains?
https://hydrogenstudies.com/blog/hydrogen-water-general-brain-injury-protection-questions-121346,11139,retire,0,0,,0,857,hydrogen-water-general,hydrogen-water-general-brain-injury-protection-questions,Hydrogen Water General: Brain Injury Protection Questions
https://hydrogenstudies.com/blog/hydrogen-water-general-what-2024-brain-injury-research-shows-209131,11141,retire,0,0,,0,912,hydrogen-water-general,hydrogen-water-general-brain-injury-research-shows,Hydrogen Water General: What 2024 Brain Injury Research Shows
https://hydrogenstudies.com/blog/hydrogen-water-for-brain-injury-your-questions-answered-238293,11142,retire,0,0,,0,838,,hydrogen-water-brain-injury-questions-answered,Hydrogen Water for Brain Injury: Your Questions Answered
https://hydrogenstudies.com/blog/how-to-use-hydrogen-water-for-brain-health-after-heart-problems-a-science-backed-guide-321261,11143,retire,0,0,,0,810,how-to-use,use-hydrogen-water-brain-health-after-heart-problems-science-backed,How to Use Hydrogen Water for Brain Health After Heart Problems: A Science-Backed Guide
https://hydrogenstudies.com/blog/hydrogen-water-general-can-it-help-your-brain-after-heart-problems-358141,11145,retire,0,0,,0,841,hydrogen-water-general,hydrogen-water-general-help-brain-after-heart-problems,Hydrogen Water General: Can It Help Your Brain After Heart Problems?
https://hydrogenstudies.com/blog/hydrogen-water-general-what-2024-brain-research-shows-373997,11147,retire,0,0,,0,945,hydrogen-water-general,hydrogen-water-general-brain-research-shows,Hydrogen Water General: What 2024 Brain Research Shows
https://hydrogenstudies.com/blog/hydrogen-water-general-can-it-help-after-stroke-402503,11148,retire,0,0,,0,865,hydrogen-water-general,hydrogen-water-general-help-after-stroke,Hydrogen Water General: Can It Help After Stroke?
https://hydrogenstudies.com/blog/how-to-use-hydrogen-water-for-dna-protection-a-science-backed-guide-487747,11149,retire,0,0,,0,798,how-to-use,use-hydrogen-water-dna-protection-science-backed,How to Use Hydrogen Water for DNA Protection: A Science-Backed Guide
https://hydrogenstudies.com/blog/hydrogen-water-general-health-what-2024-dna-research-shows-495033,11152,retire,0,0,,0,946,,hydrogen-water-general-health-dna-research-shows,Hydrogen Water General Health: What 2024 DNA Research Shows
https://hydrogenstudies.com/blog/hydrogen-water-for-cancer-your-questions-answered-522655,11153,retire,0,2,48.0,0,956,,hydrogen-water-cancer-questions-answered,Hydrogen Water for Cancer: Your Questions Answered
https://hydrogenstudies.com/blog/hydrogen-water-general-how-2024-science-shows-it-helps-cancer-care-611188,11156,retire,0,1,6.0,0,874,hydrogen-water-general,hydrogen-water-general-science-shows-helps-cancer-care,Hydrogen Water General: How 2024 Science Shows It Helps Cancer Care
https://hydrogenstudies.com/blog/hydrogen-water-general-cancer-research-questions-answered-640483,11157,retire,0,0,,0,872,hydrogen-water-general,hydrogen-water-general-cancer-research-questions-answered,Hydrogen Water General: Cancer Research Questions Answered
https://hydrogenstudies.com/blog/hydrogen-water-general-what-2024-research-shows-about-cancer-732991,11158,retire,0,0,,0,790,hydrogen-water-general,hydrogen-water-general-research-shows-about-cancer,Hydrogen Water General: What 2024 Research Shows About Cancer
https://hydrogenstudies.com/blog/how-to-use-hydrogen-water-for-cancer-support-a-science-guide-735512,11159,retire,0,0,,0,793,how-to-use,use-hydrogen-water-cancer-support-science,How to Use Hydrogen Water for Cancer Support: A Science Guide
https://hydrogenstudies.com/blog/hydrogen-water-general-can-it-fight-cancer-and-boost-immunity-768770,11160,retire,0,12,25.4,0,892,hydrogen-water-general,hydrogen-water-general-fight-cancer-boost-immunity,Hydrogen Water General: Can It Fight Cancer and Boost Immunity?
https://hydrogenstudies.com/blog/hydrogen-water-general-what-2023-research-shows-about-covid-recovery-859919,11162,retire,0,0,,0,933,hydrogen-water-general,hydrogen-water-general-research-shows-about-covid-recovery,Hydrogen Water General: What 2023 Research Shows About COVID Recovery
https://hydrogenstudies.com/blog/hydrogen-water-general-what-2024-research-shows-about-lung-health-979696,11165,retire,0,0,,0,868,hydrogen-water-general,hydrogen-water-general-research-shows-about-lung-health,Hydrogen Water General: What 2024 Research Shows About Lung Health
https://hydrogenstudies.com/blog/hydrogen-water-general-can-it-help-your-breathing-problems-010413,11166,retire,0,36,54.9,0,884,hydrogen-water-general,hydrogen-water-general-help-breathing-problems,Hydrogen Water General: Can It Help Your Breathing Problems?
https://hydrogenstudies.com/blog/hydrogen-water-general-can-it-help-your-brain-after-heart-issues-250683,11172,retire,0,0,,0,916,hydrogen-water-general,hydrogen-water-general-help-brain-after-heart-issues,Hydrogen Water General: Can It Help Your Brain After Heart Issues?
https://hydrogenstudies.com/blog/hydrogen-water-general-what-2024-research-shows-for-kids-289868,11174,retire,0,1,24.0,0,938,hydrogen-water-general,hydrogen-water-general-research-shows-kids,Hydrogen Water General: What 2024 Research Shows for Kids
https://hydrogenstudies.com/blog/hydrogen-water-general-can-it-fight-inflammation-318408,11175,retire,0,0,,0,847,hydrogen-water-general,hydrogen-water-general-fight-inflammation,Hydrogen Water General: Can It Fight Inflammation?
https://hydrogenstudies.com/blog/hydrogen-water-general-can-it-help-kids-with-inflammation-336970,11176,retire,0,0,,0,919,hydrogen-water-general,hydrogen-water-general-help-kids-inflammation,Hydrogen Water General: Can It Help Kids With Inflammation?
https://hydrogenstudies.com/blog/hydrogen-water-general-what-2024-research-shows-about-covid-422661,11180,retire,0,0,,0,942,hydrogen-water-general,hydrogen-water-general-research-shows-about-covid,Hydrogen Water General: What 2024 Research Shows About COVID
https://hydrogenstudies.com/blog/hydrogen-water-for-workouts-your-questions-answered-657877,11188,retire,0,0,,0,926,,hydrogen-water-workouts-questions-answered,Hydrogen Water for Workouts: Your Questions Answered
https://hydrogenstudies.com/blog/how-to-use-hydrogen-water-general-for-better-workouts-a-science-backed-guide-743729,11189,retire,0,0,,0,663,,use-hydrogen-water-general-better-workouts-science-backed,How to Use Hydrogen Water General for Better Workouts: A Science-Backed Guide
https://hydrogenstudies.com/blog/hydrogen-water-for-exercise-your-questions-answered-791977,11190,retire,0,0,,0,885,,hydrogen-water-exercise-questions-answered,Hydrogen Water for Exercise: Your Questions Answered
https://hydrogenstudies.com/blog/hydrogen-water-general-how-2024-science-shows-gas-can-pause-life-880009,11192,retire,0,0,,0,918,hydrogen-water-general,hydrogen-water-general-science-shows-gas-pause-life,Hydrogen Water General: How 2024 Science Shows Gas Can Pause Life
https://hydrogenstudies.com/blog/hydrogen-water-general-how-gas-acts-like-a-sleep-switch-913729,11193,retire,0,0,,0,920,hydrogen-water-general,hydrogen-water-general-gas-acts-like-sleep-switch,Hydrogen Water General: How Gas Acts Like a Sleep Switch
https://hydrogenstudies.com/blog/how-to-use-hydrogen-water-for-better-hormones-a-science-guide-998563,11195,retire,0,0,,0,762,how-to-use,use-hydrogen-water-better-hormones-science,How to Use Hydrogen Water for Better Hormones: A Science Guide
https://hydrogenstudies.com/blog/hydrogen-water-general-how-gases-boost-natural-healing-032170,11197,retire,0,2,85.5,0,888,hydrogen-water-general,hydrogen-water-general-gases-boost-natural-healing,Hydrogen Water General: How Gases Boost Natural Healing?
https://hydrogenstudies.com/blog/hydrogen-water-general-your-gut-health-questions-answered-156019,11201,retire,0,2,48.0,0,924,hydrogen-water-general,hydrogen-water-general-gut-health-questions-answered,Hydrogen Water General: Your Gut Health Questions Answered
https://hydrogenstudies.com/blog/how-to-use-hydrogen-water-for-better-cells-a-science-guide-326122,11207,retire,0,0,,0,708,how-to-use,use-hydrogen-water-better-cells-science,How to Use Hydrogen Water for Better Cells: A Science Guide
https://hydrogenstudies.com/blog/hydrogen-water-and-cell-size-what-2024-research-shows-330868,11208,retire,0,0,,0,879,what-20xx-research-shows,hydrogen-water-cell-size-research-shows,Hydrogen Water and Cell Size: What 2024 Research Shows
https://hydrogenstudies.com/blog/hydrogen-water-general-how-it-keeps-your-cells-healthy-361791,11211,retire,0,2,70.5,0,875,hydrogen-water-general,hydrogen-water-general-keeps-cells-healthy,Hydrogen Water General: How It Keeps Your Cells Healthy
https://hydrogenstudies.com/blog/hydrogen-water-general-your-cell-size-questions-answered-363888,11212,retire,0,0,,0,858,hydrogen-water-general,hydrogen-water-general-cell-size-questions-answered,Hydrogen Water General: Your Cell Size Questions Answered
https://hydrogenstudies.com/blog/hydrogen-water-general-what-2024-research-shows-about-cell-cleanup-450006,11214,retire,0,0,,0,784,hydrogen-water-general,hydrogen-water-general-research-shows-about-cell-cleanup,Hydrogen Water General: What 2024 Research Shows About Cell Cleanup
https://hydrogenstudies.com/blog/how-to-use-hydrogen-water-for-fighting-inflammation-a-guide-675329,11219,retire,0,0,,0,769,how-to-use,use-hydrogen-water-fighting-inflammation,How to Use Hydrogen Water for Fighting Inflammation: A Guide
https://hydrogenstudies.com/blog/hydrogen-water-and-inflammation-what-2024-research-shows-680774,11220,retire,0,0,,0,928,what-20xx-research-shows,hydrogen-water-inflammation-research-shows,Hydrogen Water and Inflammation: What 2024 Research Shows
https://hydrogenstudies.com/blog/hydrogen-water-for-inflammation-your-questions-answered-712876,11221,retire,0,0,,0,944,,hydrogen-water-inflammation-questions-answered,Hydrogen Water for Inflammation: Your Questions Answered
https://hydrogenstudies.com/blog/how-to-use-hydrogen-water-for-weight-control-a-science-backed-guide-795477,11222,retire,0,0,,0,732,how-to-use,use-hydrogen-water-weight-control-science-backed,How to Use Hydrogen Water for Weight Control: A Science-Backed Guide
https://hydrogenstudies.com/blog/hydrogen-water-for-health-your-questions-answered-939029,11227,retire,0,0,,0,876,,hydrogen-water-health-questions-answered,Hydrogen Water for Health: Your Questions Answered
https://hydrogenstudies.com/blog/hydrogen-water-general-what-2024-science-shows-about-tiny-gas-023407,11229,retire,0,0,,0,774,hydrogen-water-general,hydrogen-water-general-science-shows-about-tiny-gas,Hydrogen Water General: What 2024 Science Shows About Tiny Gas
https://hydrogenstudies.com/blog/how-to-use-hydrogen-water-for-fighting-inflammation-a-science-guide-067574,11231,retire,0,3,21.3,0,735,how-to-use,use-hydrogen-water-fighting-inflammation-science,How to Use Hydrogen Water for Fighting Inflammation: A Science Guide
https://hydrogenstudies.com/blog/how-to-use-hydrogen-water-for-fighting-hidden-inflammation-186449,11234,retire,0,0,,0,750,how-to-use,use-hydrogen-water-fighting-hidden-inflammation,How to Use Hydrogen Water for Fighting Hidden Inflammation
https://hydrogenstudies.com/blog/hydrogen-water-and-hidden-disease-what-2024-research-shows-192049,11236,retire,0,0,,0,828,what-20xx-research-shows,hydrogen-water-hidden-disease-research-shows,Hydrogen Water and Hidden Disease: What 2024 Research Shows
https://hydrogenstudies.com/blog/how-to-use-hydrogen-water-for-disease-prevention-a-science-backed-guide-192256,11237,retire,0,0,,0,767,how-to-use,use-hydrogen-water-disease-prevention-science-backed,How to Use Hydrogen Water for Disease Prevention: A Science-Backed Guide
https://hydrogenstudies.com/blog/how-to-use-hydrogen-water-for-fighting-body-swelling-a-science-backed-guide-301231,11240,retire,0,0,,0,763,how-to-use,use-hydrogen-water-fighting-body-swelling-science-backed,How to Use Hydrogen Water for Fighting Body Swelling: A Science-Backed Guide
https://hydrogenstudies.com/blog/hydrogen-water-general-faq-does-it-really-reduce-swelling-335179,11242,retire,0,0,,0,941,,hydrogen-water-general-faq-really-reduce-swelling,Hydrogen Water General FAQ: Does It Really Reduce Swelling?
https://hydrogenstudies.com/blog/hydrogen-water-and-radiation-what-2024-research-shows-420496,11244,retire,0,19,35.1,0,868,what-20xx-research-shows,hydrogen-water-radiation-research-shows,Hydrogen Water and Radiation: What 2024 Research Shows
https://hydrogenstudies.com/blog/hydrogen-water-general-does-it-protect-your-lungs-450813,11245,retire,0,0,,0,877,hydrogen-water-general,hydrogen-water-general-protect-lungs,Hydrogen Water General: Does It Protect Your Lungs?
https://hydrogenstudies.com/blog/hydrogen-water-general-what-2024-research-shows-about-radiation-543749,11247,retire,0,0,,0,965,hydrogen-water-general,hydrogen-water-general-research-shows-about-radiation,Hydrogen Water General: What 2024 Research Shows About Radiation
https://hydrogenstudies.com/blog/hydrogen-water-for-radiation-your-questions-answered-576075,11248,retire,0,1,60.0,0,947,,hydrogen-water-radiation-questions-answered,Hydrogen Water for Radiation: Your Questions Answered
https://hydrogenstudies.com/blog/hydrogen-water-and-sexual-health-what-2024-research-shows-669514,11250,retire,0,0,,0,869,what-20xx-research-shows,hydrogen-water-sexual-health-research-shows,Hydrogen Water and Sexual Health: What 2024 Research Shows
https://hydrogenstudies.com/blog/hydrogen-water-general-can-it-help-your-sexual-health-699576,11251,retire,0,0,,0,871,hydrogen-water-general,hydrogen-water-general-help-sexual-health,Hydrogen Water General: Can It Help Your Sexual Health?
https://hydrogenstudies.com/blog/hydrogen-water-general-what-2024-research-shows-for-lung-transplants-794489,11253,retire,0,0,,0,940,hydrogen-water-general,hydrogen-water-general-research-shows-lung-transplants,Hydrogen Water General: What 2024 Research Shows for Lung Transplants
https://hydrogenstudies.com/blog/hydrogen-water-general-can-it-help-lung-transplants-824847,11254,retire,0,0,,0,878,hydrogen-water-general,hydrogen-water-general-help-lung-transplants,Hydrogen Water General: Can It Help Lung Transplants?
https://hydrogenstudies.com/blog/how-to-use-hydrogen-water-for-disease-fighting-a-science-backed-guide-911790,11255,retire,0,0,,0,719,how-to-use,use-hydrogen-water-disease-fighting-science-backed,How to Use Hydrogen Water for Disease Fighting: A Science-Backed Guide
https://hydrogenstudies.com/blog/hydrogen-water-general-what-2024-research-shows-about-new-healing-methods-915455,11256,retire,0,0,,0,992,hydrogen-water-general,hydrogen-water-general-research-shows-about-healing-methods,Hydrogen Water General: What 2024 Research Shows About New Healing Methods
https://hydrogenstudies.com/blog/how-to-use-hydrogen-water-for-germ-free-hospitals-a-science-backed-guide-012143,11259,retire,0,1,17.0,0,778,how-to-use,use-hydrogen-water-germ-free-hospitals-science-backed,How to Use Hydrogen Water for Germ-Free Hospitals: A Science-Backed Guide
https://hydrogenstudies.com/blog/hydrogen-water-and-hospital-germs-what-2024-research-shows-015593,11260,retire,0,0,,0,880,what-20xx-research-shows,hydrogen-water-hospital-germs-research-shows,Hydrogen Water and Hospital Germs: What 2024 Research Shows
https://hydrogenstudies.com/blog/how-to-use-hydrogen-water-for-germ-protection-a-science-backed-guide-031913,11261,retire,0,0,,0,810,how-to-use,use-hydrogen-water-germ-protection-science-backed,How to Use Hydrogen Water for Germ Protection: A Science-Backed Guide
https://hydrogenstudies.com/blog/hydrogen-water-general-cleaning-what-2024-research-shows-035448,11262,retire,0,0,,0,892,what-20xx-research-shows,hydrogen-water-general-cleaning-research-shows,Hydrogen Water General Cleaning: What 2024 Research Shows
https://hydrogenstudies.com/blog/hydrogen-water-general-can-it-kill-germs-in-hospitals-048296,11263,retire,0,6,5.7,0,867,hydrogen-water-general,hydrogen-water-general-kill-germs-hospitals,Hydrogen Water General: Can It Kill Germs in Hospitals?
https://hydrogenstudies.com/blog/hydrogen-water-general-can-it-kill-hospital-germs-safely-067266,11264,retire,0,0,,0,896,hydrogen-water-general,hydrogen-water-general-kill-hospital-germs-safely,Hydrogen Water General: Can It Kill Hospital Germs Safely?
https://hydrogenstudies.com/blog/hydrogen-water-general-how-it-helps-organ-transplants-170786,11269,retire,0,0,,0,898,hydrogen-water-general,hydrogen-water-general-helps-organ-transplants,Hydrogen Water General: How It Helps Organ Transplants
https://hydrogenstudies.com/blog/hydrogen-water-general-can-it-save-organ-transplants-186523,11270,retire,0,0,,0,935,hydrogen-water-general,hydrogen-water-general-save-organ-transplants,Hydrogen Water General: Can It Save Organ Transplants?
https://hydrogenstudies.com/blog/hydrogen-water-general-does-it-really-slow-aging-405575,11276,retire,0,4,6.0,0,842,hydrogen-water-general,hydrogen-water-general-really-slow-aging,Hydrogen Water General: Does It Really Slow Aging?
https://hydrogenstudies.com/blog/hydrogen-water-general-what-2024-bone-implant-study-shows-499643,11278,retire,0,0,,0,957,hydrogen-water-general,hydrogen-water-general-bone-implant-study-shows,Hydrogen Water General: What 2024 Bone Implant Study Shows
https://hydrogenstudies.com/blog/hydrogen-water-general-can-dissolving-implants-help-bones-heal-532290,11279,retire,0,1,138.0,0,904,hydrogen-water-general,hydrogen-water-general-dissolving-implants-help-bones-heal,Hydrogen Water General: Can Dissolving Implants Help Bones Heal?
https://hydrogenstudies.com/blog/hydrogen-water-general-what-2024-research-shows-about-brain-protection-743260,11284,retire,0,0,,0,866,hydrogen-water-general,hydrogen-water-general-research-shows-about-brain-protection,Hydrogen Water General: What 2024 Research Shows About Brain Protection
https://hydrogenstudies.com/blog/hydrogen-water-general-can-it-help-stroke-recovery-897059,11290,retire,0,0,,0,940,hydrogen-water-general,hydrogen-water-general-help-stroke-recovery,Hydrogen Water General: Can It Help Stroke Recovery?
https://hydrogenstudies.com/blog/hydrogen-water-general-your-questions-about-gas-therapy-answered-918066,11291,retire,0,1,10.0,0,746,hydrogen-water-general,hydrogen-water-general-questions-about-gas-therapy-answered,Hydrogen Water General: Your Questions About Gas Therapy Answered
https://hydrogenstudies.com/blog/hydrogen-water-and-fatigue-what-2024-research-shows-004886,11293,retire,0,0,,0,874,what-20xx-research-shows,hydrogen-water-fatigue-research-shows,Hydrogen Water and Fatigue: What 2024 Research Shows
https://hydrogenstudies.com/blog/hydrogen-water-general-your-chronic-fatigue-questions-answered-035576,11294,retire,0,0,,0,895,hydrogen-water-general,hydrogen-water-general-chronic-fatigue-questions-answered,Hydrogen Water General: Your Chronic Fatigue Questions Answered
https://hydrogenstudies.com/blog/how-to-use-hydrogen-water-for-brain-injury-recovery-a-science-backed-guide-117738,11296,retire,0,0,,0,753,how-to-use,use-hydrogen-water-brain-injury-recovery-science-backed,How to Use Hydrogen Water for Brain Injury Recovery: A Science-Backed Guide
https://hydrogenstudies.com/blog/hydrogen-water-and-brain-injuries-what-2024-research-shows-122566,11297,retire,0,0,,0,938,what-20xx-research-shows,hydrogen-water-brain-injuries-research-shows,Hydrogen Water and Brain Injuries: What 2024 Research Shows
https://hydrogenstudies.com/blog/hydrogen-water-for-brain-injuries-your-questions-answered-150409,11298,retire,0,0,,0,846,,hydrogen-water-brain-injuries-questions-answered,Hydrogen Water for Brain Injuries: Your Questions Answered
https://hydrogenstudies.com/blog/how-to-use-hydrogen-water-for-post-covid-energy-a-science-guide-457799,11305,retire,0,0,,0,815,how-to-use,use-hydrogen-water-post-covid-energy-science,How to Use Hydrogen Water for Post-COVID Energy: A Science Guide
https://hydrogenstudies.com/blog/hydrogen-water-and-long-covid-what-2024-research-shows-462793,11306,retire,0,0,,0,928,what-20xx-research-shows,hydrogen-water-long-covid-research-shows,Hydrogen Water and Long COVID: What 2024 Research Shows
https://hydrogenstudies.com/blog/hydrogen-water-for-post-covid-fatigue-your-questions-answered-491725,11307,retire,0,0,,0,820,,hydrogen-water-post-covid-fatigue-questions-answered,Hydrogen Water for Post-COVID Fatigue: Your Questions Answered
https://hydrogenstudies.com/blog/hydrogen-water-general-what-2024-mouse-studies-show-about-asthma-579503,11309,retire,0,0,,0,863,hydrogen-water-general,hydrogen-water-general-mouse-studies-show-about-asthma,Hydrogen Water General: What 2024 Mouse Studies Show About Asthma
https://hydrogenstudies.com/blog/hydrogen-water-general-faq-can-it-help-asthma-symptoms-610460,11310,retire,0,0,,0,847,,hydrogen-water-general-faq-help-asthma-symptoms,Hydrogen Water General FAQ: Can It Help Asthma Symptoms?
https://hydrogenstudies.com/blog/hydrogen-water-for-lung-health-your-questions-answered-726653,11314,retire,0,1,3.0,0,931,,hydrogen-water-lung-health-questions-answered,Hydrogen Water for Lung Health: Your Questions Answered
https://hydrogenstudies.com/blog/hydrogen-water-for-stomach-issues-your-questions-answered-813118,11319,retire,0,4,20.8,0,856,,hydrogen-water-stomach-issues-questions-answered,Hydrogen Water for Stomach Issues: Your Questions Answered
https://hydrogenstudies.com/blog/hydrogen-water-and-covid-19-what-2024-research-shows-895340,11321,retire,0,2,80.0,0,818,what-20xx-research-shows,hydrogen-water-covid-19-research-shows,Hydrogen Water and COVID-19: What 2024 Research Shows
https://hydrogenstudies.com/blog/hydrogen-water-general-faq-can-it-help-covid-recovery-928409,11325,retire,0,0,,0,875,,hydrogen-water-general-faq-help-covid-recovery,Hydrogen Water General FAQ: Can It Help COVID Recovery?
https://hydrogenstudies.com/blog/how-to-use-hydrogen-water-for-weight-loss-a-science-backed-guide-010693,11327,retire,0,0,,0,837,how-to-use,use-hydrogen-water-weight-loss-science-backed,How to Use Hydrogen Water for Weight Loss: A Science-Backed Guide
https://hydrogenstudies.com/blog/hydrogen-water-and-weight-loss-what-2024-research-shows-011823,11328,retire,0,0,,0,936,what-20xx-research-shows,hydrogen-water-weight-loss-research-shows,Hydrogen Water and Weight Loss: What 2024 Research Shows
https://hydrogenstudies.com/blog/how-to-spot-fake-hydrogen-water-general-claims-a-science-guide-124558,11330,retire,0,1,87.0,0,753,,spot-fake-hydrogen-water-general-claims-science,How to Spot Fake Hydrogen Water General Claims: A Science Guide
https://hydrogenstudies.com/blog/hydrogen-water-general-what-2024-research-problems-show-125478,11331,retire,0,0,,0,947,hydrogen-water-general,hydrogen-water-general-research-problems-show,Hydrogen Water General: What 2024 Research Problems Show
https://hydrogenstudies.com/blog/hydrogen-water-general-what-2024-science-really-shows-238526,11333,retire,0,5,4.8,0,817,hydrogen-water-general,hydrogen-water-general-science-really-shows,Hydrogen Water General: What 2024 Science Really Shows
https://hydrogenstudies.com/blog/how-to-use-hydrogen-water-for-fighting-free-radicals-a-science-guide-238613,11334,retire,0,0,,0,765,how-to-use,use-hydrogen-water-fighting-free-radicals-science,How to Use Hydrogen Water for Fighting Free Radicals: A Science Guide
https://hydrogenstudies.com/blog/hydrogen-water-general-your-questions-answered-271789,11335,retire,0,4,8.5,0,873,hydrogen-water-general,hydrogen-water-general-questions-answered,Hydrogen Water General: Your Questions Answered
https://hydrogenstudies.com/blog/how-to-use-hydrogen-water-for-fighting-germs-a-science-guide-350507,11336,retire,0,0,,0,675,how-to-use,use-hydrogen-water-fighting-germs-science,How to Use Hydrogen Water for Fighting Germs: A Science Guide
https://hydrogenstudies.com/blog/hydrogen-water-general-what-2024-research-shows-about-killing-germs-355693,11337,retire,0,1,175.0,0,867,hydrogen-water-general,hydrogen-water-general-research-shows-about-killing-germs,Hydrogen Water General: What 2024 Research Shows About Killing Germs
https://hydrogenstudies.com/blog/hydrogen-water-general-can-it-kill-germs-and-help-healing-385711,11338,retire,0,0,,0,867,hydrogen-water-general,hydrogen-water-general-kill-germs-help-healing,Hydrogen Water General: Can It Kill Germs and Help Healing?
https://hydrogenstudies.com/blog/hydrogen-water-general-your-cell-protection-questions-answered-500433,11341,retire,0,0,,0,853,hydrogen-water-general,hydrogen-water-general-cell-protection-questions-answered,Hydrogen Water General: Your Cell Protection Questions Answered
https://hydrogenstudies.com/blog/how-to-test-hydrogen-water-general-quality-without-orp-meters-584916,11342,retire,0,5,45.0,0,674,,test-hydrogen-water-general-quality-orp-meters,How to Test Hydrogen Water General Quality Without ORP Meters
https://hydrogenstudies.com/blog/hydrogen-water-general-what-2024-research-shows-about-orp-meters-592188,11343,retire,0,0,,0,888,hydrogen-water-general,hydrogen-water-general-research-shows-about-orp-meters,Hydrogen Water General: What 2024 Research Shows About ORP Meters
https://hydrogenstudies.com/blog/hydrogen-water-general-why-orp-meters-dont-work-right-623099,11345,retire,0,0,,0,783,hydrogen-water-general,hydrogen-water-general-orp-meters-dont-work-right,Hydrogen Water General: Why ORP Meters Don't Work Right?
https://hydrogenstudies.com/blog/how-to-choose-safe-hydrogen-water-general-machines-a-science-backed-guide-679639,11346,retire,0,0,,0,760,,choose-safe-hydrogen-water-general-machines-science-backed,How to Choose Safe Hydrogen Water General Machines: A Science-Backed Guide
https://hydrogenstudies.com/blog/how-to-use-hydrogen-water-general-safety-tips-a-science-backed-guide-704871,11348,retire,0,0,,0,694,,use-hydrogen-water-general-safety-tips-science-backed,How to Use Hydrogen Water General Safety Tips: A Science-Backed Guide
https://hydrogenstudies.com/blog/hydrogen-water-for-kidney-health-your-questions-answered-823145,11356,retire,0,40,5.9,0,886,,hydrogen-water-kidney-health-questions-answered,Hydrogen Water for Kidney Health: Your Questions Answered
https://hydrogenstudies.com/blog/hydrogen-water-general-health-your-kidney-questions-answered-937382,11360,retire,0,0,,0,834,,hydrogen-water-general-health-kidney-questions-answered,Hydrogen Water General Health: Your Kidney Questions Answered
https://hydrogenstudies.com/blog/how-to-use-hydrogen-water-for-healthier-gums-a-science-guide-015830,11361,retire,0,0,,0,778,how-to-use,use-hydrogen-water-healthier-gums-science,How to Use Hydrogen Water for Healthier Gums: A Science Guide
https://hydrogenstudies.com/blog/hydrogen-water-and-gum-health-what-2024-research-shows-018157,11362,retire,0,0,,0,933,what-20xx-research-shows,hydrogen-water-gum-health-research-shows,Hydrogen Water and Gum Health: What 2024 Research Shows
https://hydrogenstudies.com/blog/how-to-use-hydrogen-water-for-natural-healing-a-science-guide-129893,11364,retire,0,0,,0,777,how-to-use,use-hydrogen-water-natural-healing-science,How to Use Hydrogen Water for Natural Healing: A Science Guide
https://hydrogenstudies.com/blog/hydrogen-water-general-what-20-years-of-brain-research-shows-260947,11368,retire,0,0,,0,939,hydrogen-water-general,hydrogen-water-general-20-years-brain-research-shows,Hydrogen Water General: What 20 Years of Brain Research Shows
https://hydrogenstudies.com/blog/how-to-use-hydrogen-water-general-for-organ-health-a-science-backed-guide-374861,11370,retire,0,0,,0,723,,use-hydrogen-water-general-organ-health-science-backed,How to Use Hydrogen Water General for Organ Health: A Science-Backed Guide
https://hydrogenstudies.com/blog/hydrogen-water-general-your-questions-about-healing-gases-answered-411048,11372,retire,0,0,,0,909,hydrogen-water-general,hydrogen-water-general-questions-about-healing-gases-answered,Hydrogen Water General: Your Questions About Healing Gases Answered
https://hydrogenstudies.com/blog/how-to-use-hydrogen-water-for-faster-healing-a-science-guide-491750,11373,retire,0,0,,0,794,how-to-use,use-hydrogen-water-faster-healing-science,How to Use Hydrogen Water for Faster Healing: A Science Guide
https://hydrogenstudies.com/blog/hydrogen-water-and-surgery-recovery-what-2024-research-shows-494963,11374,retire,0,0,,0,840,what-20xx-research-shows,hydrogen-water-surgery-recovery-research-shows,Hydrogen Water and Surgery Recovery: What 2024 Research Shows
https://hydrogenstudies.com/blog/hydrogen-water-and-arthritis-what-2024-research-shows-609781,11377,retire,0,0,,0,936,what-20xx-research-shows,hydrogen-water-arthritis-research-shows,Hydrogen Water and Arthritis: What 2024 Research Shows
https://hydrogenstudies.com/blog/how-to-use-hydrogen-water-for-faster-bone-healing-a-guide-616898,11378,retire,0,0,,0,811,how-to-use,use-hydrogen-water-faster-bone-healing,How to Use Hydrogen Water for Faster Bone Healing: A Guide
https://hydrogenstudies.com/blog/hydrogen-water-and-bone-health-what-2024-research-shows-617534,11379,retire,0,0,,0,893,what-20xx-research-shows,hydrogen-water-bone-health-research-shows,Hydrogen Water and Bone Health: What 2024 Research Shows
https://hydrogenstudies.com/blog/hydrogen-water-general-can-light-make-hydrogen-in-your-body-641729,11380,retire,0,3,7.3,0,907,hydrogen-water-general,hydrogen-water-general-light-make-hydrogen-body,Hydrogen Water General: Can Light Make Hydrogen in Your Body?
https://hydrogenstudies.com/blog/hydrogen-water-general-does-it-help-or-hurt-bone-health-649820,11381,retire,0,0,,0,807,hydrogen-water-general,hydrogen-water-general-help-hurt-bone-health,Hydrogen Water General: Does It Help or Hurt Bone Health?
https://hydrogenstudies.com/blog/hydrogen-water-and-alzheimers-what-2024-research-shows-736636,11383,retire,0,0,,0,917,what-20xx-research-shows,hydrogen-water-alzheimers-research-shows,Hydrogen Water and Alzheimer's: What 2024 Research Shows
https://hydrogenstudies.com/blog/hydrogen-water-general-brain-protection-what-2024-research-shows-972215,11389,retire,0,0,,0,918,what-20xx-research-shows,hydrogen-water-general-brain-protection-research-shows,Hydrogen Water General Brain Protection: What 2024 Research Shows
https://hydrogenstudies.com/blog/hydrogen-water-general-health-what-2024-cancer-research-shows-088089,11392,retire,0,0,,0,943,,hydrogen-water-general-health-cancer-research-shows,Hydrogen Water General Health: What 2024 Cancer Research Shows
https://hydrogenstudies.com/blog/hydrogen-water-and-brain-cancer-what-2024-research-shows-208437,11395,retire,0,0,,0,919,what-20xx-research-shows,hydrogen-water-brain-cancer-research-shows,Hydrogen Water and Brain Cancer: What 2024 Research Shows
https://hydrogenstudies.com/blog/hydrogen-water-general-can-it-fight-cancer-safely-360756,11399,retire,0,0,,0,919,hydrogen-water-general,hydrogen-water-general-fight-cancer-safely,Hydrogen Water General: Can It Fight Cancer Safely?
https://hydrogenstudies.com/blog/how-to-use-hydrogen-water-for-covid-recovery-a-science-backed-guide-442971,11400,retire,0,0,,0,837,how-to-use,use-hydrogen-water-covid-recovery-science-backed,How to Use Hydrogen Water for COVID Recovery: A Science-Backed Guide
https://hydrogenstudies.com/blog/hydrogen-water-general-what-2024-research-shows-for-lung-health-446008,11401,retire,0,0,,0,933,hydrogen-water-general,hydrogen-water-general-research-shows-lung-health,Hydrogen Water General: What 2024 Research Shows for Lung Health
https://hydrogenstudies.com/blog/hydrogen-water-general-covid-19-and-pneumonia-questions-answered-474269,11404,retire,0,0,,0,783,hydrogen-water-general,hydrogen-water-general-covid-19-pneumonia-questions-answered,Hydrogen Water General: COVID-19 and Pneumonia Questions Answered
https://hydrogenstudies.com/blog/hydrogen-water-general-can-it-help-with-breathing-tests-483552,11405,retire,0,0,,0,816,hydrogen-water-general,hydrogen-water-general-help-breathing-tests,Hydrogen Water General: Can It Help With Breathing Tests?
https://hydrogenstudies.com/blog/hydrogen-water-general-can-it-help-your-heart-health-600465,11408,retire,0,0,,0,839,hydrogen-water-general,hydrogen-water-general-help-heart-health,Hydrogen Water General: Can It Help Your Heart Health?
https://hydrogenstudies.com/blog/hydrogen-water-general-what-2024-research-shows-about-lung-help-683607,11411,retire,0,0,,0,956,hydrogen-water-general,hydrogen-water-general-research-shows-about-lung-help,Hydrogen Water General: What 2024 Research Shows About Lung Help
https://hydrogenstudies.com/blog/how-to-use-hydrogen-water-general-for-less-workout-fatigue-908074,11416,retire,0,0,,0,769,,use-hydrogen-water-general-less-workout-fatigue,How to Use Hydrogen Water General for Less Workout Fatigue
https://hydrogenstudies.com/blog/hydrogen-water-and-energy-what-2024-research-shows-912161,11417,retire,0,4,3.8,0,909,what-20xx-research-shows,hydrogen-water-energy-research-shows,Hydrogen Water and Energy: What 2024 Research Shows
https://hydrogenstudies.com/blog/hydrogen-water-general-can-it-protect-your-eyes-060046,11421,retire,0,0,,0,775,hydrogen-water-general,hydrogen-water-general-protect-eyes,Hydrogen Water General: Can It Protect Your Eyes?
https://hydrogenstudies.com/blog/hydrogen-water-general-how-gut-bacteria-make-healing-gas-267074,11426,retire,0,1,28.0,0,902,hydrogen-water-general,hydrogen-water-general-gut-bacteria-make-healing-gas,Hydrogen Water General: How Gut Bacteria Make Healing Gas
https://hydrogenstudies.com/blog/hydrogen-water-general-your-gut-bacteria-questions-answered-300654,11427,retire,0,0,,0,903,hydrogen-water-general,hydrogen-water-general-gut-bacteria-questions-answered,Hydrogen Water General: Your Gut Bacteria Questions Answered
https://hydrogenstudies.com/blog/hydrogen-water-general-what-2024-science-shows-about-how-it-works-353643,11429,retire,0,0,,0,935,hydrogen-water-general,hydrogen-water-general-science-shows-about-works,Hydrogen Water General: What 2024 Science Shows About How It Works
https://hydrogenstudies.com/blog/hydrogen-water-general-how-does-it-work-in-your-body-386400,11432,retire,0,0,,0,876,hydrogen-water-general,hydrogen-water-general-work-body,Hydrogen Water General: How Does It Work in Your Body?
https://hydrogenstudies.com/blog/how-to-use-hydrogen-water-for-multiple-health-issues-a-science-backed-guide-489704,11436,retire,0,0,,0,763,how-to-use,use-hydrogen-water-multiple-health-issues-science-backed,How to Use Hydrogen Water for Multiple Health Issues: A Science-Backed Guide
https://hydrogenstudies.com/blog/hydrogen-water-general-how-it-targets-disease-like-a-machine-gun-489674,11437,retire,0,0,,0,787,hydrogen-water-general,hydrogen-water-general-targets-disease-like-machine-gun,Hydrogen Water General: How It Targets Disease Like a Machine Gun
https://hydrogenstudies.com/blog/hydrogen-water-general-how-does-it-target-multiple-health-issues-503282,11438,retire,0,0,,0,844,hydrogen-water-general,hydrogen-water-general-target-multiple-health-issues,Hydrogen Water General: How Does It Target Multiple Health Issues?
https://hydrogenstudies.com/blog/hydrogen-water-general-how-it-fights-many-health-problems-519703,11439,retire,0,0,,0,884,hydrogen-water-general,hydrogen-water-general-fights-many-health-problems,Hydrogen Water General: How It Fights Many Health Problems
https://hydrogenstudies.com/blog/how-to-choose-safe-hydrogen-water-general-devices-a-guide-587193,11440,retire,0,0,,0,779,,choose-safe-hydrogen-water-general-devices,How to Choose Safe Hydrogen Water General Devices: A Guide
https://hydrogenstudies.com/blog/hydrogen-water-and-immunity-what-2024-research-shows-938678,11449,retire,0,0,,0,778,what-20xx-research-shows,hydrogen-water-immunity-research-shows,Hydrogen Water and Immunity: What 2024 Research Shows
https://hydrogenstudies.com/blog/hydrogen-water-general-could-gas-medicine-change-healthcare-970878,11451,retire,0,0,,0,895,hydrogen-water-general,hydrogen-water-general-could-gas-medicine-change-healthcare,Hydrogen Water General: Could Gas Medicine Change Healthcare?
https://hydrogenstudies.com/blog/how-to-use-hydrogen-water-for-sinus-relief-a-science-backed-guide-054144,11452,retire,0,0,,0,785,how-to-use,use-hydrogen-water-sinus-relief-science-backed,How to Use Hydrogen Water for Sinus Relief: A Science-Backed Guide
https://hydrogenstudies.com/blog/hydrogen-water-for-sinus-problems-your-questions-answered-085158,11454,retire,0,0,,0,863,,hydrogen-water-sinus-problems-questions-answered,Hydrogen Water for Sinus Problems: Your Questions Answered
https://hydrogenstudies.com/blog/how-to-use-hydrogen-water-for-healthy-aging-a-science-guide-164559,11456,retire,0,27,15.9,0,814,how-to-use,use-hydrogen-water-healthy-aging-science,How to Use Hydrogen Water for Healthy Aging: A Science Guide
https://hydrogenstudies.com/blog/hydrogen-water-general-research-what-2021-studies-show-283297,11459,retire,0,0,,0,899,,hydrogen-water-general-research-studies-show,Hydrogen Water General Research: What 2021 Studies Show
https://hydrogenstudies.com/blog/hydrogen-water-general-your-questions-about-healing-answered-427158,11465,retire,0,0,,0,863,hydrogen-water-general,hydrogen-water-general-questions-about-healing-answered,Hydrogen Water General: Your Questions About Healing Answered
https://hydrogenstudies.com/blog/hydrogen-water-general-can-it-help-parkinsons-disease-806240,11475,retire,0,0,,0,853,hydrogen-water-general,hydrogen-water-general-help-parkinsons-disease,Hydrogen Water General: Can It Help Parkinson's Disease?
https://hydrogenstudies.com/blog/hydrogen-water-and-acne-what-2024-research-shows-887151,11476,retire,0,0,,0,785,what-20xx-research-shows,hydrogen-water-acne-research-shows,Hydrogen Water and Acne: What 2024 Research Shows
https://hydrogenstudies.com/blog/how-to-use-hydrogen-water-for-clearer-skin-a-science-backed-guide-889996,11477,retire,0,0,,0,820,how-to-use,use-hydrogen-water-clearer-skin-science-backed,How to Use Hydrogen Water for Clearer Skin: A Science-Backed Guide
https://hydrogenstudies.com/blog/hydrogen-water-and-stroke-recovery-what-2024-research-shows-003119,11480,retire,0,3,6.7,0,944,what-20xx-research-shows,hydrogen-water-stroke-recovery-research-shows,Hydrogen Water and Stroke Recovery: What 2024 Research Shows
https://hydrogenstudies.com/blog/hydrogen-water-for-stroke-recovery-your-questions-answered-036019,11481,retire,0,17,31.4,0,906,,hydrogen-water-stroke-recovery-questions-answered,Hydrogen Water for Stroke Recovery: Your Questions Answered
https://hydrogenstudies.com/blog/hydrogen-water-general-can-gas-help-brain-bleed-recovery-183705,11487,retire,0,0,,0,872,hydrogen-water-general,hydrogen-water-general-gas-help-brain-bleed-recovery,Hydrogen Water General: Can Gas Help Brain Bleed Recovery?
https://hydrogenstudies.com/blog/hydrogen-water-and-brain-power-what-2024-research-shows-268799,11489,retire,0,0,,0,860,what-20xx-research-shows,hydrogen-water-brain-power-research-shows,Hydrogen Water and Brain Power: What 2024 Research Shows
https://hydrogenstudies.com/blog/hydrogen-water-general-what-2024-research-shows-about-brain-power-288019,11490,retire,0,0,,0,827,hydrogen-water-general,hydrogen-water-general-research-shows-about-brain-power,Hydrogen Water General: What 2024 Research Shows About Brain Power
https://hydrogenstudies.com/blog/how-to-use-hydrogen-water-for-better-brain-power-a-science-backed-guide-287524,11491,retire,0,0,,0,786,how-to-use,use-hydrogen-water-better-brain-power-science-backed,How to Use Hydrogen Water for Better Brain Power: A Science-Backed Guide
https://hydrogenstudies.com/blog/how-to-use-hydrogen-water-general-for-cancer-support-a-science-backed-guide-377779,11494,retire,0,3,120.0,0,702,,use-hydrogen-water-general-cancer-support-science-backed,How to Use Hydrogen Water General for Cancer Support: A Science-Backed Guide
https://hydrogenstudies.com/blog/hydrogen-water-general-cancer-help-what-2024-research-shows-381274,11495,retire,0,0,,0,874,what-20xx-research-shows,hydrogen-water-general-cancer-help-research-shows,Hydrogen Water General Cancer Help: What 2024 Research Shows
https://hydrogenstudies.com/blog/how-to-use-hydrogen-water-for-cancer-defense-a-science-backed-guide-498899,11501,retire,0,0,,0,765,how-to-use,use-hydrogen-water-cancer-defense-science-backed,How to Use Hydrogen Water for Cancer Defense: A Science-Backed Guide
https://hydrogenstudies.com/blog/hydrogen-water-general-how-tiny-particles-help-fight-cancer-617917,11504,retire,0,5,91.2,0,878,hydrogen-water-general,hydrogen-water-general-tiny-particles-help-fight-cancer,Hydrogen Water General: How Tiny Particles Help Fight Cancer
https://hydrogenstudies.com/blog/hydrogen-water-general-how-tiny-particles-fight-cancer-in-2024-732835,11507,retire,0,0,,0,864,hydrogen-water-general,hydrogen-water-general-tiny-particles-fight-cancer,Hydrogen Water General: How Tiny Particles Fight Cancer in 2024
https://hydrogenstudies.com/blog/hydrogen-water-general-can-it-help-fight-cancer-763019,11508,retire,0,5,62.2,0,885,hydrogen-water-general,hydrogen-water-general-help-fight-cancer,Hydrogen Water General: Can It Help Fight Cancer?
https://hydrogenstudies.com/blog/hydrogen-water-general-what-2024-research-shows-for-cancer-care-853608,11510,retire,0,98,10.8,0,962,hydrogen-water-general,hydrogen-water-general-research-shows-cancer-care,Hydrogen Water General: What 2024 Research Shows for Cancer Care
https://hydrogenstudies.com/blog/hydrogen-water-general-can-it-help-cancer-patients-feel-better-883907,11511,retire,0,6,31.5,0,849,hydrogen-water-general,hydrogen-water-general-help-cancer-patients-feel-better,Hydrogen Water General: Can It Help Cancer Patients Feel Better?
https://hydrogenstudies.com/blog/hydrogen-water-general-can-it-help-your-lungs-999927,11514,retire,0,0,,0,846,hydrogen-water-general,hydrogen-water-general-help-lungs,Hydrogen Water General: Can It Help Your Lungs?
https://hydrogenstudies.com/blog/how-to-use-hydrogen-water-for-heart-and-brain-health-a-science-backed-guide-081618,11517,retire,0,0,,0,868,how-to-use,use-hydrogen-water-heart-brain-health-science-backed,How to Use Hydrogen Water for Heart and Brain Health: A Science-Backed Guide
https://hydrogenstudies.com/blog/hydrogen-water-general-how-it-targets-bad-free-radicals-082324,11518,retire,0,0,,0,904,hydrogen-water-general,hydrogen-water-general-targets-bad-free-radicals,Hydrogen Water General: How It Targets Bad Free Radicals
https://hydrogenstudies.com/blog/hydrogen-water-and-cholesterol-what-2024-research-shows-308932,11527,keep,1,18,28.6,0,866,what-20xx-research-shows,hydrogen-water-cholesterol-research-shows,Hydrogen Water and Cholesterol: What 2024 Research Shows
https://hydrogenstudies.com/blog/how-to-use-hydrogen-water-for-better-cholesterol-a-science-guide-309847,11528,retire,0,0,,0,800,how-to-use,use-hydrogen-water-better-cholesterol-science,How to Use Hydrogen Water for Better Cholesterol: A Science Guide
https://hydrogenstudies.com/blog/hydrogen-water-for-cholesterol-your-questions-answered-341549,11529,retire,0,3,36.7,0,858,,hydrogen-water-cholesterol-questions-answered,Hydrogen Water for Cholesterol: Your Questions Answered
https://hydrogenstudies.com/blog/how-to-use-hydrogen-water-for-general-health-what-science-really-shows-418666,11530,retire,0,10,71.3,0,614,how-to-use,use-hydrogen-water-general-health-science-really-shows,How to Use Hydrogen Water for General Health: What Science Really Shows
https://hydrogenstudies.com/blog/hydrogen-water-general-what-2024-research-teaches-about-trust-426355,11531,retire,0,0,,0,876,hydrogen-water-general,hydrogen-water-general-research-teaches-about-trust,Hydrogen Water General: What 2024 Research Teaches About Trust
https://hydrogenstudies.com/blog/hydrogen-water-general-what-retracted-studies-mean-for-you-458070,11532,retire,0,1,125.0,0,885,hydrogen-water-general,hydrogen-water-general-retracted-studies-mean,Hydrogen Water General: What Retracted Studies Mean for You
https://hydrogenstudies.com/blog/how-to-use-hydrogen-water-for-gut-health-a-science-backed-guide-646080,11536,keep,0,202,12.4,0,752,how-to-use,use-hydrogen-water-gut-health-science-backed,How to Use Hydrogen Water for Gut Health: A Science-Backed Guide
https://hydrogenstudies.com/blog/hydrogen-water-general-can-it-help-with-gut-pain-685713,11538,retire,0,1,141.0,0,878,hydrogen-water-general,hydrogen-water-general-help-gut-pain,Hydrogen Water General: Can It Help With Gut Pain?
https://hydrogenstudies.com/blog/how-to-use-hydrogen-water-for-better-workouts-a-simple-guide-765941,11539,retire,0,0,,0,759,how-to-use,use-hydrogen-water-better-workouts-simple,How to Use Hydrogen Water for Better Workouts: A Simple Guide
https://hydrogenstudies.com/blog/hydrogen-water-and-sports-what-2024-research-shows-771281,11540,retire,0,1,9.0,0,1000,what-20xx-research-shows,hydrogen-water-sports-research-shows,Hydrogen Water and Sports: What 2024 Research Shows
https://hydrogenstudies.com/blog/hydrogen-water-for-athletes-your-questions-answered-800818,11541,retire,0,2,5.0,0,897,,hydrogen-water-athletes-questions-answered,Hydrogen Water for Athletes: Your Questions Answered
https://hydrogenstudies.com/blog/hydrogen-water-general-benefits-what-2024-research-shows-883825,11543,retire,0,0,,0,883,what-20xx-research-shows,hydrogen-water-general-benefits-research-shows,Hydrogen Water General Benefits: What 2024 Research Shows
https://hydrogenstudies.com/blog/hydrogen-water-and-exercise-what-2024-research-shows-988344,11547,retire,0,6,42.8,0,1025,what-20xx-research-shows,hydrogen-water-exercise-research-shows,Hydrogen Water and Exercise: What 2024 Research Shows
https://hydrogenstudies.com/blog/hydrogen-water-general-does-it-really-boost-athletic-performance-020173,11550,retire,0,1,1.0,0,855,hydrogen-water-general,hydrogen-water-general-really-boost-athletic-performance,Hydrogen Water General: Does It Really Boost Athletic Performance?
https://hydrogenstudies.com/blog/hydrogen-water-general-faq-does-it-really-help-athletes-028265,11551,retire,0,0,,0,857,,hydrogen-water-general-faq-really-help-athletes,Hydrogen Water General FAQ: Does It Really Help Athletes?
https://hydrogenstudies.com/blog/hydrogen-water-general-eye-health-what-2024-research-shows-115415,11555,retire,0,0,,0,887,what-20xx-research-shows,hydrogen-water-general-eye-health-research-shows,Hydrogen Water General Eye Health: What 2024 Research Shows
https://hydrogenstudies.com/blog/hydrogen-water-general-can-it-help-your-eyes-129128,11556,retire,0,3,29.7,0,815,hydrogen-water-general,hydrogen-water-general-help-eyes,Hydrogen Water General: Can It Help Your Eyes?
https://hydrogenstudies.com/blog/hydrogen-water-general-your-eye-health-questions-answered-144322,11557,retire,0,0,,0,794,hydrogen-water-general,hydrogen-water-general-eye-health-questions-answered,Hydrogen Water General: Your Eye Health Questions Answered
https://hydrogenstudies.com/blog/hydrogen-water-general-what-2024-research-shows-about-bacteria-335588,11562,retire,0,2,9.0,0,996,hydrogen-water-general,hydrogen-water-general-research-shows-about-bacteria,Hydrogen Water General: What 2024 Research Shows About Bacteria
https://hydrogenstudies.com/blog/hydrogen-water-general-how-tiny-organisms-make-clean-energy-366983,11563,retire,0,0,,0,895,hydrogen-water-general,hydrogen-water-general-tiny-organisms-make-clean-energy,Hydrogen Water General: How Tiny Organisms Make Clean Energy
https://hydrogenstudies.com/blog/hydrogen-water-and-body-gases-what-2024-research-shows-452339,11565,retire,0,0,,0,864,what-20xx-research-shows,hydrogen-water-body-gases-research-shows,Hydrogen Water and Body Gases: What 2024 Research Shows
https://hydrogenstudies.com/blog/hydrogen-water-and-spinal-injuries-what-2024-research-shows-566496,11567,retire,0,1,94.0,0,876,what-20xx-research-shows,hydrogen-water-spinal-injuries-research-shows,Hydrogen Water and Spinal Injuries: What 2024 Research Shows
https://hydrogenstudies.com/blog/how-to-use-hydrogen-water-for-spinal-healing-a-science-backed-guide-567159,11568,retire,0,0,,0,835,how-to-use,use-hydrogen-water-spinal-healing-science-backed,How to Use Hydrogen Water for Spinal Healing: A Science-Backed Guide
https://hydrogenstudies.com/blog/hydrogen-water-general-can-it-help-heal-spinal-injuries-600689,11569,retire,0,0,,0,859,hydrogen-water-general,hydrogen-water-general-help-heal-spinal-injuries,Hydrogen Water General: Can It Help Heal Spinal Injuries?
https://hydrogenstudies.com/blog/how-to-use-hydrogen-water-for-fighting-disease-a-science-backed-guide-682863,11570,retire,0,8,45.6,0,799,how-to-use,use-hydrogen-water-fighting-disease-science-backed,How to Use Hydrogen Water for Fighting Disease: A Science-Backed Guide
https://hydrogenstudies.com/blog/hydrogen-water-general-new-cell-targeting-tech-changes-medicine-685871,11571,retire,0,0,,0,954,hydrogen-water-general,hydrogen-water-general-cell-targeting-tech-changes-medicine,Hydrogen Water General: New Cell-Targeting Tech Changes Medicine
https://hydrogenstudies.com/blog/hydrogen-water-and-kidneys-what-2024-research-shows-804644,11574,retire,0,0,,0,926,what-20xx-research-shows,hydrogen-water-kidneys-research-shows,Hydrogen Water and Kidneys: What 2024 Research Shows
https://hydrogenstudies.com/blog/hydrogen-water-for-kidneys-your-questions-answered-025734,11586,retire,0,1,74.0,0,887,,hydrogen-water-kidneys-questions-answered,Hydrogen Water for Kidneys: Your Questions Answered
https://hydrogenstudies.com/blog/how-to-use-hydrogen-water-for-better-oral-health-a-science-guide-105303,11587,retire,0,0,,0,765,how-to-use,use-hydrogen-water-better-oral-health-science,How to Use Hydrogen Water for Better Oral Health: A Science Guide
https://hydrogenstudies.com/blog/hydrogen-water-and-smart-dental-care-what-2024-research-shows-106252,11588,retire,0,0,,0,872,what-20xx-research-shows,hydrogen-water-smart-dental-care-research-shows,Hydrogen Water and Smart Dental Care: What 2024 Research Shows
https://hydrogenstudies.com/blog/hydrogen-water-for-dental-health-your-questions-answered-137912,11589,retire,0,0,,0,832,,hydrogen-water-dental-health-questions-answered,Hydrogen Water for Dental Health: Your Questions Answered
https://hydrogenstudies.com/blog/hydrogen-water-general-health-what-2024-research-shows-223550,11591,retire,0,30,32.1,0,865,what-20xx-research-shows,hydrogen-water-general-health-research-shows,Hydrogen Water General Health: What 2024 Research Shows
https://hydrogenstudies.com/blog/how-to-use-hydrogen-water-for-targeted-health-a-science-backed-guide-336109,11593,retire,0,0,,0,854,how-to-use,use-hydrogen-water-targeted-health-science-backed,How to Use Hydrogen Water for Targeted Health: A Science-Backed Guide
https://hydrogenstudies.com/blog/hydrogen-water-general-what-2024-research-shows-about-smart-delivery-338788,11594,retire,0,0,,0,952,hydrogen-water-general,hydrogen-water-general-research-shows-about-smart-delivery,Hydrogen Water General: What 2024 Research Shows About Smart Delivery
https://hydrogenstudies.com/blog/hydrogen-water-general-smart-materials-for-better-healing-366740,11595,retire,0,0,,0,824,hydrogen-water-general,hydrogen-water-general-smart-materials-better-healing,Hydrogen Water General: Smart Materials for Better Healing?
https://hydrogenstudies.com/blog/how-to-use-hydrogen-water-for-better-healing-a-science-backed-guide-447845,11596,retire,0,0,,0,790,how-to-use,use-hydrogen-water-better-healing-science-backed,How to Use Hydrogen Water for Better Healing: A Science-Backed Guide
https://hydrogenstudies.com/blog/hydrogen-water-general-how-smart-gas-systems-work-in-2024-448588,11597,retire,0,0,,0,850,hydrogen-water-general,hydrogen-water-general-smart-gas-systems-work,Hydrogen Water General: How Smart Gas Systems Work in 2024
https://hydrogenstudies.com/blog/hydrogen-water-general-faq-is-this-trendy-drink-worth-it-706650,11604,retire,0,0,,0,823,,hydrogen-water-general-faq-this-trendy-drink-worth,Hydrogen Water General FAQ: Is This Trendy Drink Worth It?
https://hydrogenstudies.com/blog/hydrogen-water-general-what-2024-science-shows-about-single-atoms-745554,11606,retire,0,0,,0,832,hydrogen-water-general,hydrogen-water-general-science-shows-about-single-atoms,Hydrogen Water General: What 2024 Science Shows About Single Atoms
https://hydrogenstudies.com/blog/hydrogen-water-general-your-questions-about-new-research-answered-779364,11607,retire,0,0,,0,883,hydrogen-water-general,hydrogen-water-general-questions-about-research-answered,Hydrogen Water General: Your Questions About New Research Answered
https://hydrogenstudies.com/blog/hydrogen-water-general-single-atoms-vs-pairs-explained-784056,11608,retire,0,0,,0,828,hydrogen-water-general,hydrogen-water-general-single-atoms-pairs,Hydrogen Water General: Single Atoms vs Pairs Explained
https://hydrogenstudies.com/blog/how-to-use-hydrogen-water-general-for-organ-protection-a-science-backed-guide-857864,11609,retire,0,0,,0,705,,use-hydrogen-water-general-organ-protection-science-backed,How to Use Hydrogen Water General for Organ Protection: A Science-Backed Guide
https://hydrogenstudies.com/blog/hydrogen-water-general-what-2024-research-shows-for-hearts-868517,11612,retire,0,0,,0,903,hydrogen-water-general,hydrogen-water-general-research-shows-hearts,Hydrogen Water General: What 2024 Research Shows for Hearts
https://hydrogenstudies.com/blog/hydrogen-water-general-can-it-help-during-heart-attacks-892459,11613,retire,0,0,,0,883,hydrogen-water-general,hydrogen-water-general-help-during-heart-attacks,Hydrogen Water General: Can It Help During Heart Attacks?
https://hydrogenstudies.com/blog/hydrogen-water-for-emergencies-your-questions-answered-900787,11614,retire,0,0,,0,877,,hydrogen-water-emergencies-questions-answered,Hydrogen Water for Emergencies: Your Questions Answered
https://hydrogenstudies.com/blog/hydrogen-water-general-what-2024-research-shows-about-stem-cells-976486,11616,retire,0,0,,0,882,hydrogen-water-general,hydrogen-water-general-research-shows-about-stem-cells,Hydrogen Water General: What 2024 Research Shows About Stem Cells
https://hydrogenstudies.com/blog/hydrogen-water-general-does-it-really-protect-your-cells-005815,11617,retire,0,0,,0,890,hydrogen-water-general,hydrogen-water-general-really-protect-cells,Hydrogen Water General: Does It Really Protect Your Cells?
https://hydrogenstudies.com/blog/hydrogen-water-general-can-it-boost-your-bodys-healing-120789,11620,retire,0,0,,0,894,hydrogen-water-general,hydrogen-water-general-boost-bodys-healing,Hydrogen Water General: Can It Boost Your Body's Healing?
https://hydrogenstudies.com/blog/hydrogen-water-and-organ-transplants-what-2024-research-shows-207633,11621,retire,0,0,,0,929,what-20xx-research-shows,hydrogen-water-organ-transplants-research-shows,Hydrogen Water and Organ Transplants: What 2024 Research Shows
https://hydrogenstudies.com/blog/hydrogen-water-for-organ-health-your-questions-answered-242644,11623,retire,0,0,,0,895,,hydrogen-water-organ-health-questions-answered,Hydrogen Water for Organ Health: Your Questions Answered
https://hydrogenstudies.com/blog/hydrogen-water-general-what-2024-research-shows-about-tiny-metal-healers-322761,11625,retire,0,0,,0,842,hydrogen-water-general,hydrogen-water-general-research-shows-about-tiny-metal-healers,Hydrogen Water General: What 2024 Research Shows About Tiny Metal Healers
https://hydrogenstudies.com/blog/hydrogen-water-general-how-metal-hydrides-fight-cancer-355006,11626,retire,0,2,7.5,0,884,hydrogen-water-general,hydrogen-water-general-metal-hydrides-fight-cancer,Hydrogen Water General: How Metal Hydrides Fight Cancer
https://hydrogenstudies.com/blog/hydrogen-water-general-what-2024-research-shows-about-healing-438857,11628,retire,0,6,63.0,0,926,hydrogen-water-general,hydrogen-water-general-research-shows-about-healing,Hydrogen Water General: What 2024 Research Shows About Healing
https://hydrogenstudies.com/blog/hydrogen-water-general-can-it-speed-up-healing-469105,11629,retire,0,0,,0,835,hydrogen-water-general,hydrogen-water-general-speed-up-healing,Hydrogen Water General: Can It Speed Up Healing?
https://hydrogenstudies.com/blog/hydrogen-water-for-anti-aging-your-questions-answered-583203,11632,retire,0,0,,0,907,,hydrogen-water-anti-aging-questions-answered,Hydrogen Water for Anti-Aging: Your Questions Answered
https://hydrogenstudies.com/blog/hydrogen-water-general-how-dissolving-implants-could-change-medicine-665456,11636,retire,0,0,,0,782,hydrogen-water-general,hydrogen-water-general-dissolving-implants-could-change-medicine,Hydrogen Water General: How Dissolving Implants Could Change Medicine
https://hydrogenstudies.com/blog/hydrogen-water-general-can-dissolving-implants-change-medicine-686357,11637,retire,0,0,,0,811,hydrogen-water-general,hydrogen-water-general-dissolving-implants-change-medicine,Hydrogen Water General: Can Dissolving Implants Change Medicine?
https://hydrogenstudies.com/blog/hydrogen-water-general-do-dissolving-implants-really-work-694983,11638,retire,0,0,,0,807,hydrogen-water-general,hydrogen-water-general-dissolving-implants-really-work,Hydrogen Water General: Do Dissolving Implants Really Work?
https://hydrogenstudies.com/blog/hydrogen-water-and-memory-what-2024-research-shows-777803,11642,retire,0,0,,0,849,what-20xx-research-shows,hydrogen-water-memory-research-shows,Hydrogen Water and Memory: What 2024 Research Shows
https://hydrogenstudies.com/blog/hydrogen-water-for-memory-your-questions-answered-799736,11643,retire,0,0,,0,861,,hydrogen-water-memory-questions-answered,Hydrogen Water for Memory: Your Questions Answered
https://hydrogenstudies.com/blog/hydrogen-water-and-stroke-what-2024-research-shows-882682,11646,retire,0,0,,0,902,what-20xx-research-shows,hydrogen-water-stroke-research-shows,Hydrogen Water and Stroke: What 2024 Research Shows
https://hydrogenstudies.com/blog/hydrogen-water-general-brain-protection-after-stroke-faq-911603,11647,retire,0,0,,0,811,hydrogen-water-general,hydrogen-water-general-brain-protection-after-stroke-faq,Hydrogen Water General: Brain Protection After Stroke FAQ
https://hydrogenstudies.com/blog/hydrogen-water-general-how-scientists-study-heart-and-brain-help-992864,11648,retire,0,1,93.0,0,894,hydrogen-water-general,hydrogen-water-general-scientists-study-heart-brain-help,Hydrogen Water General: How Scientists Study Heart and Brain Help
https://hydrogenstudies.com/blog/how-to-use-hydrogen-water-general-info-for-better-brain-health-104827,11651,retire,0,2,36.5,0,683,,use-hydrogen-water-general-info-better-brain-health,How to Use Hydrogen Water General Info for Better Brain Health
https://hydrogenstudies.com/blog/hydrogen-water-general-and-alzheimers-what-2024-research-shows-110153,11652,retire,0,0,,0,850,what-20xx-research-shows,hydrogen-water-general-alzheimers-research-shows,Hydrogen Water General and Alzheimer's: What 2024 Research Shows
https://hydrogenstudies.com/blog/how-to-use-hydrogen-water-for-kids-surgery-safety-a-science-backed-guide-218367,11654,keep,1,47,15.1,0,773,how-to-use,use-hydrogen-water-kids-surgery-safety-science-backed,How to Use Hydrogen Water for Kids' Surgery Safety: A Science-Backed Guide
https://hydrogenstudies.com/blog/hydrogen-water-general-what-2024-research-shows-for-baby-brain-safety-221413,11655,retire,0,0,,0,888,hydrogen-water-general,hydrogen-water-general-research-shows-baby-brain-safety,Hydrogen Water General: What 2024 Research Shows for Baby Brain Safety
https://hydrogenstudies.com/blog/hydrogen-water-general-can-it-protect-baby-brains-253106,11656,retire,0,7,55.9,0,865,hydrogen-water-general,hydrogen-water-general-protect-baby-brains,Hydrogen Water General: Can It Protect Baby Brains?
https://hydrogenstudies.com/blog/hydrogen-water-general-what-2024-brain-surgery-research-shows-332195,11657,retire,0,0,,0,837,hydrogen-water-general,hydrogen-water-general-brain-surgery-research-shows,Hydrogen Water General: What 2024 Brain Surgery Research Shows
https://hydrogenstudies.com/blog/hydrogen-water-general-can-it-help-brain-surgery-recovery-365287,11659,retire,0,0,,0,910,hydrogen-water-general,hydrogen-water-general-help-brain-surgery-recovery,Hydrogen Water General: Can It Help Brain Surgery Recovery?
https://hydrogenstudies.com/blog/hydrogen-water-general-can-it-help-fight-cancer-safely-600596,11668,retire,0,0,,0,902,hydrogen-water-general,hydrogen-water-general-help-fight-cancer-safely,Hydrogen Water General: Can It Help Fight Cancer Safely?
https://hydrogenstudies.com/blog/hydrogen-water-and-hearing-loss-what-2024-research-shows-661318,11670,retire,0,0,,0,997,what-20xx-research-shows,hydrogen-water-hearing-loss-research-shows,Hydrogen Water and Hearing Loss: What 2024 Research Shows
https://hydrogenstudies.com/blog/hydrogen-water-general-smart-cancer-treatment-in-2024-782092,11676,retire,0,0,,0,873,hydrogen-water-general,hydrogen-water-general-smart-cancer-treatment,Hydrogen Water General: Smart Cancer Treatment in 2024
https://hydrogenstudies.com/blog/hydrogen-water-general-can-metal-containers-fight-cancer-814668,11677,retire,0,0,,0,870,hydrogen-water-general,hydrogen-water-general-metal-containers-fight-cancer,Hydrogen Water General: Can Metal Containers Fight Cancer?
https://hydrogenstudies.com/blog/hydrogen-water-general-can-it-really-fight-cancer-cells-926373,11680,retire,0,0,,0,856,hydrogen-water-general,hydrogen-water-general-really-fight-cancer-cells,Hydrogen Water General: Can It Really Fight Cancer Cells?
https://hydrogenstudies.com/blog/hydrogen-water-general-can-gas-molecules-fight-cancer-048219,11683,retire,0,0,,0,914,hydrogen-water-general,hydrogen-water-general-gas-molecules-fight-cancer,Hydrogen Water General: Can Gas Molecules Fight Cancer?
https://hydrogenstudies.com/blog/hydrogen-water-general-can-it-help-heart-attack-recovery-167536,11686,retire,0,0,,0,936,hydrogen-water-general,hydrogen-water-general-help-heart-attack-recovery,Hydrogen Water General: Can It Help Heart Attack Recovery?
https://hydrogenstudies.com/blog/how-to-use-hydrogen-water-for-better-breathing-a-science-guide-249115,11687,retire,0,4,41.0,0,763,how-to-use,use-hydrogen-water-better-breathing-science,How to Use Hydrogen Water for Better Breathing: A Science Guide
https://hydrogenstudies.com/blog/hydrogen-water-for-breathing-your-questions-answered-283066,11689,retire,0,5,75.8,0,861,,hydrogen-water-breathing-questions-answered,Hydrogen Water for Breathing: Your Questions Answered
https://hydrogenstudies.com/blog/how-to-spot-bad-hydrogen-water-general-studies-a-science-guide-449634,11693,retire,0,3,85.7,0,804,,spot-bad-hydrogen-water-general-studies-science,How to Spot Bad Hydrogen Water General Studies: A Science Guide
https://hydrogenstudies.com/blog/hydrogen-water-general-claims-what-2024-research-problems-show-449683,11694,retire,0,0,,0,820,,hydrogen-water-general-claims-research-problems-show,Hydrogen Water General Claims: What 2024 Research Problems Show
https://hydrogenstudies.com/blog/how-to-use-hydrogen-water-general-research-a-science-backed-guide-477983,11695,retire,0,4,71.5,0,657,,use-hydrogen-water-general-research-science-backed,How to Use Hydrogen Water General Research: A Science-Backed Guide
https://hydrogenstudies.com/blog/hydrogen-water-general-heart-study-questions-answered-478880,11696,retire,0,0,,0,880,hydrogen-water-general,hydrogen-water-general-heart-study-questions-answered,Hydrogen Water General: Heart Study Questions Answered
https://hydrogenstudies.com/blog/hydrogen-water-general-safety-what-2024-research-problems-show-482013,11697,retire,0,0,,0,909,,hydrogen-water-general-safety-research-problems-show,Hydrogen Water General Safety: What 2024 Research Problems Show
https://hydrogenstudies.com/blog/hydrogen-water-general-can-it-really-heal-your-gut-940602,11712,retire,0,0,,0,880,hydrogen-water-general,hydrogen-water-general-really-heal-gut,Hydrogen Water General: Can It Really Heal Your Gut?
https://hydrogenstudies.com/blog/hydrogen-water-general-what-2024-research-shows-about-gut-help-028155,11714,retire,0,0,,0,855,hydrogen-water-general,hydrogen-water-general-research-shows-about-gut-help,Hydrogen Water General: What 2024 Research Shows About Gut Help
https://hydrogenstudies.com/blog/hydrogen-water-general-limits-your-questions-answered-060768,11715,retire,0,0,,0,891,,hydrogen-water-general-limits-questions-answered,Hydrogen Water General Limits: Your Questions Answered
https://hydrogenstudies.com/blog/how-to-use-hydrogen-water-for-germ-fighting-a-science-backed-guide-139461,11716,retire,0,0,,0,748,how-to-use,use-hydrogen-water-germ-fighting-science-backed,How to Use Hydrogen Water for Germ-Fighting: A Science-Backed Guide
https://hydrogenstudies.com/blog/hydrogen-water-general-what-2024-research-shows-about-covid-19-142449,11717,retire,0,1,171.0,0,810,hydrogen-water-general,hydrogen-water-general-research-shows-about-covid-19,Hydrogen Water General: What 2024 Research Shows About COVID-19
https://hydrogenstudies.com/blog/hydrogen-water-general-can-it-kill-covid-19-and-germs-173430,11718,retire,0,0,,0,804,hydrogen-water-general,hydrogen-water-general-kill-covid-19-germs,Hydrogen Water General: Can It Kill COVID-19 and Germs?
https://hydrogenstudies.com/blog/hydrogen-water-general-can-it-help-sick-patients-288954,11721,retire,0,7,56.9,0,881,hydrogen-water-general,hydrogen-water-general-help-sick-patients,Hydrogen Water General: Can It Help Sick Patients?
https://hydrogenstudies.com/blog/hydrogen-water-for-hearing-loss-your-questions-answered-386134,11726,retire,0,0,,0,893,,hydrogen-water-hearing-loss-questions-answered,Hydrogen Water for Hearing Loss: Your Questions Answered
https://hydrogenstudies.com/blog/how-to-use-hydrogen-water-for-general-health-a-science-backed-guide-470903,11729,retire,0,4,11.0,0,821,how-to-use,use-hydrogen-water-general-health-science-backed,How to Use Hydrogen Water for General Health: A Science-Backed Guide
https://hydrogenstudies.com/blog/hydrogen-water-general-your-cancer-and-brain-health-questions-answered-501540,11732,retire,0,0,,0,825,hydrogen-water-general,hydrogen-water-general-cancer-brain-health-questions-answered,Hydrogen Water General: Your Cancer and Brain Health Questions Answered
https://hydrogenstudies.com/blog/hydrogen-water-for-health-your-general-questions-answered-517187,11733,retire,0,53,10.6,0,811,,hydrogen-water-health-general-questions-answered,Hydrogen Water for Health: Your General Questions Answered
https://hydrogenstudies.com/blog/hydrogen-water-general-tiny-metal-particles-may-boost-healing-700787,11738,retire,0,0,,0,865,hydrogen-water-general,hydrogen-water-general-tiny-metal-particles-may-boost-healing,Hydrogen Water General: Tiny Metal Particles May Boost Healing
https://hydrogenstudies.com/blog/hydrogen-water-general-metal-particles-vs-drinking-faq-742895,11739,retire,0,0,,0,829,hydrogen-water-general,hydrogen-water-general-metal-particles-drinking-faq,Hydrogen Water General: Metal Particles vs Drinking - FAQ
https://hydrogenstudies.com/blog/hydrogen-water-general-new-ways-to-fight-cancer-in-2024-826313,11741,retire,0,0,,0,864,hydrogen-water-general,hydrogen-water-general-ways-fight-cancer,Hydrogen Water General: New Ways to Fight Cancer in 2024
https://hydrogenstudies.com/blog/hydrogen-water-general-new-delivery-methods-explained-854609,11742,retire,0,0,,0,833,hydrogen-water-general,hydrogen-water-general-delivery-methods,Hydrogen Water General: New Delivery Methods Explained
https://hydrogenstudies.com/blog/hydrogen-water-general-what-2024-research-shows-about-living-factories-939191,11744,retire,0,0,,0,991,hydrogen-water-general,hydrogen-water-general-research-shows-about-living-factories,Hydrogen Water General: What 2024 Research Shows About Living Factories
https://hydrogenstudies.com/blog/hydrogen-water-general-living-bacteria-make-healing-gas-971266,11745,retire,0,0,,0,919,hydrogen-water-general,hydrogen-water-general-living-bacteria-make-healing-gas,Hydrogen Water General: Living Bacteria Make Healing Gas
https://hydrogenstudies.com/blog/how-to-use-hydrogen-water-for-better-immunity-a-science-guide-050289,11746,retire,0,0,,0,732,how-to-use,use-hydrogen-water-better-immunity-science,How to Use Hydrogen Water for Better Immunity: A Science Guide
https://hydrogenstudies.com/blog/hydrogen-water-general-how-cell-maps-fight-disease-in-2024-247820,11753,retire,0,0,,0,857,hydrogen-water-general,hydrogen-water-general-cell-maps-fight-disease,Hydrogen Water General: How Cell Maps Fight Disease in 2024
https://hydrogenstudies.com/blog/hydrogen-water-general-your-cell-energy-questions-answered-276661,11755,retire,0,0,,0,842,hydrogen-water-general,hydrogen-water-general-cell-energy-questions-answered,Hydrogen Water General: Your Cell Energy Questions Answered
https://hydrogenstudies.com/blog/hydrogen-water-general-what-2024-research-shows-about-cell-power-277616,11756,retire,0,0,,0,995,hydrogen-water-general,hydrogen-water-general-research-shows-about-cell-power,Hydrogen Water General: What 2024 Research Shows About Cell Power
https://hydrogenstudies.com/blog/hydrogen-water-general-what-2024-plant-research-shows-358027,11758,retire,0,0,,0,921,hydrogen-water-general,hydrogen-water-general-plant-research-shows,Hydrogen Water General: What 2024 Plant Research Shows
https://hydrogenstudies.com/blog/how-to-use-hydrogen-water-for-natural-allergy-relief-a-science-backed-guide-362264,11759,retire,0,11,56.6,0,843,how-to-use,use-hydrogen-water-natural-allergy-relief-science-backed,How to Use Hydrogen Water for Natural Allergy Relief: A Science-Backed Guide
https://hydrogenstudies.com/blog/hydrogen-water-general-plant-rinses-beat-allergy-meds-in-2024-362521,11760,retire,0,0,,0,912,hydrogen-water-general,hydrogen-water-general-plant-rinses-beat-allergy-meds,Hydrogen Water General: Plant Rinses Beat Allergy Meds in 2024
https://hydrogenstudies.com/blog/hydrogen-water-general-your-stuffy-nose-questions-answered-389364,11761,retire,0,0,,0,909,hydrogen-water-general,hydrogen-water-general-stuffy-nose-questions-answered,Hydrogen Water General: Your Stuffy Nose Questions Answered
https://hydrogenstudies.com/blog/hydrogen-water-general-which-nasal-rinse-works-best-393323,11762,retire,0,0,,0,831,hydrogen-water-general,hydrogen-water-general-which-nasal-rinse-works-best,Hydrogen Water General: Which Nasal Rinse Works Best?
https://hydrogenstudies.com/blog/hydrogen-water-for-weight-loss-your-questions-answered-501455,11765,retire,0,21,37.8,0,835,,hydrogen-water-weight-loss-questions-answered,Hydrogen Water for Weight Loss: Your Questions Answered
https://hydrogenstudies.com/blog/how-to-use-hydrogen-water-for-better-teeth-a-science-backed-guide-582164,11766,retire,0,0,,0,811,how-to-use,use-hydrogen-water-better-teeth-science-backed,How to Use Hydrogen Water for Better Teeth: A Science-Backed Guide
https://hydrogenstudies.com/blog/hydrogen-water-for-gum-health-your-questions-answered-615098,11768,retire,0,0,,0,857,,hydrogen-water-gum-health-questions-answered,Hydrogen Water for Gum Health: Your Questions Answered
https://hydrogenstudies.com/blog/hydrogen-water-and-cell-death-what-2024-research-shows-054126,11779,retire,0,0,,0,885,what-20xx-research-shows,hydrogen-water-cell-death-research-shows,Hydrogen Water and Cell Death: What 2024 Research Shows
https://hydrogenstudies.com/blog/how-to-use-hydrogen-water-for-natural-healing-a-science-backed-guide-164987,11783,retire,0,26,45.3,0,773,how-to-use,use-hydrogen-water-natural-healing-science-backed,How to Use Hydrogen Water for Natural Healing: A Science-Backed Guide
https://hydrogenstudies.com/blog/hydrogen-water-general-health-your-questions-answered-180766,11785,keep,0,262,33.1,0,854,,hydrogen-water-general-health-questions-answered,Hydrogen Water General Health: Your Questions Answered
https://hydrogenstudies.com/blog/hydrogen-water-and-womens-health-what-2024-research-shows-369253,11793,retire,0,0,,0,881,what-20xx-research-shows,hydrogen-water-womens-health-research-shows,Hydrogen Water and Women's Health: What 2024 Research Shows
https://hydrogenstudies.com/blog/how-to-use-hydrogen-water-for-hormone-balance-a-science-backed-guide-369901,11794,retire,0,0,,0,829,how-to-use,use-hydrogen-water-hormone-balance-science-backed,How to Use Hydrogen Water for Hormone Balance: A Science-Backed Guide
https://hydrogenstudies.com/blog/hydrogen-water-general-how-it-helps-womens-health-issues-401740,11795,retire,0,0,,0,885,hydrogen-water-general,hydrogen-water-general-helps-womens-health-issues,Hydrogen Water General: How It Helps Women's Health Issues
https://hydrogenstudies.com/blog/how-to-use-hydrogen-water-for-better-fertility-a-science-guide-484447,11797,retire,0,0,,0,777,how-to-use,use-hydrogen-water-better-fertility-science,How to Use Hydrogen Water for Better Fertility: A Science Guide
https://hydrogenstudies.com/blog/how-to-use-hydrogen-water-general-info-what-brain-studies-really-show-592273,11799,retire,0,0,,0,660,,use-hydrogen-water-general-info-brain-studies-really-show,How to Use Hydrogen Water General Info: What Brain Studies Really Show
https://hydrogenstudies.com/blog/hydrogen-water-general-what-2024-research-shows-about-bad-studies-600443,11800,retire,0,0,,0,920,hydrogen-water-general,hydrogen-water-general-research-shows-about-bad-studies,Hydrogen Water General: What 2024 Research Shows About Bad Studies
https://hydrogenstudies.com/blog/how-to-use-hydrogen-water-for-glowing-skin-a-science-backed-guide-833097,11805,retire,0,32,45.9,0,739,how-to-use,use-hydrogen-water-glowing-skin-science-backed,How to Use Hydrogen Water for Glowing Skin: A Science-Backed Guide
https://hydrogenstudies.com/blog/hydrogen-water-general-what-2024-science-shows-for-skin-836884,11806,retire,0,1,67.0,0,856,hydrogen-water-general,hydrogen-water-general-science-shows-skin,Hydrogen Water General: What 2024 Science Shows for Skin
https://hydrogenstudies.com/blog/hydrogen-water-general-what-2024-research-shows-for-pain-951790,11809,retire,0,1,6.0,0,951,hydrogen-water-general,hydrogen-water-general-research-shows-pain,Hydrogen Water General: What 2024 Research Shows for Pain
https://hydrogenstudies.com/blog/hydrogen-water-general-your-joint-pain-questions-answered-983368,11810,retire,0,18,36.2,0,895,hydrogen-water-general,hydrogen-water-general-joint-pain-questions-answered,Hydrogen Water General: Your Joint Pain Questions Answered
https://hydrogenstudies.com/blog/hydrogen-water-and-joint-pain-what-2024-research-shows-070721,11814,retire,0,0,,0,939,what-20xx-research-shows,hydrogen-water-joint-pain-research-shows,Hydrogen Water and Joint Pain: What 2024 Research Shows
https://hydrogenstudies.com/blog/hydrogen-water-general-can-it-help-arthritis-pain-088180,11815,retire,0,21,13.3,0,926,hydrogen-water-general,hydrogen-water-general-help-arthritis-pain,Hydrogen Water General: Can It Help Arthritis Pain?
https://hydrogenstudies.com/blog/hydrogen-water-for-joint-pain-your-questions-answered-100474,11816,retire,0,5,49.8,0,890,,hydrogen-water-joint-pain-questions-answered,Hydrogen Water for Joint Pain: Your Questions Answered
https://hydrogenstudies.com/blog/hydrogen-water-general-can-it-help-brain-injury-recovery-214293,11822,retire,0,0,,0,872,hydrogen-water-general,hydrogen-water-general-help-brain-injury-recovery,Hydrogen Water General: Can It Help Brain Injury Recovery?
https://hydrogenstudies.com/blog/hydrogen-water-general-brain-protection-questions-answered-326849,11825,retire,0,0,,0,896,hydrogen-water-general,hydrogen-water-general-brain-protection-questions-answered,Hydrogen Water General: Brain Protection Questions Answered
https://hydrogenstudies.com/blog/how-to-use-hydrogen-water-for-back-pain-a-science-backed-guide-411976,11826,retire,0,3,7.7,0,755,how-to-use,use-hydrogen-water-back-pain-science-backed,How to Use Hydrogen Water for Back Pain: A Science-Backed Guide
https://hydrogenstudies.com/blog/hydrogen-water-general-what-2024-research-shows-for-back-pain-414020,11827,retire,0,0,,0,849,hydrogen-water-general,hydrogen-water-general-research-shows-back-pain,Hydrogen Water General: What 2024 Research Shows for Back Pain
https://hydrogenstudies.com/blog/hydrogen-water-general-could-it-replace-back-surgery-445333,11828,retire,0,2,78.0,0,829,hydrogen-water-general,hydrogen-water-general-could-replace-back-surgery,Hydrogen Water General: Could It Replace Back Surgery?
https://hydrogenstudies.com/blog/hydrogen-water-general-research-what-2010-study-problems-mean-531345,11830,retire,0,0,,0,946,,hydrogen-water-general-research-study-problems-mean,Hydrogen Water General Research: What 2010 Study Problems Mean
https://hydrogenstudies.com/blog/hydrogen-water-general-bad-studies-and-what-they-mean-559658,11831,retire,0,0,,0,826,hydrogen-water-general,hydrogen-water-general-bad-studies-they-mean,Hydrogen Water General: Bad Studies and What They Mean
https://hydrogenstudies.com/blog/how-to-spot-bad-hydrogen-water-general-research-a-guide-641400,11832,retire,0,0,,0,714,,spot-bad-hydrogen-water-general-research,How to Spot Bad Hydrogen Water General Research: A Guide
https://hydrogenstudies.com/blog/hydrogen-water-general-can-it-really-help-your-brain-686674,11834,retire,0,0,,0,800,hydrogen-water-general,hydrogen-water-general-really-help-brain,Hydrogen Water General: Can It Really Help Your Brain?
https://hydrogenstudies.com/blog/hydrogen-water-general-safety-what-2011-brain-study-shows-771357,11835,retire,0,0,,0,868,,hydrogen-water-general-safety-brain-study-shows,Hydrogen Water General Safety: What 2011 Brain Study Shows
https://hydrogenstudies.com/blog/how-to-spot-good-hydrogen-water-general-research-avoid-bad-studies-770914,11836,retire,0,13,55.0,0,773,,spot-good-hydrogen-water-general-research-avoid-bad-studies,How to Spot Good Hydrogen Water General Research: Avoid Bad Studies
https://hydrogenstudies.com/blog/hydrogen-water-general-research-study-problems-explained-800848,11837,retire,0,0,,0,773,,hydrogen-water-general-research-study-problems,Hydrogen Water General Research: Study Problems Explained
https://hydrogenstudies.com/blog/hydrogen-water-and-extreme-tiredness-what-2024-research-shows-885605,11838,retire,0,0,,0,965,what-20xx-research-shows,hydrogen-water-extreme-tiredness-research-shows,Hydrogen Water and Extreme Tiredness: What 2024 Research Shows
https://hydrogenstudies.com/blog/how-to-use-hydrogen-water-for-chronic-fatigue-a-science-backed-guide-887058,11839,retire,0,0,,0,870,how-to-use,use-hydrogen-water-chronic-fatigue-science-backed,How to Use Hydrogen Water for Chronic Fatigue: A Science-Backed Guide
https://hydrogenstudies.com/blog/hydrogen-water-for-mecfs-your-questions-answered-918363,11841,retire,0,0,,0,893,,hydrogen-water-me-cfs-questions-answered,Hydrogen Water for ME/CFS: Your Questions Answered
https://hydrogenstudies.com/blog/how-to-use-hydrogen-water-for-immune-support-a-science-backed-guide-997606,11844,retire,0,1,90.0,0,801,how-to-use,use-hydrogen-water-immune-support-science-backed,How to Use Hydrogen Water for Immune Support: A Science-Backed Guide
https://hydrogenstudies.com/blog/hydrogen-water-general-health-what-2024-lung-research-shows-094694,11848,retire,0,0,,0,886,,hydrogen-water-general-health-lung-research-shows,Hydrogen Water General Health: What 2024 Lung Research Shows
https://hydrogenstudies.com/blog/hydrogen-water-for-lungs-your-questions-answered-125847,11852,retire,0,0,,0,886,,hydrogen-water-lungs-questions-answered,Hydrogen Water for Lungs: Your Questions Answered
https://hydrogenstudies.com/blog/hydrogen-water-general-can-it-save-baby-hearts-244167,11856,retire,0,0,,0,803,hydrogen-water-general,hydrogen-water-general-save-baby-hearts,Hydrogen Water General: Can It Save Baby Hearts?
https://hydrogenstudies.com/blog/how-to-use-hydrogen-water-general-safety-a-science-backed-guide-323235,11857,retire,0,8,7.8,0,675,,use-hydrogen-water-general-safety-science-backed,How to Use Hydrogen Water General Safety: A Science-Backed Guide
https://hydrogenstudies.com/blog/how-to-use-hydrogen-water-general-facts-a-science-backed-guide-433854,11860,retire,0,0,,0,824,,use-hydrogen-water-general-facts-science-backed,How to Use Hydrogen Water General Facts: A Science-Backed Guide
https://hydrogenstudies.com/blog/hydrogen-water-general-what-bad-studies-mean-for-you-463535,11862,retire,0,0,,0,827,hydrogen-water-general,hydrogen-water-general-bad-studies-mean,Hydrogen Water General: What Bad Studies Mean for You
https://hydrogenstudies.com/blog/how-to-use-hydrogen-water-for-kids-constipation-a-science-guide-545983,11863,retire,0,0,,0,784,how-to-use,use-hydrogen-water-kids-constipation-science,How to Use Hydrogen Water for Kids' Constipation: A Science Guide
https://hydrogenstudies.com/blog/hydrogen-water-general-what-2024-gut-gas-research-shows-546989,11864,retire,0,0,,0,860,hydrogen-water-general,hydrogen-water-general-gut-gas-research-shows,Hydrogen Water General: What 2024 Gut Gas Research Shows
https://hydrogenstudies.com/blog/hydrogen-water-for-kids-tummy-troubles-your-questions-answered-574134,11865,retire,0,0,,0,786,,hydrogen-water-kids-tummy-troubles-questions-answered,Hydrogen Water for Kids' Tummy Troubles: Your Questions Answered
https://hydrogenstudies.com/blog/hydrogen-water-general-what-2024-research-shows-for-pancreas-health-661804,11867,retire,0,0,,0,1007,hydrogen-water-general,hydrogen-water-general-research-shows-pancreas-health,Hydrogen Water General: What 2024 Research Shows for Pancreas Health
https://hydrogenstudies.com/blog/hydrogen-water-general-health-your-pancreas-questions-answered-692362,11868,retire,0,0,,0,890,,hydrogen-water-general-health-pancreas-questions-answered,Hydrogen Water General Health: Your Pancreas Questions Answered
https://hydrogenstudies.com/blog/hydrogen-water-general-how-gut-bacteria-clean-cell-energy-in-2024-777333,11870,retire,0,0,,0,845,hydrogen-water-general,hydrogen-water-general-gut-bacteria-clean-cell-energy,Hydrogen Water General: How Gut Bacteria Clean Cell Energy in 2024
https://hydrogenstudies.com/blog/hydrogen-water-general-can-it-boost-your-gut-health-809419,11871,retire,0,0,,0,817,hydrogen-water-general,hydrogen-water-general-boost-gut-health,Hydrogen Water General: Can It Boost Your Gut Health?
https://hydrogenstudies.com/blog/hydrogen-water-general-how-asian-doctors-use-breath-tests-849488,11873,retire,0,0,,0,915,hydrogen-water-general,hydrogen-water-general-asian-doctors-use-breath-tests,Hydrogen Water General: How Asian Doctors Use Breath Tests
https://hydrogenstudies.com/blog/hydrogen-water-general-breath-tests-for-gut-health-faq-875890,11874,retire,0,0,,0,695,hydrogen-water-general,hydrogen-water-general-breath-tests-gut-health-faq,Hydrogen Water General: Breath Tests for Gut Health FAQ
https://hydrogenstudies.com/blog/hydrogen-water-general-health-your-breath-test-questions-891018,11875,retire,0,0,,0,760,,hydrogen-water-general-health-breath-test-questions,Hydrogen Water General Health: Your Breath Test Questions
https://hydrogenstudies.com/blog/how-to-use-hydrogen-water-for-better-hearing-a-science-backed-guide-971607,11878,retire,0,0,,0,783,how-to-use,use-hydrogen-water-better-hearing-science-backed,How to Use Hydrogen Water for Better Hearing: A Science-Backed Guide
https://hydrogenstudies.com/blog/hydrogen-water-for-hearing-your-questions-answered-987306,11880,retire,0,3,10.0,0,862,,hydrogen-water-hearing-questions-answered,Hydrogen Water for Hearing: Your Questions Answered
https://hydrogenstudies.com/blog/how-to-use-hydrogen-water-general-safety-avoid-dangerous-doses-068105,11882,retire,0,14,34.2,0,763,,use-hydrogen-water-general-safety-avoid-dangerous-doses,How to Use Hydrogen Water General Safety: Avoid Dangerous Doses
https://hydrogenstudies.com/blog/hydrogen-water-general-safety-can-inhalers-explode-098553,11884,retire,0,0,,0,838,,hydrogen-water-general-safety-inhalers-explode,Hydrogen Water General Safety: Can Inhalers Explode?
https://hydrogenstudies.com/blog/hydrogen-water-general-your-dosage-questions-answered-218418,11887,retire,0,0,,0,892,hydrogen-water-general,hydrogen-water-general-dosage-questions-answered,Hydrogen Water General: Your Dosage Questions Answered
https://hydrogenstudies.com/blog/hydrogen-water-general-what-2024-research-shows-about-cell-energy-530057,11895,retire,0,0,,0,928,hydrogen-water-general,hydrogen-water-general-research-shows-about-cell-energy,Hydrogen Water General: What 2024 Research Shows About Cell Energy
https://hydrogenstudies.com/blog/how-to-use-hydrogen-water-for-better-energy-a-science-backed-guide-640792,11897,retire,0,14,41.0,0,707,how-to-use,use-hydrogen-water-better-energy-science-backed,How to Use Hydrogen Water for Better Energy: A Science-Backed Guide
https://hydrogenstudies.com/blog/hydrogen-water-general-what-2024-research-shows-about-cells-643849,11898,retire,0,0,,0,918,hydrogen-water-general,hydrogen-water-general-research-shows-about-cells,Hydrogen Water General: What 2024 Research Shows About Cells
https://hydrogenstudies.com/blog/hydrogen-water-general-how-does-it-really-work-in-your-body-677301,11899,retire,0,10,76.8,0,924,hydrogen-water-general,hydrogen-water-general-really-work-body,Hydrogen Water General: How Does It Really Work in Your Body?
https://hydrogenstudies.com/blog/hydrogen-water-general-what-2024-research-shows-for-dental-health-752352,11901,retire,0,0,,0,836,hydrogen-water-general,hydrogen-water-general-research-shows-dental-health,Hydrogen Water General: What 2024 Research Shows for Dental Health
https://hydrogenstudies.com/blog/how-to-use-hydrogen-water-for-better-teeth-a-science-guide-762693,11902,retire,0,0,,0,722,how-to-use,use-hydrogen-water-better-teeth-science,How to Use Hydrogen Water for Better Teeth: A Science Guide
https://hydrogenstudies.com/blog/hydrogen-water-general-what-2024-research-shows-for-teeth-767294,11903,retire,0,0,,0,839,hydrogen-water-general,hydrogen-water-general-research-shows-teeth,Hydrogen Water General: What 2024 Research Shows for Teeth
https://hydrogenstudies.com/blog/hydrogen-water-general-can-it-fix-your-dental-problems-782642,11904,retire,0,0,,0,892,hydrogen-water-general,hydrogen-water-general-fix-dental-problems,Hydrogen Water General: Can It Fix Your Dental Problems?
https://hydrogenstudies.com/blog/hydrogen-water-general-can-it-fight-gum-disease-797085,11905,retire,0,0,,0,876,hydrogen-water-general,hydrogen-water-general-fight-gum-disease,Hydrogen Water General: Can It Fight Gum Disease?
https://hydrogenstudies.com/blog/how-to-use-hydrogen-water-for-fighting-tough-germs-a-guide-982515,11912,retire,0,0,,0,759,how-to-use,use-hydrogen-water-fighting-tough-germs,How to Use Hydrogen Water for Fighting Tough Germs: A Guide
https://hydrogenstudies.com/blog/hydrogen-water-general-how-it-breaks-bacterial-films-in-2024-986601,11913,retire,0,0,,0,931,hydrogen-water-general,hydrogen-water-general-breaks-bacterial-films,Hydrogen Water General: How It Breaks Bacterial Films in 2024
https://hydrogenstudies.com/blog/hydrogen-water-general-can-it-fight-bacterial-infections-023603,11914,retire,0,2,23.0,0,955,hydrogen-water-general,hydrogen-water-general-fight-bacterial-infections,Hydrogen Water General: Can It Fight Bacterial Infections?
https://hydrogenstudies.com/blog/hydrogen-water-and-deadly-infections-what-2024-research-shows-108542,11916,retire,0,0,,0,974,what-20xx-research-shows,hydrogen-water-deadly-infections-research-shows,Hydrogen Water and Deadly Infections: What 2024 Research Shows
https://hydrogenstudies.com/blog/hydrogen-water-general-health-your-sepsis-questions-answered-140620,11917,retire,0,1,9.0,0,852,,hydrogen-water-general-health-sepsis-questions-answered,Hydrogen Water General Health: Your Sepsis Questions Answered
https://hydrogenstudies.com/blog/hydrogen-water-and-skin-protection-what-2024-research-shows-333634,11922,retire,0,0,,0,861,what-20xx-research-shows,hydrogen-water-skin-protection-research-shows,Hydrogen Water and Skin Protection: What 2024 Research Shows
https://hydrogenstudies.com/blog/hydrogen-water-general-can-it-protect-your-skin-from-aging-366221,11923,retire,0,0,,0,899,hydrogen-water-general,hydrogen-water-general-protect-skin-aging,Hydrogen Water General: Can It Protect Your Skin From Aging?
https://hydrogenstudies.com/blog/hydrogen-water-and-sleep-what-2024-research-shows-447754,11924,retire,0,30,48.6,0,881,what-20xx-research-shows,hydrogen-water-sleep-research-shows,Hydrogen Water and Sleep: What 2024 Research Shows
https://hydrogenstudies.com/blog/hydrogen-water-for-better-sleep-your-questions-answered-477895,11926,retire,0,0,,0,838,,hydrogen-water-better-sleep-questions-answered,Hydrogen Water for Better Sleep: Your Questions Answered
https://hydrogenstudies.com/blog/how-to-use-hydrogen-water-for-bone-health-a-science-backed-guide-562639,11927,retire,0,0,,0,822,how-to-use,use-hydrogen-water-bone-health-science-backed,How to Use Hydrogen Water for Bone Health: A Science-Backed Guide
https://hydrogenstudies.com/blog/hydrogen-water-and-bone-healing-what-2024-research-shows-567947,11928,retire,0,0,,0,993,what-20xx-research-shows,hydrogen-water-bone-healing-research-shows,Hydrogen Water and Bone Healing: What 2024 Research Shows
https://hydrogenstudies.com/blog/hydrogen-water-general-how-does-hydrogen-help-your-body-heal-600384,11929,retire,0,0,,0,880,hydrogen-water-general,hydrogen-water-general-hydrogen-help-body-heal,Hydrogen Water General: How Does Hydrogen Help Your Body Heal?
https://hydrogenstudies.com/blog/how-to-use-hydrogen-water-for-scar-care-a-science-backed-guide-644233,11930,retire,0,18,18.6,0,778,how-to-use,use-hydrogen-water-scar-care-science-backed,How to Use Hydrogen Water for Scar Care: A Science-Backed Guide
https://hydrogenstudies.com/blog/hydrogen-water-and-keloid-scars-what-2024-research-shows-647842,11931,retire,0,65,11.0,0,864,what-20xx-research-shows,hydrogen-water-keloid-scars-research-shows,Hydrogen Water and Keloid Scars: What 2024 Research Shows
https://hydrogenstudies.com/blog/hydrogen-water-for-scars-your-questions-answered-680997,11933,retire,0,28,15.2,0,827,,hydrogen-water-scars-questions-answered,Hydrogen Water for Scars: Your Questions Answered
https://hydrogenstudies.com/blog/how-to-use-hydrogen-water-for-daily-health-a-science-backed-guide-760345,11935,retire,0,23,69.7,0,686,how-to-use,use-hydrogen-water-daily-health-science-backed,How to Use Hydrogen Water for Daily Health: A Science-Backed Guide
https://hydrogenstudies.com/blog/hydrogen-water-general-safety-what-2024-research-shows-765760,11937,retire,0,54,30.0,0,892,what-20xx-research-shows,hydrogen-water-general-safety-research-shows,Hydrogen Water General Safety: What 2024 Research Shows
https://hydrogenstudies.com/blog/hydrogen-water-general-safety-your-questions-answered-795029,11939,retire,0,87,31.6,0,781,,hydrogen-water-general-safety-questions-answered,Hydrogen Water General Safety: Your Questions Answered
https://hydrogenstudies.com/blog/hydrogen-water-general-what-2024-research-shows-about-climate-878626,11940,retire,0,3,53.0,0,748,hydrogen-water-general,hydrogen-water-general-research-shows-about-climate,Hydrogen Water General: What 2024 Research Shows About Climate
https://hydrogenstudies.com/blog/how-to-use-hydrogen-water-for-health-a-science-backed-guide-881334,11941,retire,0,3,58.0,0,826,how-to-use,use-hydrogen-water-health-science-backed,How to Use Hydrogen Water for Health: A Science-Backed Guide
https://hydrogenstudies.com/blog/hydrogen-water-general-climate-safety-questions-answered-911856,11942,retire,0,1,76.0,0,806,hydrogen-water-general,hydrogen-water-general-climate-safety-questions-answered,Hydrogen Water General: Climate Safety Questions Answered
https://hydrogenstudies.com/blog/hydrogen-water-health-benefits-what-2024-research-shows-for-gut-health-956761,11944,retire,0,0,,0,922,,hydrogen-water-health-benefits-research-shows-gut-health,Hydrogen Water Health Benefits: What 2024 Research Shows for Gut Health
https://hydrogenstudies.com/blog/hydrogen-water-health-benefits-can-it-fight-bad-bacteria-986677,11945,retire,0,0,,0,815,,hydrogen-water-health-benefits-fight-bad-bacteria,Hydrogen Water Health Benefits: Can It Fight Bad Bacteria?
https://hydrogenstudies.com/blog/how-to-use-hydrogen-therapy-hearing-health-for-noise-protection-196875,11949,retire,0,0,,0,796,,use-hydrogen-therapy-hearing-health-noise-protection,How to Use Hydrogen Therapy Hearing Health for Noise Protection
https://hydrogenstudies.com/blog/hydrogen-water-and-hearing-what-2024-research-shows-199633,11950,retire,0,0,,0,953,what-20xx-research-shows,hydrogen-water-hearing-research-shows,Hydrogen Water and Hearing: What 2024 Research Shows
https://hydrogenstudies.com/blog/how-to-use-hydrogen-water-health-benefits-for-better-energy-a-science-backed-guide-312827,11952,retire,0,31,48.4,0,791,,use-hydrogen-water-health-benefits-better-energy-science-backed,How to Use Hydrogen Water Health Benefits for Better Energy: A Science-Backed Guide
https://hydrogenstudies.com/blog/hydrogen-water-health-benefits-your-hydration-questions-answered-346549,11954,retire,0,2,72.5,0,859,,hydrogen-water-health-benefits-hydration-questions-answered,Hydrogen Water Health Benefits: Your Hydration Questions Answered
https://hydrogenstudies.com/blog/how-to-use-hydrogen-water-for-faster-bone-healing-a-science-backed-guide-436829,11956,retire,0,0,,0,873,how-to-use,use-hydrogen-water-faster-bone-healing-science-backed,How to Use Hydrogen Water for Faster Bone Healing: A Science-Backed Guide
https://hydrogenstudies.com/blog/hydrogen-therapy-bone-health-can-it-help-fractures-heal-470892,11957,retire,0,0,,0,835,,hydrogen-therapy-bone-health-help-fractures-heal,Hydrogen Therapy Bone Health: Can It Help Fractures Heal?
https://hydrogenstudies.com/blog/how-to-use-hydrogen-water-for-better-gut-health-a-science-backed-guide-561442,11958,retire,0,0,,0,856,how-to-use,use-hydrogen-water-better-gut-health-science-backed,How to Use Hydrogen Water for Better Gut Health: A Science-Backed Guide
https://hydrogenstudies.com/blog/hydrogen-water-health-benefits-how-tiny-robots-help-vaccines-work-560678,11959,retire,0,0,,0,890,,hydrogen-water-health-benefits-tiny-robots-help-vaccines-work,Hydrogen Water Health Benefits: How Tiny Robots Help Vaccines Work
https://hydrogenstudies.com/blog/hydrogen-water-health-benefits-tiny-robots-in-your-body-594653,11960,retire,0,0,,0,855,,hydrogen-water-health-benefits-tiny-robots-body,Hydrogen Water Health Benefits: Tiny Robots in Your Body?
https://hydrogenstudies.com/blog/how-to-use-hydrogen-water-for-allergy-eyes-a-science-guide-681574,11961,retire,0,0,,0,780,how-to-use,use-hydrogen-water-allergy-eyes-science,How to Use Hydrogen Water for Allergy Eyes: A Science Guide
https://hydrogenstudies.com/blog/hydrogen-water-and-eye-allergies-what-2024-research-shows-683339,11962,retire,0,0,,0,905,what-20xx-research-shows,hydrogen-water-eye-allergies-research-shows,Hydrogen Water and Eye Allergies: What 2024 Research Shows
https://hydrogenstudies.com/blog/hydrogen-water-eye-health-can-it-stop-itchy-eyes-715976,11963,retire,0,0,,0,870,,hydrogen-water-eye-health-stop-itchy-eyes,Hydrogen Water Eye Health: Can It Stop Itchy Eyes?
https://hydrogenstudies.com/blog/hydrogen-water-heart-health-can-it-save-lives-836503,11968,retire,0,0,,0,817,,hydrogen-water-heart-health-save-lives,Hydrogen Water Heart Health: Can It Save Lives?
https://hydrogenstudies.com/blog/how-to-use-hydrogen-water-for-heavy-metal-protection-a-science-backed-guide-930578,11970,retire,0,0,,0,895,how-to-use,use-hydrogen-water-heavy-metal-protection-science-backed,How to Use Hydrogen Water for Heavy Metal Protection: A Science-Backed Guide
https://hydrogenstudies.com/blog/hydrogen-water-and-lead-poisoning-what-2024-research-shows-932915,11971,retire,0,0,,0,911,what-20xx-research-shows,hydrogen-water-lead-poisoning-research-shows,Hydrogen Water and Lead Poisoning: What 2024 Research Shows
https://hydrogenstudies.com/blog/hydrogen-water-health-benefits-lead-protection-faq-963394,11972,retire,0,0,,0,869,,hydrogen-water-health-benefits-lead-protection-faq,Hydrogen Water Health Benefits: Lead Protection FAQ
https://hydrogenstudies.com/blog/hydrogen-water-heart-health-what-2024-research-shows-about-gut-protection-047804,11974,retire,0,0,,0,866,,hydrogen-water-heart-health-research-shows-about-gut-protection,Hydrogen Water Heart Health: What 2024 Research Shows About Gut Protection
https://hydrogenstudies.com/blog/how-to-use-hydrogen-water-for-bladder-health-a-science-backed-guide-174258,11977,retire,0,0,,0,881,how-to-use,use-hydrogen-water-bladder-health-science-backed,How to Use Hydrogen Water for Bladder Health: A Science-Backed Guide
https://hydrogenstudies.com/blog/hydrogen-water-bladder-robots-what-2024-research-shows-174914,11978,retire,0,0,,0,965,what-20xx-research-shows,hydrogen-water-bladder-robots-research-shows,Hydrogen Water Bladder Robots: What 2024 Research Shows
https://hydrogenstudies.com/blog/hydrogen-water-bladder-cancer-your-questions-answered-210702,11979,retire,0,0,,0,955,,hydrogen-water-bladder-cancer-questions-answered,Hydrogen Water Bladder Cancer: Your Questions Answered
https://hydrogenstudies.com/blog/hydrogen-water-general-and-stroke-what-2024-research-shows-299916,11981,retire,0,0,,0,988,what-20xx-research-shows,hydrogen-water-general-stroke-research-shows,Hydrogen Water General and Stroke: What 2024 Research Shows
https://hydrogenstudies.com/blog/hydrogen-water-general-your-brain-stroke-questions-answered-330748,11982,retire,0,0,,0,906,hydrogen-water-general,hydrogen-water-general-brain-stroke-questions-answered,Hydrogen Water General: Your Brain Stroke Questions Answered
https://hydrogenstudies.com/blog/hydrogen-water-general-can-it-help-copd-breathing-445204,11985,retire,0,2,83.5,0,803,hydrogen-water-general,hydrogen-water-general-help-copd-breathing,Hydrogen Water General: Can It Help COPD Breathing?
https://hydrogenstudies.com/blog/hydrogen-water-general-smart-bandages-speed-diabetic-healing-532543,11987,retire,0,0,,0,880,hydrogen-water-general,hydrogen-water-general-smart-bandages-speed-diabetic-healing,Hydrogen Water General: Smart Bandages Speed Diabetic Healing
https://hydrogenstudies.com/blog/hydrogen-water-general-can-it-help-wounds-heal-faster-565893,11988,retire,0,0,,0,887,hydrogen-water-general,hydrogen-water-general-help-wounds-heal-faster,Hydrogen Water General: Can It Help Wounds Heal Faster?
https://hydrogenstudies.com/blog/how-to-use-hydrogen-water-for-better-gut-health-a-science-guide-649934,11989,retire,0,6,21.7,0,784,how-to-use,use-hydrogen-water-better-gut-health-science,How to Use Hydrogen Water for Better Gut Health: A Science Guide
https://hydrogenstudies.com/blog/hydrogen-water-and-sibo-tests-what-2024-research-shows-651408,11990,retire,0,6,59.2,0,801,what-20xx-research-shows,hydrogen-water-sibo-tests-research-shows,Hydrogen Water and SIBO Tests: What 2024 Research Shows
https://hydrogenstudies.com/blog/hydrogen-water-general-sibo-test-problems-answered-681726,11991,retire,0,12,93.5,0,764,hydrogen-water-general,hydrogen-water-general-sibo-test-problems-answered,Hydrogen Water General: SIBO Test Problems Answered
https://hydrogenstudies.com/blog/how-to-use-hydrogen-water-for-healthy-gums-a-science-backed-guide-683828,11992,retire,0,0,,0,759,how-to-use,use-hydrogen-water-healthy-gums-science-backed,How to Use Hydrogen Water for Healthy Gums: A Science-Backed Guide
https://hydrogenstudies.com/blog/hydrogen-water-and-gum-disease-what-2024-research-shows-684885,11993,retire,0,1,119.0,0,878,what-20xx-research-shows,hydrogen-water-gum-disease-research-shows,Hydrogen Water and Gum Disease: What 2024 Research Shows
https://hydrogenstudies.com/blog/hydrogen-water-general-can-it-help-your-gums-faq-answered-718117,11994,retire,0,4,48.0,0,890,hydrogen-water-general,hydrogen-water-general-help-gums-faq-answered,Hydrogen Water General: Can It Help Your Gums? FAQ Answered
https://hydrogenstudies.com/blog/hydrogen-water-general-can-it-protect-your-brain-835027,11999,retire,0,2,1.0,0,846,hydrogen-water-general,hydrogen-water-general-protect-brain,Hydrogen Water General: Can It Protect Your Brain?
https://hydrogenstudies.com/blog/does-hydrogen-water-really-protect-your-brain-what-the-science-actually-says-711672,12001,retire,0,2,21.5,0,964,,hydrogen-water-really-protect-brain-science-actually-says,Does Hydrogen Water Really Protect Your Brain? What the Science Actually Says
https://hydrogenstudies.com/blog/new-study-hydrogen-water-may-fight-sepsis-brain-damage-740794,12002,retire,0,1,12.0,0,569,,study-hydrogen-water-may-fight-sepsis-brain-damage,New Study: Hydrogen Water May Fight Sepsis Brain Damage
https://hydrogenstudies.com/blog/hydrogen-water-for-brain-health-during-infections-the-evidence-775366,12003,retire,0,3,10.7,0,1898,,hydrogen-water-brain-health-during-infections-evidence,Hydrogen Water for Brain Health During Infections: The Evidence
https://hydrogenstudies.com/blog/6-things-new-research-reveals-about-hydrogen-water-and-brain-protection-789194,12004,retire,0,1,20.0,0,751,,6-things-research-reveals-about-hydrogen-water-brain-protection,6 Things New Research Reveals About Hydrogen Water and Brain Protection
https://hydrogenstudies.com/blog/mitochondrial-dysfunction-neuroinflamma-what-the-research-shows-1781642808013,12008,retire,0,0,,0,386,,mitochondrial-dysfunction-neuroinflamma-research-shows,"Mitochondrial dysfunction, neuroinflamma: What the Research Shows"
https://hydrogenstudies.com/blog/mitochondrial-dysfunction-neuroinflamma-a-practical-guide-1781642808013,12009,retire,0,0,,0,386,,mitochondrial-dysfunction-neuroinflamma-practical,"Mitochondrial dysfunction, neuroinflamma: A Practical Guide"
https://hydrogenstudies.com/blog/mitochondrial-dysfunction-neuroinflamma-your-questions-answered-1781642808013,12010,retire,0,0,,0,386,,mitochondrial-dysfunction-neuroinflamma-questions-answered,"Mitochondrial dysfunction, neuroinflamma: Your Questions Answered"
https://hydrogenstudies.com/blog/mitochondrial-dysfunction-neuroinflamma-research-summary-1781642808013,12011,retire,0,0,,0,386,,mitochondrial-dysfunction-neuroinflamma-research-summary,"Mitochondrial dysfunction, neuroinflamma: Research Summary"
https://hydrogenstudies.com/blog/the-general-hydrogen-water-brain-protection-protocol-dosage-timing-and-what-to-expect-801526,12013,retire,0,0,,0,1134,,general-hydrogen-water-brain-protection-protocol-dosage-timing-expect,"The General Hydrogen Water Brain Protection Protocol: Dosage, Timing, and What to Expect"
https://hydrogenstudies.com/blog/how-to-use-hydrogen-water-for-heart-and-skin-health-a-science-backed-guide-864512,12014,retire,0,0,,0,847,how-to-use,use-hydrogen-water-heart-skin-health-science-backed,How to Use Hydrogen Water for Heart and Skin Health: A Science-Backed Guide
https://hydrogenstudies.com/blog/hydrogen-water-health-benefits-for-heart-and-skin-what-2024-research-shows-870196,12015,retire,0,0,,0,1047,what-20xx-research-shows,hydrogen-water-health-benefits-heart-skin-research-shows,Hydrogen Water Health Benefits for Heart and Skin: What 2024 Research Shows
https://hydrogenstudies.com/blog/hydrogen-water-health-benefits-what-2024-research-shows-about-wearable-patches-879321,12016,retire,0,0,,0,1000,,hydrogen-water-health-benefits-research-shows-about-wearable-patches,Hydrogen Water Health Benefits: What 2024 Research Shows About Wearable Patches
https://hydrogenstudies.com/blog/hydrogen-water-health-benefits-for-your-whole-body-faqs-answered-906549,12017,retire,0,0,,0,946,,hydrogen-water-health-benefits-whole-body-faqs-answered,Hydrogen Water Health Benefits for Your Whole Body: FAQs Answered
https://hydrogenstudies.com/blog/hydrogen-water-and-farm-waste-what-2024-research-shows-010407,12019,retire,0,0,,0,961,what-20xx-research-shows,hydrogen-water-farm-waste-research-shows,Hydrogen Water and Farm Waste: What 2024 Research Shows
https://hydrogenstudies.com/blog/how-to-use-hydrogen-water-for-trachea-care-during-surgery-a-science-backed-guide-155214,12021,retire,0,0,,0,899,how-to-use,use-hydrogen-water-trachea-care-during-surgery-science-backed,How to Use Hydrogen Water for Trachea Care During Surgery: A Science-Backed Guide
https://hydrogenstudies.com/blog/hydrogen-water-and-trachea-what-2024-research-shows-156778,12022,retire,0,0,,0,1004,what-20xx-research-shows,hydrogen-water-trachea-research-shows,Hydrogen Water and Trachea: What 2024 Research Shows
https://hydrogenstudies.com/blog/hydrogen-water-for-trachea-health-your-questions-answered-194330,12023,retire,0,0,,0,908,,hydrogen-water-trachea-health-questions-answered,Hydrogen Water for Trachea Health: Your Questions Answered
https://hydrogenstudies.com/blog/how-to-use-hydrogen-water-for-whole-body-stress-protection-a-science-backed-guide-300620,12024,retire,0,0,,0,872,how-to-use,use-hydrogen-water-whole-body-stress-protection-science-backed,How to Use Hydrogen Water for Whole Body Stress Protection: A Science-Backed Guide
https://hydrogenstudies.com/blog/hydrogen-water-and-cold-stress-what-2024-research-shows-305514,12025,retire,0,0,,0,995,what-20xx-research-shows,hydrogen-water-cold-stress-research-shows,Hydrogen Water and Cold Stress: What 2024 Research Shows
https://hydrogenstudies.com/blog/hydrogen-water-and-lung-tumors-what-2024-research-shows-721150,12027,retire,0,0,,0,977,what-20xx-research-shows,hydrogen-water-lung-tumors-research-shows,Hydrogen Water and Lung Tumors: What 2024 Research Shows
https://hydrogenstudies.com/blog/how-to-use-hydrogen-therapy-for-lung-health-to-slow-tumor-growth-022708,12028,retire,0,0,,0,840,,use-hydrogen-therapy-lung-health-slow-tumor-growth,How to Use Hydrogen Therapy for Lung Health to Slow Tumor Growth
https://hydrogenstudies.com/blog/how-to-use-hydrogen-water-for-faster-wound-healing-a-science-backed-guide-155246,12030,retire,0,0,,0,891,how-to-use,use-hydrogen-water-faster-wound-healing-science-backed,How to Use Hydrogen Water for Faster Wound Healing: A Science-Backed Guide
https://hydrogenstudies.com/blog/hydrogen-water-and-diabetic-wounds-what-2024-research-shows-154582,12031,retire,0,0,,0,940,what-20xx-research-shows,hydrogen-water-diabetic-wounds-research-shows,Hydrogen Water and Diabetic Wounds: What 2024 Research Shows
https://hydrogenstudies.com/blog/hydrogen-water-for-diabetic-wounds-your-questions-answered-190176,12032,retire,0,0,,0,890,,hydrogen-water-diabetic-wounds-questions-answered,Hydrogen Water for Diabetic Wounds: Your Questions Answered
https://hydrogenstudies.com/blog/how-to-use-hydrogen-water-for-mouth-sore-relief-a-science-backed-guide-285277,12033,retire,0,0,,0,883,how-to-use,use-hydrogen-water-mouth-sore-relief-science-backed,How to Use Hydrogen Water for Mouth Sore Relief: A Science-Backed Guide
https://hydrogenstudies.com/blog/hydrogen-water-and-mouth-sores-what-2024-research-shows-286590,12034,retire,0,0,,0,994,what-20xx-research-shows,hydrogen-water-mouth-sores-research-shows,Hydrogen Water and Mouth Sores: What 2024 Research Shows
https://hydrogenstudies.com/blog/hydrogen-water-for-mouth-sores-your-questions-answered-322088,12035,retire,0,0,,0,964,,hydrogen-water-mouth-sores-questions-answered,Hydrogen Water for Mouth Sores: Your Questions Answered
https://hydrogenstudies.com/blog/how-to-use-hydrogen-water-for-healthy-aging-a-science-backed-guide-417111,12037,retire,0,0,,0,845,how-to-use,use-hydrogen-water-healthy-aging-science-backed,How to Use Hydrogen Water for Healthy Aging: A Science-Backed Guide
https://hydrogenstudies.com/blog/hydrogen-water-for-aging-bodies-your-questions-answered-452624,12038,retire,0,0,,0,874,,hydrogen-water-aging-bodies-questions-answered,Hydrogen Water for Aging Bodies: Your Questions Answered
https://hydrogenstudies.com/blog/how-to-use-hydrogen-water-for-kidney-health-during-transplants-a-science-backed-guide-553582,12039,retire,0,0,,0,903,how-to-use,use-hydrogen-water-kidney-health-during-transplants-science-backed,How to Use Hydrogen Water for Kidney Health During Transplants: A Science-Backed Guide
https://hydrogenstudies.com/blog/hydrogen-water-and-kidney-transplants-what-2024-research-shows-555674,12040,retire,0,0,,0,1077,what-20xx-research-shows,hydrogen-water-kidney-transplants-research-shows,Hydrogen Water and Kidney Transplants: What 2024 Research Shows
https://hydrogenstudies.com/blog/hydrogen-water-gut-health-what-your-breath-reveals-277959,12043,retire,0,5,80.4,0,943,,hydrogen-water-gut-health-breath-reveals,Hydrogen Water Gut Health: What Your Breath Reveals
https://hydrogenstudies.com/blog/hydrogen-water-health-benefits-for-liver-cancer-what-2024-research-shows-412440,12046,retire,0,0,,0,950,what-20xx-research-shows,hydrogen-water-health-benefits-liver-cancer-research-shows,Hydrogen Water Health Benefits for Liver Cancer: What 2024 Research Shows
https://hydrogenstudies.com/blog/hydrogen-water-for-liver-cancer-your-questions-answered-452731,12047,retire,0,0,,0,923,,hydrogen-water-liver-cancer-questions-answered,Hydrogen Water for Liver Cancer: Your Questions Answered
https://hydrogenstudies.com/blog/how-to-use-hydrogen-therapy-for-lung-health-with-autoimmune-disease-548209,12048,retire,0,0,,0,878,,use-hydrogen-therapy-lung-health-autoimmune-disease,How to Use Hydrogen Therapy for Lung Health With Autoimmune Disease
https://hydrogenstudies.com/blog/hydrogen-water-and-lung-health-what-2024-research-shows-554933,12049,retire,0,0,,0,1092,what-20xx-research-shows,hydrogen-water-lung-health-research-shows,Hydrogen Water and Lung Health: What 2024 Research Shows
https://hydrogenstudies.com/blog/hydrogen-therapy-lung-health-for-sjogrens-your-questions-answered-592908,12050,retire,0,0,,0,945,,hydrogen-therapy-lung-health-sj-grens-questions-answered,Hydrogen Therapy Lung Health for Sjögren's: Your Questions Answered
https://hydrogenstudies.com/blog/hydrogen-water-and-silicosis-what-2024-research-shows-691770,12052,retire,0,0,,0,980,what-20xx-research-shows,hydrogen-water-silicosis-research-shows,Hydrogen Water and Silicosis: What 2024 Research Shows
https://hydrogenstudies.com/blog/hydrogen-water-for-silicosis-your-questions-answered-728436,12053,retire,0,0,,0,932,,hydrogen-water-silicosis-questions-answered,Hydrogen Water for Silicosis: Your Questions Answered
https://hydrogenstudies.com/blog/hydrogen-water-and-cleaner-chemicals-what-2024-research-shows-427040,12055,retire,0,0,,0,990,what-20xx-research-shows,hydrogen-water-cleaner-chemicals-research-shows,Hydrogen Water and Cleaner Chemicals: What 2024 Research Shows
https://hydrogenstudies.com/blog/how-to-use-hydrogen-water-for-heart-health-after-a-heart-attack-a-science-backed-guide-567084,12057,retire,0,0,,0,883,how-to-use,use-hydrogen-water-heart-health-after-heart-attack-science-backed,How to Use Hydrogen Water for Heart Health After a Heart Attack: A Science-Backed Guide
https://hydrogenstudies.com/blog/how-to-use-hydrogen-water-for-stronger-aging-bodies-a-science-backed-guide-701885,12060,retire,0,0,,0,883,how-to-use,use-hydrogen-water-stronger-aging-bodies-science-backed,How to Use Hydrogen Water for Stronger Aging Bodies: A Science-Backed Guide
https://hydrogenstudies.com/blog/hydrogen-water-and-aging-what-2024-research-shows-705000,12061,retire,0,0,,0,1009,what-20xx-research-shows,hydrogen-water-aging-research-shows,Hydrogen Water and Aging: What 2024 Research Shows
https://hydrogenstudies.com/blog/hydrogen-water-for-aging-well-your-questions-answered-738372,12062,retire,0,0,,0,863,,hydrogen-water-aging-well-questions-answered,Hydrogen Water for Aging Well: Your Questions Answered
https://hydrogenstudies.com/blog/hydrogen-water-and-autism-in-kids-what-2024-research-shows-837539,12063,retire,0,0,,0,983,what-20xx-research-shows,hydrogen-water-autism-kids-research-shows,Hydrogen Water and Autism in Kids: What 2024 Research Shows
https://hydrogenstudies.com/blog/how-to-use-hydrogen-water-for-kids-gut-health-a-science-backed-guide-838380,12064,retire,0,22,17.8,0,865,how-to-use,use-hydrogen-water-kids-gut-health-science-backed,How to Use Hydrogen Water for Kids' Gut Health: A Science-Backed Guide
https://hydrogenstudies.com/blog/hydrogen-water-general-autism-and-gut-health-questions-answered-875530,12065,retire,0,0,,0,883,hydrogen-water-general,hydrogen-water-general-autism-gut-health-questions-answered,Hydrogen Water General: Autism & Gut Health Questions Answered
https://hydrogenstudies.com/blog/hydrogen-water-general-can-this-gas-fight-cancer-cells-973663,12067,retire,0,0,,0,1012,hydrogen-water-general,hydrogen-water-general-this-gas-fight-cancer-cells,Hydrogen Water General: Can This Gas Fight Cancer Cells?
https://hydrogenstudies.com/blog/hydrogen-water-general-your-cancer-questions-answered-011160,12068,retire,0,0,,0,998,hydrogen-water-general,hydrogen-water-general-cancer-questions-answered,Hydrogen Water General: Your Cancer Questions Answered
https://hydrogenstudies.com/blog/how-to-use-hydrogen-water-for-energy-and-brain-health-a-science-backed-guide-675743,12069,retire,0,0,,0,843,how-to-use,use-hydrogen-water-energy-brain-health-science-backed,How to Use Hydrogen Water for Energy and Brain Health: A Science-Backed Guide
https://hydrogenstudies.com/blog/hydrogen-water-and-mitochondria-what-2024-research-shows-678439,12070,retire,0,0,,0,1026,what-20xx-research-shows,hydrogen-water-mitochondria-research-shows,Hydrogen Water and Mitochondria: What 2024 Research Shows
https://hydrogenstudies.com/blog/hydrogen-water-general-your-top-questions-answered-715714,12071,retire,0,0,,0,895,hydrogen-water-general,hydrogen-water-general-top-questions-answered,Hydrogen Water General: Your Top Questions Answered
https://hydrogenstudies.com/blog/how-to-use-hydrogen-water-for-bladder-pain-relief-a-science-backed-guide-811370,12072,retire,0,0,,0,866,how-to-use,use-hydrogen-water-bladder-pain-relief-science-backed,How to Use Hydrogen Water for Bladder Pain Relief: A Science-Backed Guide
https://hydrogenstudies.com/blog/hydrogen-water-general-diet-changes-that-ease-bladder-pain-814208,12073,retire,0,0,,0,948,hydrogen-water-general,hydrogen-water-general-diet-changes-that-ease-bladder-pain,Hydrogen Water General: Diet Changes That Ease Bladder Pain
https://hydrogenstudies.com/blog/hydrogen-water-for-bladder-pain-your-questions-answered-851606,12074,retire,0,0,,0,927,,hydrogen-water-bladder-pain-questions-answered,Hydrogen Water for Bladder Pain: Your Questions Answered
https://hydrogenstudies.com/blog/how-to-use-hydrogen-water-for-cell-health-a-science-backed-guide-949530,12075,retire,0,2,81.0,0,852,how-to-use,use-hydrogen-water-cell-health-science-backed,How to Use Hydrogen Water for Cell Health: A Science-Backed Guide
https://hydrogenstudies.com/blog/hydrogen-water-general-how-it-guards-your-cells-951520,12076,retire,0,2,1.0,0,1003,hydrogen-water-general,hydrogen-water-general-guards-cells,Hydrogen Water General: How It Guards Your Cells
https://hydrogenstudies.com/blog/hydrogen-water-general-your-cell-health-questions-answered-989734,12077,retire,0,0,,0,888,hydrogen-water-general,hydrogen-water-general-cell-health-questions-answered,Hydrogen Water General: Your Cell Health Questions Answered
https://hydrogenstudies.com/blog/hydrogen-water-general-how-magnesium-heals-wounds-fast-091043,12079,retire,0,0,,0,988,hydrogen-water-general,hydrogen-water-general-magnesium-heals-wounds-fast,Hydrogen Water General: How Magnesium Heals Wounds Fast
https://hydrogenstudies.com/blog/hydrogen-water-general-your-wound-healing-questions-answered-124513,12080,retire,0,0,,0,828,hydrogen-water-general,hydrogen-water-general-wound-healing-questions-answered,Hydrogen Water General: Your Wound Healing Questions Answered
https://hydrogenstudies.com/blog/how-to-use-hydrogen-water-for-cancer-care-support-a-science-backed-guide-140091,12081,retire,0,0,,0,859,how-to-use,use-hydrogen-water-cancer-care-support-science-backed,How to Use Hydrogen Water for Cancer Care Support: A Science-Backed Guide
https://hydrogenstudies.com/blog/hydrogen-water-health-benefits-for-cancer-care-what-2024-research-shows-144203,12082,retire,0,0,,0,1048,what-20xx-research-shows,hydrogen-water-health-benefits-cancer-care-research-shows,Hydrogen Water Health Benefits for Cancer Care: What 2024 Research Shows
https://hydrogenstudies.com/blog/hydrogen-water-gut-health-and-sibo-what-2024-research-shows-288778,12085,retire,0,7,82.0,0,986,what-20xx-research-shows,hydrogen-water-gut-health-sibo-research-shows,Hydrogen Water Gut Health and SIBO: What 2024 Research Shows
https://hydrogenstudies.com/blog/how-to-use-hydrogen-water-for-better-sleep-and-brain-health-425431,12087,retire,0,2,49.5,0,871,how-to-use,use-hydrogen-water-better-sleep-brain-health,How to Use Hydrogen Water for Better Sleep and Brain Health
https://hydrogenstudies.com/blog/hydrogen-water-brain-health-and-sleep-what-2024-research-shows-430212,12088,retire,0,0,,0,955,what-20xx-research-shows,hydrogen-water-brain-health-sleep-research-shows,Hydrogen Water Brain Health and Sleep: What 2024 Research Shows
https://hydrogenstudies.com/blog/hydrogen-water-brain-health-and-sleep-your-questions-answered-466456,12089,retire,0,0,,0,932,,hydrogen-water-brain-health-sleep-questions-answered,Hydrogen Water Brain Health and Sleep: Your Questions Answered
https://hydrogenstudies.com/blog/how-to-use-hydrogen-water-for-heart-health-a-gut-first-guide-564930,12090,retire,0,0,,0,896,how-to-use,use-hydrogen-water-heart-health-gut-first,How to Use Hydrogen Water for Heart Health: A Gut-First Guide
https://hydrogenstudies.com/blog/how-to-use-hydrogen-water-for-brain-health-against-als-303932,12093,retire,0,0,,0,866,how-to-use,use-hydrogen-water-brain-health-against-als,How to Use Hydrogen Water for Brain Health Against ALS
https://hydrogenstudies.com/blog/hydrogen-water-and-als-what-2024-research-shows-312432,12094,retire,0,0,,0,1006,what-20xx-research-shows,hydrogen-water-als-research-shows,Hydrogen Water and ALS: What 2024 Research Shows
https://hydrogenstudies.com/blog/hydrogen-water-brain-health-for-als-your-questions-answered-347765,12095,retire,0,0,,0,903,,hydrogen-water-brain-health-als-questions-answered,Hydrogen Water Brain Health for ALS: Your Questions Answered
https://hydrogenstudies.com/blog/hydrogen-water-and-asthma-what-2024-research-shows-449539,12096,retire,0,0,,0,1019,what-20xx-research-shows,hydrogen-water-asthma-research-shows,Hydrogen Water and Asthma: What 2024 Research Shows
https://hydrogenstudies.com/blog/how-to-use-hydrogen-therapy-for-lung-health-in-asthma-a-science-backed-guide-447419,12097,retire,0,1,38.0,0,870,,use-hydrogen-therapy-lung-health-asthma-science-backed,How to Use Hydrogen Therapy for Lung Health in Asthma: A Science-Backed Guide
https://hydrogenstudies.com/blog/hydrogen-water-for-asthma-your-questions-answered-483024,12098,retire,0,1,76.0,0,911,,hydrogen-water-asthma-questions-answered,Hydrogen Water for Asthma: Your Questions Answered
https://hydrogenstudies.com/blog/how-to-use-hydrogen-water-for-fat-loss-and-metabolism-a-science-backed-guide-577352,12099,retire,0,0,,0,821,how-to-use,use-hydrogen-water-fat-loss-metabolism-science-backed,How to Use Hydrogen Water for Fat Loss and Metabolism: A Science-Backed Guide
https://hydrogenstudies.com/blog/hydrogen-water-and-belly-fat-what-2024-research-shows-581626,12100,retire,0,0,,0,1036,what-20xx-research-shows,hydrogen-water-belly-fat-research-shows,Hydrogen Water and Belly Fat: What 2024 Research Shows
https://hydrogenstudies.com/blog/hydrogen-water-and-body-fat-what-2024-research-shows-593939,12101,retire,0,0,,0,981,what-20xx-research-shows,hydrogen-water-body-fat-research-shows,Hydrogen Water and Body Fat: What 2024 Research Shows
https://hydrogenstudies.com/blog/hydrogen-water-for-body-fat-your-questions-answered-618302,12102,retire,0,0,,0,878,,hydrogen-water-body-fat-questions-answered,Hydrogen Water for Body Fat: Your Questions Answered
https://hydrogenstudies.com/blog/how-to-use-hydrogen-water-for-brain-health-during-illness-a-science-backed-guide-717004,12103,retire,0,0,,0,824,how-to-use,use-hydrogen-water-brain-health-during-illness-science-backed,How to Use Hydrogen Water for Brain Health During Illness: A Science-Backed Guide
https://hydrogenstudies.com/blog/hydrogen-water-brain-health-and-sepsis-what-2024-research-shows-722946,12104,retire,0,0,,0,1034,what-20xx-research-shows,hydrogen-water-brain-health-sepsis-research-shows,Hydrogen Water Brain Health and Sepsis: What 2024 Research Shows
https://hydrogenstudies.com/blog/hydrogen-water-for-brain-health-during-sepsis-your-questions-answered-758759,12105,retire,0,0,,0,876,,hydrogen-water-brain-health-during-sepsis-questions-answered,Hydrogen Water for Brain Health During Sepsis: Your Questions Answered
https://hydrogenstudies.com/blog/how-to-use-hydrogen-water-for-faster-surgery-recovery-a-science-backed-guide-856242,12106,retire,0,0,,0,907,how-to-use,use-hydrogen-water-faster-surgery-recovery-science-backed,How to Use Hydrogen Water for Faster Surgery Recovery: A Science-Backed Guide
https://hydrogenstudies.com/blog/hydrogen-water-health-benefits-for-surgical-recovery-what-2024-research-shows-857191,12107,retire,0,0,,0,1034,what-20xx-research-shows,hydrogen-water-health-benefits-surgical-recovery-research-shows,Hydrogen Water Health Benefits for Surgical Recovery: What 2024 Research Shows
https://hydrogenstudies.com/blog/hydrogen-water-for-surgery-recovery-your-questions-answered-892344,12108,retire,0,0,,0,937,,hydrogen-water-surgery-recovery-questions-answered,Hydrogen Water for Surgery Recovery: Your Questions Answered
https://hydrogenstudies.com/blog/how-to-use-hydrogen-water-for-gut-health-what-gas-tests-reveal-695223,12112,retire,0,1,93.0,0,848,how-to-use,use-hydrogen-water-gut-health-gas-tests-reveal,How to Use Hydrogen Water for Gut Health: What Gas Tests Reveal
https://hydrogenstudies.com/blog/hydrogen-water-and-whole-body-health-what-2024-research-shows-840233,12116,retire,0,0,,0,977,what-20xx-research-shows,hydrogen-water-whole-body-health-research-shows,Hydrogen Water and Whole Body Health: What 2024 Research Shows
https://hydrogenstudies.com/blog/hydrogen-water-health-benefits-your-questions-answered-877120,12117,retire,0,0,,0,988,,hydrogen-water-health-benefits-questions-answered,Hydrogen Water Health Benefits: Your Questions Answered
https://hydrogenstudies.com/blog/how-to-use-hydrogen-therapy-for-lung-health-to-shrink-nodules-a-science-backed-guide-975480,12118,retire,0,0,,0,834,,use-hydrogen-therapy-lung-health-shrink-nodules-science-backed,How to Use Hydrogen Therapy for Lung Health to Shrink Nodules: A Science-Backed Guide
https://hydrogenstudies.com/blog/hydrogen-water-for-lung-nodules-your-questions-answered-012027,12120,retire,0,0,,0,833,,hydrogen-water-lung-nodules-questions-answered,Hydrogen Water for Lung Nodules: Your Questions Answered
https://hydrogenstudies.com/blog/how-to-use-hydrogen-water-for-lupus-relief-a-science-backed-guide-702672,12122,retire,0,0,,0,888,how-to-use,use-hydrogen-water-lupus-relief-science-backed,How to Use Hydrogen Water for Lupus Relief: A Science-Backed Guide
https://hydrogenstudies.com/blog/how-to-use-hydrogen-water-for-immune-health-a-science-backed-guide-840920,12124,retire,0,0,,0,864,how-to-use,use-hydrogen-water-immune-health-science-backed,How to Use Hydrogen Water for Immune Health: A Science-Backed Guide
https://hydrogenstudies.com/blog/hydrogen-water-and-icu-recovery-what-2024-research-shows-843978,12125,retire,0,0,,0,981,what-20xx-research-shows,hydrogen-water-icu-recovery-research-shows,Hydrogen Water and ICU Recovery: What 2024 Research Shows
https://hydrogenstudies.com/blog/hydrogen-water-for-sepsis-your-questions-answered-880349,12126,retire,0,0,,0,917,,hydrogen-water-sepsis-questions-answered,Hydrogen Water for Sepsis: Your Questions Answered
https://hydrogenstudies.com/blog/how-to-use-hydrogen-water-for-autoimmune-health-a-science-backed-guide-981671,12127,retire,0,0,,0,868,how-to-use,use-hydrogen-water-autoimmune-health-science-backed,How to Use Hydrogen Water for Autoimmune Health: A Science-Backed Guide
https://hydrogenstudies.com/blog/hydrogen-water-for-lupus-your-questions-answered-022735,12129,retire,0,0,,0,933,,hydrogen-water-lupus-questions-answered,Hydrogen Water for Lupus: Your Questions Answered
https://hydrogenstudies.com/blog/hydrogen-water-general-how-it-fights-free-radicals-126308,12131,retire,0,0,,0,1034,hydrogen-water-general,hydrogen-water-general-fights-free-radicals,Hydrogen Water General: How It Fights Free Radicals
https://hydrogenstudies.com/blog/hydrogen-water-general-what-your-gut-gas-tells-doctors-263152,12134,retire,0,4,90.0,0,960,hydrogen-water-general,hydrogen-water-general-gut-gas-tells-doctors,Hydrogen Water General: What Your Gut Gas Tells Doctors
https://hydrogenstudies.com/blog/hydrogen-water-general-can-your-breath-fight-obesity-296994,12135,retire,0,0,,0,985,hydrogen-water-general,hydrogen-water-general-breath-fight-obesity,Hydrogen Water General: Can Your Breath Fight Obesity?
https://hydrogenstudies.com/blog/hydrogen-water-general-your-gut-gas-questions-answered-300985,12136,retire,0,2,85.0,0,889,hydrogen-water-general,hydrogen-water-general-gut-gas-questions-answered,Hydrogen Water General: Your Gut Gas Questions Answered
https://hydrogenstudies.com/blog/how-to-use-hydrogen-water-for-ear-health-a-science-backed-guide-954215,12137,retire,0,0,,0,851,how-to-use,use-hydrogen-water-ear-health-science-backed,How to Use Hydrogen Water for Ear Health: A Science-Backed Guide
https://hydrogenstudies.com/blog/hydrogen-water-general-does-h2-gas-speed-muscle-recovery-091752,12141,retire,0,0,,0,959,hydrogen-water-general,hydrogen-water-general-h2-gas-speed-muscle-recovery,Hydrogen Water General: Does H2 Gas Speed Muscle Recovery?
https://hydrogenstudies.com/blog/hydrogen-water-general-your-recovery-questions-answered-127978,12142,retire,0,0,,0,906,hydrogen-water-general,hydrogen-water-general-recovery-questions-answered,Hydrogen Water General: Your Recovery Questions Answered
https://hydrogenstudies.com/blog/h2-tabs-worth-it,12150,retire,0,0,,0,1985,,h2-tabs-worth-cost-per-dose-compared-fresh-hydrogen-water,Are H2 Tabs Worth It? Cost-per-Dose Compared to Fresh Hydrogen Water
https://hydrogenstudies.com/blog/is-alkaviva-worth-it,12152,retire,0,0,,0,1942,,alkaviva-worth-honest-review-price-performance,Is AlkaViva Worth It? An Honest Review of Price vs Performance
https://hydrogenstudies.com/blog/is-piurify-worth-it,12155,retire,0,0,,0,1887,,piurify-worth-cost-quality-breakdown,Is Piurify Worth It? A Cost-vs-Quality Breakdown
https://hydrogenstudies.com/blog/how-to-use-hydrogen-water-for-oral-health-a-science-backed-guide-108532,12201,retire,0,0,,0,853,how-to-use,use-hydrogen-water-oral-health-science-backed,How to Use Hydrogen Water for Oral Health: A Science-Backed Guide
https://hydrogenstudies.com/blog/hydrogen-water-oral-health-and-teeth-what-2024-research-shows-120964,12202,retire,0,0,,0,990,what-20xx-research-shows,hydrogen-water-oral-health-teeth-research-shows,Hydrogen Water Oral Health and Teeth: What 2024 Research Shows
https://hydrogenstudies.com/blog/hydrogen-water-oral-health-your-questions-answered-153708,12203,retire,0,0,,0,867,,hydrogen-water-oral-health-questions-answered,Hydrogen Water Oral Health: Your Questions Answered
https://hydrogenstudies.com/blog/how-to-use-hydrogen-therapy-for-lung-health-in-newborns-a-science-backed-guide-274452,12205,retire,0,0,,0,908,,use-hydrogen-therapy-lung-health-newborns-science-backed,How to Use Hydrogen Therapy for Lung Health in Newborns: A Science-Backed Guide
https://hydrogenstudies.com/blog/hydrogen-therapy-lung-health-what-2024-research-shows-276764,12206,retire,0,0,,0,966,what-20xx-research-shows,hydrogen-therapy-lung-health-research-shows,Hydrogen Therapy Lung Health: What 2024 Research Shows
https://hydrogenstudies.com/blog/hydrogen-water-for-newborn-lung-health-your-questions-answered-319160,12210,retire,0,0,,0,858,,hydrogen-water-newborn-lung-health-questions-answered,Hydrogen Water for Newborn Lung Health: Your Questions Answered
https://hydrogenstudies.com/blog/how-to-use-hydrogen-therapy-for-bone-health-and-joint-pain-433224,12211,retire,0,0,,0,850,,use-hydrogen-therapy-bone-health-joint-pain,How to Use Hydrogen Therapy for Bone Health and Joint Pain
https://hydrogenstudies.com/blog/hydrogen-therapy-bone-health-what-2024-research-shows-442010,12212,retire,0,0,,0,974,what-20xx-research-shows,hydrogen-therapy-bone-health-research-shows,Hydrogen Therapy Bone Health: What 2024 Research Shows
https://hydrogenstudies.com/blog/hydrogen-water-for-bone-health-your-questions-answered-481916,12214,retire,0,0,,0,985,,hydrogen-water-bone-health-questions-answered,Hydrogen Water for Bone Health: Your Questions Answered
https://hydrogenstudies.com/blog/how-to-use-hydrogen-water-for-whole-body-health-a-science-backed-guide-586193,12215,retire,0,0,,0,870,how-to-use,use-hydrogen-water-whole-body-health-science-backed,How to Use Hydrogen Water for Whole Body Health: A Science-Backed Guide
https://hydrogenstudies.com/blog/hydrogen-water-and-bacteria-what-2024-research-shows-591076,12216,retire,0,0,,0,1093,what-20xx-research-shows,hydrogen-water-bacteria-research-shows,Hydrogen Water and Bacteria: What 2024 Research Shows
https://hydrogenstudies.com/blog/hydrogen-water-for-germs-your-questions-answered-626567,12218,retire,0,0,,0,883,,hydrogen-water-germs-questions-answered,Hydrogen Water for Germs: Your Questions Answered
https://hydrogenstudies.com/blog/hydrogen-water-and-brain-health-what-2024-research-shows-069500,12219,retire,0,0,,0,989,what-20xx-research-shows,hydrogen-water-brain-health-research-shows,Hydrogen Water and Brain Health: What 2024 Research Shows
https://hydrogenstudies.com/blog/how-to-use-hydrogen-water-for-brain-health-after-sepsis-a-science-backed-guide-066691,12220,retire,0,0,,0,881,how-to-use,use-hydrogen-water-brain-health-after-sepsis-science-backed,How to Use Hydrogen Water for Brain Health After Sepsis: A Science-Backed Guide
https://hydrogenstudies.com/blog/hydrogen-water-brain-health-after-sepsis-your-questions-answered-116452,12222,retire,0,0,,0,970,,hydrogen-water-brain-health-after-sepsis-questions-answered,Hydrogen Water Brain Health After Sepsis: Your Questions Answered
https://hydrogenstudies.com/blog/hydrogen-water-brain-health-what-2024-research-shows-about-sepsis-fog-104518,12224,retire,0,0,,0,1023,,hydrogen-water-brain-health-research-shows-about-sepsis-fog,Hydrogen Water Brain Health: What 2024 Research Shows About Sepsis Fog
https://hydrogenstudies.com/blog/how-to-use-hydrogen-water-for-chemo-mouth-sores-a-science-backed-guide-238788,12225,retire,0,0,,0,849,how-to-use,use-hydrogen-water-chemo-mouth-sores-science-backed,How to Use Hydrogen Water for Chemo Mouth Sores: A Science-Backed Guide
https://hydrogenstudies.com/blog/hydrogen-water-oral-health-what-2024-research-shows-about-chemo-mouth-sores-244554,12226,retire,0,0,,0,1045,,hydrogen-water-oral-health-research-shows-about-chemo-mouth-sores,Hydrogen Water Oral Health: What 2024 Research Shows About Chemo Mouth Sores
https://hydrogenstudies.com/blog/hydrogen-water-oral-health-chemo-mouth-sores-qanda-282561,12228,retire,0,0,,0,922,,hydrogen-water-oral-health-chemo-mouth-sores-q,Hydrogen Water Oral Health: Chemo Mouth Sores Q&A
https://hydrogenstudies.com/blog/how-to-use-hydrogen-therapy-for-bone-health-and-healing-384218,12229,retire,0,0,,0,865,,use-hydrogen-therapy-bone-health-healing,How to Use Hydrogen Therapy for Bone Health and Healing
https://hydrogenstudies.com/blog/hydrogen-therapy-bone-health-what-2024-research-shows-389086,12230,retire,0,0,,0,961,what-20xx-research-shows,hydrogen-therapy-bone-health-research-shows,Hydrogen Therapy Bone Health: What 2024 Research Shows
https://hydrogenstudies.com/blog/hydrogen-therapy-for-bone-health-your-questions-answered-437779,12231,retire,0,0,,0,922,,hydrogen-therapy-bone-health-questions-answered,Hydrogen Therapy for Bone Health: Your Questions Answered
https://hydrogenstudies.com/blog/how-to-use-hydrogen-water-for-ibs-relief-a-science-backed-guide-539921,12233,retire,0,0,,0,871,how-to-use,use-hydrogen-water-ibs-relief-science-backed,How to Use Hydrogen Water for IBS Relief: A Science-Backed Guide
https://hydrogenstudies.com/blog/hydrogen-water-gut-health-and-ibs-what-2024-research-shows-541891,12234,retire,0,0,,0,1009,what-20xx-research-shows,hydrogen-water-gut-health-ibs-research-shows,Hydrogen Water Gut Health and IBS: What 2024 Research Shows
https://hydrogenstudies.com/blog/hydrogen-water-gut-health-for-ibs-your-questions-answered-578056,12235,retire,0,0,,0,925,,hydrogen-water-gut-health-ibs-questions-answered,Hydrogen Water Gut Health for IBS: Your Questions Answered
https://hydrogenstudies.com/blog/how-to-use-hydrogen-water-for-liver-health-and-faster-healing-223165,12236,retire,0,0,,0,816,how-to-use,use-hydrogen-water-liver-health-faster-healing,How to Use Hydrogen Water for Liver Health and Faster Healing
https://hydrogenstudies.com/blog/hydrogen-water-and-liver-health-what-2024-research-shows-228853,12237,retire,0,0,,0,1023,what-20xx-research-shows,hydrogen-water-liver-health-research-shows,Hydrogen Water and Liver Health: What 2024 Research Shows
https://hydrogenstudies.com/blog/hydrogen-water-and-liver-health-what-2024-research-shows-259577,12238,retire,0,0,,0,996,what-20xx-research-shows,hydrogen-water-liver-health-research-shows,Hydrogen Water and Liver Health: What 2024 Research Shows
https://hydrogenstudies.com/blog/hydrogen-water-liver-health-your-questions-answered-265659,12240,retire,0,0,,0,899,,hydrogen-water-liver-health-questions-answered,Hydrogen Water Liver Health: Your Questions Answered
https://hydrogenstudies.com/blog/how-to-use-hydrogen-water-for-gut-health-and-bloating-relief-a-science-backed-guide-376468,12241,retire,0,0,,0,935,how-to-use,use-hydrogen-water-gut-health-bloating-relief-science-backed,How to Use Hydrogen Water for Gut Health and Bloating Relief: A Science-Backed Guide
https://hydrogenstudies.com/blog/hydrogen-water-and-bloating-what-2024-research-shows-377048,12242,retire,0,0,,0,979,what-20xx-research-shows,hydrogen-water-bloating-research-shows,Hydrogen Water and Bloating: What 2024 Research Shows
https://hydrogenstudies.com/blog/hydrogen-water-gut-health-tests-your-questions-answered-412928,12244,retire,0,0,,0,930,,hydrogen-water-gut-health-tests-questions-answered,Hydrogen Water Gut Health Tests: Your Questions Answered
https://hydrogenstudies.com/blog/how-to-use-hydrogen-water-for-gut-health-to-beat-bloating-518705,12245,retire,0,0,,0,861,how-to-use,use-hydrogen-water-gut-health-beat-bloating,How to Use Hydrogen Water for Gut Health to Beat Bloating
https://hydrogenstudies.com/blog/hydrogen-water-gut-health-what-2024-research-shows-522643,12246,retire,0,0,,0,990,what-20xx-research-shows,hydrogen-water-gut-health-research-shows,Hydrogen Water Gut Health: What 2024 Research Shows
https://hydrogenstudies.com/blog/hydrogen-water-gut-health-your-questions-answered-564285,12247,retire,0,0,,0,860,,hydrogen-water-gut-health-questions-answered,Hydrogen Water Gut Health: Your Questions Answered
https://hydrogenstudies.com/blog/how-to-use-hydrogen-water-for-cell-defense-a-science-backed-guide-664352,12249,retire,0,0,,0,809,how-to-use,use-hydrogen-water-cell-defense-science-backed,How to Use Hydrogen Water for Cell Defense: A Science-Backed Guide
https://hydrogenstudies.com/blog/hydrogen-water-and-cell-defense-what-2024-research-shows-670335,12250,retire,0,0,,0,989,what-20xx-research-shows,hydrogen-water-cell-defense-research-shows,Hydrogen Water and Cell Defense: What 2024 Research Shows
https://hydrogenstudies.com/blog/hydrogen-water-general-your-cell-defense-questions-answered-713217,12251,retire,0,0,,0,994,hydrogen-water-general,hydrogen-water-general-cell-defense-questions-answered,Hydrogen Water General: Your Cell Defense Questions Answered