ID,First Author,Other Authors,Last Author,Title,Publish Year,Journal,DOI/PMID/Link,Abstract,Rank,Model,Primary Topic,Secondary Topic,Tertiary Topic,Vehicle,pH,Application,Comparison,Complement,Country,,,,,,,,,,,,,,,,,,,,,,,,
2,"Botek, Michal","Krejci, Jakub; McKune, Andrew; Valenta, Michal","Sladeckova, Barbora","Hydrogen Rich Water Consumption Positively Affects Muscle Performance, Lactate Response, and Alleviates Delayed Onset of Muscle Soreness After Resistance Training ",2021,Journal of Strength and Conditioning Research,10.1519/JSC.0000000000003979 ,"Hydrogen rich water consumption positively affects muscle performance, lactate response, and alleviates delayed onset of muscle soreness after resistance training. J Strength Cond Res XX(X): 000-000, 2021-Positive outcomes of hydrogen rich water (HRW) supplementation on endurance performance have been shown, but the effects of HRW in resistance training are unclear. The aim of this study was to assess the effects of 1,260 ml of HRW intake on physiological, perceptual, and performance responses to a resistance training and after 24 hours of recovery. This randomized, double-blinded placebo-controlled cross-over study included 12 men aged 23.8 ± 1.9 years. Subjects performed a half squat, knee flexion, and extension exercises with the load set at 70% of 1 repetition maximum for 3 sets (10 reps/set). Lunges were performed with a load of 30% of body mass for 3 sets (20 reps/set). Time of each set, lactate, and ratings of perceived exertion were assessed mid-way through exercise and immediately after the exercise. Creatine kinase, muscle soreness visual analog scale ratings, countermovement jump, and heart rate variability were evaluated before the training and at 30 minutes, 6, and 24 hours of recovery. Lunges were performed faster with HRW compared with placebo (p < 0.001). Hydrogen rich water reduced lactate at mid-way and immediately after the exercise (HRW: 5.3 ± 2.1 and 5.1 ± 2.2, placebo: 6.5 ± 1.8 and 6.3 ± 2.2 mmol·L-1, p ≤ 0.008). Visual analog scale ratings were significantly lower with HRW (26 ± 11 vs. 41 ± 20 mm, p = 0.002) after 24 hours of recovery. In conclusion, an acute intermittent HRW hydration improved muscle function, reduced the lactate response, and alleviated delayed onset of muscle soreness. ",Positive,Human,Whole Body,Excercise,Fatigue,Water (Mg-Chemico),Alkaline,Ingestion,,,Czech Republic,,,,,,,,,,,,,,,,,,,,,,,,
5,"Chen, Ji-Bing","Kong, Xiao-Feng","Mu, Feng",High-flow hydrogen inhalation might suppresses the immune function of middle-aged participants: a self-controlled study ,2021,Medical Gas Research,10.4103/2045-9912.310054 ,"Hydrogen inhalation therapy has been proven to be safe and effective in disease treatment in multiple clinical reports, but the gas flow rates used in different studies vary greatly. Since there is no upper limit for the safe concentration of hydrogen, this study tested the effects of high-flow (not high concentration) hydrogen inhalation on immune function. From October 2019 to January 2020, 20 adult participants (31-60 years old) were enrolled in a self-controlled study to check the immune function in peripheral blood lymphocyte subsets before and after a 2-week hydrogen inhalation protocol. The participants inhaled hydrogen for 2 or 4 hours each day. After 2 weeks of hydrogen inhalation, statistically significant changes were observed in follicular helper T cells, helper and cytotoxic T cells, natural killer and natural killer T cells, and gamma delta T cells, generally suggesting a decrease in their proportions. These results show that high-flow hydrogen inhalation has an inhibitory effect on the immune function of healthy participants. The study protocol received ethical approval from the Ethics Committee of Fuda Cancer Hospital, Jinan University on December 7, 2018 (approval No. Fuda20181207). ",Negative,Human,Whole Body,Aging,Immune Dysfunction,Gas,N/A,Inhalation,,,China,,,,,,,,,,,,,,,,,,,,,,,,
6,"Chilicka, Karlona","Rogowska, Aleksandra M.","Szygula, Renata",Effects of Topical Hydrogen Purification on Skin Parameters and Acne Vulgaris in Adult Women ,2021,Healthcare,10.3390/healthcare9020144 ,"Background: Acne vulgaris is a prevalent dermatological disease characterized by skin eruptions, which may decrease the sufferer's quality of life. Hydrogen purification treatment is a new procedure used in cosmetology to improve the skin parameters of the face. This study examined the effectiveness of hydrogen purification treatment to improve women's skin conditions with regard to acne vulgaris. Methods: In this study, 30 women participated who suffered from a high level of sebum and acne. The control group was comprised of 30 healthy women with a low level of sebum. The Hellgren-Vincent Scale and Derma Unit SSC 3 device were used to assess acne vulgaris severity and skin properties, respectively. Four hydrogen purification sessions were carried out at 7-day intervals, using the Hebe Hydrogenium+ generating alkaline water. Results: At baseline and 7 and 14 days after finishing the series of treatments, the levels of oiliness, moisture, and skin pH were tested. The main effects of treatment were significant in the following parameters: pH around the bottom lip, moisture between the eyebrows and around the nose, and oily skin in all three face sites. Conclusions: The level of sebum decreased and moisture levels increased during hydrogen purification. Topical hydrogen purification is an effective and safe treatment for acne vulgaris.
",Positive,Human,Skin,Cosmetic Issues,Acne,Water (Electrolysis),Alkaline,Bath,,,Poland,,,,,,,,,,,,,,,,,,,,,,,,
7,"Botek, Michal","Sladeckova, Barbora; Krejci, Jakub; Pluhacek, Frantisek","Najmanova, Eliska",Acute hydrogen-rich water ingestion stimulates cardiac autonomic activity in healthy females,2021,Acta Gymnica,10.5507/ag.2021.009,"Background: Hydrogen-rich water (HRW) has been shown to have a stimulating effect on the human body. Objective: The aim of the study was to assess the influence of acute HRW intake on autonomic cardiac regulation during 50 min of rest sitting. Methods: Fourteen healthy females (age 21.7 ± 1.2 years, body mass 67.8 ± 8.7 kg, height 167 ± 5.5 cm) took part in this double-blind, randomized, placebo-controlled trial with crossover design. Heart rate variability (HRV) was monitored in the sitting position after administration of 1260 ml of HRW or placebo. Time domain indexes of HRV as the square root of the mean of the squares of differences between adjacent RR intervals (RMSSD), the standard deviation of all RR intervals (SDNN) and the ratio of SDNN/RMSSD as an index of sympatho-vagal balance were used to assess autonomic cardiac response. The values were transformed using natural logarithm (Ln). Results: After administration of HRW, we found significantly increased ratio Ln SDNN/RMSSD when comparing it to placebo in 25 min (HRW: 0.40 ± 0.30, placebo: 0.26 ± 0.25, p = .049) and 35 min (HRW: 0.44 ± 0.30, placebo: 0.28 ± 0.28, p = .029) of rest sitting. Ln SDNN was significantly increased after HRW administration when compared to placebo in 45 min (HRW: 4.41 ± 0.42 ms, placebo: 4.28 ± 0.31 ms, p = .049) of rest sitting. Conclusions: Acute HRW ingestion induced a relative increase in sympathetic activity between 25 and 35 min post-ingestion, whereas vagal activity was not affected.",Neutral,Human,Heart,Excercise,Heart Rhythm,"Water, Commercial (Aquastamina)",Neutral,Ingestion,,,Czech Republic,,,,,,,,,,,,,,,,,,,,,,,,
56,"Choi, Young Ah","Lee, Dong Hyeon; Cho, Doo-Yeoun","Lee, Yong-Jae","Outcomes Assessment of Sustainable and Innovatively Simple Lifestyle Modification at the Workplace - Drinking Electrolyzed-Reduced Water (OASIS-ERW): A Randomized, Double-Blind, Placebo-Controlled Trial ",2020,Antioxidants,10.3390/antiox9070564 ,"Oxidative stress has been associated with many diseases as well as aging. Electrolyzed-reduced water (ERW) has been suggested to reduce oxidative stress and improve antioxidant potential. This study investigated the effects of drinking ERW on biomarkers of oxidative stress and health-related indices in healthy adults. We conducted a randomized, double-blind, placebo-controlled clinical trial on 65 participants, who were allocated into two groups. Of these, 61 received intervention (32 with ERW and 29 MW [mineral water]). All participants were instructed to drink 1.5 L/day of ERW or MW for eight weeks. Biomarkers of oxidative stress and health-related indices were assessed at baseline as well as after 4 weeks and 8 weeks of intervention. Of the primary outcome variables assessed, diacron-reactive oxygen metabolites (d-ROMs) and biological antioxidant potential showed a significant interaction between the groups and time, with d-ROMs levels significantly decreased at 8 weeks in ERW compared to those in MW. Among the secondary outcome variables, total, visceral, and subcutaneous fat mass significantly changed over time, with a significant association observed between the groups and time. Thus, daily ERW consumption may be a potential consideration for a sustainable and innovatively simple lifestyle modification at the workplace to reduce oxidative stress, increase antioxidant potential, and decrease fat mass. ",Positive,Human,Whole Body,Inflammation,Oxidative Stress,Water (Electrolysis),Alkaline,Ingestion,,,South Korea,,,,,,,,,,,,,,,,,,,,,,,,
59,"Dobashi, Shohei","Takeuchi, Kaito","Koyama, Katsuhiro",Hydrogen-rich water suppresses the reduction in blood total antioxidant capacity induced by 3 consecutive days of severe exercise in physically active males,2020,Medical Gas Research,10.4103/2045-9912.279979 ,"Repeated sprint exercise can interfere with intramuscular redox balance and cause systemic oxidative stress and muscle damage. There is growing evidence that molecular hydrogen counteracts oxidative and/or inflammatory responses. Therefore, we investigated the effects of molecular hydrogen-rich water (HW) on muscle performance and oxidative stress markers induced by strenuous exercise. A single-blind, crossover, randomized controlled trial has been designed. Eight male volunteers completed two 3-day consecutive exercise tests under two conditions: HW and placebo water (PW). The exercise test included a countermovement jump, maximal voluntary isometric contraction of knee extensors, and sprint cycling. The sprint cycling exercise was comprised three repetitions of 10-second maximal pedaling against a resistance of 7.5% body mass and 110-second active rest (no-load pedaling). Before and after the exercise test, participants drank the 500 mL of HW (5.14 ± 0.03 ppm in H2 concentration) or PW (0.00 ± 0.00 ppm). At 7 hours before the first exercise test (Day 1), as baseline, and 16 hours after the exercise test on each day, blood samples were obtained. Exercise performances in both conditions were not significantly different over 3 consecutive days. In PW trial, relative changes in biological antioxidant potential/diacron-reactive oxygen metabolites, as an index of systemic antioxidant potential, from baseline gradually decreased as the day passed. However, HW suppressed the reduction in biological antioxidant potential/diacron-reactive oxygen metabolites observed in PW. Drinking HW contributed to the maintenance of the redox status during consecutive days of strenuous exercise and might help prevent accumulative muscular fatigue. The study was approved by the Human Research Ethics Committee of the University of Yamanashi, Japan (approval No. H26-008) on December 17, 2014. ",Positive,Human,Whole Body,Excercise,Fatigue,Water (Electrolysis),Neutral,Ingestion,,,Japan,,,,,,,,,,,,,,,,,,,,,,,,
66,"Hori, Amane","Ichihara, Masatoshi; Kimura, Hayata; Ogata, Hisayoshi; Kondo, Takaharu","Hotta, Norio","Inhalation of molecular hydrogen increases breath acetone excretion during submaximal exercise: a randomized, single-blinded, placebo-controlled study ",2020,Medical Gas Research,10.4103/2045-9912.296038 ,"Aerobic exercise is widely accepted as a beneficial option for reducing fat in humans. Recently, it has been suggested that molecular hydrogen (H2) augments mitochondrial oxidative phosphorylation. Therefore, the hypothesis that inhaling H2 could facilitate lipid metabolism during aerobic exercise was investigated in the current study by measuring the breath acetone levels, which could be used as non-invasive indicators of lipid metabolism. This study aimed to investigate the effect of inhaling H2 on breath acetone output during submaximal exercise using a randomized, single-blinded, placebo-controlled, and cross-over experimental design. After taking a 20-minute baseline measurement, breath acetone levels were measured in ten male subjects who performed a 60% peak oxygen uptake-intensity cycling exercise for 20 minutes while inhaling either 1% H2 or a control gas. In another experiment, six male subjects remained in a sitting position for 45 minutes while inhaling either 1% H2 or a control gas. H2 significantly augmented breath acetone and enhanced oxygen uptake during exercise (P < 0.01). However, it did not significantly change oxidative stress or antioxidant activity responses to exercise, nor did it significantly alter the breath acetone or oxygen uptake during prolonged resting states. These results suggest that inhaling H2 gas promotes an exercise-induced increase in hepatic lipid metabolism. The study was approved by the Ethical Committee of Chubu University, Japan (approved No. 260086-2) on March 29, 2018. ",Positive,Human,Liver,Excercise,Lipid Metabolism,Gas,N/A,Inhalation,,,Japan,,,,,,,,,,,,,,,,,,,,,,,,
67,"Hori, Amane","Sobue, Sayaka; Kurokawa, Ryosuke; Hirano, Shin-Ichi; Ichihara, Masatoshi","Hotta, Norio","Two-week continuous supplementation of hydrogen-rich water increases peak oxygen uptake during an incremental cycling exercise test in healthy humans: a randomized, single-blinded, placebo-controlled study ",2020,Medical Gas Research,10.4103/2045-9912.304223 ,"The various beneficial effects of the intake of molecular hydrogen (H2) have been demonstrated in the field of sports science. Although supplementation of H2 has been reported to increase mitochondrial metabolism in animal studies, the effects of the administration of H2 on aerobic capacity during exercise in humans are still not clear. We investigated whether a single or 2-week continuous intake of H2-rich water (HW) enhanced the aerobic capacity during incremental exercise in healthy humans. In this randomized, single-blinded, placebo-controlled experimental study, the participants performed an incremental cycling exercise to measure peak oxygen uptake and peak load before and after a single (500 mL) or a 2-week supplementation (total 5 L) of HW. In the latter experiment, the participants drank the 500 mL of HW on all weekdays (i.e., 10 times). The single intake of HW did not significantly increase peak oxygen uptake and peak load, and did not significantly alter the responses in oxidative stress, antioxidant activity, and lactate levels. However, importantly, the 2-week continuous consumption of HW significantly augmented peak oxygen uptake and tended to increase the peak load without any significant changes in lactate levels, oxidative stress, and antioxidant responses. In conclusion, the continuous supplementation of HW potentially augments the aerobic capacity, implying that continuous supplementation of H2 might help improve aerobic exercise performance and physical health. This study protocol was approved by the Ethical Committee of Chubu University (approval No. 260086-2) on March 29, 2018. ",Positive,Human,Whole Body,Excercise,Performance Enhancement,Water (Electrolysis),Neutral,Ingestion,,,Japan,,,,,,,,,,,,,,,,,,,,,,,,
69,"Ishibashi, Toru","Kawamoto, Kosuke; Matsuno, Kasumi; Ishihara, Genki; Baba, Takamichi","Komori, Nobuaki",Peripheral endothelial function can be improved by daily consumption of water containing over 7 ppm of dissolved hydrogen: A randomized controlled trial,2020,PLoS One,10.1371/journal.pone.0233484 ,"Background: Measurement of the reactive hyperemia index (RHI) using peripheral arterial tonometry (PAT) has shown benefits in the evaluation of vascular endothelial function and prediction of cardiovascular disease prognosis. Thus, it is important to examine the factors that promote the RHI. In this study, we aimed to investigate the effect of molecular hydrogen (H2) on reactive hyperemia-PAT of the small arteries of fingers in healthy people. Methods: To determine the efficacy of H2 for improving peripheral vascular endothelial function, water containing high H2 concentrations was administered to participants, and the Ln_RHI was measured in the finger vasculature. Sixty-eight volunteers were randomly divided into two groups: a placebo group (n = 34) that drank molecular nitrogen (N2)-containing water and a high H2 group (n = 34) that drank high H2 water (containing 7 ppm of H2: 3.5 mg H2 in 500-mL water). The Ln_RHI was measured before ingesting the placebo or high H2 water, 1 h and 24 h after the first ingestion, and 14 days after daily ingestion of high H2 water or the placebo. The mixed effects model for repeated measures was used in data analysis. Results: The high H2 group had a significantly greater improvement in Ln_RHI than the placebo group. Ln_RHI improved by 22.2% (p<0.05) at 24 h after the first ingestion of high H2 water and by 25.4% (p<0.05) after the daily consumption of high H2 water for 2 weeks. Conclusions: Daily consumption of high H2 water improved the endothelial function of the arteries or arterioles assessed by the PAT test. The results suggest that the continuous consumption of high H2 water contributes to improved cardiovascular health.
",Positive,Human,Heart,Atherosclerosis,Inflammation,Water (Dissolved),Neutral,Ingestion,,,Japan,,,,,,,,,,,,,,,,,,,,,,,,
71,"Ito, Hiroto","Kabayama, Shigeru","Goto, Kazushige",Effects of electrolyzed hydrogen water ingestion during endurance exercise in a heated environment on body fluid balance and exercise performance ,2020,Temperature,10.1080/23328940.2020.1742056 ,"Electrolyzed hydrogen water (EHW) is generated at a cathode. It contains many hydrogen molecules with high alkaline properties. The physiological effects of ingesting EHW during endurance exercise are unclear. The purpose of this study was to determine the effects of ingesting EHW during endurance exercise in a heated environment on body fluid balance and exercise performance. Twelve triathletes (20.0 ± 1.3 years, 171 ± 6 cm, 60.6 ± 3.9 kg, __O2max 67.1 ± 3.8 mL/kg/min) performed pedaling exercise for 60 min at 65% of __O2max consuming either purified water (CON trial) or EHW (EHW trial) and then conducted an incremental pedaling test. Blood parameters, tissue temperature, and respiratory variables were determined during 60 min of exercise. The time to exhaustion (TTE) during the incremental pedaling test was also determined. Body weights were 1.1 ± 0.4 kg lower after exercise, with no significant differences between trials. Plasma volume and serum osmolality and blood sodium and potassium concentrations significantly changed with exercise, but no significant differences were observed between trials. The pH, blood lactate and bicarbonate concentrations, and changes in skin and muscle temperature did not significantly differ between the two trials. Energy expenditure during exercise was significantly (P = 0.04) lower in the EHW trial (13.2 ± 0.5 kcal/min) than in the CON trial (13.7 ± 0.4 kcal/min). TTE did not significantly differ between the trials. In conclusion, EHW ingestion during endurance exercise in a heated environment decreased energy expenditure but did not affect body fluid balance or exercise performance. Abbreviations: CON: control trial; CV: coefficient of variation; EHW: electrolyzed hydrogen water; HR: heart rate; RPE: rating of perceived exertion; SE: standard error; TP: total protein; TTE: time to exhaustion. ",Neutral,Human,Whole Body,Excercise,Performance Enhancement,Water (Electrolysis),Alkaline,Ingestion,,,Japan,,,,,,,,,,,,,,,,,,,,,,,,
86,"Korovljev, Darinka","Trivic, Tatjana; Stajer, Valdemar; Drid, Patrik; Sato, Bunpei","Ostojic, Sergej M.",Short-Term H2 Inhalation Improves Cognitive Function in Older Women: A Pilot Study,2020,International Journal of Gerontology,10.6890/IJGE.202005_14(2).0013,"We analyzed the effects of 4-week H2 inhalation on cognitive performance in women aged 65 and above. The participants (n = 13) were community-dwelling older women (age 68.0 ± 3.0 years; weight 66.9 ± 10.3 kg; height 161.1 ± 5.8 cm) who volunteered to participate in this open-label pilot trial (ClinicalTrials.gov, NCT02830854). The participants received H2 by inhalation for 15 min once per day for 4 weeks. The cognitive function was assessed using the Mini Mental State Exam (MMSE) and Alzheimer disease assessment scale cognitive subscale (ADAS-Cog) at baseline and at follow up. H2 intervention significantly increased total MMSE scores (for 14.2% on average; p < 0.01), thereby improving cognitive function from mild dementia at baseline (a score of 25.6 out of 30) to normal cognition at follow up (above a cut score of 27). In addition, ADAS-Cog scores were significantly improved by H2 inhalation, with better performance for word recall test (p < 0.01), and improved word recognition (p = 0.01) at post-administration, respectively. This pilot trial seems to corroborate previous animal studies, suggesting that gaseous H2 might be considered as a beneficial agent for age-related cognitive health.",Positive,Human,Brain,Aging,Cognitive Impairment,Gas,N/A,Inhalation,,,Serbia,,,,,,,,,,,,,,,,,,,,,,,,
90,"Kwon, Hye-Jin","Han, Sang-Beom","Park, Kyung-Won",Antioxidant Activity of Hydrogen Water Mask Pack Composed of Gel-Type Emulsion and Hydrogen Generation Powder ,2020,International Journal of Molecular Sciences,10.3390/ijms21249731 ,"In this study, hydrogen generation powder samples were prepared using zinc carbonate as a precursor, at a temperature varying from 400 to 700 °C in H2 atmosphere, and were characterized in terms of antioxidant activity. The concentration of dissolved hydrogen obtained by the powder samples was measured using a dissolved hydrogen meter as a function of time. In addition, the antioxidant activity of the samples was evaluated based on the Oyaizu's method, removal rate of ·OH radicals, and ferric reducing antioxidant power. Finally, the hydrogen mask pack was fabricated using the hydrogen generation powder sample and gel-type emulsion. In the clinical test on the mask pack, the effect of the mask on skin aging was characterized and compared to that of a commercial sample. The skin densities of the participants in the experimental group and the control group increased by 18.41% and 9.93% after 4 weeks, respectively. The improved skin density of the participants who used the hydrogen mask pack in the experimental group, might be attributed to the recovery effect of the hydrogen molecule in the mask pack on the denatured thick skin layer. ",Positive,Human,Skin,Aging,Oxidative Stress,Gas (Sustained Release),N/A,Pack,,,South Korea,,,,,,,,,,,,,,,,,,,,,,,,
91,"LaBaron, Tyler W.","Singh, Ram B.; Fatima, Ghizal; Kartikey, Kumar; Sharma, Jagdish P.; Ostojic, Sergej M.; Gvozdjakova, Anna; Kura, Branislav; Noda, Mami; Mojto, Viliam; Niaz, Mohammad Arif","Slezak, Jan","The Effects of 24-Week, High-Concentration Hydrogen-Rich Water on Body Composition, Blood Lipid Profiles and Inflammation Biomarkers in Men and Women with Metabolic Syndrome: A Randomized Controlled Trial ",2020,"Diabetes, Metabolic Syndrome and Obesity: Targets and Therapy",10.2147/DMSO.S240122 ,"Purpose: Metabolic syndrome is associated with several medical risk factors including dyslipidemia, hyperglycemia, and obesity, which has become a worldwide pandemic. The sequelae of this condition increase the risk of cardiovascular and neurological disease and increased mortality. Its pathophysiology is associated with redox dysregulation, excessive inflammation, and perturbation of cellular homeostasis. Molecular hydrogen (H2) may attenuate oxidative stress, improve cellular function, and reduce chronic inflammation. Pre-clinical and clinical studies have shown promising effects of H2-rich water (HRW) on specific features of metabolic syndrome, yet the effects of long-term, high-concentration HRW in this prevalent condition remain poorly addressed. Methods: We conducted a randomized, double-blinded, placebo-controlled trial in 60 subjects (30 men and 30 women) with metabolic syndrome. An initial observation period of one week was used to acquire baseline clinical data followed by randomization to either placebo or high-concentration HRW (> 5.5 millimoles of H2 per day) for 24 weeks. Results: Supplementation with high-concentration HRW significantly reduced blood cholesterol and glucose levels, attenuated serum hemoglobin A1c, and improved biomarkers of inflammation and redox homeostasis as compared to placebo (P < 0.05). Furthermore, H2 tended to promote a mild reduction in body mass index and waist-to-hip ratio. Conclusion: Our results give further credence that high-concentration HRW might have promising effects as a therapeutic modality for attenuating risk factors of metabolic syndrome.
",Positive,Human,Whole Body,Metabolic Syndrome,Lipid Metabolism,Water (Mg-Chemico),Alkaline,Ingestion,,,United States,,,,,,,,,,,,,,,,,,,,,,,,
108,"Moraadi, Behrooz","Saberi, Ebrahim; Hasani, Ali","Saheb, Arash Montazer",The role of drinking hydrogen-rich water produced by alkaline stick on resistance exercise in athletes,2020,Health Biotechnology and Biopharma,10.22034/HBB.2020.28,"In the double-blind study, the effect of drinking Hydrogen-Rich Water (HRW) producing by alkaline stick and tap water (placebo) on 9 male athletes in resistance training during 24 h were studied, and Lactate Dehydrogenase (LDH), Creatine Kinase (CPK) and Lactic Acid (LAC) levels in their blood samples were tested. The decrease of LAC and LDH values in the HRW group compared with the placebo were significant. However, the changes of CPK was not significant in neither of the experience. The results show that once drinking HRW has the appropriate effect on LAC decrease, LDH decrease and the resulted tiredness in resistance exercise. Henceforth, it could improve sport efficiency in professional athletes.",Positive,Human,Whole Body,Excercise,Fatigue,Water (Mg-Chemico),Alkaline,Ingestion,,,Iran,,,,,,,,,,,,,,,,,,,,,,,,
123,"Sim, Minju","Kim, Conh-Su; Shon, Woo-Jeong; Lee, Young-Kwan; Choi, Eun Young","Shin, Dong-Mi","Hydrogen-rich water reduces inflammatory responses and prevents apoptosis of peripheral blood cells in healthy adults: a randomized, double-blind, controlled trial ",2020,Nature Scientific Reports,10.1038/s41598-020-68930-2 ,"The evidence for the beneficial effects of drinking hydrogen-water (HW) is rare. We aimed to investigate the effects of HW consumption on oxidative stress and immune functions in healthy adults using systemic approaches of biochemical, cellular, and molecular nutrition. In a randomized, double-blind, placebo-controlled study, healthy adults (20-59 y) consumed either 1.5 L/d of HW (n = 20) or plain water (PW, n = 18) for 4 weeks. The changes from baseline to the 4th week in serum biological antioxidant potential (BAP), derivatives of reactive oxygen, and 8-Oxo-2'-deoxyguanosine did not differ between groups; however, in those aged ≥ 30 y, BAP increased greater in the HW group than the PW group. Apoptosis of peripheral blood mononuclear cells (PBMCs) was significantly less in the HW group. Flow cytometry analysis of CD4+, CD8+, CD20+, CD14+ and CD11b+ cells showed that the frequency of CD14+ cells decreased in the HW group. RNA-sequencing analysis of PBMCs demonstrated that the transcriptomes of the HW group were clearly distinguished from those of the PW group. Most notably, transcriptional networks of inflammatory responses and NF-_B signaling were significantly down-regulated in the HW group. These finding suggest HW increases antioxidant capacity thereby reducing inflammatory responses in healthy adults. ",Positive,Human,Blood,Blood Composition,Oxidative Stress,"Water, Commercial (Korean Hydrogen WateRr)",Neutral,Ingestion,,,South Korea,,,,,,,,,,,,,,,,,,,,,,,,
130,"Tanaka, Yoshiharu","Teraoka, Fumio; Nagakawa, Masafumi","Miwa, Nobuhiko","Dependencies of hydrogen-water on mineral-based hardness, temperatures and the container materials, and effects of the oral washing and drinking ",2020,Medical Gas Research,10.4103/2045-9912.285559 ,"Widely distributed electrolytic-generators for hydrogen-water are not fully considered for the dependencies of post-electrolytic values of the dissolved hydrogen concentration (DH) and the oxidation-reduction potential (ORP) on the properties of the pre-electrolytic water. We investigated the dependencies of DH and ORP on mineral-based hardness, temperatures and the container materials, and effects on the oral cavity by oral washing or drinking. Along with an increase in mineral-based water-hardness, DH decreased from 960 to 870 _g/L and the ORP unexpectedly increased from -460 to -320 mV. Purified water of almost zero hardness, however, caused a post-electrolytic DH as low as 80 _g/L and an ORP as high as +20 mV. Post-electrolytic DHs were not significantly changed (780-900 _g/L) upon electrolysis at 1.5-30°C and decreased at 40-50°C. The diffusion of hydrogen from the inside to the outside of the container was extremely small even after 12 hours for an aluminum- or stainless steel-made container, but not for containers made of diverse plastics. The ORP of the intact saliva was +136 mV, and decreased to +90 mV at 20 minutes after 1-minute oral-cramming of hydrogen-water, but returned to +135 mV after 60-minute leaving, showing a transient ORP-decrease in the saliva. Drinking-pause for 4 weeks after drinking hydrogen-water, however, saliva ORP, gradually but not instantly, increased to +60 to +80 mV, but upon drinking-resumption and 2 weeks thereafter, decreased again to -100 to -110 mV, suggesting that several-week hydrogen-water drinking caused a certain decrease in the saliva ORP. Thus, the present study provided the appropriate conditions such as hardness and temperatures for hydrogen-water production by the electrolytic generator, and the container materials suitable for hydrogen-water preservation. Furthermore, we clarified ORP changes of human saliva, being an indicator for human oxidative stress. The study was approved by the Medical Ethics Committee of the NPO (Non-Profitable Organization)-Corporate Japanese Center for Anti-Aging Medical Sciences (approval No. 09S02) on May 2, 2012. ",Positive,Human,Whole Body,ROS-Scavenging,Oxidative Stress,Water (Electrolysis),Alkaline,Ingestion,,,Japan,,,,,,,,,,,,,,,,,,,,,,,,
131,"Todorovic, Nikola","Javorac, Dejan; Stajer, Valdemar","Ostojic, Sergej M.",The Effects of Supersaturated Hydrogen-Rich Water Bathing on Biomarkers of Muscular Damage and Soreness Perception in Young Men Subjected to High-Intensity Eccentric Exercise ,2020,Journal of Sports Medicine,10.1155/2020/8836070 ,"High-intensity eccentric exercise can cause a delayed onset of muscle soreness (DOMS), a short-term condition characterized by muscle damage and tenderness that might hold up recovery and jeopardize exercise routine. Previous studies indicated that hydrogen-rich water (HRW) might be a helpful topical intervention to boost recovery in musculoskeletal medicine, yet no data are available concerning the effectiveness and safety of whole-body bathing with supersaturated HRW after DOMS-inducing exercise. This study evaluates the effects of a single-session bathing with HRW on biochemical markers of muscular damage in healthy young men. The six volunteers who were exposed to DOMS-inducing eccentric exercise were assigned to either supersaturated HRW or control whole-body bathing in a double-blind crossover design. Immediately after an exercise session, the participants were immersed up to the neck into a 200 L bathtub with supersaturated HRW (8 mg of H2 per L) or control water (no hydrogen) for 30 min. Blood biomarkers of inflammation and muscular damage and Visual Analogue Scale (VAS) scores for muscle soreness were assessed at baseline (before exercise) and at 24-hour follow-up. Two-way ANOVA revealed a significant difference between two groups in serum creatine kinase (CK) response over the period of intervention (P=0.04). A single-session bathing in HRW prevented a rise in circulating biomarkers of muscular damage induced by exercise at 24-hour follow-up, retaining the levels of all biomarkers similar to the baseline values (P > 0.05). On the other hand, serum CK, aldolase, and aspartate transaminase were significantly elevated at 24-hour follow-up as compared to the baseline levels after the control bath (342 ± 309 U/L vs. 465 ± 295 U/L; P > 0.05). HRW bath also induced a significant drop in VAS scores for muscle soreness in comparison with control water, both immediately after an intervention (32.7 ± 8.6% vs. 20.0 ± 12.8%; P=0.02) and at 24-hour follow-up (31.6 ± 24.3% vs. 22.4 ± 27.5%; P=0.03), respectively. No participants reported any major side effects during the trial. This pilot study suggests that the whole-body bathing in supersaturated HRW is a safe procedure that attenuates muscular damage and can ease sore muscles after high-intensity eccentric exercise. ",Positive,Human,Whole Body,Excercise,Fatigue,Water (Mg-Chemico),Alkaline,Bath,,,Serbia,,,,,,,,,,,,,,,,,,,,,,,,
150,"Zanini, D.","Stajer, V.","Ostojic, Sergej M.",Hydrogen vs. Caffeine for Improved Alertness in Sleep-Deprived Humans,2020,Neurophysiology,10.1007/s11062-020-09852-7,"Molecular hydrogen (H2) has been suggested as an agent capable of exerting neuromodulating effects; yet, its potential to affect brain circuits linked to alertness remains poorly examined. In this randomized controlled cross-over pilot trial, we compared acute effects of single-dose hydrogen-rich water (HRW) and caffeine on estimates by the Visual Analog Scale (VAS) for alertness and on Attention Network Test (ANT) subscales in 23 young healthy men and women (21.6 ± 1.3 years) who were sleep-deprived for 24 hours. Caffeine induced a significant increase in VAS-estimated alertness (1.6 points, P = 0.01); HRW also increased VAS alertness for 1.7 points on average (P = 0.003). Both caffeine and HRW acutely affected markers of alertness in young sleep-deprived men and women. Caffeine induced a significant drop in alerting (19.9%, P = 0.01) and executive control in a 15-min follow up (7.3%, P = 0.03), while HRW caused a significant reduction in the orientation at post-administration (2.4%, P = 0.05). However, no differences were found between interventions (treatment vs. time interaction) for all evaluated outcomes of alertness (P > 0.05), with the effects similar among interventions. HRW displayed no side effects and, therefore, might be advanced as a safe and effective alternative to caffeine for sleep deprivation, although more studies are needed to corroborate and expand these preliminary findings.",Positive,Human,Brain,Sleep Deprivation,Fatigue,Water (Mg-Chemico),Alkaline,Ingestion,Caffeine,,Serbia,,,,,,,,,,,,,,,,,,,,,,,,
158,"Asada, Ryoko","Saitoh, Yasukazu","Miwa, Nobuhiko","Effects of hydrogen-rich water bath on visceral fat and skin blotch, with boiling-resistant hydrogen bubbles ",2019,Medical Gas Research,10.4103/2045-9912.260647 ,"Hydrogen-dissolved water has been shown to improve diverse oxidation stress-related diseases, which drove us to examine effects of hydrogen-rich water on oxidation stress-related skin troubles and lipid-metabolism markers. The purpose of this study is whether the dissolved hydrogen in hydrogen-rich water was kept even after boiling, and whether hydrogen-bath utilization improves cosmetic effects such as skin-blotch repression and the visceral-fat-based slimming effects. The subjects were two men and two women, aged 48, 43, 42, and 41 years (n = 4). They took warm (41°C) water bath of dissolved hydrogen 300-310 _g/L (< 10 _g/L for normal water) for 10-minute once daily for 1-6 months, followed by examination of skin blotch, visceral fat, and cholesterol and glucose metabolisms. The dissolved hydrogen concentration was measured after 15-minute boiling and the subsequent cooling naturally. The wide-ranging, dense, and irregularly shaped skin blotches became markedly smaller and thinner, assumedly through reductive bleaching of melanin and lipofuscin and promotion of dermal cell renewal by the hydrogen-rich warm water. Ultrasonic resonance-based analysis on the abdominal cross-section revealed that the visceral fat area decreased from 47 to 36 cm[2], and the abdominal circumference decreased from 91 to 82 cm, in the two female subjects bathing in hydrogen-water. After 6-month hydrogen-water bathing, the low-density lipoprotein cholesterol level was decreased by 16.2% and the fasting blood glucose level increased by 13.6% in the blood of a female subject. Before boiling, the dissolved hydrogen and an oxidation-reduced potential were 300 _g/L and -115 mV, respectively. Dissolved hydrogen was retained at 300-175 _g/L and 200 _g/L, even 1-6 hours and 24 hours, respectively, after boiling. Therefore, a hydrogen-rich water-bath apparatus can electrolytically generate abundant boiling-resistant hydrogen bubbles, improving visceral fat and blotches on the skin. The study was approved by the Medical Ethics Committee of the Japanese Center for Anti-Aging Medical Sciences and that was officially authenticated by the Hiroshima Prefecture Government of Japan (approval number 15C1) in 2016. ",Positive,Human,Skin,Cosmetic Issues,Lipid Metabolism,Water (Electrolysis),Neutral,Bath,,,Japan,,,,,,,,,,,,,,,,,,,,,,,,
161,"Botek, Michal","Krejci, Jakub; McKune, Andrew J., Sladeckova, Barbora","Naumovski, Nenad","Hydrogen Rich Water Improved Ventilatory, Perceptual and Lactate Responses to Exercise",2019,International Journal of Sports Medicine,10.1055/a-0991-0268 ,"The potential anti-fatigue and performance benefits of hydrogen rich water (HRW) have resulted in increased research interest over the past 5 years. The aim of this study was to assess physiological and perceptual responses to an incremental exercise protocol after administration of 600 ml HRW within 30 min before exercise. This randomized, double blinded placebo-controlled cross over study included twelve healthy males aged 27.1±4.9 years. The exercise protocol consisted of a 10 min warm-up at 1.0 W.kg-1, followed by 8 min at 2.0, 3.0, and 4.0 W.kg-1, respectively. Cardio-respiratory variables, lactate and ratings of perceived exertion (RPE) were assessed in the last minute of each step. A significantly lower blood lactate was found with HRW (4.0±1.6 and 8.9±2.2 mmol.l-1) compared to Placebo (5.1±1.9 and 10.6±3.0 mmol.l-1) at 3.0, and 4.0 W.kg-1, respectively. Ventilatory equivalent for oxygen and RPE exhibited significantly lower values with HRW (32.3±7.2, and 17.8±1.2 points, respectively) compared to Placebo (35.0±8.4, and 18.5±0.8 points, respectively) at 4 W.kg-1. To conclude, acute pre-exercise supplementation with HRW reduced blood lactate at higher exercise intensities, improved exercise-induced perception of effort, and ventilatory efficiency.",Positive,Human,Whole Body,Excercise,Performance Enhancement,Water (Electrolysis),Neutral,Ingestion,,,Czech Republic,,,,,,,,,,,,,,,,,,,,,,,,
199,"Javorac, Dejan","Stajer, Valdemar; Ratgeber, Laszlo; Betlehem, Jozsef","Ostojic, Sergej M.",Short-term H2 inhalation improves running performance and torso strength in healthy adults,2019,Biology of Sport,10.5114/biolsport.2019.88756,"In this randomized, double-blind, placebo-controlled, crossover pilot trial, we evaluated the effects of 7-day H2 inhalation on exercise performance outcomes and serum hormonal and inflammation profiles in a cohort of young men and women. All participants (age 22.9 ± 1.5 years; body mass index 23.4 ± 2.5 kg m-2; 10 women and 10 men) were allocated to receive either gaseous hydrogen (4%) or placebo (room air) by 20-min once-per-day inhalation for 7 days, with a wash-out period of 7 days to prevent the residual effects of interventions across study periods. The primary treatment outcome was the change in running time-to-exhaustion in the incremental maximal test from baseline to day 7. Additionally, assessment of other exercise performance endpoints and clinical chemistry biomarkers was performed at baseline and at 7 days after each intervention. The trial was registered at ClinicalTrials.gov (ID NCT03846141). Breathing 4% hydrogen for 20 min per day resulted in increased peak running velocity (by up to 4.2%) as compared to air inhalation (P = 0.05). Hydrogen inhalation resulted in a notable drop in serum insulin-like growth factor 1 (IGF-1) by 48.2 ng/mL at follow-up (95% confidence interval [CI]: from -186.7 to 89.3) (P < 0.05), while IGF-1 levels were elevated by 59.3 ng/mL after placebo intervention (95% CI; from -110.7 to 229.5) (P < 0.05). Inhalational hydrogen appears to show ergogenic properties in healthy men and women. Gaseous H2 should be further evaluated for its efficacy and safety in an athletic environment.",Positive,Human,Whole Body,Excercise,Performance Enhancement,Gas,N/A,Inhalation,,,Serbia,,,,,,,,,,,,,,,,,,,,,,,,
207,"Korovljev, Darinka","Stajer, Valdemar; Ostojic, Jelena; LaBaron, Tyler W.","Ostojic, Sergej M.",Hydrogen-rich water reduces liver fat accumulation and improves liver enzyme profiles in patients with non-alcoholic fatty liver disease: a randomized controlled pilot trial ,2019,Gastroenterology Clinical Biology,10.1016/j.clinre.2019.03.008 ,"Background and aims: While non-alcoholic fatty liver disease (NAFLD) is rapidly becoming the most common liver disease worldwide, its treatment remains elusive. Since metabolic impairment plays a major role in NAFLD pathogenesis, any pharmaceuticals, such as molecular hydrogen (H2), that advance lipid and glucose metabolism could be appropriate to tackle this complex condition. The aim of this study was to analyze the effects of 28-day hydrogen-rich water intake on liver fat deposition, body composition and lab chemistry profiles in overweight patients suffering from mild-to-moderate NAFLD. Methods: Twelve overweight outpatients with NAFLD (age 56.2 ± 10.0 years; body mass index 37.7 ± 5.3 kg/m2; 7 women and 5 men) voluntarily participated in this double-blind, placebo-controlled, crossover trial. All patients were allocated to receive either 1 L per day of hydrogen-rich water (HRW) or placebo water for 28 days. The study was registered at ClinicalTrials.gov (ID NCT03625362). Results: Dual-echo MRI revealed that HRW significantly reduced liver fat accumulation in individual liver regions-of-interest at 28-day follow-up, as compared to placebo administration (P < 0.05). Baseline liver fat content was reduced from 284.0 ± 118.1 mM to 256.5 ± 108.3 mM after hydrogen treatment at 28-day follow-up (percent change 2.9%; 95% CI from 0.5 to 5.5). Serum aspartate transaminase levels dropped by 10.0% (95% CI; from -23.2 to 3.4) after hydrogen treatment at 28-day follow-up. No significant differences were observed between treatment groups in either weight or body composition among participants. Conclusions: Although preliminary, the results of this trial perhaps nominate HRW as an adjuvant treatment for mild-to-moderate NAFLD. These observations provide a rationale for further clinical trials to establish safety and efficacy of molecular hydrogen in NAFLD.",Positive,Human,Liver,Fatty Liver Disease (Nonalcoholic),Lipid Metabolism,Water (Mg-Chemico),Alkaline,Ingestion,,,Serbia,,,,,,,,,,,,,,,,,,,,,,,,
211,"LaBaron, Tyler W.","Larson, Abigail J.; Ohta, Shigeo; Mikami, Toshio; Barlow, Jordon; Bulloch, Josh","DeBliso, Mark","Acute Supplementation with Molecular Hydrogen Benefits Submaximal Exercise Indices. Randomized, Double-Blinded, Placebo-Controlled Crossover Pilot Study",2019,Journal of Lifestyle Medicine,10.15280/jlm.2019.9.1.36 ,"Background: Clinical studies have reported hydrogen-rich water (HRW) to have therapeutic and ergogenic effects. The aim of this study was to determine the effect of acute supplementation with HRW on exercise performance as measured by VO2, respiratory exchange ratio (RER), heart rate (HR), and respiratory rate (RR). Methods: Baseline levels of all exercise indices were determined in nineteen (4 female, 23.4 ± 9.1 yr; 15 male, 30.5 ± 6.8 yr) healthy subjects using a graded treadmill exercise test to exhaustion. Each subject was examined two additional times in a randomized double-blinded, placebo-controlled crossover fashion. Subjects received either HRW or placebo, which was consumed the day before and the day of the testing. HRW was delivered using the hydrogen-producing tablets, DrinkHRW (5 mg of H2). All data was analyzed with SPSS using pairwise comparisons with Bonferroni adjustment. Results: HRW supplementation did not influence maximal or minimal indices of exercise performance (VO2, RER, HR and RR) (p < 0.05). However, HRW significantly decreased average exercising RR and HR (p < 0.05). HRW decreased exercising HR during minutes 1-9 of the graded exercise test (121 ± 26 bpm) compared to placebo (126 ± 26 bpm) and baseline (124 ± 27 bpm) (p < 0.001) without substantially influencing VO2. Conclusion: Acute supplementation of DrinkHRW tablets may benefit submaximal aerobic exercise performance by lowering exercising HR. Further studies are needed to determine the influence and practical significance of HRW on varying exercise intensities as well as optimal dosing protocols and the effects of chronic use.
",Positive,Human,Whole Body,Excercise,Performance Enhancement,Water (Mg-Chemico),Alkaline,Ingestion,,,United States,,,,,,,,,,,,,,,,,,,,,,,,
221,"Mikami, Toshio","Tano, Kohei; Lee, Hosung; Lee, Hyowon; Park, Jonghyuk; Ohta, Fumiaki; LeBaron, Tyler W.","Ohta, Shigeo","Drinking hydrogen water enhances endurance and relieves psychometric fatigue: a randomized, double-blind, placebo-controlled study",2019,Canadian Journal of Physiology and Pharmacology,10.1139/cjpp-2019-0059,"Acute physical exercise increases reactive oxygen species in skeletal muscle, leading to tissue damage and fatigue. Molecular hydrogen (H2) acts as a therapeutic antioxidant directly or indirectly by inducing antioxidative enzymes. Here, we examined the effects of drinking H2 water (H2-infused water) on psychometric fatigue and endurance capacity in a randomized, double-blind, placebo-controlled fashion. In Experiment 1, all participants drank only placebo water in the first cycle ergometer exercise session, and for comparison they drank either H2 water or placebo water 30 min before exercise in the second examination. In these healthy non-trained participants (n = 99), psychometric fatigue judged by visual analogue scales was significantly decreased in the H2 group after mild exercise. When each group was divided into 2 subgroups, the subgroup with higher visual analogue scale values was more sensitive to the effect of H2. In Experiment 2, trained participants (n = 60) were subjected to moderate exercise by cycle ergometer in a similar way as in Experiment 1, but exercise was performed 10 min after drinking H2 water. Endurance and fatigue were significantly improved in the H2 group as judged by maximal oxygen consumption and Borg's scale, respectively. Taken together, drinking H2 water just before exercise exhibited anti-fatigue and endurance effects.",Positive,Human,Whole Body,Excercise,Fatigue,"Water, Commercial (Blue Mercury)",Neutral,Ingestion,,,Japan,,,,,,,,,,,,,,,,,,,,,,,,
232,"Sha, Ji-Bin","Zhang, Shuang-Shuang; Lu, Yi-Ming; Gong, Wen-Jing; Jiang, Xiao-Ping; Wang, Jian-Jun; Qiao, Tong-Ling; Zhang, Hong-Hong; Zhao, Min-Qian; Wang, Da-Peng; Xia, Hua; Li, Zhong-Wei; Chen, Jian-Liang; Zhang, Lin","Zhang, Cheng-Gang","Effects of the long-term consumption of hydrogen-rich water on the antioxidant activity and the gut flora in female juvenile soccer players from Suzhou, China ",2019,Medical Gas Research,10.4103/2045-9912.248263 ,"Expending a considerable amount of physical energy inevitably leads to fatigue during both training and competition in football. An increasing number of experimental findings have confirmed the relationship between the generation and clearance of free radicals, fatigue, and exercise injury. Recently, hydrogen was identified as a new selective antioxidant with potential beneficial applications in sports. The present study evaluated the effect of 2-month consumption of hydrogen-rich water on the gut flora in juvenile female soccer players from Suzhou. As demonstrated by enzyme linked immunosorbent assay and 16S rDNA sequence analysis of stool samples, the consumption of hydrogen-rich water for two months significantly reduced serum malondialdehyde, interleukin-1, interleukin-6, tumour necrosis factor-_ levels; then significantly increased serum superoxide dismutase, total antioxidant capacity levels and haemoglobin levels of whole blood. Furthermore, the consumption of hydrogen-rich water improved the diversity and abundance of the gut flora in athletes. All examined indices, including the shannon, sobs, ace, and chao indices, were higher in the control group than those proposed to result from hydrogen-rich water consumption prior to the trial, but these indices were all reversed and were higher than those in the controls after the 2-month intervention. Nevertheless, there were some differences in the gut flora components of these two groups before the trial, whereas there were no significant changes in the gut flora composition during the trial period. Thus, the consumption of hydrogen-rich water for two months might play a role modulating in the gut flora of athletes based on its selective antioxidant and anti-inflammatory activities. The study protocol was approved by the ethics committee of the Suzhou Sports School (approved number: SSS-EC150903). ",Positive,Human,Intestine,Excercise,Gut Microbiome,Water (Dissolved),Neutral,Ingestion,,,China,,,,,,,,,,,,,,,,,,,,,,,,
236,"Tanaka, Yoshiharu","Saihara, Yasuhiro; Izumotani, Kyoko","Nakamura, Hajime","Daily ingestion of alkaline electrolyzed water containing hydrogen influences human health, including gastrointestinal symptoms",2019,Medical Gas Research,10.4103/2045-9912.248267 ,"In Japan, alkaline electrolyzed water (AEW) apparatus have been approved as a medical device. And for the patients with gastrointestinal symptoms, drinking AEW has been found to be effective in relieving gastrointestinal symptoms. But some users of AEW apparatus do not have abdominal indefinite complaint. Little attention has been given to the benefit for the users which have no abdominal indefinite complaint. The object of this study is to evaluate the effect on health, including gastrointestinal symptoms, when a person without abdominal indefinite complaint, etc., drinks AEW on a daily basis. A double-blind, randomized controlled trial has been designed. Four-week period of everyday water drinking, PW drinking group: drink purified tap water as a placebo, AEW drinking group: drink alkaline electrolyzed water which made by electrolysis of purified tap water. Before the experiment and after the 4-week period of water drinking, Blood tests, physical fitness evaluations, and questionnaire evaluations is conducted. In this study, we did not specifically select patients with gastrointestinal symptoms. Sufficiently clear effect could not be confirmed. But the stools were more normal, and, as shown in the previous report, that drinking AEW is considered to contribute to intestinal normalization. In addition, when drinking AEW, a high proportion of the respondents said that they felt they were able to sleep soundly, and the proportion of subjects who answered that they felt good when awakening increased. The effect of reducing oxidative stress, thus allowing for improved sleep, was exhibited by drinking AEW containing hydrogen, which is considered to be an antioxidant substance. This research were approved by the Ethics Committee of the Osaka City University Graduate School of Medicine (No. 837) and were registered in the University Hospital Medical Information Network (UMIN) Clinical Trials Registry (UMIN ID: UMIN000031800) on March 22, 2018. ",Positive,Human,Intestine,Irritable Bowel Syndrome (IBS),Constipation,Water (Electrolysis),Alkaline,Ingestion,,,Japan,,,,,,,,,,,,,,,,,,,,,,,,
274,"Chycki, Jakub","Kurylas, Anna; Maszczyk, Adam; Golas, Artur","Zajac, Adam",Alkaline water improves exercise-induced metabolic acidosis and enhances anaerobic exercise performance in combat sport athletes,2018,PLoS One,10.1371/journal.pone.0205708,"Hydration is one of the most significant issues for combat sports as athletes often use water restriction for quick weight loss before competition. It appears that alkaline water can be an effective alternative to sodium bicarbonate in preventing the effects of exercise-induced metabolic acidosis. Therefore, the main aim of the present study was to investigate, in a double blind, placebo controlled randomized study, the impact of mineral-based highly alkaline water on acid-base balance, hydration status, and anaerobic capacity. Sixteen well trained combat sport athletes (n = 16), were randomly divided into two groups; the experimental group (EG; n = 8), which ingested highly alkaline water for three weeks, and the control group (CG; n = 8), which received regular table water. Anaerobic performance was evaluated by two double 30 s Wingate tests for lower and upper limbs, respectively, with a passive rest interval of 3 minutes between the bouts of exercise. Fingertip capillary blood samples for the assessment of lactate concentration were drawn at rest and during the 3rd min of recovery. In addition, acid-base equilibrium and electrolyte status were evaluated. Urine samples were evaluated for specific gravity and pH. The results indicate that drinking alkalized water enhances hydration, improves acid-base balance and anaerobic exercise performance.",Positive,Human,Whole Body,Excercise,Performance Enhancement,Water (Mg-Chemico),Alkaline,Ingestion,,,Poland,,,,,,,,,,,,,,,,,,,,,,,,
275,"Da Ponte, Alessandro","Giovanelli, Nicola; Nigris, Daniele","Lazzer, Stefano",Effects of hydrogen rich water on prolonged intermittent exercise,2018,Journal of Sports Medicine and Physical Fitness,10.23736/S0022-4707.17.06883-9 ,"Background: Recent studies showed a positive effect of Hydrogen Rich Water (HRW) intake on acid-basic homeostasis at rest. We investigated 2-weeks of HRW intake on repeated sprint performance and acid-base status during prolonged intermittent cycling exercise. Methods: In a cross over single-blind protocol, eight trained male cyclists (age [mean ± SD] 41±7 years, body mass 72.3±4.4 kg, height 1.77±0.04 m, maximal oxygen uptake [__ O2max] 52.6±4.4 ml·kg-1·min-1) were provided daily with 2 liters of placebo normal water (PLA, pH 7.6, oxidation/reduction potential [ORP] +230 mV, free hydrogen content 0 ppb) or HRW (pH 9.8, ORP -180 mV, free Hydrogen 450 ppb). Tests were performed at baseline and after each period of two weeks of treatment. The treatments were counter-balanced and the sequence randomized. The 30-min intermittent cycling trial consisted in ten 3-min blocks, each one composed by 90 sec at 40% __ O2max, 60 sec at 60% __ O2max, 16 sec all out sprint, and 14 sec active recovery. Oxygen uptake (__ O2), heart rate and power output were measured during the whole test, while mean and peak power output (PPO), time to peak power and fatigue index (FI) were determined during all the 16 sec sprints. Lactate, pH and bicarbonate [HCO3-] concentrations were determined at rest and after each sprint on blood obtained by an antecubital vein indwelling catheter. Results: In the PLA group, PPO in absolute values decreased significantly at the 8th and 9th of 10 sprints and in relative values, _PPO, decrease significantly at 6th, 8th and 9th of 10 sprints (by mean: -12±5%, p<0.006), while it remained unchanged in HRW group. Mean power, FI, time to peak power and total work showed no differences between groups. In both conditions lactate levels increased while pH and [HCO3-] decreased progressively as a function of the number of sprints. Conclusions: Two weeks of HRW intake may help to maintain PPO in repetitive sprints to exhaustion over 30 minutes.",Positive,Human,Whole Body,Excercise,Performance Enhancement,Water (Electrolysis),Neutral,Ingestion,,,Italy,,,,,,,,,,,,,,,,,,,,,,,,
303,"Korovljev, Darinka","Trivic, T.; Drid, P.","Ostojic, Sergej M.","Molecular hydrogen affects body composition, metabolic profiles, and mitochondrial function in middle-aged overweight women ",2018,Irish Journal of Medical Science,10.1007/s11845-017-1638-4 ,"Background: Molecular hydrogen (H2) effectively treats obesity-related disorders in animal models, yet no studies have investigated the effectiveness and safety of H2 for improving biomarkers of obesity in humans. Aim: In this double blind, placebo-controlled, crossover pilot trial, we evaluated the effects of H2 intervention on body composition, hormonal status, and mitochondrial function in ten (n = 10) middle-aged overweight women. Methods: Volunteers received either hydrogen-generating minerals (supplying ~6 ppm of H2 per day) or placebo by oral administration of caplets for 4 weeks. The primary end-point of treatment efficacy was the change in the body fat percentage from baseline to 4 weeks. In addition, assessment of other body composition indices, screening laboratory studies, and evaluation of side effects were performed before and at follow-up. Clinical trial registration www.clinicaltrials.gov , ID number NCT02832219. Results: No significant differences were observed between treatment groups for changes in weight, body mass index, and body circumferences at 4-week follow-up (P > 0.05). H2 treatment significantly reduced body fat percentage (3.2 vs. 0.9%, P = 0.05) and arm fat index (9.7 vs. 6.0%, P = 0.01) compared to placebo administration, respectively. This was accompanied by a significant drop in serum triglycerides after H2 intervention comparing to placebo (21.3 vs. 6.5%; P = 0.04), while other blood lipids remained stable during the study (P > 0.05). Fasting serum insulin levels dropped by 5.4% after H2 administration, while placebo intervention augmented insulin response by 29.3% (P = 0.01). Conclusions: It appears that orally administered H2 as a blend of hydrogen-generating minerals might be a beneficial agent in the management of body composition and insulin resistance in obesity.
",Positive,Human,Whole Body,Obesity,Hormones,Water (Mg-Chemico),Alkaline,Ingestion,,,Serbia,,,,,,,,,,,,,,,,,,,,,,,,
318,"Mizuno, Kei","Sasaki, Akihiro T.; Ebisu, Kyoko; Tajima, Kanako; Kajimoto, Osami; Nojima, Junzo; Kuratsune, Hirohiko; Hori, Hiroshi","Watanabe, Yasuyoshi","Hydrogen-rich water for improvements of mood, anxiety, and autonomic nerve function in daily life",2018,Medical Gas Research,10.4103/2045-9912.222448 ,"Health and a vibrant life are sought by everyone. To improve quality of life (QOL), maintain a healthy state, and prevent various diseases, evaluations of the effects of potentially QOL-increasing factors are important. Chronic oxidative stress and inflammation cause deteriorations in central nervous system function, leading to low QOL. In healthy individuals, aging, job stress, and cognitive load over several hours also induce increases in oxidative stress, suggesting that preventing the accumulation of oxidative stress caused by daily stress and daily work contributes to maintaining QOL and ameliorating the effects of aging. Hydrogen has anti-oxidant activity and can prevent inflammation, and may thus contribute to improve QOL. The present study aimed to investigate the effects of drinking hydrogen-rich water (HRW) on the QOL of adult volunteers using psychophysiological tests, including questionnaires and tests of autonomic nerve function and cognitive function. In this double-blinded, placebo-controlled study with a two-way crossover design, 26 volunteers (13 females, 13 males; mean age, 34.4 ± 9.9 years) were randomized to either a group administered oral HRW (600 mL/d) or placebo water (PLW, 600 mL/d) for 4 weeks. Change ratios (post-treatment/pre-treatment) for K6 score and sympathetic nerve activity during the resting state were significantly lower after HRW administration than after PLW administration. These results suggest that HRW may reinforce QOL through effects that increase central nervous system functions involving mood, anxiety, and autonomic nerve function. ",Positive,Human,Brain,Anxiety,Oxidative Stress,Water (Dissolved),Neutral,Ingestion,,,Japan,,,,,,,,,,,,,,,,,,,,,,,,
336,"Shin, Dong-Sung","Jung, Sung-Hoon; Hong, Eun-Young; Shin, Youn-Ho; Park, Jae-Yeo; Chung, Myung-Hee","Ro, Jai Youl",Removal Effect of Hydrogen Water Drinking on Exercise-induced Production of Reactive Oxygen Species in Adult Men and Women,2018,Excercise Science,10.15857/ksep.2018.27.4.289,"PURPOSE This study aimed to investigate whether hydrogen (H2) water drinking reduced oxidative damage products (8-hydroxy-2-deoxyguanosine [8-oxo-dG], malondialdehyde [MDA], L-lactate) produced in blood after exercise-induced oxidative stress. METHODS Men (n=7) and women (n=8) (systolic blood pressure [BP]: 90-150 mmHg, diastolic BP: 60-100 mmHg) were recruited. Exercise was performed for 20 minutes (8 km/hr) using treadmill. Placebo or test group drunk water and hydrogen water (1.2-1.5 ppm, 1,000 mL), respectively, right after exercise. Three days after, the same experiment was performed in the cross-over manner. Blood samples were obtained 30 minutes before exercise, right after exercise, and 30, 60, 120 minutes after exercise. 8-oxo-dG, MDA and L-lactate in serum were determined using ELISA kit. RESULTS The blood levels of 8-oxo-dG were significantly increased after exercise (from 381±9.4 to 524±14.9 ng/mL for male; from 367±13.5 to 509±10.7 ng/mL for female). In the placebo group, the increased 8-oxo-dG at each time was not significantly different from the peak level induced by the exercise except that at 120 minutes in female. In the test group, its levels at each time were significantly lower than that in the peak level. The effect of hydrogen water was more pronounced in female than in male. The results obtained with MDA were quite similar to those with 8-oxo-dG. The L-lactate levels were not significant statistically in both groups. CONCLUSIONS The data suggest that the one time drinking of hydrogen water may suppress the exercise-induced oxidative stress.",Positive,Human,Whole Body,Excercise,Fatigue,Water (Dissolved),Neutral,Ingestion,,,South Korea,,,,,,,,,,,,,,,,,,,,,,,,
340,"Tanaka, Yoshiharu","Saitoh, Yasukazu","Miwa, Nobuhiko","Electrolytically generated hydrogen warm water cleanses the keratin-plug-clogged hair-pores and promotes the capillary blood-streams, more markedly than normal warm water does",2018,Medical Gas Research,10.4103/2045-9912.229598 ,"Biomedical properties of hydrogen water have been extensively investigated, but the effect of hydrogen on good healthy subjects remains unclear. This study was designed to explore the hygiene improvement by electrolytically generated hydrogen warm water (40°C) on capillary blood streams, skin moisture, and keratin plugs in skin pores in normal good healthy subjects with their informed consents. Fingertip-capillary blood stream was estimated after hand-immersing in hydrogen warm water by videography using a CCD-based microscope, and the blood flow levels increased to about 120% versus normal warm water, after 60 minutes of the hand-immersing termination. Skin moisture of subjects was assessed using an electro-conductivity-based skin moisture meter. Immediately after taking a bath filled with hydrogen warm water, the skin moisture increased by 5-10% as compared to before bathing, which was kept on for the 7-day test, but indistinct, because of lower solubility of hydrogen in 'warm' water than in room-temperature water. Cleansing of keratin plugs in skin-pores was assessed by stereoscopic microscopy and scanning electron microscopy. After hydrogen warm water bathing, the numbers of cleansed keratin plugs also increased on cheek of subjects 2.30- to 4.47-fold as many as the control for normal warm water. And areas of cleansed keratin plugs in the cheeks increased about 1.3-fold as much as the control. More marked improvements were observed on cheeks than on nostrils. Hydrogen warm water may thoroughly cleanse even keratin-plugs of residual amounts that could not be cleansed by normal warm water, through its permeability into wide-ranged portions of hair-pores, and promote the fingertip blood streams more markedly than merely through warmness due to normal warm water. ",Positive,Human,Skin,Cosmetic Issues,Keratin Plugs,Water (Electrolysis),Neutral,Bath,,,Japan,,,,,,,,,,,,,,,,,,,,,,,,
431,"Sun, Yue-Peng",,"Sun, Liang",Selective protective effect of hydrogen water on free radical injury of athletes after high-intensity exercise,2017,Biomedical Research,https://www.alliedacademies.org/articles/selective-protective-effect-of-hydrogen-water-on-free-radical-injury-of-athletes-after-highintensity-exercise.html,"Objective: This study aims to investigate the selective protective effect of hydrogen water on the free radical injury of athletes after high-intensity exercise and to provide a reliable method for reducing oxidative stress injury of athletes. Methods: A total of 60 athletes from the swimming team in our city were selected as the research subjects. They were divided into the control group and hydrogen water group according to different intervention methods. The athletes in the control group were treated with placebo, and the athletes in the hydrogen water group were supplemented with hydrogen water. The serum superoxide anions, Serum Superoxide Dismutase (SOD) activities, and total antioxidant capacities of athletes were compared between the two groups. Results: The serum superoxide anions, serum SOD activities, and total antioxidant capacities of athletes during and after training were significantly superior to those of the control group (P<0.05), and the difference was statistically significant. Conclusion: Hydrogen water supplement could effectively reduce the oxidized substances in athletes before, during, and after exercise and could prevent the free radical injury caused by high-intensity exercise.",Positive,Human,Whole Body,Excercise,Oxidative Stress,Water (Dissolved),Neutral,Ingestion,,,China,,,,,,,,,,,,,,,,,,,,,,,,
436,"Trivic, Tatjana","Vojnovic, Matilda; Drid, Patrik","Ostojic, Sergej M.",Drinking hydrogen-rich water for 4 weeks positively affects serum antioxidant enzymes in healthy men: a pilot study,2017,Current Topics in Neutraceutical Research,https://www.researchgate.net/publication/318701337_Drinking_hydrogen-rich_water_for_4_weeks_positively_affects_serum_antioxidant_enzymes_in_healthy_men_a_pilot_study,"Molecular hydrogen is an experimental therapeutic agent in biomedicine, however its effects on serum antioxidant markers are poorly described so far. Sixteen healthy men (age 24.6 ± 3.6 years, height 183.3 ± 4.4 cm; weight 83.5 ± 12. 5 kg) participated in this randomized, double blind, placebo-control pilot study. The participants were assigned to receive either 300 mL per day of oral hydrogen-rich water or placebo (tap water) for 4 weeks, and were evaluated at baseline, and following 4-weeks of intervention. Hydrogen-rich water intervention significantly improved serum activities of superoxide dismutase and glutathione as compared to the placebo (P < 0.05), while no differences were observed between groups for changes in catalase and glutathione peroxidase at 4-week follow-up. In addition, hydrogen-rich water notably reduced serum malondialdehyde levels at post-administration, with change being significantly different comparing to placebo (- 25.8% vs. 11.7%; P < 0.001). In conclusion, hydrogen-rich water might be recognized as a novel agent to prevent oxidative stress or minimize its damaging effects by enhancing antioxidant enzymes capacity in healthy men. However, a mechanism of its antioxidant action remains unknown.",Positive,Human,Blood,Blood Composition,Redox Potential,Water (Mg-Chemico),Alkaline,Ingestion,,,Serbia,,,,,,,,,,,,,,,,,,,,,,,,
474,"Drid, P.","Trivic, T.; Casals, C.; Trivic, S.; Stojanovic, M.","Ostojic, Sergej M.",Is molecular hydrogen beneficial to enhance post-exercise recovery in female athletes?,2016,Science and Sports,10.1016/j.scispo.2016.04.010,"Summary Objectives The purpose of this double-blind, randomized, placebo-controlled crossover study was to determine the effects of pre-exercise hydrogen-rich water intake on biomarkers of acid-base homeostasis and post-exercise recovery in female athletes. Methods Eight young female judo athletes (21.4 ± 2.2 years) were randomly assigned to receive either hydrogen-rich water or placebo water _ 30 minutes before exercise. The same procedures were repeated 4 days after the first assessment in a crossover design. The exercise protocol consisted of high-intensity inttermitent exercise by means of a judo-specific test. Heart rate was recorded at baseline and post-exercise. Participants’ blood was sampled in order to determine the arterial blood pH, bicarbonates and lactates at rest (prior to the intervention), 3 minutes and 5 minutes post-exercise. Results Hydrogen-rich water significantly affected post-exercise blood pH and lactates as compared to the placebo (P < 0.05), while serum bicarbonate responses did not differ between interventions. No differences were found between hydrogen-rich water and placebo in heart rate responses to exercise. No side effects of either intervention were noted. Conclusion Hydrogen-rich water might be an appropriate and safe hydration strategy that helps athletes to become less susceptible to exercise-induced acidosis.",Positive,Human,Whole Body,Excercise,Performance Enhancement,Water (Mg-Chemico),Neutral,Ingestion,,,Serbia,,,,,,,,,,,,,,,,,,,,,,,,
490,"Jeong, Eun Sook","Kim, Dong Heui","Lee, Kyu-Jae",The Antioxidative Effect of Hydrogen Water Drinking in Blood,2016,Korean Journal of Waters,https://www.earticle.net/Article/A314353,"To confirm the antioxidative effect of hydrogen water drinking, the participants were divided into two groups, purified water (PW) drinking group (n=20) and hydrogen water (HW) drinking group (n=20) because of cross test in each 10 in a group. Purified water (pH 6.9, +432mV) was produced only by physical filtering using commercial carbon filter, and hydrogen water (Few Hydrogen Rich WaterTM, Hayannamoo Beverage Co., Ltd., Korea) was used in this experiment (pH 7.5, -650mV, hydrogen 1.5ppm). Fifty uL of blood was collected before drinking water, at 1 and 2 minutes after drinking 12mL/kg. ROS in blood was examined using FORT test kit. ROS was showed lower tendency in HW group than PW group after drinking, and especially lowest tendency in a minute (p<0.01) and 5 minutes (p<0.05). But, there is no the antioxidative effect in purified water. Consequentially, drinking hydrogen water is useful to remove free radicals, ROS. ",Positive,Human,Whole Body,ROS-Scavenging,Oxidative Stress,"Water, Commercial (Few Hydrogen Rich Water)",Alkaline,Ingestion,,,South Korea,,,,,,,,,,,,,,,,,,,,,,,,
494,"Kawamura, Takuji","Gando, Yuko; Takahashi, Masaki; Hara, Reira; Suzuki, Katsuhiko","Muraoka, Isao",Effects of hydrogen bathing on exercise-induced oxidative stress and delayed-onset muscle soreness,2016,Japanese Journal of Physical Fitness and Sports Medicine,10.7600/jspfsm.65.297,"Several studies have reported that molecular hydrogen (H2) acts as a therapeutic medical gas owing to scavenging reactive oxygen species (ROS). However, little is known about effects of H2 on exercise-induced oxidative stress. The purpose of this study was to investigate the effects of weekly hydrogen bathing on exercise-induced oxidative stress and delayed-onset muscle soreness (DOMS). Nine healthy and active young men participated in this study, and each subject performed hydrogen bathing trial and placebo bathing trial in a crossover design. The subjects performed downhill running (8 % decline) at 75 % peak oxygen uptake (VO2peak) for 30 min, and each subjects conducted hydrogen or placebo bathing for 20 min, respectively, 1-6 days after downhill running. Before and after exercise, we measured visual analogue scale (VAS) and collected blood samples (Pre- and 5 min, 60 min after the end of bathing, 1day, 2days, 3days, 7days after downhill running). Blood sample analyses include creatine kinase (CK), myoglobin (Mb), malondialdehyde (MDA), reactive oxygen metabolites (d-ROMs), biological antioxidant potential (BAP), myeloperoxidase (MPO), interleukin-6 (IL-6), interleukin-17a (IL-17a) and lactate concentrations. Weekly hydrogen bathing had no effects of exercise-induced oxidative stress and muscle damage. On the other hand, hydrogen bathing significantly reduced DOMS (VAS) 1 and 2days after downhill running (p=0.033). These findings suggest that hydrogen bath after downhill exercise can be effective for reduction of DOMS.",Positive,Human,Muscle,Excercise,Soreness,Water (Mg-Chemico),Alkaline,Bath,,,Japan,,,,,,,,,,,,,,,,,,,,,,,,
526,"Weidman, Joseph","Holsworth Jr., Ralph E.; Brossman, Bradley; Cho, Daniel J.; St. Cyr, John","Fridman, Gregory",Effect of electrolyzed high-pH alkaline water on blood viscosity in healthy adults ,2016,Journal of the International Society of Sports Nutrition,10.1186/s12970-016-0153-8 ,"Background: Previous research has shown fluid replacement beverages ingested after exercise can affect hydration biomarkers. No specific hydration marker is universally accepted as an ideal rehydration parameter following strenuous exercise. Currently, changes in body mass are used as a parameter during post-exercise hydration. Additional parameters are needed to fully appreciate and better understand rehydration following strenuous exercise. This randomized, double-blind, parallel-arm trial assessed the effect of high-pH water on four biomarkers after exercise-induced dehydration. Methods: One hundred healthy adults (50 M/50 F, 31 ± 6 years of age) were enrolled at a single clinical research center in Camden, NJ and completed this study with no adverse events. All individuals exercised in a warm environment (30 °C, 70% relative humidity) until their weight was reduced by a normally accepted level of 2.0 ± 0.2% due to perspiration, reflecting the effects of exercise in producing mild dehydration. Participants were randomized to rehydrate with an electrolyzed, high-pH (alkaline) water or standard water of equal volume (2% body weight) and assessed for an additional 2-h recovery period following exercise in order to assess any potential variations in measured parameters. The following biomarkers were assessed at baseline and during their recovery period: blood viscosity at high and low shear rates, plasma osmolality, bioimpedance, and body mass, as well as monitoring vital signs. Furthermore, a mixed model analysis was performed for additional validation. Results: After exercise-induced dehydration, consumption of the electrolyzed, high-pH water reduced high-shear viscosity by an average of 6.30% compared to 3.36% with standard purified water (p = 0.03). Other measured biomarkers (plasma osmolality, bioimpedance, and body mass change) revealed no significant difference between the two types of water for rehydration. However, a mixed model analysis validated the effect of high-pH water on high-shear viscosity when compared to standard purified water (p = 0.0213) after controlling for covariates such as age and baseline values. Conclusions: A significant difference in whole blood viscosity was detected in this study when assessing a high-pH, electrolyte water versus an acceptable standard purified water during the recovery phase following strenuous exercise-induced dehydration.
",Positive,Human,Blood,Excercise,Fluidity/Viscosity,Water (Electrolysis),Alkaline,Ingestion,,,United States,,,,,,,,,,,,,,,,,,,,,,,,
537,"Azuma, Tetsuji","Yamane, Mayu; Ekuni, Daisuke; Kawabata, Yuya; Kataoka, Kota; Kasuyama, Kenta; Maruyama, Takayuki; Tomofuji, Takaaki","Morita, Manabu",Drinking Hydrogen-Rich Water Has Additive Effects on Non-Surgical Periodontal Treatment of Improving Periodontitis: A Pilot Study,2015,Antioxidants,10.3390/antiox4030513 ,"Oxidative stress is involved in the pathogenesis of periodontitis. A reduction of oxidative stress by drinking hydrogen-rich water (HW) might be beneficial to periodontal health. In this pilot study, we compared the effects of non-surgical periodontal treatment with or without drinking HW on periodontitis. Thirteen patients (3 women, 10 men) with periodontitis were divided into two groups: The control group (n = 6) or the HW group (n = 7). In the HW group, participants consumed HW 4-5 times/day for eight weeks. At two to four weeks, all participants received non-surgical periodontal treatment. Oral examinations were performed at baseline, two, four and eight weeks, and serum was obtained at these time points to evaluate oxidative stress. At baseline, there were no significant differences in periodontal status between the control and HW groups. The HW group showed greater improvements in probing pocket depth and clinical attachment level than the control group at two, four and eight weeks (p < 0.05). The HW group also exhibited an increased serum level of total antioxidant capacity at four weeks, compared to baseline (p < 0.05). Drinking HW enhanced the effects of non-surgical periodontal treatment, thus improving periodontitis. ",Positive,Human,Mouth,Periodontitis,Inflammation,Water (Mg-Chemico),Alkaline,Ingestion,,,Japan,,,,,,,,,,,,,,,,,,,,,,,,
554,"Ishibashi, Toru","Ichikawa, Miki; Sato, Bunpei; Shibata, Shinji; Hara, Yuichi; Naritomi, Yuji; Okazaki, Ken; Nakashima, Yashuaru; Iwamoto, Yukihide; Koyanagi, Samon; Hara, Hiroshi","Nagao, Tetsuhiko",Improvement of psoriasis-associated arthritis and skin lesions by treatment with molecular hydrogen: A report of three cases ,2015,Molecular Medicine Reports,10.3892/mmr.2015.3707,"Psoriasis, a chronic inflammatory skin disease, is caused by infiltrating lymphocytes and associated cytokines, including tumor necrosis factor (TNF)_, interleukin (IL)-6, and IL-17. Effective treatments, including pathogenesis-based biological agents against psoriasis, are currently under development. Although the role of reactive oxygen species (ROS) in the pathogenesis of psoriasis has been investigated, it remains to be fully elucidated; ROS-targeted therapeutic strategies are also lacking at present. Therefore, the objective of the present study was to assess whether H2, a ROS scavenger, has a therapeutic effect on psoriasis-associated inflammation by reducing hydroxyl radicals or peroxynitrite in the immunogenic psoriasis cascade. Three methods were used to administer H2: Drop infusion of saline containing 1 ppm H2 (H2-saline), inhalation of 3% H2 gas, and drinking of water containing a high concentration (5-7-ppm) of H2 (high-H2 water). Treatment efficacy was estimated using the disease activity score 28 (DAS28) system, based on C-reactive protein levels, and the psoriasis area and severity index (PASI) score, determined at baseline and following each H2 treatment. Furthermore, levels of TNF_, IL-6, and IL-17 were analyzed. The DAS28 and PASI score of the three patients decreased during H2 treatment, regardless of the administration method. The psoriatic skin lesions almost disappeared at the end of the treatment. IL-6 levels decreased during H2 treatment in Case 1 and 2. IL-17, whose concentration was high in Case 1, was reduced following H2 treatment, and TNF_ also decreased in Case 1. In conclusion, H2 administration reduced inflammation associated with psoriasis in the three cases examined and it may therefore be considered as a treatment strategy for psoriasis-associated skin lesions and arthritis. ",Positive,Human,Skin,Psoriasis,Psoriasis-Associated Arthritis,Water (Dissolved),Neutral,Mixed,,,Japan,,,,,,,,,,,,,,,,,,,,,,,,
587,"Song, Guohua","Lin, Quanqiang; Zhao, Hui; Liu, Meiyuan; Ye, Fenglong; Sun, Yujuan; Yu, Yang; Guo, Shoudong; Jiao, Peng; Wu, Jun; Ding, Guoyong; Xiao, Qiang","Qin, Shu-Cun","Hydrogen Activates ATP-Binding Cassette Transporter A1-Dependent Efflux Ex Vivo and Improves High-Density Lipoprotein Function in Patients With Hypercholesterolemia: A Double-Blinded, Randomized, and Placebo-Controlled Trial",2015,Journal of Clinical Endocrinology and Metabolism,10.1210/jc.2015-1321,"Context We have found that hydrogen (dihydrogen; H2) decreases plasma low-density lipoprotein cholesterol (LDL-C) levels and improves high-density lipoprotein (HDL) function in patients with potential metabolic syndrome in a before-after self-controlled study. Objective To further characterize the effects of H2-rich water (0.9 L/day) on the content, composition, and biological activities of plasma lipoproteins on patients with hypercholesterolemia and their underlying mechanisms in a double-blinded, randomized and placebo-controlled trial. Design Case control study. Setting Zhoudian community, Taian. Patients A total of 68 patients with untreated isolated hypercholesterolemia were randomly allocated to either drinking H2-rich water (n=34) or placebo water (n=34) for 10 weeks. Results HDL isolated from H2 group showed an increased ability to promote ATP-binding cassette transporter A1 (ABCA1)-mediated cholesterol efflux ex vivo. Plasma pre-_-HDL levels were upregulated although there were no changes in plasma HDL-cholesterol levels. Moreover, other HDL functions, assessed in protection against LDL oxidation, inhibition of oxidized-LDL induced inflammation, and protection of endothelial cells from oxidized-LDL induced apoptosis, were all significantly improved by H2 treatment. In addition, H2 treatment increased effective rate in down-regulating plasma levels of total-cholesterol (47.06% versus 17.65%) and LDL-cholesterol (47.06% versus 23.53%). Western blot analysis revealed a marked decrease of apolipoprotein B100 and an increase of apolipoprotein M in plasma of H2 group. Finally H2 treatment resulted in a significant reduction in the levels of several inflammatory and oxidative stress indicators in whole plasma and HDL particles. Conclusions H2 activates ATP-binding cassette transporter A1-dependent efflux, enhances HDL anti-atherosclerotic functions, and has beneficial lipid-lowering effects. The present finding may highlight the potential role of H2 in the regression of hypercholesterolemia and atherosclerosis.",Positive,Human,Heart,Atherosclerosis,Lipid Metabolism,"Water, Commercial (Hydrovita)",Neutral,Ingestion,,,China,,,,,,,,,,,,,,,,,,,,,,,,
590,"Tamasawa, Atsuko","Mochizuki, Kazuki; Hariya, Natsuyo; Saito, Miyoko; Ishida, Hidenori; Doguchi, Satako; Yanagiya, Syoko","Osonoi, Takeshi",Hydrogen gas production is associated with reduced interleukin-1_ mRNA in peripheral blood after a single dose of acarbose in Japanese type 2 diabetic patients,2015,European Journal of Pharmacology,10.1016/j.ejphar.2015.04.051,"Acarbose, an _-glucosidase inhibitor, leads to the production of hydrogen gas, which reduces oxidative stress. In this study, we examined the effects of a single dose of acarbose immediately before a test meal on postprandial hydrogen gas in breath and peripheral blood interleukin (IL)-1_ mRNA expression in Japanese type 2 diabetic patients. Sixteen Japanese patients (14 men, 2 women) participated in this study. The mean±standard deviation age, hemoglobin A1c and body mass index were 52.1±15.4 years, 10.2±2.0%, and 27.7±8.0kg/m(2), respectively. The patients were admitted into our hospital for 2 days and underwent test meals at breakfast without (day 1) or with acarbose (day 2). We performed continuous glucose monitoring and measured hydrogen gas levels in breath, and peripheral blood IL-1_ mRNA levels before (0min) and after the test meal (hydrogen gas: 60, 120, 180, and 300min; IL-1_: 180min). The induction of hydrogen gas production and the reduction in peripheral blood IL-1_ mRNA after the test meal were not significant between days 1 (without acarbose) and 2 (with acarbose). However, the changes in total hydrogen gas production from day 1 to day 2 were closely and inversely associated with the changes in peripheral blood IL-1_ mRNA levels. Our results suggest that an increase in hydrogen gas production is inversely associated with a reduction of the peripheral blood IL-1_ mRNA level after a single dose of acarbose in Japanese type 2 diabetic patients. Copyright © 2015. Published by Elsevier B.V.",Positive,Human,Whole Body,Diabetes (Type II),Oxidative Stress,Gas,N/A,In Vivo Biotic Production,,Acarbose,Japan,,,,,,,,,,,,,,,,,,,,,,,,
658,"Ostojic, Sergej M.",,"Stojanovic, Marko D.",Hydrogen-rich water affected blood alkalinity in physically active men,2014,Research in Sports Medicine,10.1080/15438627.2013.852092 ,"Possible appliance of effective and safe alkalizing agent in the treatment of metabolic acidosis could be of particular interest to humans experiencing an increase in plasma acidity, such as exercise-induced acidosis. In the present study we tested the hypothesis that the daily oral intake of 2L of hydrogen-rich water (HRW) for 14 days would increase arterial blood alkalinity at baseline and post-exercise as compared with the placebo. This study was a randomized, double blind, placebo-controlled trial involving 52 presumably healthy physically active male volunteers. Twenty-six participants received HRW and 26 a placebo (tap water) for 14 days. Arterial blood pH, partial pressure for carbon dioxide (pCO2), and bicarbonates were measured at baseline and postexercise at the start (day 0) and at the end of the intervention period (day 14). Intake of HRW significantly increased fasting arterial blood pH by 0.04 (95% confidence interval; 0.01 - 0.08; p < 0.001), and postexercise pH by 0.07 (95% confidence interval; 0.01 - 0.10; p = 0.03) after 14 days of intervention. Fasting bicarbonates were significantly higher in the HRW trial after the administration regimen as compared with the preadministration (30.5 ± 1.9 mEq/L vs. 28.3 ± 2.3 mEq/L; p < 0.0001). No volunteers withdrew before the end of the study, and no participant reported any vexatious side effects of supplementation. These results support the hypothesis that HRW administration is safe and may have an alkalizing effect in young physically active men. ",Positive,Human,Whole Body,Excercise,Metabolic Acidosis,Water (Mg-chemico),Alkaline,Ingestion,,,Serbia,,,,,,,,,,,,,,,,,,,,,,,,
659,"Ostojic, Sergej M.","Stojanovic, Marko D.","Hoffman, Jay R.",Effectiveness Of Molecular Hydrogen In The Management Of Musculotendinous Injuries,2014,Medicine and Science in Sports and Exercise,10.1249/01.mss.0000493783.80014.95,"Muscle and tendon strains (MTS) are often accompanied by subsequent tissue hypoxia and overproduction of reactive oxygen species; this may aggravate the initial cellular damage caused by the actual mechanism of injury. Molecular hydrogen (H2) seems to be beneficial for treating ischemia-reperfusion injury, oxidative stress, and inflammation in human diseases; however, the effects of H2 as an element of acute management of musculotendinous injuries are unclear. PURPOSE: To examine the effects of one-week oral and topical H2 administration on markers of inflammation, functional recovery and pain intensity in competitive male athletes after acute MTS. METHODS: During the 2013 competitive season (from March to May) participants (12 professional athletes) were recruited and examined by a certified sports medicine specialist in the first 24 hours after a MTS was sustained. The subjects were allocated in a double-blind design to two randomly assigned trials: control group (CON) received a traditional treatment protocol after the soft-tissue injury (first 48 h: rest, ice packs for 20 min every 2 h, compression with elastic bandage, elevation of the injured area above the level of the heart at all possible times; next 5 days: passive stretching 3 times per day for 90 sec, isometric strength exercise with 3 sets with 15 reps, 30 min of pain-free weight-bearing exercise); experimental group (HYD) followed the above procedures with additional administration of oral H2 tablets (2 g/day) and topical hydrogen-rich packs (6 times per day for 20 min). Participants were evaluated at the time of the injury report and 7 days after baseline testing. RESULTS: HYD intervention augmented the decrease in plasma viscosity as compared to the CON (20.7 ± 2.4 vs. 15.4 ± 1.9%; p = 0.002). Limb swelling was reduced in both groups at post-intervention, with the decline in limb circumference significantly higher in the HYD (8.0 ± 1.6 vs. 6.2 ± 0.7%; p = 0.04). CONCLUSION: The addition of oral and topical molecular hydrogen to traditional first-line treatment is effective in the management of musculotendinous injuries in athletes.",Positive,Human,Tendon,Excercise,Sprain,Gas (Sustained Release),Neutral,Mixed,,,Serbia,,,,,,,,,,,,,,,,,,,,,,,,
660,"Ostojic, Sergej M.","Vukomanovix, Boris; Calleja-Gonzalez, Julio","Hoffman, Jay R.",Effectiveness of Oral and Topical Hydrogen for Sports-Related Soft Tissue Injuries,2014,Postgraduate Medicine,10.3810/pgm.2014.09.2813 ,"Background: Because hydrogen therapy has been found beneficial for the treatment of inflammation, ischemia-reperfusion injury, and oxidative stress in humans, it seems useful to evaluate the effects of exogenously administered hydrogen as an element in the immediate management of sports-related soft tissue injuries. The main aim of this pilot study was to examine the effects of 2-week administration of hydrogen on the biochemical markers of inflammation and functional recovery in male professional athletes after acute soft tissue injury. Method: During the 2013 season (from March to May), 36 professional athletes were recruited as participants and examined by a certified sports medicine specialist in the first 24 hours after an injury was sustained. Subjects were allocated to 3 randomly assigned trials in a single-blind design. Those in the control group received a traditional treatment protocol for soft tissue injury. Subjects in the first experimental group followed the same procedures as the control group but with additional administration throughout the study of oral hydrogen-rich tablets (2 g per day). Subjects in the second experimental group also followed the procedures of the control group, with additional administration throughout the study of both oral hydrogen-rich tablets (2 g per day) and topical hydrogen-rich packs (6 times per day for 20 minutes). Participants were evaluated at the time of the injury report and at 7 and 14 days after baseline testing. Results: Oral and topical hydrogen intervention was found to augment plasma viscosity decrease as compared with the control group (P = 0.04). Differences were found for range-of-motion recovery between the 3 groups; oral and topical hydrogen intervention resulted in a faster return to normal joint range of motion for both flexion and extension of the injured limb as compared with the control intervention (P < 0.05). Conclusion: These preliminary results support the hypothesis that the addition of hydrogen to traditional treatment protocols is potentially effective in the treatment of soft tissue injuries in male professional athletes. Trial identification: Clinicaltrials.gov number NCT01759498.",Positive,Human,Tendon,Excercise,Sprain,Gas (Sustained Release),Neutral,Mixed,,,Serbia,,,,,,,,,,,,,,,,,,,,,,,,
662,"Sakai, Takaaki","Sato, Bunpei; Hara, Koji; Hara, Yuichi; Naritomi, Yuji; Koyanagi, Samon; Hara, Hiroshi; Nagao, Tetsuhiko","Ishibashi, Toru",Consumption of water containing over 3.5 mg of dissolved hydrogen could improve vascular endothelial function,2014,Vascular Health and Risk Management,10.2147/VHRM.S68844 ,"Background: The redox imbalance between nitric oxide and superoxide generated in the endothelium is thought to play a pivotal role in the development of endothelial dysfunction. A third reactive oxygen species (ROS), H2O2, is known to have both beneficial and detrimental effects on the vasculature. Nonetheless, the influence of the hydroxyl radical, a byproduct of H2O2 decay, is unclear, and there is no direct evidence that the hydroxyl radical impairs endothelial function in conduit arteries. Molecular hydrogen (H2) neutralizes detrimental ROS, especially the hydroxyl radical. Objectives: To assess the influence of the hydroxyl radical on the endothelium and to confirm that a gaseous antioxidant, H2, can be a useful modulator of blood vessel function. Methods: The efficacy of water containing a high concentration of H2 was tested by measuring flow-mediated dilation (FMD) of the brachial artery (BA). The subjects were randomly divided into two groups: the high-H2 group, who drank high-H2 water containing 7 ppm H2 (3.5 mg H2 in 500 mL water); and the placebo group. Endothelial function was evaluated by measuring the FMD of the BA. After measurement of diameter of the BA and FMD at baseline, volunteers drank the high-H2 water or placebo water immediately and with a 30-minute interval; FMD was compared to baseline. Results: FMD increased in the high-H2 group (eight males; eight females) from 6.80%±1.96% to 7.64%±1.68% (mean ± standard deviation) and decreased from 8.07%±2.41% to 6.87%±2.94% in the placebo group (ten males; eight females). The ratio to the baseline in the changes of FMD showed significant improvement (P<0.05) in the high-H2 group compared to the placebo group. Conclusion: H2 may protect the vasculature from shear stress-derived detrimental ROS, such as the hydroxyl radical, by maintaining the nitric oxide-mediated vasomotor response.
",Positive,Human,Heart,Atherosclerosis,Oxidative Stress,Water (Electrolysis),Alkaline,Ingestion,,,Japan,,,,,,,,,,,,,,,,,,,,,,,,
666,"Tanikawa, Ryoko","Takahashi, Ippei; Okubo, Noriyuki; Ono, Masami; Okumura, Yoshiki; Ishibashi, Goshi; Takeishi, Yosuke; Nakayama, Maki; Yano, Tomohiko; Kumasaka, Yoshihiro","Nakaji, Shigeyuki",Relationship between exhaled hydrogen and human neutrophil function in the Japanese general population,2014,Hirosaki Medical Journal,https://hirosaki.repo.nii.ac.jp/?action=pages_view_main&active_action=repository_view_main_item_detail&item_id=4089&item_no=1&page_id=13&block_id=21,"We examined the relationship between the amount of exhaled hydrogen and neutrophil ROS production to investigate the effect of hydrogen on oxidative stress at normal state among the general population comprising subjects who had participated in 'The Iwaki Health Promotion Project in 2007', which was held in the Iwaki area, Hirosaki-city in Aomori prefecture in northern Japan. Subjects with diabetes mellitus (diagnosed by a medical doctor), malignant tumors, immune disorders or those who were pregnant at the time of the study, taking antimicrobial drugs, anticancer medication or hormones were excluded from the study, and a total of 656 subjects (252 males and 404 females) were finally enrolled. Smoking habits, alcohol use, exercise habits and HbAlc were surveyed. A positive correlation was seen between exhaled hydrogen concentration and total reactive oxygen species production in stimulated neutrophils in subjects less than 60 y.o. (p<0.05), but such a trend was not seen in other age groups or in female subjects. In conclusion, levels of body hydrogen as an antioxidative substance were suggested to have increased as a response to increased production of ROS by neutrophils as mechanisms against oxidative stress.",Positive,Human,Whole Body,ROS-Scavenging,Oxidative Stress,Gas,N/A,In Vivo Biotic Production,,,Japan,,,,,,,,,,,,,,,,,,,,,,,,
714,"Li, Qiang","Kato, Shinya; Matsuoka, Daigo; Tanaka, Hiroshi","Miwa, Nobuhiko",Hydrogen water intake via tube-feeding for patients with pressure ulcer and its reconstructive effects on normal human skin cells in vitro ,2013,Medical Gas Research,10.1186/2045-9912-3-20 ,"Background: Pressure ulcer (PU) is common in immobile elderly patients, and there are some research works to investigate a preventive and curative method, but not to find sufficient effectiveness. The aim of this study is to clarify the clinical effectiveness on wound healing in patients with PU by hydrogen-dissolved water (HW) intake via tube-feeding (TF). Furthermore, normal human dermal fibroblasts OUMS-36 and normal human epidermis-derived cell line HaCaT keratinocytes were examined in vitro to explore the mechanisms relating to whether hydrogen plays a role in wound-healing at the cellular level. Methods: Twenty-two severely hospitalized elderly Japanese patients with PU were recruited in the present study, and their ages ranged from 71.0 to 101.0 (86.7 ± 8.2) years old, 12 male and 10 female patients, all suffering from eating disorder and bedridden syndrome as the secondary results of various underlying diseases. All patients received routine care treatments for PU in combination with HW intake via TF for 600 mL per day, in place of partial moisture replenishment. On the other hand, HW was prepared with a hydrogen-bubbling apparatus which produces HW with 0.8-1.3 ppm of dissolved hydrogen concentration (DH) and -602 mV to -583 mV of oxidation-reduction potential (ORP), in contrast to reversed osmotic ultra-pure water (RW), as the reference, with DH of < 0.018 ppm and ORP of +184 mV for use in the in vitro experimental research. In in vitro experiments, OUMS-36 fibroblasts and HaCaT keratinocytes were respectively cultured in medium prepared with HW and/or RW. Immunostain was used for detecting type-I collagen reconstruction in OUMS-36 cells. And intracellular reactive oxygen species (ROS) were quantified by NBT assay, and cell viability of HaCaT cells was examined by WST-1 assay, respectively. Results: Twenty-two patients were retrospectively divided into an effective group (EG, n = 12) and a less effective group (LG, n = 10) according to the outcomes of endpoint evaluation and the healing criteria. PU hospitalized days in EG were significantly shorter than in LG (113.3 days vs. 155.4 days, p < 0.05), and the shortening rate was approximately 28.1%. Either in EG or in LG, the reducing changes (EG: 91.4%; LG: 48.6%) of wound size represented statistically significant difference versus before HW intake (p < 0.05, p < 0.001). The in vitro data demonstrate that intracellular ROS as quantified by NBT assay was diminished by HW, but not by RW, in ultraviolet-A (UVA)-irradiated HaCaT cells. Nuclear condensation and fragmentation had occurred for UVA-irradiated HaCaT cells in RW, but scarcely occurred in HW as demonstrated by Hoechst 33342 staining. Besides, under UVA-irradiation, either the mitochondrial reducing ability of HaCaT cells or the type-I collagen construction in OUMS-36 cells deteriorated in RW-prepared culture medium, but was retained in HW-prepared culture medium as shown by WST-1 assay or immunostain, respectively. Conclusions: HW intake via TF was demonstrated, for severely hospitalized elderly patients with PU, to execute wound size reduction and early recovery, which potently ensue from either type-I collagen construction in dermal fibroblasts or the promoted mitochondrial reducing ability and ROS repression in epidermal keratinocytes as shown by immunostain or NBT and WST-1 assays, respectively.
",Positive,Human,Skin,Wound Healing,Pressure Ulcer,Water (Dissolved),Neutral,Tube Feeding,,,Japan,,,,,,,,,,,,,,,,,,,,,,,,
729,"Shin, Mi Hee","Park, Raeeun; Nojima, Hideo; Kim, Hyung-Chel; Kim, Yeon Kyung","Chung, Jin Ho","Atomic hydrogen surrounded by water molecules, H(H2O)m, modulates basal and UV-induced gene expressions in human skin in vivo ",2013,PLoS One,10.1371/journal.pone.0061696 ,"Recently, there has been much effort to find effective ingredients which can prevent or retard cutaneous skin aging after topical or systemic use. Here, we investigated the effects of the atomic hydrogen surrounded by water molecules, H(H2O)m, on acute UV-induced responses and as well as skin aging. Interestingly, we observed that H(H2O)m application to human skin prevented UV-induced erythema and DNA damage. And H(H2O)m significantly prevented UV-induced MMP-1, COX-2, IL-6 and IL-1_ mRNA expressions in human skin in vivo. We found that H(H2O)m prevented UV-induced ROS generation and inhibited UV-induced MMP-1, COX-2 and IL-6 expressions, and UV-induced JNK and c-Jun phosphorylation in HaCaT cells. Next, we investigated the effects of H(H2O)m on intrinsically aged or photoaged skin of elderly subjects. In intrinsically aged skin, H(H2O)m application significantly reduced constitutive expressions of MMP-1, IL-6, and IL-1_ mRNA. Additionally, H(H2O)m significantly increased procollagen mRNA and also decreased MMP-1 and IL-6 mRNA expressions in photoaged facial skin. These results demonstrated that local application of H(H2O)m may prevent UV-induced skin inflammation and can modulate intrinsic skin aging and photoaging processes. Therefore, we suggest that modifying the atmospheric gas environment within a room may be a new way to regulate skin functions or skin aging. ",Positive,Human,Skin,Radioprotection,UV Radiation,Water (Electrolysis),Neutral,Bath,,,South Korea,,,,,,,,,,,,,,,,,,,,,,,,
731,"Song, Guohua","Li, Min; Sang, Hui; Zhang, Liying; Li, Xiuhong; Yao, Shutong; yu, Yang; Zong, Chuanlong; Xue, Yazhuo","Qin, Shu-Cun",Hydrogen-rich water decreases serum LDL-cholesterol levels and improves HDL function in patients with potential metabolic syndrome ,2013,Journal of Lipid Research,10.1194/jlr.M036640,"We have found hydrogen (dihydrogen; H2) has beneficial lipid-lowering effects in high-fat diet-fed Syrian golden hamsters. The objective of this study was to characterize the effects of H2-rich water (0.9-1.0 L/day) on the content, composition, and biological activities of serum lipoproteins on 20 patients with potential metabolic syndrome. Serum analysis showed that consumption of H2-rich water for 10 weeks resulted in decreased serum total-cholesterol (TC) and low-density lipoprotein-cholesterol (LDL-C) levels. Western blot analysis revealed a marked decrease of apolipoprotein B100 (apoB100) and apoE in serum. Besides, we found H2 significantly improved high-density lipoprotein (HDL) functionality assessed in four independent ways, namely (i) protection against LDL oxidation, (ii) inhibition of TNF-_ induced monocyte adhension to endothelial cells, (iii) stimulation of cholesterol efflux from macrophage foam cells, (iv) protection of endothelial cells from TNF-_ induced apoptosis. Further, we found consumption of H2-rich water resulted in an increase in antioxidant enzyme superoxide dismutase and a decrease in thiobarbituric acid-reactive substances in whole serum and LDL. In conclusion, supplementation with H2-rich water appear to decrease serum LDL-C and apoB levels, improve dyslipidemia injured HDL functions, and reduce the oxidative stress and may have a beneficial role in prevention of potential metabolic syndrome.",Positive,Human,Whole Body,Metabolic Syndrome,Lipid Metabolism,Water (Mg-Chemico),Alkaline,Ingestion,,,China,,,,,,,,,,,,,,,,,,,,,,,,
759,"Aoki, Kosuke","Nakao, Atsunori; Adachi, Takako; Matsui, Yasushi","Miyakawa, Shumpei",Pilot study: Effects of drinking hydrogen-rich water on muscle fatigue caused by acute exercise in elite athletes ,2012,Medical Gas Research,10.1186/2045-9912-2-12 ,"Background: Muscle contraction during short intervals of intense exercise causes oxidative stress, which can play a role in the development of overtraining symptoms, including increased fatigue, resulting in muscle microinjury or inflammation. Recently it has been said that hydrogen can function as antioxidant, so we investigated the effect of hydrogen-rich water (HW) on oxidative stress and muscle fatigue in response to acute exercise. Methods: Ten male soccer players aged 20.9 ± 1.3 years old were subjected to exercise tests and blood sampling. Each subject was examined twice in a crossover double-blind manner; they were given either HW or placebo water (PW) for one week intervals. Subjects were requested to use a cycle ergometer at a 75 % maximal oxygen uptake (VO2) for 30 min, followed by measurement of peak torque and muscle activity throughout 100 repetitions of maximal isokinetic knee extension. Oxidative stress markers and creatine kinase in the peripheral blood were sequentially measured. Results: Although acute exercise resulted in an increase in blood lactate levels in the subjects given PW, oral intake of HW prevented an elevation of blood lactate during heavy exercise. Peak torque of PW significantly decreased during maximal isokinetic knee extension, suggesting muscle fatigue, but peak torque of HW didn't decrease at early phase. There was no significant change in blood oxidative injury markers (d-ROMs and BAP) or creatine kinease after exercise. Conclusion: Adequate hydration with hydrogen-rich water pre-exercise reduced blood lactate levels and improved exercise-induced decline of muscle function. Although further studies to elucidate the exact mechanisms and the benefits are needed to be confirmed in larger series of studies, these preliminary results may suggest that HW may be suitable hydration for athletes.
",Positive,Human,Whole Body,Excercise,Fatigue,Water (Mg-Chemico),Alkaline,Ingestion,,,Japan,,,,,,,,,,,,,,,,,,,,,,,,
780,"Kim, Byungro",,"Lim, Insu",Effects of ionized alkali water intake on oxidative stress and its related gene expression induced by acute and exhaustive exercise,2012,Excercise Science,10.15857/ksep.2012.21.1.1,"The purpose of this study was to investigate the effects of ionized alkali water supplement on oxidative stress and proinflammatory cytokines in highly trained high school and college track athletes (n=18). In an single group and cross-over design, all subjects consumed tap water and ionized alkali water for 2 weeks in a random order, and they underwent an acute and exhaustive treadmill running at an intensity of 80% VO2max. Venous blood samples were collected prior to, immediately after, and 2 hr and 24 hr of post-exercise period for the assessment of serum MDA, TNF_, and IL-6. In addition, relA (p65) protein, iNOS mRNA, COX2 mRNA, and IL-6 mRNA were measured in peripheral blood mononuclear cells (PBMC). Two-way mixed ANOVA was applied to determine any significant treatment by time interaction in the measured variables, which was followed by independent t-test for post-hoc analyses if necessary. From the current study, we found that 2 weeks of ionized alkali water supplement suppressed increases in serum MDA, PBMC relA (p65) protein, and PBMC COX2 mRNA expression induced by the acute and exhaustive treadmill exercise in this study population. The findings of the study suggest that ionized alkali water supplement can result in somewhat anti-oxidant effects against free radical and reactive oxygen species occurring during a high intensity and exhaustive exercise.",Positive,Human,Whole Body,Excercise,Oxidative Stress,Water (Electrolysis),Alkaline,Ingestion,,,South Korea,,,,,,,,,,,,,,,,,,,,,,,,
790,"Ono, Hirohisa","Nishijima, Yoji; Adachi, Naoto; Sakamoto, Masaki; Kudo, Yohei; Kaneko, Kumi; Nakao, Atsunori","Imaoka, Takashi",A basic study on molecular hydrogen (H2) inhalation in acute cerebral ischemia patients for safety check with physiological parameters and measurement of blood H2 level,2012,Medical Gas Research,10.1186/2045-9912-2-21 ,"Background: In animal experiments, use of molecular hydrogen ( H2) has been regarded as quite safe and effective, showing benefits in multiple pathological conditions such as ischemia-reperfusion injury of the brain, heart, kidney and transplanted tissues, traumatic and surgical injury of the brain and spinal cord, inflammation of intestine and lung , degenerative striatonigral tissue and also in many other situations. However, since cerebral ischemia patients are in old age group, the safety information needs to be confirmed. For the feasibility of H2 treatment in these patients, delivery of H2 by inhalation method needs to be checked for consistency. Methods: Hydrogen concentration (HC) in the arterial and venous blood was measured by gas chromatography on 3 patients, before, during and after 4% (case 1) and 3% (case2,3) H2 gas inhalation with simultaneous monitoring of physiological parameters. For a consistency study, HC in the venous blood of 10 patients were obtained on multiple occasions at the end of 30-min H2 inhalation treatment. Results: The HC gradually reached a plateau level in 20 min after H2 inhalation in the blood, which was equivalent to the level reported by animal experiments. The HC rapidly decreased to 10% of the plateau level in about 6 min and 18 min in arterial and venous blood, respectively after H2 inhalation was discontinued. Physiological parameters on these 3 patients were essentially unchanged by use of hydrogen. The consistency study of 10 patients showed the HC at the end of 30-min inhalation treatment was quite variable but the inconsistency improved with more attention and encouragement. Conclusion: H2 inhalation of at least 3% concentration for 30 min delivered enough HC, equivalent to the animal experiment levels, in the blood without compromising the safety. However, the consistency of H2 delivery by inhalation needs to be improved.
",Positive,Human,Brain,Hydrogen Biology,Hydrogen Safety,Gas,N/A,Inhalation,,,Japan,,,,,,,,,,,,,,,,,,,,,,,,
791,"Ono, Hirohisa","Nishijima, Yoji; Adachi, Naoto; Sakamoto, Masaki; Kudo, Yohei; Nakazawa, Jun; Kaneko; Kumi","Nakao, Atsunori",Hydrogen (H2) treatment for acute erythymatous skin disease. A report of 4 patients with safety data and a non-controlled feasibility study with H2 concentration measurement on two volunteers,2012,Medical Gas Research,10.1186/2045-9912-2-14,"We have treated 4 patients of acute erythematous skin diseases with fever and/or pain by H2 enriched intravenous fluid. We also added data from two volunteers for assessing the mode of H2 delivery to the skin for evaluation of feasibility of H2 treatment for this type of skin diseases. All of the four patients received intravenous administration of 500_ml of H2 enriched fluid in 30_min for more than 3_days except in one patient for only once. From two volunteers (one for intravenous H2 administration and the other for H2 inhalation), blood samples were withdrawn serially and air samples were collected from a heavy duty plastic bag covering a leg, before, during and after H2 administration. These samples were checked for H2 concentration immediately by gas chromatography. Multiple physiological parameters and blood chemistry data were collected also. Erythema of these 4 patients and associated symptoms improved significantly after the H2 treatment and did not recur. Administration of H2 did not change physiological parameters and did not cause deterioration of the blood chemistry. The H2 concentration in the blood from the volunteers rapidly increased with H2 inhalation and slowly decreased with cessation of H2 particularly in the venous blood, while H2 concentration of the air from the surface of the leg showed much slower changes even after H2 inhalation was discontinued, at least during the time of sample collection. An improvement in acute erythemtous skin diseases followed the administration of H2 enriched fluid without compromising the safety. The H2 delivery study of two volunteers suggested initial direct delivery and additional prolonged delivery possibly from a slowly desaturating reservoir in the skin to the surface.",Positive,Human,Skin,Erythema,Hydrogen Safety,Gas,N/A,Mixed,,,Japan,,,,,,,,,,,,,,,,,,,,,,,,
792,"Ostojic, Sergej M.",,,Serum alkalinization and hydrogen-rich water in healthy men,2012,Mayo Clinic Proceedings,10.1016/j.mayocp.2012.02.008,No abstract available,Positive,Human,Blood,Blood Composition,Redox Potential,Water (Mg-Chemico),Alkaline,Ingestion,,,Serbia,,,,,,,,,,,,,,,,,,,,,,,,
866,"Ostojic, Sergej M.","Stojanovic, Marko D.; Calleja-Gonzalez, Julio; Obrenovic, Milos D.; Veljovic, Dragoljub; Medjedovic, Bojan; Kanostrevac, Kristina; Stojanovic, Mirjana","Vukomanovic, Boris","DRINKS WITH ALKALINE NEGATIVE OXIDATIVE REDUCTION POTENTIAL IMPROVE EXERCISE PERFORMANCE IN PHYSICALLY ACTIVE MEN AND WOMEN: DOUBLE-BLIND, RANDOMIZED,PLACEBO-CONTROLLED, CROSS-OVER TRIAL OF EFFICACY AND SAFETY",2011,Serbian Journal of Sports Sciences,https://www.sjss.sportsacademy.edu.rs/archive/details/drinks-with-alkaline-negative-oxidative-reduction-potential-improve-exercise-performance-in-physically-active-men-and-women-double-blind-randomized-placebo-controlled-cross-over-trial-of-efficacy-and-safety-223.html,"In the current study we tested the hypothesis that an acute (7 days) intake of an alkaline negative oxidative reduction potential formulation (NORP) drink would reduce the rate of blood lactate accumulation during and after exercise, increase time to exhaustion, increase serum buffering capacity and not increase prevalence of adverse effects as compared to the control drink. Eleven participants (9 men and 2 women) met the criteria to take part in the study. Participants were randomized in a double-blind, cross-over design to receive the control and the NORP drinks within two single-week periods to study the efficacy of the NORP drink (at a dose of 1 L per day by oral administration). The NORP drink was supplied in bottles containing 2 g NORP, 6 g sucrose, 1-2 mg sodium per dose. The control drink was identically supplied and formulated except that it contained no NORP. Exercise testing was performed using a treadmill based ramp protocol. Blood glucose or total antioxidant capacity were not affected by supplementation (p > 0.05) while serum bicarbonates were significantly higher after the NORP trial (p < 0.05). Critical HR at the velocity of 8.1 mph during the test was significantly lower in NORP as compared to the control drink trial (p < 0.05). Blood lactate sampled at velocity 8.1 mph during the test was significantly lower in the NORP group (p < 0.05). No athletes reported any vexatious side effects of supplementation. It seems that NORP supplementation could have a beneficial effect on human performance during maximal exercise.",Positive,Human,Whole Body,Excercise,Performance Enhancement,Water (Mg-chemico),Alkaline,Ingestion,Gatorade,,Serbia,,,,,,,,,,,,,,,,,,,,,,,,
874,"Takesue, Yoshio","Takahashi, Yoshiko; Ichiki, Kaoru; Nakajima, Kazuhiko; Tsuchida, Toshie; Uchino, Motoi","Ikeuchi, Hiroki",Application of an Electrolyzed Strongly Acidic Aqueous Solution Before Wound Closure in Colorectal Surgery,2011,Diseases of the Colon and Rectum,10.1007/DCR.0b013e318211b83a,"Electrolyzed strongly acidic aqueous solution which is produced by electrolysis of a sodium chloride solution has been used in Japan for the irrigation of wounds or body cavities even in the absence of particular evidence. The purpose of this study is to investigate the efficacy or harmful effects of the disinfectant when applied before wound closure in colorectal surgery. We performed a prospective, randomized study. The study was conducted at Surgical Department of Hyogo College of Medicine Patients who underwent elective colorectal surgery were randomly assigned to 2 groups. The surgical wound was irrigated with >500 mL of the disinfectant or saline solution after the completion of fascia closure. Patients with dirty/infected wounds were excluded from the study. The primary end point of this study was comparison of the frequency of incisional surgical site infection. The secondary end point was the occurrence of wound dehiscence or wound hernia. One hundred eighty patients in the disinfectant group and 183 patients in the saline solution group were analyzed. In multivariate analysis, IBD and contaminated wounds were independent risk factors for incisional surgical site infection. Application of the disinfectant tended to lower the risk of the infection (OR 0.457, 95% CI 0.206-1.013). In the analysis of poor wound healing, preoperative hospital stay of >2 weeks, stoma creation, and use of the disinfectant (OR 2.28, 95% CI 1.03-5.04) were independent risk factors. This study was not a double-blind trial. Application of electrolyzed strongly acidic aqueous solution to the wound impaired wound healing. Routine use of electrolyzed strongly acidic aqueous solution is not recommended in patients undergoing elective colorectal surgery. As for the contribution of the disinfectant to preventing wound infections, further study is needed to make a definitive conclusion.",Negative,Human,Intestine,Wound Healing,Inflammation,Water (Electrolysis),Acidic,Irrigation,,,Japan,,,,,,,,,,,,,,,,,,,,,,,,
908,"Nakao, Atsunori","Toyoda, Yoshiya; Sharma, Prachi; Evans, Malkanthi","Guthrie, Najla",Effectiveness of hydrogen rich water on antioxidant status of subjects with potential metabolic syndrome-an open label pilot study,2010,Journal of Clinical Biochemistry and Nutrition,10.3164/jcbn.09-100 ,"Metabolic syndrome is characterized by cardiometabolic risk factors that include obesity, insulin resistance, hypertension and dyslipidemia. Oxidative stress is known to play a major role in the pathogenesis of metabolic syndrome. The objective of this study was to examine the effectiveness of hydrogen rich water (1.5-2 L/day) in an open label, 8-week study on 20 subjects with potential metabolic syndrome. Hydrogen rich water was produced, by placing a metallic magnesium stick into drinking water (hydrogen concentration; 0.55-0.65 mM), by the following chemical reaction; Mg + 2H(2)O --> Mg (OH)(2) + H(2). The consumption of hydrogen rich water for 8 weeks resulted in a 39% increase (p<0.05) in antioxidant enzyme superoxide dismutase (SOD) and a 43% decrease (p<0.05) in thiobarbituric acid reactive substances (TBARS) in urine. Further, subjects demonstrated an 8% increase in high density lipoprotein (HDL)-cholesterol and a 13% decrease in total cholesterol/HDL-cholesterol from baseline to week 4. There was no change in fasting glucose levels during the 8 week study. In conclusion, drinking hydrogen rich water represents a potentially novel therapeutic and preventive strategy for metabolic syndrome. The portable magnesium stick was a safe, easy and effective method of delivering hydrogen rich water for daily consumption by participants in the study. ",Positive,Human,Whole Body,Metabolic Syndrome,Oxidative Stress,Water (Mg-Chemico),Alkaline,Ingestion,,,United States,,,,,,,,,,,,,,,,,,,,,,,,
912,"Osada, Kazuhiro","Li, Yuping; Hamasaki, Takeki; Abe, Masumi; Nakamichi, Noboru; Teruya, Kiichiro; Ishii, Yoshitoki; Wang, Ying; Katakura, Yoshinori","Shirahata, Sanetaka","Anti-Diabetes Effects of Hita Tenryou-Sui Water®, a Natural Reduced Water",2010,Animal Cell Technology: Basic and Applied Aspects,10.1007/978-90-481-3892-0_51,"It has been reported that a natural reduced water derived from a deep well in Japan (trademark, Hita Tenryousui water®; Nakanoshima, Hita city, Oita, Japan) scavenged intracellular reactive oxygen species (ROS) and protected a hamster pancreas _ cell line HIT-T15 from oxidative damage by alloxan, a type 1 diabetes inducer. Here we demonstrated that the water also suppressed the fasted blood glucose levels of the alloxan-induced type 1-diabetes mice. Protein tyrosine phosphatase (PTP) is a redox-regulatable signal enzyme and activation of PTP in Type 2-diabetes patients is noted to be responsible to inactivation of insulin receptor. Hita Tenryousui water® suppressed the PTP activity, leading the activation of insulin receptor. This water stimulated glucose uptake into myotubes and showed a tendency to improve the impaired sugar tolerance of Type 2-diabetes model mice. An open clinical test of Hita Tenryousui water® against 65 patients with hyperglycemia and 50 patients with hyperlipemia for 2 months resulted in significant improvement of impaired blood sugar, plasma triglycerol and total cholesterol levels (P<0.05). These facts suggest that daily intake of natural reduced water will be beneficial to prevent and improve diabetes mellitus.",Positive,Human,Whole Body,Diabetes (Type II),Glucose Metabolism,"Water, Commercial (Hita Tenryosui)",Alkaline,Ingestion,,,Japan,,,,,,,,,,,,,,,,,,,,,,,,
953,"Gadek, Zbigniew","Hamasaki, Takeki","Shirahata, Sanetaka",“Nordenau Phenomenon” – Application of Natural Reduced Water to Therapy,2008,Animal Cell Technology: Basic and Applied Aspects,10.1007/978-1-4020-9646-4_41,"This prospective observation study examines changes in the relevant tests parameters of 411 diabetes patients drinking natural reduced water from the “Nordenau Spring”, as well as a correlation of these changes with the fluctuation of the reactive oxygen species in their blood. The average age of the test persons is 71.5 years and the daily consumption of reduced water is as much as two liters. The average duration of stay in Nordenau is 6 days. The diagnostic parameters such as blood sugar, HbA1c, cholesterol, LDL, HDL, and serum creatinine concentration are tested twice - at the beginning and at the end of the participants stay in Nordenau. Additionally a random sample of reactive oxygen species in the blood of 136 patients is taken in order to find out its possible causal connections to the diabetes relevant test parameters.HbA1c has been considered as the substantial test parameter in order to break down the whole group into responder and non-responder categories. One hundred and eighty six tested persons or 45% of the total have been assigned to the responder group, meaning that the patients’ HbA1c and blood sugar improved significantly. Furthermore we evaluated among the responder group a portion of patients who in the same time significantly improved their cholesterol, LDL, HDL and serum creatinine concentration average value. This stage of our follow up study regarding type II diabetes patients estimates number needed to treat on four patients in order to achieve the significant improvement of all diabetes relevant parameters. This is a very good quotient; moreover it could be achieved entirely without side effects. The significant improvement of diabetes relevant parameters like blood fats and creatinine can be also beneficial to other diseases like high blood pressure, circulatory disturbance, renal insufficiency or atherosclerotic dementia. In addition to our previous tests, we administered to a random sample group of 136 patients a blood free oxygen radicals test (FORT). The test resulted in a decrease of the ROS of 70.6% of the group or 96 patients. Taking account of the fact that the natural reduced water as well as the electrolyzed reduced water obviously improves in a very short time and entirely without side effects very important metabolic parameters, it can be said that the reduced water shall be considered a useful supplement to the usual orthodox medication of ROS-associated diseases.",Positive,Human,Whole Body,Diabetes (Type II),Oxidative Stress,"Water, Commercial (Nordenau)",Alkaline,Ingestion,,,Germany,,,,,,,,,,,,,,,,,,,,,,,,
956,"Kajiyama, Sizuo","Hasegawa, Goji; Asano, Mai; Hosoda, Hiroko; Fukui, Michiaki; Nakamura, Naoto; Kitawaki, Jo; Imai, Saeko; Nakano, Koji; Ohta, Mitsuhiro; Adachi, Tetsuo; Obayashi, Hiroshi","Yoshikawa, Toshikazu",Supplementation of hydrogen-rich water improves lipid and glucose metabolism in patients with type 2 diabetes or impaired glucose tolerance ,2008,Nutrition Research,10.1016/j.nutres.2008.01.008 ,"Oxidative stress is recognized widely as being associated with various disorders including diabetes, hypertension, and atherosclerosis. It is well established that hydrogen has a reducing action. We therefore investigated the effects of hydrogen-rich water intake on lipid and glucose metabolism in patients with either type 2 diabetes mellitus (T2DM) or impaired glucose tolerance (IGT). We performed a randomized, double-blind, placebo-controlled, crossover study in 30 patients with T2DM controlled by diet and exercise therapy and 6 patients with IGT. The patients consumed either 900 mL/d of hydrogen-rich pure water or 900 mL of placebo pure water for 8 weeks, with a 12-week washout period. Several biomarkers of oxidative stress, insulin resistance, and glucose metabolism, assessed by an oral glucose tolerance test, were evaluated at baseline and at 8 weeks. Intake of hydrogen-rich water was associated with significant decreases in the levels of modified low-density lipoprotein (LDL) cholesterol (ie, modifications that increase the net negative charge of LDL), small dense LDL, and urinary 8-isoprostanes by 15.5% (P < .01), 5.7% (P < .05), and 6.6% (P < .05), respectively. Hydrogen-rich water intake was also associated with a trend of decreased serum concentrations of oxidized LDL and free fatty acids, and increased plasma levels of adiponectin and extracellular-superoxide dismutase. In 4 of 6 patients with IGT, intake of hydrogen-rich water normalized the oral glucose tolerance test. In conclusion, these results suggest that supplementation with hydrogen-rich water may have a beneficial role in prevention of T2DM and insulin resistance. ",Positive,Human,Whole Body,Diabetes (Type II),Glucose Metabolism,Water (Dissolved),Neutral,Ingestion,,,Japan,,,,,,,,,,,,,,,,,,,,,,,,
966,"Shirahata, Sanetaka","Li, Y.; Hamasaki, T.; Gadek, Z.; Teruya, K.; Kabayama, S.; Otsubo, K.; Morisawa, S.; Ishii, Y.","Katakura, Yoshinori",Redox Regulation by Reduced Waters as Active Hydrogen Donors and Intracellular ROS Scavengers for Prevention of type 2 Diabetes,2007,Cell Technology for Cell Products,10.1007/978-1-4020-5476-1_15,"The analysis using the DBNBS reduction method and the DCFH-DA intracellular reactive oxygen species (ROS) determination method revealed that ERW and diseases-improvable natural waters such as Nordenau water in Germany and Hita water in Japan were all reduced waters (RWs) which could function as active hydrogen donors and intracellular ROS scavengers. RWs suppressed the activity of protein tyrosine phosphatase (PTP), which inactivates insulin receptor, suggesting their anti-type 2 diabetes effects via redox regulation. The clinical test of 356 diabetes patients drinking Nordenau water in Germany resulted in the improvement of the relevant tests parameters after 6 days, suggesting the correlation of these changes with the fluctuation of ROS levels in their blood.",Positive,Human,Whole Body,Diabetes (Type II),Oxidative Stress,"Water, Commercial (Nordenau)",Alkaline,Ingestion,,,Japan,,,,,,,,,,,,,,,,,,,,,,,,
967,"Gadek, Zbigniew","Li, Yuping","Shirahata, Sanetaka",Influence of natural reduced water on relevant tests parameters and reactive oxygen species concentration in blood of 320 diabetes patients in the prospective observation procedure,2006,Animal Cell Technology: Basic and Applied Aspects,10.1007/1-4020-4457-7_51,"The study examined changes in the relevant tests parameters of 320 diabetes patients (176 female, 144 male) drinking natural reduced water from the 'Nordenau Spring' in Nordenau, Germany as well as the correlation of these changes with the fluctuation of the reactive oxygen species concentration in their blood. The average age of the test persons was 71.8 years old and the daily consumption of reduced water was as much as two liters. The average duration of stay in Nordenau lasted 6 days. The diagnostic parameters such as blood sugar, HbA1c, cholesterol, HDL, LDL, triglyceride and potassium were tested twice - at the beginning and at the end of the participants stay in Nordenau. Seventy-six of the test persons repeated the same procedure two or more times in the following months and years. Additionally a random sample of reactive oxygen species concentration in the blood of 50 patients had been taken in order to find out its possible causal connections to the diabetes relevant tests parameters. Blood sugar and HbA1c had been considered as the substantial tests parameters in order to break down the whole group into responder and non-responder. Two hundred and thirty six tested persons that is to say (73.8%) had been assigned to the responder group and 84 (26.2%) to non- responder. Similar ratio of 37 responders (74%) and 13 non-responders (26%) respectively had been obtained in the random sample group with an additional free oxygen radicals test (FORT). The survey pointed out the causal connections between the changes of blood sugar and HbA1c values and the fluctuation of reactive oxygen species concentration in the blood of the tested persons.",Positive,Human,Whole Body,Diabetes (Type II),Oxidative Stress,"Water, Commercial (Nordenau)",Alkaline,Ingestion,,,Germany,,,,,,,,,,,,,,,,,,,,,,,,
968,"Hiraoka, Atsushi","Sasaki, Satoshi; Yamada, Tomoko; Shinohara, Atsuko","Chiba, Momoko",Effects of Drinking a Water Product with Anti-Oxidant Activities In Vitro on the Blood Levels of Biomarker Substances for the Oxidative Stress,2006,Journal of Health Science,10.1248/jhs.52.817,"The in vivo effects of drinking a water product, which had been confirmed to have antioxidant activi- ties in vitro, were preliminarily studied by monitoring the blood concentrations of oxidative stress marker substances in the two group subjects who ingested the same quantity of the water product and a tap water solution during the same time. The results indicated that hydrogen gas and reductive vanadium ions as the components responsible for the antioxidant activities in vitro cannot enhance the scavenging ability for re- active oxygen species in vivo after being drunk and absorbed into the human body, although it was sug- gested that an ingestion of a greater quantity of water than usual gives a slight reduction, overall, in the oxi- dative stress.",Positive,Human,Whole Body,ROS-Scavenging,Oxidative Stress,"Water, Commecial (Nihon Trim)",Alkaline,Ingestion,,,Japan,,,,,,,,,,,,,,,,,,,,,,,,
981,"Desai, Alpesh","Tam, Cynthia J.; Bhakta, Kinnari; Desai, Tejas; Sarkar, Rashmi","Desai, Neil B.",The Efficacy and Tolerability of Electrolyzed Oxidized Water in Treating Mild to Moderate Acne,2004,Cosmetic Dermatology,https://www.researchgate.net/publication/237566858_The_Efficacy_and_Tolerability_of_Electrolyzed_Oxidized_Water_in_Treating_Mild_to_Moderate_Acne,"The purpose of this study was to determine the efficacy and the tolerability of the Charme™ system, a hand-held device that electrolyzes a water-based sodium chloride solution and delivers electrolyzed oxidized water (EOW) to the skin, in the treatment of mild to moderate acne. A total of 31 patients with mild to moderate acne vulgaris were enrolled in this 8-week, open-label, split-face pilot study. Acne lesion counts and physician global assessments were taken at each visit, as well as patient satisfaction and global assessments and high-resolution digital photographs. Statistical analysis of the results for treatment versus baseline scores was performed using a Hotelling T test and repeated - measures analysis of variance. Values of .04 or less were considered statistically significant. A total of 25 patients (mean age, 24.7 years, ranging from 15 to 47.years) completed the study. The mean reduction in total acne lesion counts from baseline to the end of treatment was 40.9 for the EOW - treated side (right side) and 18 for the untreated side (Heft side) (P=.04). Investigators observed a significant mean reduction in inflammatory lesions, both papules and pustules (P<.01), as well as in the number of individual papules (75.7% vs 19.4%) and pustules (42% vs 7.38%) on the treated side versus the untreated side (P=.02). The mean reduction of the noninflammatory lesions, however, was not significant (P=.336). Physician global assessment indicated that 100% of the patients showed clinical improvement of 25% or more, while 50% of the patients onserved a moderate improvement of 50% or more at the end of the treatment period. Interestingly, 75% of the patients preferred the EOW delivery system to other conventional treatment modalities. Only 5 patients had transient, cutaneous adverse effects, such as pruritus, erythema, burning/stinging, and/or peeling, that ceased by week 2. Patient satisfaction with the EOS system was rated high, with 80% of patients in the study assessing the EOW device as good or excellent, while 16% rated the device as fair. Only 4% of the patients were dissatisfied with the device. The pilot study demonstrated that the EOW system is an effective and well-tolerated method of treatment for patients with acne. The device appeared to be effective primarily on inflammatory acne lesions. This is most likely attributed to the antimicrobial properties of the EOW that reduce the Propionibacterium acnes populations.",Positive,Human,Skin,Cosmetic Issues,Acne,Water (Electrolysis),Neutral,Bath,,,United States,,,,,,,,,,,,,,,,,,,,,,,,
989,"Okouchi, Shoichi","Takezaki, Daisuke; Ohnami, Hideyuki; Agishi, Yuhkoh; Kanroji, Yasuo","Ikeda, Shigeo",Electrolyzed-Reduced Water as Artificial Hot Spring Water,2003,Journal of the Balneological Society of Japan,https://www.researchgate.net/publication/242555470_Electrolyzed-Reduced_Water_as_Artificial_Hot_Spring_Water,"Water-electrolysis with ion-exchange membranes followed by passing through ac- tivated carbon filter conducted to produce electrolyzed-reduced water that has neutral and reductive characteristics. In addition, the electrolyzed-reduced water was also confirmed characteristic of antioxidative activity. Bathing in the electrolyzed-reduced water lowered the ORP (oxidation-reduction potential) of human skin, as same as that in hot spring waters with reductive characteristic. Therefore, the electrolyzed-reduced water was expected to have a function of depressing the oxidation or aging of human skin. We concluded that the electrolyzed-reduced water is applicable to artificial hot spring water. Furthermore, we also suggested that the system have changed the oxidative characteristic of hot spring waters by addition of disinfectant such as chlorine compounds into the reductive characteristic.",Positive,Human,Skin,Aging,Oxidative Stress,Water (Electrolysis),Alkaline,Bath,,,Japan,,,,,,,,,,,,,,,,,,,,,,,,
992,"Gadek, Zbigniew",,"Shirahata, Sanetaka",Changes in the Relevant Test Parameters of 101 Diabetes Patients under the Influence of the So-Called “Nordenau-Phenomenon”,2002,Animal Cell Technology: Basic and Applied Aspects,10.1007/978-94-017-0728-2_74,"The study examined changes in the test parameters of 101 diabetes patients (56 female, 45 male) under the influence of what is known as the “Nordenau Phenomenon”, which attributes a healing effect to an old slate tunnel with an underground spring. The average age of the test persons was 67,9 years; the average duration of their stay in Nordenau was 3 days for group 1 (61 patients), respectively 10,7 days for group 2 (40 patients) taking two tunnel walks of 30 minutes each and consuming two litres of water daily. The spring water was considered to be a possible active substance, as it possesses the quality of ‘reduced water’. The diagnostic parameters of blood sugar, HbAlc, Chol., HDL, LDL and Trigl. were tested twice — at the beginning and at the end of the participants’ stay in Nordenau. The survey pointed to a significant improvement with regard to blood sugar and HbAlc in group 2. The counts of Chol., HDL, LDL and Trigl. showed only slight improvements below statistical significance. In view of the fact that the ‘reduced water’ shows “in vitro” an effect on the glucose absorption by muscle- and fat cells similar to that of insulin — an effect which can be reproduced in animal experiments from Shirahata — the results of this study seem to have sufficient correlation with those of basic research to be worthy of serious consideration.",Positive,Human,Whole Body,Diabetes (Type II),Oxidative Stress,"Water, Commercial (Nordenau)",Alkaline,Ingestion,,,Germany,,,,,,,,,,,,,,,,,,,,,,,,
1000,"Shirahata, Sanetaka","Nishimura, T.; Kabayama, S.; Aki, D.; Teruya, K.; Otsubo, K.; Morisawa, S.; Ishii, Y.; Gadek, Z.","Katakura, Yoshinori",Anti-Oxidative Water Improves Diabetes,2001,Animal Cell Technology: From Target to Market,10.1007/978-94-010-0369-8_137,"Electrolyzed reduced water and natural waters such as Hita Tenryosui water in Japan, Nordenau water in Germany and Tracote water in Mexico, which are known to improve various diseases, were all and- oxidative waters which could scavenge intracellular reactive oxygen species. The and-oxidative waters stimulated not only the glucose uptake of rat myotube L6 cells, but also the secretion of insulin from a pancreatic beta cell line HIT-T15. The anti-oxidative waters improved the damage in the sugar tolerance test of type 2 diabetes model mice (db/db mice). A clinical investigation demonstrated that Nordenau water could significantly improve the diabetes mellitus.",Positive,Human,Whole Body,Diabetes (Type II),Oxidative Stress,Water (Electrolysis),Alkaline,Ingestion,,,Japan,,,,,,,,,,,,,,,,,,,,,,,,
1019,"Sekiya, Shuichi","Ohmori, Kitaro","Harii, Kiyonori",Treatment of Infectious Skin Defects or Ulcers with Electrolyzed Strong Acid Aqueous Solution,1997,Artificial Organs,10.1111/j.1525-1594.1997.tb00696.x,"A chronic ulcer with an infection such as methicillin-resistant Staphylococcus aureus is hard to heal. Plastic and reconstructive surgeons often encounter such chronic ulcers that are resistant to surgical or various conservative treatments. We applied conservative treatment using an electrolyzed strong acid aqueous solution and obtained satisfactory results. The lesion was washed with the solution or soaked in a bowl of the solution for approximately 20 min twice a day. Fresh electrolyzed strong acid aqueous solution is unstable and should be stored in a cool, dark site in a sealed bottle. It should be used within a week after it has been produced. Here we report on 15 cases of infectious ulcers that were treated by electrolyzed strong acid aqueous solution. Of these cases, 7 patients were healed, 3 were granulated, and in 5, infection subsided. In most cases the lesion became less reddish and less edematous. Discharge or foul odor from the lesion was decreased. Electrolyzed strong acid aqueous solution was especially effective for treating a chronic refractory ulcer combined with diabetes melitus or peripheral circulatory insufficiency. This clinically applied therapy of electrolyzed strong acid aqueous solution was found to be effective so that this new therapeutic technique for ulcer treatment can now be conveniently utilized.",Positive,Human,Skin,Wound Healing,Ulcer,Water (Electrolysis),Acidic,Bath,,,Japan,,,,,,,,,,,,,,,,,,,,,,,,
1029,"Timon, Rafael","Olcina, Guillermo; Gonzalez-Custodio, Adrian; Camacho-Cardenosa, Marta; Camacho-Cardenosa, Alba","Guardado, Ismael Martinez",Effects of 7-day intake of hydrogen-rich water on physical performance of trained and untrained subjects ,2021,Biology of Sport,10.5114/biolsport.2020.98625 ,"Hydrogen-rich water (HRW) is used as a supplement to improve performance and reduce fatigue in athletes. However, the potentially beneficial effects of HRW intake could be mediated by the training status of athletes. The purpose of the study was to analyse the ergogenic effect of intake of HRW for one week on aerobic and anaerobic performance, both in trained and untrained individuals. Thirty-seven volunteers participated in the study and were divided into two experimental groups: trained cyclists and untrained subjects. A double-blind crossover design was performed in which all subjects took a placebo (PW) and nano-bubble HRW (pH: 7.5; hydrogen concentration: 1.9 ppm; oxidation-reduction potential (ORP): -600 mV). At the end of 7-day intake, performance was assessed by an incremental VO2max test and by a maximum anaerobic test. After HRW intake, only trained cyclists improved their performance in the anaerobic test with an increase in peak power (from 766.2 ± 125.6 to 826.5 ± 143.4 W; d = .51) and mean power (from 350.0 ± 53.5 to 380.2 ± 71.3 W; d = .51), and a decrease in the fatigue index (from 77.6 ± 5.8 to 75.1 ± 5.9%; d = .45). The findings demonstrate that the ergogenic effect of HRW is mediated by the training status, and that 7-day intake of HRW would be an effective strategy for improving anaerobic performance in trained cyclists. ",Positive,Human,Whole Body,Excercise,Performance Enhancement,Water (Electrolysis),Neutral,Ingestion,,,Spain,,,,,,,,,,,,,,,,,,,,,,,,
1033,"Nayak, Aarati","Bhatt, Akanksha; Bhat, Kishore; Nayak, Ranganath; Hooli, Amruta","Naik, Sachita",Assessment of antibacterial effect of hydrogen water on plaque from patients with chronic periodontitis,2021,Journal of the Indian Society of Periodontology,10.4103/jisp.jisp_317_20,"Background: Periodontitis is an inflammatory disease causing destruction of tissues surrounding the teeth. The primary etiological factor for periodontitis is plaque. An inference could be drawn that an overall reduction in microorganisms halts disease progression. It is desirable to have natural agents with minimal side effects to reduce the microbial load. Aim: The aim of the study is to assess the effect of hydrogen water on microbial count in plaque obtained from chronic periodontitis patients and to determine the antibacterial activity of hydrogen water at various time intervals. Materials and Methods: A total of twenty chronic periodontitis patients were included after obtaining approval from the institutional ethical committee. Written informed consent was obtained from all the twenty participants. Plaque samples were collected and exposed to hydrogen water at baseline, 1 min, 2 min 30 s, and 5 min. Samples were then cultured on blood agar and incubated in aerobic and anaerobic conditions. The colony forming units and total bacterial count were recorded after 24–48 h. Statistical Analysis: Intragroup pair-wise comparison was done using Wilcoxon sign-ranked test. Results: Hydrogen water showed antibacterial activity against aerobic and anaerobic organisms associated with chronic periodontitis. There was a statistically significant difference in the number of colony forming units from baseline to 1 and 2.5 min for the aerobic culture and also for baseline to 1, 2.5, and 5 min for the anaerobic culture. Conclusion: The data of the present study indicate that hydrogen water has an antibacterial effect on microorganisms associated with chronic periodontitis.",Positive,Human,Mouth,Periodontitis,Pathogenic Bacterial Load,Water (Electrolysis),Neutral,Culture Media,,,India,,,,,,,,,,,,,,,,,,,,,,,,
1034,"LeBaron, Tyler W.","Kharman, Jason","McCullough, Dr.","Effects of an H2-infused, Nitric Oxide-Producing Functional Beverage on Exercise and Cognitive Performance",2021,Journal of Science and Medicine,10.37714/josam.v2i4.79,"Background. Exercise performance and recovery are impaired by excessive levels of oxidative stress and inflammation. However, both reactive oxygen species (ROS) and inflammation improve exercise performance including mitochondrial ATP production and force of muscle contraction. They also are essential mediators in providing the benefits and training adaptations that occur from exercise. Nitric oxide (NO•) is a gaseous radical that increases blood flow via dilation of the blood vessels and also improves mitochondrial function. Therefore, NO• improves exercise performance and capacity, but only when produced at the right times and in the right locations. Excessive levels of NO• contribute to nitrosative stress due to the spontaneous reaction with superoxide to form toxic peroxynitrite. This decreases the _ life of nitric oxide resulting in less NO• benefits and in cellular damage leading to impaired exercise performance. In contrast to conventional antioxidants and anti-inflammatories, molecular hydrogen (H2) has been demonstrated to exert selective antioxidant and anti-inflammatory effects by decreasing only excessive inflammation and reducing toxic oxidants without disturbing important signaling ROS, like NO•. Moreover, H2 can regulate NO• production, increase its circulating _ life and beneficial NO• cycling, potentiate the bioactivity of NO•, and act as a NO• mimetic by increasing cGMP levels. At the same time H2 can prevent peroxynitrite formation and reduce the harm from NO• metabolism, such as lower nitrotyrosine levels. Methods. The effects of an H2-infused, nitric oxide-producing beverage (Hydro Shot) on nitric oxide production, blood flow, aerobic and anaerobic exercise, and cognitive function were assessed. Results. Ingestion of the functional beverage significantly increased production of NO• and a concomitant increase in blood flow. It also improved aerobic performance as measured by VO2, and anaerobic performance as indicated by delayed muscle fatigue, and increased peak torque during maximal isokinetic leg extensions. Additionally, the H2/NO• combination significantly improved indices of cognitive function including, focus, speed, plasticity, etc. Conclusion. The molecular crosstalk between H2 and NO•coupled with these preliminary results indicate that Hydro Shot is uniquely qualified for sports performance and exercise medicine and warrants additional clinical and mechanistic research.",Positive,Human,Whole Body,Excercise,Performance Enhancement,"Water, Commercial (Hydro Shot)",Neutral,Ingestion,,Nitric Oxide (NO),United States,,,,,,,,,,,,,,,,,,,,,,,,
1037,"Tanaka, Yoshinori","Kiuchi, Masataka; Higashimura, Yasuki; Naito, Yuji","Koyama, Katsuhiro",The effects of ingestion of hydrogen-dissolved alkaline electrolyzed water on stool consistency and gut microbiota: a double-blind randomized trial ,2021,Medical Gas Research,10.4103/2045-9912.318858,"A relationship between Bifidobacterium and defecation has previously been reported. Our hypothesis on the effectiveness of alkaline electrolyzed water (AEW) proposes that ingestion of AEW, considered possessing antioxidative properties, increases the number of Bifidobacteria and improves stool hardness and gastrointestinal symptoms. A double-blind, randomized study was conducted to evaluate the connection between stool consistency and change in gut microbiota composition induced by drinking hydrogen-dissolved AEW. The participants drank 500 mL of purified tap water or AEW every day for 2 weeks. In this study, drinking AEW did not drastically change gut microbiota, but it appeared to act on a specific bacterial species. Drinking AEW was confirmed to cause an increase in Bifidobacterium. The AEW group also saw stool consistency significantly converge to Bristol stool scale Type 4 ('normal'). Therefore, it is highly likely that the gut microbiota will be changed by drinking AEW. This study was retrospectively registered in University Hospital Medical Information Network (UMIN) Clinical Trials Registry (UMIN ID: UMIN000039507) on February 18, 2020, and was approved by the Ethics Committee of University of Yamanashi (approval No. H30-25) on January 9, 2018. ",Positive,Human,Intestine,Indigestion,Gut Microbiome,Water (Electrolysis),Alkaline,Ingestion,,,Japan,,,,,,,,,,,,,,,,,,,,,,,,
1044,"Ostojic, Sergej M.","Korovljev, Darinka; Stajer, Valdemar","Javorac, Dejan",Abstract 225: 28-Days Hydrogen-Rich Water Supplementation Affects Exercise Capacity in Mid-Age Overweight Women,2018,Medicine and Science in Sports and Exercise,10.1249/01.mss.0000538402.25953.d2,No abstract available,Positive,Human,Whole Body,Excercise,Performance Enhancement,Water (Mg-Chemico),Alkaline,Ingestion,,,Serbia,,,,,,,,,,,,,,,,,,,,,,,,
1045,"Shibayama, Yudai","Takeuchi, Kaito; Dobashi, Shohei","Koyama, Katsuhiro",Abstract 203: Hydrogen-rich Water Modulates Redox Status Repeated Three Consecutive Days Of Strenuous Exercise,2017,Medicine and Science in Sports and Exercise,10.1249/01.mss.0000519562.97355.a8,No abstract available,Positive,Human,Whole Body,Excercise,Performance Enhancement,Water (Mg-Chemico),Alkaline,Ingestion,,,Japan,,,,,,,,,,,,,,,,,,,,,,,,
1061,"Christl, S.U.","Murgatroyd, P.R.; Gibson, G.R.","Cummings, J.H.","Production, metabolism, and excretion of hydrogen in the large intestine ",1992,Gastroenterology,10.1016/0016-5085(92)70022-4,"Hydrogen is produced during fermentation in the large intestine and may be excreted in breath and flatus or further metabolized by the flora. However, there is little information about total H2 excretion from different substrates or the extent to which it is metabolized in the colon. We have therefore measured total H2 and methane excretion in 10 healthy subjects using a whole body calorimeter. Breath gases were measured simultaneously with total excretion in response to lactulose, pectin, and banana starch. Metabolic activities of the predominant H2 consuming anaerobes (methanogenic, sulfate reducing, and acetogenic bacteria) were measured in fecal samples. Total H2 excretion on a starch and fiber-free diet was 35 +/- 6.1 mL/24 h +/- SEM. H2 from 7.5 g, 15 g, and 22.5 g lactulose was 88.1 +/- 22.4 mL, 227.0 +/- 60.7 mL, and 321.8 +/- 79.2 mL. Four of the subjects also excreted CH4, which was 51.3 +/- 5.5 mL, 97.3 +/- 18.4 mL, and 157.5 +/- 36.3 mL for the respective lactulose doses. H2 excretion was less in methanogenic subjects (7.9 mL/g lactulose) than in nonmethanogenic (17.3 mL/g), but total H2 excreted as, hydrogen + methane, was 34.9 mL/g. H2 from pectin (20 g) was 14.1% +/- 3.2% and from starch (22.2 g) 38.6% +/- 9.2% of an equivalent lactulose dose. Sixty-five percent of total H2 and CH4 was expired in breath at total excretion rates up to 200 mL/24 h. Over this the proportion decreased to 25% with an overall average of 58%. Only subjects with CH4 excretion in vivo showed methanogenesis in feces, whereas nonmethanogenic subjects showed high sulfate-reducing activity in feces (58.7 +/- 5.6 nmol 35SO4 reduced.h-1.g-1 wet wt vs. 7.9 +/- 2.0 nmol.h-1.g-1 in methanogens). Acetogenesis rates were very low in both groups. It was concluded that H2 excretion varies with different substrates. The proportion of H2 that is exhaled in breath is higher than currently accepted and varies with total excretion rate. Substantial amounts of H2 are consumed by methanogenic and sulfate-reducing bacteria. ",Neutral,Human,Intestine,Hydrogen Biology,Gut Microbiome,Gas,N/A,In Vivo Biotic Production,,,United Kingdom,,,,,,,,,,,,,,,,,,,,,,,,
1063,"Levitt, Michael D.",,,Production and Excretion of Hydrogen Gas in Man,1969,New England Journal of Medicine,10.1056/NEJM196907172810303,"Technics employing intestinal infusions of gas were used to study H2 production in the human intestine. The volume of H2 in the bowel of 10 normal subjects varied from 0.06 to 29 ml. H2 production, which averaged 0.24 ml per minute in the fasting state, sharply increased after intestinal instillation of lactose to a mean peak rate of 1.6 ml per minute. Ingestion of food also increased H2 production by seven-fold to 30-fold. In the normal intestine, more than 99 per cent of H2 production was colonic, but small-bowel production was increased in a patient with excessive numbers of small-bowel bacteria. H2 production in man is primarily dependent upon the delivery of ingested, fermentable substrates to an abundant intestinal flora that normally is present only in the colon. A mean of 14 per cent of the total H2 production was excreted by the lungs, and rates of breath H2 excretion and H2 production correlated well (r = 0.94). Respiratory H2 excretion can therefore be used as an indicator of intestinal H2 production.",Neutral,Human,Intestine,Hydrogen Biology,Gut Microbiome,Gas,N/A,In Vivo Biotic Production,,,United States,,,,,,,,,,,,,,,,,,,,,,,,
1067,"Shimouchi, Akito",,"Nose, Kazutoshi",Abstract A48: Changes In Hydrogen Gas Release From The Skin During Inhalation Of Hydrogen-Rich Air,2011,American Thoracic Society International Conference,10.1164/ajrccm-conference.2011.183.1_MeetingAbstracts.A1682,No abstract available,Neutral,Human,Whole Body,Hydrogen Biology,Hydrogen Safety,Gas,N/A,Inhalation,,,Japan,,,,,,,,,,,,,,,,,,,,,,,,
1068,"Shimouchi, Akito","Nose, Kazutoshi; Yamaguchi, Makoto; Ishiguro, Hiroshi","Kondo, Takahara",Breath hydrogen produced by ingestion of commercial hydrogen water and milk ,2009,Biomarker Insights,10.4137/bmi.s2209 ,"Objective: To compare how and to what extent ingestion of hydrogen water and milk increase breath hydrogen in adults. Methods: Five subjects without specific diseases, ingested distilled or hydrogen water and milk as a reference material that could increase breath hydrogen. Their end-alveolar breath hydrogen was measured. Results: Ingestion of hydrogen water rapidly increased breath hydrogen to the maximal level of approximately 40 ppm 10-15 min after ingestion and thereafter rapidly decreased to the baseline level, whereas ingestion of the same amount of distilled water did not change breath hydrogen (p < 0.001). Ingestion of hydrogen water increased both hydrogen peaks and the area under the curve (AUC) of breath hydrogen in a dose-dependent manner. Ingestion of milk showed a delayed and sustained increase of breath hydrogen in subjects with milk intolerance for up to 540 min. Ingestion of hydrogen water produced breath hydrogen at AUC levels of 2 to 9 ppm hour, whereas milk increased breath hydrogen to AUC levels of 164 ppm hour for 540 min after drinking. Conclusion: Hydrogen water caused a rapid increase in breath hydrogen in a dose-dependent manner; however, the rise in breath hydrogen was not sustained compared with milk.
",Neutral,Human,Whole Body,Hydrogen Biology,Hydrogen Safety,Gas,N/A,In Vivo Biotic Production,,,Japan,,,,,,,,,,,,,,,,,,,,,,,,
1069,"Shimouchi, Akito","Nose, Kazutoshi; Shirai, Mikiyasu","Kondo, Takahara",Estimation of molecular hydrogen consumption in the human whole body after the ingestion of hydrogen-rich water ,2011,Advances in Experimental Medicine and Biology,10.1007/978-1-4614-1566-4_36 ,"Recent studies have revealed that inhaled or ingested hydrogen gas (H 2) inactivates reactive oxygen species such as hydroxyl radicals in various kinds of diseases and disorders in animal models and that H2 reduces oxidative stress-induced damage in brain, heart, and other peripheral tissues. These reports suggested that exogenous H2 is partially trapped by oxygen radicals. This study was conducted to evaluate H2 consumption after the ingestion of H2-rich water. Seven adult subjects ingested H2-rich water. The H2 content of their expired breath was measured by gas chromatography with a semiconductor. The ingestion of H2-rich water rapidly increased breath H2 content to its maximal level of approximately 36 ppm at 10 min after ingestion and thereafter decreased it to the baseline level within 60 min. Taken together with simultaneous measurements of expiratory minute volume, 59% of the ingested H2 was exhaled. The loss of H2 from the water during the experimental procedures accounted for 3% or less of the H2. H 2 release from the skin surface was estimated as approximately 0.1%. Based on the remaining H2 mass balance, approximately 40% of the ingested H2 was consumed in the body. As the H2 molecule is reported to be a weak scavenger of hydroxyl radicals and is not effective against superoxide or hydrogen peroxide, the rate of hydroxyl radical production was estimated to be at least 1.0 _mol/min/m2 (equivalent to 29 nmol/min/kg), assuming that the H2 molecules were all used to scavenge hydroxyl radicals and that bacterial consumption in the alimentary tract and on the skin surface could be excluded. In summary, 59% of ingested H2 was exhaled, and most of the remainder was consumed in the body.",Neutral,Human,Whole Body,Hydrogen Biology,Hydrogen Safety,Water (Electrolysis),Neutral,Ingestion,,,Japan,,,,,,,,,,,,,,,,,,,,,,,,
1070,"Shimouchi, Akito","Nose, Kazutoshi; Mizukami, Tomoe; Che, Dock-Chil","Shirai, Mikiyasu",Molecular hydrogen consumption in the human body during the inhalation of hydrogen gas ,2013,Advances in Experimental Medicine and Biology,10.1007/978-1-4614-7411-1_42 ,"Inhaling or ingesting hydrogen (H2) gas improves oxidative stress-induced damage in animal models and humans. We previously reported that H2 was consumed throughout the human body after the ingestion of H2-rich water and that the H2 consumption rate ([Formula: see text]) was 1.0 _mol/min/m(2) body surface area. To confirm this result, we evaluated [Formula: see text]during the inhalation of low levels of H2 gas. After measuring the baseline levels of exhaled H2 during room air breathing via a one-way valve and a mouthpiece, the subject breathed low levels (160 ppm) of H2 gas mixed with purified artificial air. The H2 levels of their inspired and expired breath were measured by gas chromatography using a semiconductor sensor. [Formula: see text] was calculated using a ventilation equation derived from the inspired and expired concentrations of O2/CO2/H2, and the expired minute ventilation volume, which was measured with a respiromonitor. As a result, [Formula: see text] was found to be approximately 0.7 _mol/min/m(2)BSA, which was compatible with the findings we obtained using H2-rich water. [Formula: see text] varied markedly when pretreatment fasting to reduce colonic fermentation was not employed, i.e., when the subject's baseline breath hydrogen level was 10 ppm or greater. Our H2 inhalation method might be useful for the noninvasive monitoring of hydroxyl radical production in the human body. ",Neutral,Human,Whole Body,Hydrogen Biology,Hydrogen Safety,Gas,N/A,Inhalation,,,Japan,,,,,,,,,,,,,,,,,,,,,,,,
1081,"Tarnava, Alex",,,Supersaturated Hydrogen-Rich Water Hydrotherapy for Recovery of Acute Injury to the Proximal Phalanges on the 5th Toe: A Case Report,2021,Journal of Science and Medicine,10.37714/josam.v2i4.57,"Background: Traditional treatments of soft tissue injuries (STIs) and some musculoskeletal injuries (MSK-Is) involves therapies such as the RICE protocol, which consists of rest, ice, compression and elevation for several days following acute trauma. Designed to improve comfort and reduce pain following traumatic injury, questions exist on the efficacy of RICE protocol; if it may in fact delay the rate of healing; and if it has any beneficial effect at all. Recently, a growing body of evidence has suggested molecular hydrogen therapy (H2) as a potential adjuvant, or first line treatment, for numerous MSK-Is, STIs, and afflictions affecting the skin, both through topical administration and oral consumption. Case report: The recovery of a middle-aged male who suffered an injury to the proximal phalanges of the 5th toe of the right foot while kickboxing. The participant received four 25-minute hydrogen-rich hydrotherapy sessions in a super saturated solution with an average concentration approaching 8mg/L, on days 1,3,5,7 following injury. Recovery noted a rapid reduction in pain and swelling, a dramatic improvement in range of motion and ability to bear weight, and an ability to conduct limited activities after first treatment, including walking and modified exercise (i.e., boxing). Conclusion: This case is yet another indication that high concentration hydrogen-rich hydrotherapy may be a helpful first line treatment in terms of reduction of pain and improvement in function following injury, in addition to the evidence suggesting benefit in reducing chronic indications caused by acute or chronic stress.",Positive,Human,Bone,Excercise,Sprain,Water (Mg-Chemico),Alkaline,Bath,,,Canada,,,,,,,,,,,,,,,,,,,,,,,,
1083,"Watanabe, T.","Tsuji, S.; Hiramatsu, N.; Monden, T.","Kajimoto, O.",Effects of hydrogen-rich water on attenuating fatigue induced by daily activities or mental tasks,2018,Japanese Pharmacology and Therapeutics,https://www.pieronline.jp/content/article/0386-3603/46040/581,"Objectives In 2007, the first report that hydrogen removes active oxygen was published, and many clinical and non-clinical studies have since been conducted using hydrogen gas or water. Several diseases and symptoms are related to active oxygen, and fatigue is also induced by increases in oxidative stress. The current randomized, double-blind, placebo-controlled, crossover study was conducted to investigate the effects of hydrogen-rich water_HRW_on attenuating fatigue induced by daily activities or mental tasks. Methods Twenty-four healthy volunteers were randomized to either oral administration of hydrogen-rich water containing 0.36 mg of hydrogen or placebo for 4 weeks. Subjective sensation and work efficacy were examined using the visual analogue scale_VAS_and the advanced trail making test_ATMT_, respectively, to evaluate the anti-fatigue effects of hydrogen-rich water. In addition, we measured serum malondialdehyde-modified low density lipoprotein _MDA-LDL_and derivatives of reactive oxygen metabolites_d-ROMs_as possible mechanisms of action. Results On the VAS, the hydrogen-rich water group had a significantly lower sleepiness and tension score after 4-week administration, and a significantly higher motivation and relaxation score after mental tasks compared with the placebo group. On the ATMT, hydrogen-rich water significantly reduced the mean reaction time during mental tasks. The serum MDA-LDL level after 4-week administration was significantly lower compared with before administration in the hydrogen-rich water group. The serum d-ROM level was significantly correlated with the VAS fatigue sensation score in the hydrogen-rich water group. Conclusions These results suggest that hydrogen-rich water improves several subjective sensations accompanying fatigue induced by daily activities and mental tasks by enhancing work efficacy and attenuating fatigue during mental tasks. We consider these effects to be caused by the antioxidant action of hydrogen.",Positive,Human,Brain,Neuroprotection,Fatigue,Water (Electrolysis),Neutral,Ingestion,,,Japan,,,,,,,,,,,,,,,,,,,,,,,,
1093,"Cole, Alexis R.","Sperotto, Francesca; DiNardo, James A.; Carlisle, Stephanie; Rivkin, Michael J.; Sleeper, Lynn A.","Kheir, John N.",Safety of Prolonged Inhalation of Hydrogen Gas in Air in Healthy Adults ,2021,Critical Care Explorations,10.1097/CCE.0000000000000543,"Ischemia-reperfusion injury is common in critically ill patients, and directed therapies are lacking. Inhaled hydrogen gas diminishes ischemia-reperfusion injury in models of shock, stroke, and cardiac arrest. The purpose of this study was to investigate the safety of inhaled hydrogen gas at doses required for a clinical efficacy study. Design: Prospective, single-arm study. Setting: Tertiary care hospital. Patients/subjects: Eight healthy adult participants. Interventions: Subjects underwent hospitalized exposure to 2.4% hydrogen gas in medical air via high-flow nasal cannula (15 L/min) for 24 (n = 2), 48 (n = 2), or 72 (n = 4) hours. Measurements and main results: Endpoints included vital signs, patient- and nurse-reported signs and symptoms (stratified according to clinical significance), pulmonary function testing, 12-lead electrocardiogram, mini-mental state examinations, neurologic examination, and serologic testing prior to and following exposure. All adverse events were verified by two clinicians external to the study team and an external Data and Safety Monitoring Board. All eight participants (18-30 yr; 50% female; 62% non-Caucasian) completed the study without early termination. No clinically significant adverse events occurred in any patient. Compared with baseline measures, there were no clinically significant changes over time in vital signs, pulmonary function testing results, Mini-Mental State Examination scores, neurologic examination findings, electrocardiogram measurements, or serologic tests for hematologic (except for clinically insignificant increases in hematocrit and platelet counts), renal, hepatic, pancreatic, or cardiac injury associated with hydrogen gas inhalation. Conclusions: Inhalation of 2.4% hydrogen gas does not appear to cause clinically significant adverse effects in healthy adults. Although these data suggest that inhaled hydrogen gas may be well tolerated, future studies need to be powered to further evaluate safety. These data will be foundational to future interventional studies of inhaled hydrogen gas in injury states, including following cardiac arrest.
",Positive,Human,Whole Body,Hydrogen Biology,Hydrogen Safety,Gas,N/A,Inhalation,,,United States,,,,,,,,,,,,,,,,,,,,,,,,
1099,"Zanini, Dragana","Todorovic, Nikola; Korovljev, Darinka; Stajer, Valdemar; Ostojic, Jelena; Purac, Jelena; Kojic, Danijela; Vukasinovic, Elvira; Djordjievski, Srdjana; Sopic, Miron; Guzonjic, Azra; Ninic, Ana; Erceg, Sanja","Ostojic, Sergej M.",The effects of 6-month hydrogen-rich water intake on molecular and phenotypic biomarkers of aging in older adults aged 70 years and over: A randomized controlled pilot trial ,2021,Experimental Gerontology,10.1016/j.exger.2021.111574 ,"In this randomized controlled pilot trial, we investigated the effects of a 6-month intake of hydrogen-rich water (HRW) on several molecular and phenotypic biomarkers of aging in older adults aged 70 years and over. Forty older adults (20 women) were randomly allocated in a parallel-group design to receive 0.5 L per day of HRW (15 ppm of hydrogen) or control drink (0 ppm of hydrogen) during a 6-month intervention period. The biomarkers assessed at baseline and 6-month follow up were molecular markers in the blood (DNA and chromosomes, nutrient sensing, protein, and lipid metabolism, oxidative stress and mitochondria, cell senescence, inflammation), brain metabolism, cognitive functioning, physical function and body composition, resting blood pressure, facial skin features, sleep outcomes, and health-related quality of life. The mean age, weight, and height of study participants were 76.0 ± 5.6 years, 78.2 ± 16.1 kg, height 167.5 ± 11.5 cm, respectively. A significant treatment vs. time interaction was found for telomere length (P = 0.049), with the length increased after HRW intervention (from 0.99 ± 0.15 at baseline to 1.02 ± 0.26 at follow up) and decreased after drinking control water (from 0.92 ± 0.27 to 0.79 ± 0.15). A marker of DNA methylation (Tet methylcytosine dioxygenase 2, TET2) expression at 6-month follow-up increased in both groups, yet the degree of elevation was significantly higher in HRW (from 0.81 ± 0.52 at baseline to 1.62 ± 0.66 at follow up) comparing to the control water (from 1.13 ± 0.82 to 1.76 ± 0.87) (P = 0.040). A strong trend for treatment vs. time interaction was found for a degree of DNA methylation (P = 0.166), with the methylation increased in the HRW group (from 120.6 ± 39.8 ng at baseline to 126.6 ± 33.8 ng at follow up) and decreased after taking control water (from 133.6 ± 52.9 ng to 121.2 ± 38.4 ng). HRW was superior to control water to increase brain choline and NAA levels in the left frontal grey matter, brain creatine at the right parietal white matter, and brain NAA at the right parietal mesial grey matter (P < 0.05). No significant differences were found between interventions for other outcomes (P > 0.05), except for a significantly improved chair stand performance after HRW intervention compared to the control water (P = 0.01). Owing to pleiotropic mechanisms of hydrogen action, this simple biomedical gas could be recognized as a possible anti-aging agent that tackles several hallmarks of aging, including loss of function and telomere length shortening. ",Positive,Human,Whole Body,Aging,Oxidative Stress,Water (Mg-Chemico),Alkaline,Ingestion,,,Serbia,,,,,,,,,,,,,,,,,,,,,,,,
1101,"Todorovic, Nikola","Zanini, Dragana; Stajer, Valdemar; Korovljev, Darinka; Ostojic, Jelena","Ostojic, Sergej M.",Hydrogen-rich water and caffeine for alertness and brain metabolism in sleep-deprived habitual coffee drinkers ,2021,Food Science & Nutrition,10.1002/fsn3.2480 ,"The main aim of this randomized-controlled cross-over interventional trial was to assess the acute effects of taking a single dose of hydrogen-rich water (HRW), and compare it with caffeine, HRW plus caffeine, and control water, for alertness, brain metabolism, brain and oxygen saturation, and self-reported adverse events in healthy men and women who were habitual coffee drinkers and were sleep-deprived for 24 hr. Sixteen apparently healthy young adults (8 men and 8 women; age 24.0 ± 3.5 years) were allocated in a cross-over design to receive a single-dose drink of HRW (8 ppm), caffeine (50 mg), HRW plus caffeine, or control drink (tap water) in the morning after 24-hr sleep deprivation and 12-hr fasting. The primary and secondary outcomes were assessed at baseline (pre-intervention) and 15-min follow-up. Significantly less time was needed to complete trail-making test after both HRW and HRW plus caffeine compared with the control drink (p < .05). The number of errors in the symbol digit modalities test was significantly lower after drinking HRW or caffeine than control drink (p < .05). Both HRW and caffeine significantly increased the choline-to-creatine ratio in several brain regions (frontal white and gray matter), while HRW and the combination intervention also affected brain metabolism in the paracentral brain. No participants reported any side effects from any intervention. The attention enhancement driven by HRW appears along with changes in brain metabolism. Being generally recognized as a safe intervention, hydrogen could be thus recommended as a novel intervention that upholds attention in stressed conditions, with its metabolic footprint likely different from caffeine. ",Positive,Human,Brain,Sleep Deprivation,Fatigue,Water (Mg-Chemico),Alkaline,Ingestion,Caffeine,,Serbia,,,,,,,,,,,,,,,,,,,,,,,,
1103,"Christiansen, Charlotte Bayer","Veedfald, Simon; Hartmann, Bolette; Gauguin, Astrid Marie; Moller, Soren; Moritz, Thomas; Madsbad, Sten","Holst, Jens Juul",Colonic lactulose fermentation has no impact on glucagon-like peptide-1 and peptide-YY secretion in healthy young men ,2021,Journal of Clinical Endocrinology and Metabolism,10.1210/clinem/dgab666 ,"Context: The colon houses most of our gut microbiota, which ferments indigestible carbohydrates. The products of fermentation have been proposed to influence the secretion of glucagon-like peptide-1 (GLP-1) and peptide YY (PYY) from the many endocrine cells in the colonic epithelium. However, little is known about the colonic contribution to fasting or postprandial plasma levels of L-cell products. Objective: To determine the impact of colonic lactulose fermentation on gut peptide secretion and to evaluate whether colonic endocrine secretion contributes to gut hormone concentrations measurable in the fasting state. Research design and methods: Ten healthy young men were studied on three occasions after an overnight fast. On two study days, lactulose (20 g) was given orally, and compared to water intake on a third study day. For one of the lactulose visits participants underwent a full colonic evacuation. Over a six-hour study protocol, lactulose fermentation was assessed by measuring exhaled hydrogen (H2), while gut peptide secretion, paracetamol and short chain fatty acid levels were measured in plasma. Results: Colonic evacuation markedly reduced hydrogen exhalation after lactulose intake (p=0.013). Our analysis suggests that the colon does not account for the measurable amounts of GLP-1 and PYY present in the circulation during fasting, and that fermentation and peptide secretion are not acutely related. Conclusion: Whether colonic luminal contents affect colonic L-cell secretion sufficiently to influence circulating concentrations requires further investigation. Colonic evacuation markedly reduced lactulose fermentation, but hormone releases were unchanged in the present study.
",Neutral,Human,Intestine,Metabolic Syndrome,Glucose Metabolism,Gas,N/A,In Vivo Biotic Production,,,Denmark,,,,,,,,,,,,,,,,,,,,,,,,
1116,"Shinada, Takamitsu","Takano, Yuji; Kokubun, Keisuke; Iki, Hikari","Taki, Yasuyuki","Effects of Natural Reduced Water on Cognitive Function, Body Composition, and Psychological Function in Older Adults: Study Protocol for a Randomized Controlled Trial ",2021,Methods and Protocols,10.3390/mps4040073 ,"Natural reduced water is natural water that contains active hydrogen and reduces oxidation. It is rare in the world, and in Japan, it is produced in the Hita area of Oita Prefecture (Hita Tenryosui water). Previous studies in humans have examined the effects of natural reduced water on diabetes, which is one of the known risks for dementia. Animal studies of natural reduced water have revealed anti-obesity and anti-anxiety effects. However, the effects of natural reduced water on cognitive function, body composition, and psychological function in humans are unknown. Therefore, we investigated the relationship between these items in elderly people who continuously consume natural reduced water. In this study, we recruited participants aged between 65 and 74 years. The participants were randomly and blindly assigned to a natural reduced water (Hita Tenryosui water) group or a control (tap water) group and drank 1 L of water daily for 6 months. Cognitive function, body composition, and psychological function were measured before and after the 6-month intervention period. ",Neutral,Human,Brain,Aging,Cognitive Impairment,"Water, Commercial (Hita Tenryosui)",Alkaline,Ingestion,,,Japan,,,,,,,,,,,,,,,,,,,,,,,,
1123,"Tanaka, Yoshiharu","Xiao, Li","Miwa, Nobuhiko",Hydrogen-rich bath with nano-sized bubbles improves antioxidant capacity based on oxygen radical absorbing and inflammation levels in human serum ,2021,Medical Gas Research,10.4103/2045-9912.330692 ,"This study compared the effects of hydrogen-water (HW) bath on the oxygen radical absorption-based antioxidant capacity and the inflammatory indicator, C-reactive protein (CRP), in serum between healthy volunteers and inflammatory/collagen disease-patients. The HW bath apparatus supplied nano-bubbles with a diameter of 110 ± 10 nm and 338-682 _g/L of dissolved hydrogen after 120 minutes electrolysis, and nano-bubbles increased to 9.91 _ 107/mL along with the increase of correlative dissolved hydrogen. Ten-minute HW bath increased the oxygen radical absorption-based antioxidant capacity to 110.9 ± 9.2% at post-bathing 120 minutes, although unaltered with 10-minute normal water bath at 40°C in healthy subjects. The CRP level was repressed to 70.2 ± 12.1% at 120 minutes after HW bath, although rather increased for normal water bath. In the patients with connective tissue diseases, the CRP level was repressed to 3-24% upon 9 days to 4 months of HW bathing. In another six patients with diverse autoimmune-related diseases, upon daily HW bathing as long as 2-25 months, the pre-bathing CRP level of 5.31 mg/dL decreased to 0.24 mg/dL being within the standard-range, with relief of visible inflammatory symptoms for some cases. Thus, the HW bath with high-density nano-bubbles has beneficial effects on serum antioxidant capacity, inflammation, and the skin appearance. The study was approved by the Committee of Ethics, Japanese Center of Anti-Aging Medical Sciences (Authorization No. H-15-03-2, on January 15, 2019), which was a non-profitable organization officially authenticated by the Hiroshima Prefecture Government of Japan. (",Positive,Human,Skin,Cosmetic Issues,Inflammation,Water (Electrolysis),Neutral,Bath,,,Japan,,,,,,,,,,,,,,,,,,,,,,,,
1139,"Ogawa, Susumu","Ohsaki, Yusuke; Shimizu, Manami; Nako, Kazuhiro; Okamura, Masashi; Kabayama, Shigeru; Tabata, Kiyoshi; Tanaka, Yasuhisa","Ito, Sadoyoshi",Electrolyzed hydrogen-rich water for oxidative stress suppression and improvement of insulin resistance: a multicenter prospective double-blind randomized control trial ,2021,Diabetology International,10.1007/s13340-021-00524-3,"Introduction: Electrolyzed hydrogen-rich water (EHW) is known to have suppressive effects on oxidative stress (OS). However, its benefit in type 2 diabetes mellitus (T2DM) remains unclear. This study aimed to investigate the effect of EHW on T2DM. Methods: This was a multicenter, prospective, double-blind, randomized controlled trial of 50 patients with T2DM who were assigned to the EHW or filtered water (FW) groups. The primary endpoint was changes in insulin resistance (IR) evaluated using the homeostasis model assessment of insulin resistance (HOMA-IR). OS markers such as urinary 8-hydroxy-2'-deoxyguanosine excretion (8-OHdG), plasma diacron-reactive oxygen metabolites (d-ROM), and plasma biological antioxidant potential (BAP) and other clinical data, including serum lactate concentration (lactate), were evaluated. Results: There were no significant differences in the changes in HOMA-IR between the EHW and FW groups. However, lactate levels decreased significantly in the EHW group, and this decrease was significantly correlated with a reduction in HOMA-IR, fasting plasma glucose, and fasting plasma insulin level. Serum lactate level also significantly correlated to decreased insulin bolus secretion after 90 min with glucose loading in the EHW subjects with HOMA-IR > 1.73. No EHW treatment-related adverse effects were observed. Conclusion: There were no significant effect of EHW in the change in HOMA-IR in this study; larger-scale and longer-term study are needed to verify the effects of EHW in T2DM patients. Supplementary information: The online version contains supplementary material available at 10.1007/s13340-021-00524-3.",Positive,Human,Whole Body,Diabetes (Type II),Glucose Metabolism,Water (Electrolysis),Neutral,Ingestion,,,Japan,,,,,,,,,,,,,,,,,,,,,,,,
1143,"Botek, Michal","Khanna, Deepesh; Krejci, Jakub; Valenta, Michal; McKune, Andrew; Sladeckova, Barbora","Klimesova, Iva",Molecular Hydrogen Mitigates Performance Decrement during Repeated Sprints in Professional Soccer Players ,2022,Nutrients,10.3390/nu14030508 ,"Hydrogen-rich water (HRW) supplementation has been shown to have an antifatigue effect across different modes of exercise. However, its effect on repeated sprint performance is unknown. The aim of this study was to assess the effect of pre-exercise HRW consumption on repeated sprint performance, lactate, and perceptual responses using a repeated sprint protocol. This randomized, double blinded, placebo controlled, crossover study included 16 professional, male soccer players aged 18.8 ± 1.2 years. Athletes performed two indoor tests, particularly 15 _ 30 m track sprints interspersed by 20 s of recovery, separated by a 1-week washout period. Sprint time was measured at 15 m and 30 m. Ratings of perceived exertion were assessed immediately after each sprint, and post-exercise blood lactate concentration was measured after the last sprint. There were significantly faster sprint times after HRW consumption compared with placebo at 15 m for the 14th and 15th sprints, representing improvements in time of 3.4% and 2.7%, respectively. Sprint time at 30 m also significantly improved by 1.9% in the HRW group in the last sprint. However, neither lactate concentrations nor ratings of perceived exertion were significantly different between HRW and placebo. Pre-exercise HRW supplementation is associated with an increased ability to reduce fatigue, especially during the later stages of repeated sprint exercise. ",Positive,Human,Whole Body,Excercise,Fatigue,Water (Dissolved),Neutral,Ingestion,,,Czech Republic,,,,,,,,,,,,,,,,,,,,,,,,
1166,"Dong, Gengxin","Fu, Jiahui; Bao, Dapeng","Zhou, Junhong",Short-Term Consumption of Hydrogen-Rich Water Enhances Power Performance and Heart Rate Recovery in Dragon Boat Athletes: Evidence from a Pilot Study ,2022,International Journal of Environmental Research and Public Health,10.3390/ijerph19095413 ,"(1) Background: Exercise that exceeds the body's accustomed load can lead to oxidative stress and increased fatigue during intense training or competition, resulting in decreased athletic performance and an increased risk of injury, and the new medicinal H2 may be beneficial as an antioxidant. Therefore, we explored the effect of short-term supplementation of hydrogen-rich water (HRW) on the work performance and fatigue recovery of dragon boat athletes after training. (2) Methods: Eighteen dragon boat athletes who trained for 4 h a day (2 h in the morning and 2 h in the afternoon) were divided into an HRW group (n = 9) and a placebo water (PW) group (n = 9), drinking HRW or PW for 7 days. Each participant completed 30 s rowing dynamometer tests, monitoring the heart rate at baseline (i.e., Day 1) and after the intervention (on Day 8). (3) Result: Drinking HRW increased the maximum power and average power of the 30 s rowing test and decreased the maximum heart rate during the period. After the rowing test, the HRW group's heart rate dropped significantly after 2 min of recovery, while the PW group's heart rate did not drop. There was no significant difference between the 30 s rowing distance and the predicted duration of rowing 500 m. (4) Conclusions: Drinking HRW in the short term can effectively improve the power performance of dragon boat athletes and is conducive to the recovery of the heart rate after exercise, indicating that HRW may be a suitable means of hydration for athletes. ",Positive,Human,Whole Body,Excercise,Performance Enhancement,Water (Electrolysis),Neutral,Ingestion,,,China,,,,,,,,,,,,,,,,,,,,,,,,
1175,"Shibayama, Yudai","Dobashi, Shohei; Arisawa, Takaaki; Fukuoka, Tamotsu","Koyama, Katsuhiro","Impact of hydrogen-rich gas mixture inhalation through nasal cannula during post-exercise recovery period on subsequent oxidative stress, muscle damage, and exercise performances in men",2020,Medical Gas Research,10.4103/2045-9912.304222,"Molecular hydrogen has been suggested to have a cytoprotective effect on the whole body and to enhance exercise performances. However, the effect of hydrogen-rich gas mixture (HG) inhalation on physiological responses has been poorly investigated. We examined the impact of acute HG inhalation on subsequent oxidative stress, muscle damage, and exercise performances during the recovery period after a strenuous exercise. This is a two-trial, double-blind, crossover, repeated measures study. Eight physically active male volunteers inhaled HG (estimated fraction of inspired oxygen and hydrogen were 21.57 and 4.08% at most, respectively) or normal gas (placebo, ambient air 400 m above sea level) during a 60-minute recovery phase after oxidative stress-inducing exercise) completion comprising 30-minute treadmill running at an intensity corresponding to 75% of maximal oxygen uptake and squat jumps (5 sets _ 10 repetitions). Before oxidative stress-inducing exercise and 10 minutes after the post-exercise gas inhalation, blood and urine samples were obtained and exercise performances (jumping ability; pedaling power output; muscle strength) were evaluated. Post-exercise HG inhalation attenuated the increase in urinary 8-hydroxydeoxyguanosine excretion rate (P < 0.05), a DNA oxidation marker, and the reduction in the countermovement jump height (P < 0.05), compared with Placebo inhalation. Other exercise performances and blood oxidative stress and muscle damage markers did not differ between HG and Placebo inhalation. Moreover, the increase in urinary 8-hydroxydeoxyguanosine excretion rate was significantly associated with countermovement jump performance reduction (r = –0.78, P < 0.01). These findings suggested that HG inhalation during post-exercise recovery period might improve exercise performance via reducing systemic oxidative damage. The study was approved by the Human Research Ethics Committee of the University of Yamanashi (approval No. H29-006) on June 28, 2017.",Positive,Human,Whole Body,Excercise,Performance Enhancement,Gas,N/A,Inhalation,,,Japan,,,,,,,,,,,,,,,,,,,,,,,,
1178,"Kuo, Ho-Chang",,,Hydrogen Gas Inhalation Regressed Coronary Artery Aneurysm in Kawasaki Disease-Case Report and Article Review ,2022,Frontiers in Cardiovascular Medicine,10.3389/fcvm.2022.895627 ,"Kawasaki disease (KD) is a systemic vasculitis that primarily affects children under the age of 5 years old and is among the most common acquired heart disease in developed countries, particularly in Asia. No effective treatment is currently available for aneurysm formation in KD. In this report, we showed a KD patient with an aneurysm over the right coronary artery with a size of 6.08 mm in diameter and 35 mm in length, which completely regressed to within normal range after hydrogen inhalation within 4 months after disease onset. This 10-year-old KD patient was diagnosed on the 12th day of disease onset with incomplete presentation of KD symptoms. Intravenous immunoglobulin was prescribed after KD diagnosis was confirmed by the formation of a coronary artery aneurysm. Once discharged from the hospital, the family used hydrogen inhalation (77% hydrogen and 23% oxygen) at home with nasal cannula 1 h per day. The aneurysm was found to be completely regressed at the 4-month follow-up (day 138 of the illness). The follow-up laboratory data showed complete blood cell count, differential count, electrolytes, liver enzyme, and renal function to all be within normal range. This is the first study to report an aneurysm from KD with regression under supplementary therapy with hydrogen gas inhalation and no other complications. Therefore, hydrogen gas inhalation may be an alternative anti-free radical or anti-oxidant therapy for KD, but further study is still required. ",Positive,Human,Heart,Vasculitis,Kawasaki Disease,Gas,N/A,Inhalation,,,Taiwan,,,,,,,,,,,,,,,,,,,,,,,,
1180,"Fernandez-Serrano, Ana Belen","Moya-Faz, Francisco Jose; Giner Alegria, Cesar Augusto; Fernandez Rodriguez, Juan Carlos; Soriano Guilabert, Jose Francisco","Del Toro Mellado, Martin",Effects of hydrogen water and psychological treatment in a sample of women with panic disorder: a randomized and controlled clinical trial ,2022,Health Psychology Research,10.52965/001c.35468 ,"Research suggests that inflammation is an important mediator in the pathophysiology of anxiety disorders. In addition, women are more likely to develop an anxiety and depression disorder, in comorbidity with a wide spectrum of diseases related to the immune system. In recent years, hydrogen-rich water has emerged as a promising therapeutic strategy to prevent and intervene in stress-related disorders, due to its antioxidant and anti-inflammatory properties. The present study aims to analyze the effects of psychological treatment and a hydrogen-rich drink on the severity of anxiety and depression, pro-inflammatory cytokine levels, the cortisol awakening response, and general health state in a sample of women with panic disorder. This is a completely randomized, placebo-controlled study. The treatment group simultaneously received psychological treatment and 1.5 L of hydrogenated water for three months, compared to the control group that received psychological treatment and placebo. The results show that the treatment group was not significantly better than the control group. But there was a further reduction in measured pro-inflammatory cytokine scores, improving body pain and physical health. When between-group treatment effects were removed, psychological treatment significantly decreased measured variables, including cytokines and cortisol. The results support the presence of a maladaptive inflammatory process in women with panic disorder. ",Positive,Human,Brain,Anxiety,Panic Disorder,Water (Electrolysis),Alkaline,Ingestion,,,Spain,,,,,,,,,,,,,,,,,,,,,,,,
1194,"Alharbi, Ahad Abdulkarim D.","Iwamoto, Noriaki; Ebine, Naoyuki; Nakae, Satoshi; Hojo, Tatsuya","Fukuoka, Yoshiyuki",The Acute Effects of a Single Dose of Molecular Hydrogen Supplements on Responses to Ergogenic Adjustments during High-Intensity Intermittent Exercise in Humans ,2022,Nutrients,10.3390/nu14193974 ,"This research examined the effects of single-dose molecular hydrogen (H2) supplements on acid-base status and local muscle deoxygenation during rest, high-intensity intermittent training (HIIT) performance, and recovery. Ten healthy, trained subjects in a randomized, double-blind, crossover design received H2-rich calcium powder (HCP) (1500 mg, containing 2.544 _g of H2) or H2-depleted placebo (1500 mg) supplements 1 h pre-exercise. They performed six bouts of 7 s all-out pedaling (HIIT) at 7.5% of body weight separated by 40 s pedaling intervals, followed by a recovery period. Blood gases' pH, PCO2, and HCO3- concentrations were measured at rest. Muscle deoxygenation (deoxy[Hb + Mb]) and tissue O2 saturation (StO2) were determined via time-resolved near-infrared spectroscopy in the vastus lateralis (VL) and rectus femoris (RF) muscles from rest to recovery. At rest, the HCP group had significantly higher PCO2 and HCO3- concentrations and a slight tendency toward acidosis. During exercise, the first HIIT bout's peak power was significantly higher in HCP (839 ± 112 W) vs. Placebo (816 ± 108 W, p = 0.001), and HCP had a notable effect on significantly increased deoxy[Hb + Mb] concentration during HIIT exercise, despite no differences in heart rate response. The HCP group showed significantly greater O2 extraction in VL and microvascular (Hb) volume in RF during HIIT exercise. The HIIT exercise provided significantly improved blood flow and muscle reoxygenation rates in both the RF and VL during passive recovery compared to rest in all groups. The HCP supplement might exert ergogenic effects on high-intensity exercise and prove advantageous for improving anaerobic HIIT exercise performance. ",Positive,Human,Whole Body,Excercise,Performance Enhancement,Gas (Sustained Release),N/A,Ingestion,,,Japan,,,,,,,,,,,,,,,,,,,,,,,,
1206,"Lv, Xiang","Lu, Yuanfeng; Ding, Guoyong; Li, Xiao; Xu, Xinxin; Zhang, Aihua","Song, Guohua",Hydrogen Intake Relieves Alcohol Consumption and Hangover Symptoms in Healthy Adults: a Randomized and Placebo-Controlled Crossover Study ,2022,American Journal of Clinical Nutrition,10.1093/ajcn/nqac261 ,"Background: Alcohol-induced hangover represents a significant, yet understudied, global hazard and a large socio-economic burden. Objectives: The aim of this study was to investigate the effects of hydrogen (H2) on relieving drinking and hangover symptoms in 20 healthy volunteers. Methods: In this pilot, randomized, double-blinded, placebo-controlled, matched, crossover interventional trial, participants were matched into pairs and randomly assigned. Study group 1 inhaled placebo air for 1 hr, followed by drinking 100 ml of liquor (40% alcohol) within 10 min, and then pure water. Study group 2 inhaled a mixture of H2 and O2 gas for 1 hr, followed by drinking 100 ml of liquor within 10 min, and then H2 dissolved in water. On a second intervention day (crossover) ≥1 wk later, study-group subjects were switched to the opposite order. Breath alcohol concentration (BrAC), hangover severity, and cognitive scores were measured. Results: The BrACs within the H2 group were significantly lower than those within the placebo group after 30 min, 60 min, and 90 min (P < 0.05). The H2 group reported having fewer hangover symptoms compared with the placebo group (Placebo: 77% of symptoms absent, 19.7% of mild symptoms, 2.7% of moderate symptoms, 0.7% of severe symptoms; H2: 88.6% of symptoms absent, 10% of mild symptoms, 1.3% of moderate symptoms, 0% of severe symptoms; P < 0.001). H2 treatment improved cognitive testing scores (P < 0.05), including attention and executive functions. Furthermore, consumption of H2 was negatively (_ = -13.016; 95% CI: -17.726, -8.305; P < 0.001) and female sex was positively (_ = 22.611; 95% CI: 16.226, 28.997; P < 0.001) correlated with increased BrACs. Likewise, the consumption of H2 was negatively (OR: 0.035; 95% CI: 0.007, 0.168; P < 0.001) while female sex was positively (OR: 28.838; 95% CI: 5.961, 139.506; P < 0.001) correlated with the severity of hangover symptoms. Conclusions: H2 decreases BrACs and relieves the symptoms of hangovers.This trial was registered at China Clinical Trial Registry as ChiCTR2200059988. URL of registration: http://www.chictr.org.cn/showproj.aspx?proj=58359.",Positive,Human,Whole Body,Alcoholic Hangover,Oxidative Stress,Gas,N/A,Inhalation,,,China,,,,,,,,,,,,,,,,,,,,,,,,
1209,"Chilicka, Karolina","Rusztowicz, Monika; Rogowska, Aleksandra M.; Szygula, Renata; Asanova, Binnaz","Nowicka, Danuta",Efficacy of Hydrogen Purification and Cosmetic Acids in the Treatment of Acne Vulgaris: A Preliminary Report ,2022,Journal of Clinical Medicine,10.3390/jcm11216269 ,"Acne and skin lesions that appear in its course deteriorate the quality of life of patients, cause depression and the emergence of suicidal thoughts. Cosmetic treatments can have a positive effect on improving skin condition by cleaning up skin eruptions, thus improving the well-being of affected people. Hydrogen purification is a treatment that uses alkaline water generated by a device, which reduces sebum from the surface of the epidermis. This is a novel treatment that has recently been introduced to beauty salons. On the other hand, cosmetic acids have been used for many years for treating people with acne vulgaris and give spectacular results in terms of improving the skin condition. In this study, skin condition was evaluated with a Derma Unit SSC 3 device. The Global Acne Grading System (GAGS) was used to check acne severity. Twenty-four women aged 19-21 years (M = 20.13, SD = 0.80) diagnosed with mild acne vulgaris and a high sebum level participated in the study. Group A underwent a hydrogen purification treatment using an H2jet manipulator, which ejected alkaline water from the manipulator under pressure. Group B underwent a hydrogen purification treatment with the use of a phytic, pyruvic, lactic and ferulic acids at 40% mixture (pH 1.4). A series of four treatments was performed at 14-day intervals in both groups. Skin parameters were measured before and 30 days after the series of treatment. Very good results were obtained in both groups. The skin eruptions in patients were reduced and we also observed lower amounts of sebum on the surface of the epidermis, and an improvement in skin hydration. However, in group B, the results were better than in group A. The study showed that the synergy of the treatments produced much better effects than those obtained by completing the hydrogen purification treatment alone. ",Positive,Human,Skin,Cosmetic Issues,Acne,Water (Electrolysis),Alkaline,Irrigation,,,Poland,,,,,,,,,,,,,,,,,,,,,,,,
1213,"Liu, Boyan","Jiang, Xue; Xie, Yunbo; Jia, Xiubin; Zhang, Jiashuo; Xue, Yazhuo","Qin, Shucun","The effect of a low dose hydrogen-oxygen mixture inhalation in midlife/older adults with hypertension: A randomized, placebo-controlled trial ",2022,Frontiers in Pharmacology,10.3389/fphar.2022.1025487 ,"Objective: To explore the effect of a low-dose hydrogen-oxygen (H2-O2) mixture inhalation in midlife/older adults with hypertension. Methods: This randomized, placebo-controlled trial included 60 participants with hypertension aged 50-70 years who were randomly divided into Air group (inhaled placebo air) or H2-O2 group [inhaled H2-O2 mixture (66% H2/33% O2)]. Participants in both groups were treated 4 h per day for 2 weeks. Four-limb blood pressure and 24-h ambulatory blood pressure were monitored before and after the intervention, and levels of plasma hormones related to hypertension were determined. Results: A total of 56 patients completed the study (27 in the Air group and 29 in the H2-O2 group). The right and left arm systolic blood pressure (SBP) were significantly decreased in H2-O2 group compared with the baseline levels (151.9 ± 12.7 mmHg to 147.1 ± 12.0 mmHg, and 150.7 ± 13.3 mmHg to 145.7 ± 13.0 mmHg, respectively; all p < 0.05). Meanwhile, the H2-O2 intervention significantly decreased diastolic nighttime ambulatory blood pressure by 2.7 ± 6.5 mmHg (p < 0.05). All blood pressures were unaffected in placebo group (all p > 0.05). When stratified by age (aged 50-59 years versus aged 60-70 years), participants in the older H2-O2 group showed a larger reduction in right arm SBP compared with that in the younger group (p < 0.05). In addition, the angiotensin II, aldosterone, and cortisol levels as well as the aldosterone-to-renin ratio in plasma were significantly lower in H2-O2 group compared with baseline (p < 0.05). No significant differences were observed in the Air group before and after the intervention. Conclusion: Inhalation of a low-dose H2-O2 mixture exerts a favorable effect on blood pressure, and reduces the plasma levels of hormones associated with hypertension on renin-angiotensin-aldosterone system and stress in midlife/older adults with hypertension. ",Positive,Human,Heart,Aging,Hypertension,Gas,N/A,Inhalation,,Oxygen,China,,,,,,,,,,,,,,,,,,,,,,,,
1221,"Wang, Yong","Wang, Mengmeng; Xie, Bing; Wen, Di; Li, Wenbo; Zhou, Meiqi; Wang, Xintao; Lu, Yun; Cong, Bin; Ni; Zhiyu","Ma, Chunling",Effects of molecular hydrogen intervention on the gut microbiome in methamphetamine abusers with mental disorder ,2022,Brain Research Bulletin,10.1016/j.brainresbull.2022.12.003 ,"Methamphetamine (METH) is a potent and highly addictive psychostimulant and one of the most widely used illicit drugs, the abuse of which has become a severe public health problem worldwide. A growing amount of evidence has indicated potential connections between gut microbiota and mental disorders induced by METH and associations with neural and metabolic pathways. The present study aimed to explore the relationship between fecal microbial alterations and neuropsychiatric diseases in METH addictions. Thus, mental disorders and gut microbial alterations were analyzed by self-rating depression (SDS) and anxiety (SAS) scales and 16 S rRNA gene sequencing, respectively. Our results showed that increased SDS and SAS indices and decreased alpha diversity indicated more serious mental disorders and lower bacterial diversity in METH users than in the age-matched healthy control group. The gut microbial composition in female METH users was also significantly altered, with reductions in hydrogen-producing bacteria, including Bacteroides and Roseburia. Molecular hydrogen (H2) is spontaneously produced by intestinal bacteria in the process of anaerobic metabolism, which is the main pathway for H2 production in vivo. Numerous studies have shown that hydrogen intervention can significantly improve neuropsychiatric diseases, including Alzheimer's disease and Parkinson's disease. Our results showed that hydrogen intervention, including drinking and inhaling, significantly alleviated mental disorders induced by METH abuse, and the inhalation of hydrogen also altered gut microbiota profiles in the METH abusers. These results suggest that hydrogen intervention has potential therapeutic applicability in the treatment of mental disorders in METH abusers. Keywords: 16 S rRNA sequence; Fecal microbiota; Mental disorder; Methamphetamine abuse; Molecular hydrogen. ",Positive,Human,Intestine,Gut Microbiome,Drug Toxicity (Methamphetamine),Gas,N/A,Inhalation,,,China,,,,,,,,,,,,,,,,,,,,,,,,
1224,"Eda, Nobuhiko","Tsuno, Saki; Nakamura, Nobuhiro; Sone, Ryota; Akama, Takao","Matsumoto, Mitsuharu",Effects of Intestinal Bacterial Hydrogen Gas Production on Muscle Recovery following Intense Exercise in Adult Men: A Pilot Study ,2022,Nutrients,10.3390/nu14224875 ,"This study aimed to examine the effects of hydrogen gas (H2) produced by intestinal microbiota on participant conditioning to prevent intense exercise-induced damage. In this double-blind, randomized, crossover study, participants ingested H2-producing milk that induced intestinal bacterial H2 production or a placebo on the trial day, 4 h before performing an intense exercise at 75% maximal oxygen uptake for 60 min. Blood marker levels and respiratory variables were measured before, during, and after exercise. Visual analog scale scores of general and lower limb muscle soreness evaluated were 3.8- and 2.3-fold higher, respectively, on the morning after treatment than that before treatment during the placebo trial, but not during the test beverage consumption. Urinary 8-hydroxy-2'-deoxyguanosine (8-OHdG) concentrations and production rates significantly increased with placebo consumption; no changes were observed with test beverage consumption. After exercise, relative blood lactate levels with H2-producing milk consumption were lower than those with placebo consumption. A negative correlation was observed between the variation of 8-OHdG and the area under the curve (AUC) of breath H2 concentrations. Lipid oxidation AUC was 1.3-fold higher significantly with H2-producing milk than with placebo consumption. Conclusively, activating intestinal bacterial H2 production by consuming a specific beverage may be a new strategy for promoting recovery and conditioning in athletes frequently performing intense exercises. ",Positive,Human,Intestine,Excercise,Fatigue,Gas,N/A,In Vivo Biotic Production,,,Japan,,,,,,,,,,,,,,,,,,,,,,,,
1226,"Mizuno, Kei","Watanabe, Kyosuke; Yamano, Emi; Ebisu, Kyoko; Tajima, Kanako; Nojima, Junzo; Ohsaki, Yusuke; Kabayama, Shigeru","Watanabe, Yasuyoshi",Antioxidant effects of continuous intake of electrolyzed hydrogen water in healthy adults ,2022,Heliyon,10.1016/j.heliyon.2022.e11853 ,"Chronic oxidative stress induces deterioration of health and a risk for the onset of various diseases. Previous clinical studies revealed that electrolyzed hydrogen water (EHW) is effective to reduce oxidative stress during hemodialysis in patients with chronic dialysis. In the present observational study, we investigated the antioxidant effects of a daily continuous intake of EHW in healthy adults. The concentrations of serum reactive oxygen metabolites-derived compounds (d-ROMs) and blood urea nitrogen in healthy volunteers (n = 64) who had a habit of intake over 500 mL/day of EHW at least 5 days a week for longer than 6 months were lower than those of age- and sex-matched controls (n = 470) without the habit of EHW intake. Oxidation stress index which the ratio between concentrations in d-ROMs and biological antioxidant potential was correlated with the serum concentration of high-sensitivity C-reactive protein or low-density lipoprotein cholesterol in the EHW group. These results suggest that the continuous intake of EHW induces antioxidant effects and may contribute to alleviate the risk of various oxidative stress-related dysfunctions and diseases in healthy adults. ",Positive,Human,Whole Body,Hydrogen Biology,Oxidative Stress,Water (Electrolysis),Alkaline,Ingestion,,,Japan,,,,,,,,,,,,,,,,,,,,,,,,
1229,"Rias, Yohanes Andy","Kurniawan, Adi Lukas; Chang, Ching Wen; Gordon, Christopher James","Tsai, Hsiu Ting","Synergistic Effects of Regular Walking and Alkaline Electrolyzed Water on Decreasing Inflammation and Oxidative Stress, and Increasing Quality of Life in Individuals with Type 2 Diabetes: A Community Based Randomized Controlled Trial ",2020,Antioxidants,10.3390/antiox9100946,"Alkaline electrolyzed water (AEW) and walking are strongly recommended for ameliorating oxidative stress and inflammation. Nevertheless, there is a lack of information on the combination of both on alleviating inflammation, oxidative stress, and improving the quality of life (QoL). We investigated the synergistic effects of drinking AEW and walking on advanced glycation end products (AGEs), advanced oxidation protein products (AOPPs), malondialdehyde (MDA), white blood cells (WBCs), neutrophil-lymphocyte ratio (NLR) and QoL. In total, 81 eligible patients with type 2 diabetes (T2DM) were randomly allocated via single blind to four groups: consumed 2 L/day of AEW (n = 20), instructed to walk for 150 min/week (n = 20), received a combination of AEW and walking (n = 20), and continue their habitual diet and activity (n = 21). Data were collected and analyzed before and after 8 weeks of intervention. Our results showed a significant interaction between the group and time, with both AEW and walking independently and synergistically ameliorating AGEs, AOPPs, MDA, NLR and WBCs levels. Moreover, the AEW group had a higher physical and total QoL score. The walking group and the combined group had higher scores in physical, mental and total QoL compared to the control group. The synergistic effect of AEW and regular walking are an advisable treatment for patients with T2DM.",Positive,Human,Whole Body,Diabetes (Type II),Oxidative Stress,Water (Electrolysis),Alkaline,Ingestion,,Excercise,Taiwan,,,,,,,,,,,,,,,,,,,,,,,,
1232,"Lee, Mihyun","Fadriquela, Ailyn; Antonio, Jayson M.; Kim, Cheol-Su; Cho, Il-Young; Kim, Ka-Eun; An, Wan-Sik; Jang, Hong-Young; Bajgai; Johny","Lee, Kyu-Jae",Effects of Alkaline-Reduced Water on Exercise-Induced Oxidative Stress and Fatigue in Young Male Healthy Adults,2022,Processes,10.3390/pr10081543,"Regular physical activity confers health benefits and improves the general quality of life. Recently, alkaline-reduced water (ARW) consumption has garnered increasing attention in the field of sports. ARW effectively inhibits the oxidative stress generated in cells during high-intensity exercises; however, whether it exerts similar effects during exhaustive exercises remains unknown. This study was designed as a randomized, controlled, crossover, double-blind clinical trial with a single intervention of ARW intake (pH 9.5, 10 mL/kg body weight) after intense exercise. The participants were divided into two groups, wherein they consumed either purified water (PW group) or ARW (ARW group). Blood samples were collected before exercise, immediately after exercise, and 15 min after drinking water. The serum levels of oxidative stress markers and fatigue markers were determined. The results showed that ROS (p < 0.01) and NO levels (p < 0.001) were significantly decreased after ARW intake, and the reduction was more pronounced than that in the PW group. Interestingly, the increase in GPx and MDA levels was mediated by ARW intake (both p < 0.05) after exercise. The levels of fatigue markers, such as lactate (p < 0.001), lactate dehydrogenase (p < 0.001), and phosphate (p < 0.001), were significantly reduced in both groups, with ARW intervention showing more decreased markers. The correlation analysis results showed that ARW may help maintain homeostatic conditions for ROS, antioxidant systems, and fatigue markers. These findings indicate that ARW consumption is effective in reducing oxidative stress and fatigue following exhaustive exercise and that ARW could be used as an antioxidant and anti-fatigue supplement after exhaustive physical exercise.",Positive,Human,Whole Body,Excercise,Fatigue,Water (Electrolysis),Alkaline,Ingestion,,,South Korea,,,,,,,,,,,,,,,,,,,,,,,,
1233,"Wicaksono, Satrio Adi","Nabyla, Dina Hisan","Utami, Sulistiyati Bayu",The Effects of Alkaline Reduced Water Administration to the Fasting Blood Glucose Levels in Patients with Type 2 Diabetes Mellitus,2020,Pakistan Journal of Medical and Health Sciences,https://pjmhsonline.com/2020/july-sep/1260.pdf,"Background: Alkaline reduced water (ARW) is an electrolyzed water with pH>7. It showed an antioxidant and an antidiabetic benefit, but the results still vary. Aim: To investigate the effect of ARW to fasting blood glucose (FBG) and two-hours post prandial glucose (2hPPG) in Indonesian patients with type-2 diabetes mellitus (T2DM). Methods: This was a randomized double blind controlled trial performed in September 2017-September 2018. Thirty patients that had been diagnosed with T2DM in one hospital in Semarang and met the inclussion criteria were determined by consecutive sampling. Subjects were randomly divided into two groups: ARW group (pH 9) (n=15) and control group (mineral water, OMW) (pH 7) (n=15). Both were administered orally 1 liter per day for 12 days; FBG and 2hPPG were measured before and after 12 days treatment. Results: There were no differences in FBG and 2hPPG at pre-treatment, in 2hPPG at post-treatment, and in decrease beween pre-and post-treatment 2hPPG (∆2hPPG) between ARW group and OMW group. At post-treatment, there was a lower FBG in ARW group compared to OMW group, although it was not significant (214.8±12.66 mg/dL vs 225.1±15.44 mg/dL, p=0.056). There was a wider decrease of FBG (∆FBG) in ARW group compared to OMW group (19.4±1.68 mg/dL vs 14.3±3.64 mg/dL, p=0.000). Conclusion: ARW decreased FBG in patients with T2DM yet 2hPPG. These findings might have important implications for the management of T2DM.",Positive,Human,Whole Body,Diabetes (Type II),Glucose Metabolism,Water (Electrolysis),Alkaline,Ingestion,,,Indonesia,,,,,,,,,,,,,,,,,,,,,,,,
1234,"Ramadhan, A.","Wicaksono, S.A.; Nugroho, T.E.","Utami, S.B.",The Effects of Alkaline Ionized Water Administration to the Total Cholesterol Levels in Patients with Type 2 Diabetes Mellitus Accompanied by Dyslipidemia,2021,Pakistan Journal of Medical and Health Sciences,10.53350/pjmhs211551449,"Background: Total cholesterol is a measure of the total amount of cholesterol components including LDL (low-density lipoprotein), HDL (high-density lipoprotein), and VLDL (very low-density lipoprotein). Alkaline ionized water (AIW) is an electrolyzed water with a hydrogen-rich molecule and an alkaline pH. It has a negative oxidation-reduction potential (ORP) and reactive oxygen species (ROS)-scavenging activity, which shows an antioxidant and has beneficial effects on reducing total cholesterol level, but the results still vary. This study was to investigate the effect of AIW to total cholesterol and other lipid profiles level in patients with type-2 diabetes mellitus (T2DM) accompanied by dyslipidemia. Methods: This was a randomized double blind controlled trial performed in December 2017-December 2018. Thirty patients that had been diagnosed with T2DM accompanied by dyslipidemia in Diponegoro National Hospital Semarang and met the inclussion criteria were determined by consecutive sampling. Subjects were randomly divided into two groups: AIW group (n=15) and control group (mineral water, MW) (pH 7) (n=15). Both were administered orally 1 liter per day for 12 days; total cholesterol level and other lipid profiles were measured before and after 12 days treatment. The statistical analysis was using independent t-test, paired t-test, and non-parametric Mann-Whitney test. Result: There were no differences between AIW group and mineral water group in all lipid profiles at before and after treatment, including total cholesterol (pre-treatment: 290.2 ± 41.45 mg/dL vs 282.2 ± 15.81 mg/dL, p=0.575, and post-treatment: 249.8 ± 41.17 vs 268.5 ± 16.73 mg/dL, p=0.097), LDLc (pre-treatment: 167.0 ± 9.17 mg/dL vs 162.2 ± 4.75 mg/dL, p=0.227, and post-treatment: 157.2 ± 8.88 mg/dL vs 157.6 ± 5.39 mg/dL, p=0.518), HDLc (pre-treatment: 43.8 ± 4.16 mg/dL vs 42.8 ± 4.45 mg/dL, p=0.136 and post-treatment: 47.1 ± 3.24 mg/dL vs 45.2 ± 1.98 mg/dL, p=0.142), and triglyceride (pre-treatment: 351.0 ± 119.36 mg/dL vs 381.3 ± 59.38 mg/dL, p=0.934 and post-treatment: 266.4 ± 115.63 mg/dL vs 317.6 ± 70.50 mg/dL, p=0.154), respectively. There was a wider differences between post-and pre-treatment of total cholesterol (_total cholesterol) (40.4 ± 31.57 vs 13.7 ± 10.65, p=0.002), LDLc (_LDLc) (9.8 ± 4.29 vs 4.6 ± 1.54, p=0.000), and HDLc (_HDLc) (4.3 ± 1.87 vs 3.4 ± 3.11, p=0.031) in AIW group compared to mineral water group. Conclusion: Alkaline ionized water (AIW) decreased total cholesterol and improved other lipid profiles level in patients with T2DM accompanied by dyslipidemia. These findings might have important implications for the management of T2DM accompanied by dyslipidemia.",Positive,Human,Whole Body,Diabetes (Type II),Lipid Metabolism,Water (Electrolysis),Alkaline,Ingestion,,,Indonesia,,,,,,,,,,,,,,,,,,,,,,,,
1245,"Valenta, Michal","Botek, Michal; Krejci, Jakub; McKune, Andrew; Sladeckova, Barbora; Neuls, Filip; Bajgar, Robert","Klimesova, Iva","Acute pre-exercise hydrogen rich water intake does not improve running performance at maximal aerobic speed in trained track and field runners: A randomized, double-blind, placebo-controlled crossover study ",2022,PLoS One,10.1371/journal.pone.0279307 ,"Purpose: This study investigated the effects of acute, pre-exercise, hydrogen rich water (HRW) ingestion on running time to exhaustion at maximal aerobic speed in trained track and field runners. Methods: Twenty-four, male runners aged 17.5 ± 1.8 years, with body mass index = 21.0 ± 1.3 kg_m-2, and maximal oxygen uptake = 55.0 ± 4.6 ml_kg-1_min-1 (mean ± standard deviation) participated in this randomized, double-blind, placebo-controlled crossover study. All runners ingested 1260 ml of HRW which was divided into four doses and taken at 120 min (420 ml), 60 min (420 ml), 30 min (210 ml), and 10 min (210 ml) prior to exercise. The running protocol consisted of three phases: warm-up performed at 10 km_h-1 for 3 min, followed by a transition phase performed at an individually determined speed (10 km_h-1 + maximal aerobic speed)/2 for 1 min, and finally the third phase performed at individual maximal aerobic speed until exhaustion. Time to exhaustion, cardiorespiratory variables, and post-exercise blood lactate concentration were measured. Results: When running to exhaustion at maximal aerobic speed, compared with placebo, HRW had no significant effects on the following variables: time to exhaustion (217 ± 49 and 227 ± 53 s, p = 0.20), post-exercise blood lactate concentration (9.9 ± 2.2 and 10.1 ± 2.0 mmol_L-1, p = 0.42), maximal heart rate (186 ± 9 and 186 ± 9 beats_min-1, p = 0.80), and oxygen uptake (53.1 ± 4.5 and 52.2 ± 4.7 ml_kg-1_min-1, p = 0.33). No variable assessed as a candidate moderator was significantly correlated with time to exhaustion (Spearman's correlation coefficients ranged from -0.28 to 0.30, all p ≥ 0.16). Conclusions: Pre-exercise administration of 1260 ml of HRW showed no ergogenic effect on running performance to exhaustion at maximal aerobic speed in trained track and field runners.",Neutral,Human,Whole Body,Excercise,Performance Enhancement,"Water, Commercial (Aquastamina)",Neutral,Ingestion,,,Czech Republic,,,,,,,,,,,,,,,,,,,,,,,,
1266,"Zhao, Ziyi","Ji, Hongxiang; Zhao, Yunsheng; Liu, Zeyu; Sun, Ruitao; Li, Yuquan","Ni, Tongshang","Effectiveness and safety of hydrogen inhalation as an adjunct treatment in Chinese type 2 diabetes patients: A retrospective, observational, double-arm, real-life clinical study ",2023,Frontiers in Endocrinology,10.3389/fendo.2022.1114221 ,"Aim: To analyze the effectiveness and safety of hydrogen inhalation (HI) therapy as an adjunct treatment in Chinese type 2 diabetes mellitus (T2DM) patients in a real-life clinical setting. Methods: This observational, non-interventional, retrospective, double-arm, 6-month clinical study included T2DM patients receiving conventional anti-diabetes medication with or without HI initiation from 2018 to 2021. Patients were assigned to the HI group or non-HI group (control group) after 1:1 propensity score matching (PSM). The mean change in glycated hemoglobin (HbA1c) after 6 months in different groups was evaluated primarily. The secondary outcome was composed of the mean change of fasting plasma glucose (FPG), weight, lipid profile, and homeostasis model assessment. Logistics regression was performed to evaluate the likelihood of reaching different HbA1c levels after 6-month treatment between the groups. Adverse event (AE) was also evaluated in patients of both groups. Results: In total, 1088 patients were selected into the analysis. Compared to the control group, subjects in HI group maintained greater improvement in the level of HbA1c (-0.94% vs -0.46%), FPG (-22.7 mg/dL vs -11.7 mg/dL), total cholesterol (-12.9 mg/dL vs -4.4 mg/dL), HOMA-IR (-0.76 vs -0.17) and HOMA-_ (8.2% vs 1.98%) with all p< 0.001 post the treatment. Logistics regression revealed that the likelihood of reaching HbA1c< 7%, ≥ 7% to< 8% and > 1% reduction at the follow-up period was higher in the HI group, while patients in the control group were more likely to attain HbA1c ≥ 9%. Patients in HI group was observed a lower incidence of several AEs including hypoglycemia (2.0% vs 6.8%), vomiting (2.6% vs 7.4%), constipation (1.7% vs 4.4%) and giddiness (3.3% vs 6.3%) with significance in comparison to the control group. Conclusion: HI as an adjunct therapy ameliorates glycemic control, lipid metabolism, insulin resistance and AE incidence of T2DM patients after 6-month treatment, presenting a noteworthy inspiration to existing clinical diabetic treatment.",Positive,Human,Whole Body,Diabetes (Type II),Oxidative Stress,Gas,N/A,Inhalation,,,China,,,,,,,,,,,,,,,,,,,,,,,,
1294,"Ji, Hongxiang","Zhao, Ziyi; Liu, Zeyu; Sun, Ruitao; Li, Yuquan; Ding, Xiaoheng","Ni, Tongshang","Real-World Effectiveness and Safety of Hydrogen Inhalation in Chinese Patients with Type 2 Diabetes: A Single-Arm, Retrospective Study ",2023,"Diabetes, Metabolic Syndrome, and Obesity: Targets and Therapy",10.2147/DMSO.S412898 ,"Aim: To evaluate the real-life effectiveness and safety of Chinese patients with type 2 diabetes mellitus (T2DM) receiving hydrogen inhalation (HI) treatment as a supplementary treatment. Methods: This retrospective, multicenter, observational 6-months clinical study included T2DM patients maintaining HI, visited at 4 time points. The primary outcome is the mean change in glycated hemoglobin (HbA1c) at the end of the study compared to baseline. The secondary outcome is analyzing the mean change of fasting plasma glucose (FPG), weight, lipid profile, insulin dose and homeostasis model assessment. Linear regression and logistics regression are applied to evaluate the effect of HI after the treatment. Results: Of the 431 patients comprised, it is observed a significant decrease in HbA1c level (9.04±0.82% at baseline to 8.30±0.99% and 8.00±0.80% at the end, p<0.001), FPG (165.6±40.2 mg/dL at baseline to 157.1±36.3mg/dL and 143.6±32.3mg/dL at the end, p<0.001), weight (74.7±7.1kg at baseline to 74.8±10.0kg and 73.6±8.1kg at the end, p<0.001), insulin dose (49.3±10.8U/d at baseline to 46.7±8.0U/d and 45.2±8.7U/d, p<0.001). The individuals in subgroup with higher baseline HbA1c and longer daily HI time duration gain greater HbA1c decrease after 6 months. Linear regression shows that higher baseline HbA1c level and shorter diabetes duration are significantly in relation to greater HbA1c reduction. Logistics regression reveals that lower weight is associated with a higher possibility of reaching HbA1c<7%. The most common adverse event is hypoglycemia. Conclusion: HI therapy significantly improves glycemic control, weight, insulin dose, lipid metabolism, _-cell function and insulin resistance of patients with type 2 diabetes after 6 months. Higher baseline HbA1c level and shorter diabetes duration is related to greater clinical response to HI.",Positive,Human,Whole Body,Diabetes (Type II),Glucose Metabolism,Gas,N/A,Inhalation,,,China,,,,,,,,,,,,,,,,,,,,,,,,
1301,"Liang, Bing","Shi, Le; Du, Dongyue; Li, Hua; Yi, Ning; Xi, Yue; Cui, Jianjiao; Li, Ping; Kang, Hongbin; Noda, Mami; Sun, Xuejun; Liu, Jiankang; Qin, Shucun","Long, Jiangang",Hydrogen-Rich Water Ameliorates Metabolic Disorder via Modifying Gut Microbiota in Impaired Fasting Glucose Patients: A Randomized Controlled Study ,2023,Antioxidants,10.3390/antiox12061245 ,"Objective: Molecular hydrogen (H2) exhibits antioxidant, anti-inflammatory and anti-apoptotic effects, and has shown benefits in glucose and lipid metabolism in certain animal metabolic disorder models. However, the potential benefits of H2 treatment in individuals with impaired fasting glucose (IFG) has seldom been studied. This randomized controlled study (RCT) aims to investigate the effects of hydrogen-rich water (HRW) on IFG subjects and explore the underlying mechanism involved. Methods: Seventy-three patients with IFG were enrolled in a randomized, double-blind, placebo-controlled clinical study. These patients were assigned to receive either 1000 mL per day of HRW or placebo pure water (no H2 infusion) for a duration of eight weeks. Metabolic parameters and fecal gut microbiota were assessed at baseline (week 0) and at week 8. A combined analysis of metabolomics and intestinal microbiota was conducted to investigate the correlation between the effect of H2 on the metabolisms and the diversity of intestinal flora in the IGF patients. Results: Both pure water and HRW demonstrated a significant reduction in fasting blood glucose in IFG patients, with a significant difference between pure water and HRW after eight weeks. Among IFG patients with abnormal pre-experimental fatty liver, 62.5% (10/16) in the HRW group and 31.6% (6/19) in the pure water group achieved remission. Furthermore, 16S RNA analysis revealed HRW-modified gut microbiota dysbiosis in the fecal samples of IGF patients. Through Pearson correlation analysis, the differential gut microbiota obtained by 16S analysis was found to be highly correlated with nine metabolites. Conclusion: H2 slightly improved metabolic abnormalities and gut microbiota dysbiosis, providing a novel target and theoretical basis for the prevention and treatment of blood glucose regulation in patients with IFG.",Positive,Human,Intestine,Metabolic Syndrome,Gut Microbiome,Water (Electrolysis),Neutral,Ingestion,,,China,,,,,,,,,,,,,,,,,,,,,,,,
1310,"Korovljev, Darinka","Ostojic, Jelena; Todorovic, Nikola","Ostojic, Sergej M.",Molecular hydrogen modulates brain glutamate/GABA-glutamine cycle in overweight humans ,2023,Archives of Medical Science,10.5114/aoms/162938 ,"Introduction: We evaluated whether 12-week intake of molecular hydrogen (H2) in 5 overweight adults (3 women; age: 50.2 ±11.9 years, body mass index: 29.4 ±2.1 kg/m2) affects brain levels of the glutamate-glutamine-GABA cycle, critical amino acid neurotransmitters in the mechanism of neuronal activation during appetite regulation. Methods: A 1.5-T single-voxel proton magnetic resonance spectroscopy was used to assess the tissue concentrations of relevant metabolites. Results: The mean glutamate and glutamate-plus-glutamine levels at the posterior cingulate gyrus decreased significantly during the study; this was accompanied by a significant drop in GABA levels at left prefrontal white matter, and glutathione levels at anterior cingulate gyrus. No changes in the brain metabolites were found in the comparable group of overweight individuals (n = 4, 2 women; age: 41.0 ±13.9, BMI 26.8 ±1.3 kg/m2) followed-up in the past without this treatment. Conclusions: We showed a possible hydrogen-driven upregulation of neurotransmitters involved in appetite stimulation leading to hunger suppression and weight loss. Further studies analyzing appetite-controlling metabolic pathways affected by H2 would require monitoring of additional biomarkers of satiation and satiety during different feeding regimens.",Positive,Human,Brain,Obesity,Hunger Suppression,"Water, Commercial (Natural Health Products)",Neutral,Ingestion,,,Serbia,,,,,,,,,,,,,,,,,,,,,,,,
1312,"Sumbalova, Zuzana","Kucharska, Jarmila; Rausova, Zuzana; Gvozdjakova, Anna; Szantova, Maria; Kura, Branislav; Mojto, Viliam","Slezak, Jan",The Effect of Adjuvant Therapy with Molecular Hydrogen on Endogenous Coenzyme Q10 Levels and Platelet Mitochondrial Bioenergetics in Patients with Non-Alcoholic Fatty Liver Disease ,2023,International Journal of Molecular Sciences,10.3390/ijms241512477 ,"Molecular hydrogen (H2) has been recognized as a novel medical gas with antioxidant and anti-inflammatory effects. Non-alcoholic fatty liver disease (NAFLD) is a liver pathology with increased fat accumulation in liver tissue caused by factors other than alcohol consumption. Platelet mitochondrial function is considered to reflect systemic mitochondrial health. We studied the effect of adjuvant therapy with hydrogen-rich water (HRW) on coenzyme Q10 (CoQ10) content and platelet mitochondrial bioenergetics in patients with NAFLD. A total of 30 patients with NAFLD and 15 healthy volunteers were included in this clinical trial. A total of 17 patients (H2 group) drank water three _ 330 mL/day with tablets producing HRW (>4 mg/L H2) for 8 weeks, and 13 patients (P group) drank water with placebo tablets producing CO2. The concentration of CoQ10-TOTAL was determined by the HPLC method, the parameter of oxidative stress, thiobarbituric acid reactive substances (TBARS), by the spectrophotometric method, and mitochondrial bioenergetics in platelets isolated from whole blood by high-resolution respirometry. The patients with NAFLD had lower concentrations of CoQ10-TOTAL in the blood, plasma, and platelets vs. the control group. Mitochondrial CI-linked LEAK respiration was higher, and CI-linked oxidative phosphorylation (OXPHOS) and CII-linked electron transfer (ET) capacities were lower vs. the control group. Plasma TBARS concentrations were higher in the H2 group. After 8 weeks of adjuvant therapy with HRW, the concentration of CoQ10 in platelets increased, plasma TBARS decreased, and the efficiency of OXPHOS improved, while in the P group, the changes were non-significant. Long-term supplementation with HRW could be a promising strategy for the acceleration of health recovery in patients with NAFLD. The application of H2 appears to be a new treatment strategy for targeted therapy of mitochondrial disorders. Additional and longer-term studies are needed to confirm and elucidate the exact mechanisms of the mitochondria-targeted effects of H2 therapy in patients with NAFLD. ",Positive,Human,Liver,Fatty Liver Disease (Nonalcoholic),Mitochondrial Function,Gas (Sustained Release),N/A,Ingestion,,,Slovakia,,,,,,,,,,,,,,,,,,,,,,,,
1314,"Chiu, Szu-Han","Douglas, Frank L.; Chung, Jia-Ru; Wang, Kuang-Yih; Chu, Chao-Fang; Chou, Hsia-Yun; Huang, Wei-Chih; Wang, Tian-Yu; Chen, Wen-Wen; Shen, Min-Chung; Liu, Feng-Cheng","Hsiao, Po-Jen",Evaluation of the safety and potential lipid-lowering effects of oral hydrogen-rich coral calcium (HRCC) capsules in patients with metabolic syndrome: a prospective case series study ,2023,Frontiers in Nutrition,10.3389/fnut.2023.1198524 ,"Background: Metabolic syndrome is characterized by a cluster-like occurrence of conditions such as hypertension, hyperglycaemia, elevated low-density lipoprotein (LDL) cholesterol or triglycerides (TG) and high visceral fat. Metabolic syndrome is linked to the build-up of plaque within the artery, which leads to disorders of the circulatory, nervous and immune systems. A variety of treatments target the regulation of these conditions; nevertheless, they remain dominant risk factors for the development of type 2 diabetes (T2DM) and cardiovascular disease (CVD), which affect 26.9% of the US population. Management and intervention strategies for improving cholesterol and/or TG are worthwhile, and recent studies on hydrogen treatment are promising, particularly as molecular hydrogen is easily ingested. This study aimed to investigate the lipid-lowering effects and quality of life (QOL) improvement of hydrogen-rich coral calcium (HRCC) in patients with metabolic syndrome. Methods: The patients, all Taiwanese, were randomly assigned to 3 different doses (low, medium, and high) of HRCC capsules. The primary outcome was the adverse effects/symptoms during this 4-week use of HRCC capsules. The secondary outcome was lipid profile changes. Complete blood count, inflammatory biomarkers, and QOL were also measured before and after the course of HRCC. Results: Sixteen patients with metabolic syndrome completed this study (7 males, 9 females; mean age: 62 years; range: 32-80). No obvious adverse effects were recorded. Only changes in blood TG reached significance. The baseline TG value was 193.19 _L (SD = 107.44), which decreased to 151.75 _L (SD = 45.27) after 4 weeks of HRCC (p = 0.04). QOL showed no significant changes. Conclusion: This study is the first human clinical trial evaluating HRCC capsules in patients with metabolic syndrome. Based on the safety and potential TG-lowering effects of short-term HRCC, further long-term investigations of HRCC are warranted. Clinical trial registration: [ClinicalTrials.gov], identifier [NCT05196295].",Positive,Human,Whole Body,Metabolic Syndrome,Lipid Metabolism,Gas (Sustained Release),N/A,Ingestion,,,Taiwan,,,,,,,,,,,,,,,,,,,,,,,,
1315,"Korovljev, Darinka","Todorovic, Nikola; Ranisavljev, Marijana; Andjelic, Bogdan; Kladar, Nebojsa; Stajer, Valdemar","Ostojic, Sergej M.",Hydrogen-rich water upregulates fecal propionic acid levels in overweight adults ,2023,Nutrients,10.1016/j.nut.2023.112200 ,Fecal short-chain fatty acids are responsive to oral hydrogen in overweight adults. Propionic acid significantly increased in participants who consumed hydrogen-rich water for 12 wk compared with those who consumed tap water. This finding holds potential significance in addressing metabolic dysregulation.,Positive,Human,Intestine,Obesity,Gut Microbiome,Water (Electrolysis),Neutral,Ingestion,,,Serbia,,,,,,,,,,,,,,,,,,,,,,,,
1345,"Jebabli, Nidhal","Ouerghi, Nejmeddine; Abassi, Wissal; Yagin, Fatma Hilal; Khlifi, Mariem; Boujabli, Manar; Bouassida, Anissa; Ben Abderrahman, Abderraouf","Ardigo, Luca Paolo","Acute effect of hydrogen-rich water on physical, perceptual and cardiac responses during aerobic and anaerobic exercises: a randomized, placebo-controlled, double-blinded cross-over trial ",2023,Frontiers in Physiology,10.3389/fphys.2023.1240871 ,"Molecular hydrogen (H2 gas) dissolved in water to produce Hydrogen-Rich Water. Hydrogen-Rich Water (HRW) is considered as ergogenic aid in different exercise modes. However, acute pre-exercise HRW ingestion effect is unclear regarding athlete performance. This study aimed at investigating acute effect of HRW ingestion on aerobic and anaerobic exercise performance. Twenty-two male amateur middle-distance runners volunteered to participate in this study. In a randomized, double-blind study design, all players ingested 500 mL of HRW or placebo (PLA) supplement 30 min before the start of the tests. Over 4 days, maximal aerobic speed of Vameval test (MAS), time to exhaustion at MAS (Tlim), squat jump (SJ), counter-movement jump (CMJ) and five jump test (5JT) were evaluated. Also, rate of perceived exertion (RPE) and peak heart rate (HRpeak) were measured during the aerobic tests. For Vameval test, HRW ingestion improved MAS, HRpeak and RPE compared with the placebo condition. For Tlim test, HRW ingestion demonstrated improvements in time to exhaustion, RPE and HRpeak. However, no significant change was observed between HW and placebo conditions in SJ, CMJ, 5JT. 500 mL of HRW can significantly improve HRpeak, time to exhaustion, RPE, with no significant effect on MAS, jumping performance in amateur endurance athletes. ",Positive,Human,Whole Body,Excercise,Performance Enhancement,Water (Electrolysis),Neutral,Ingestion,,,Tunisia,,,,,,,,,,,,,,,,,,,,,,,,
1347,"Moribe, Reiko","Minami, Marina; Hirota, Ryoji; J-P, Naw Awn; Kabayama, Shigeru; Eitoku, Masamitsu; Yamasaki, Keiko; Kuroiwa, Hajime","Suganuma, Narufumi",Health Effects of Electrolyzed Hydrogen Water for the Metabolic Syndrome and Pre-Metabolic Syndrome: A 3-Month Randomized Controlled Trial and Subsequent Analyses ,2024,Antioxidants,10.3390/antiox13020145 ,"We studied the effect of three months' use of electrolyzed hydrogen water (EHW, Electrolyzed Hydrogen Water conditioner produced by Nihon Trim Co., Ltd.) on metabolic and pre-metabolic syndrome groups. This research was carried out jointly by Susaki City; Nihon Trim Co., Ltd.; and Kochi University as part of a local revitalization project with health as a keyword. A randomized, placebo-controlled, double-blind, parallel-group trial was conducted to evaluate the clinical impact of EHW on participants who suffered from metabolic syndrome or pre-metabolic syndrome. EHW was produced via electrolysis using a commercially available apparatus (Nihon Trim Co., Ltd., Osaka, Japan). During exercise, oxidative stress increases, and active oxygen species increase. In this study, we examined 181 subjects with metabolic syndrome or pre-metabolic syndrome. Among the group that drank EHW for 3 months, those who also engaged in a high level of physical activity showed a significant difference in waist circumference reduction. Although no significant difference was observed, several positive results were found in the participants who engaged in a high level of physical activity. Urinary 8-OHdG, urinary nitrotyrosine, HbA1c, and blood glucose levels increased in the filtered water (FW) group but decreased in the EHW group. High-sensitivity CRP increased less in the EHW group. 8-Isoprostane decreased more in the EHW group. In subgroup analysis, the EHW group showed a significantly greater reduction in waist circumference than the FW group only when controlled for high physical activity. Based on the result, we suggest that, among participants in the study who suffered from metabolic syndrome and pre-metabolic syndrome in which the level of active oxygen species is said to be higher than in healthy subjects, the group that consumed EHW and also engaged in a high level of physical activity experienced a suppressed or reduced increase in active oxygen species. ",Positive,Human,Whole Body,Metabolic Syndrome,Oxidative Stress,"Water, Commercial (Nihon Trim Co)",Neutral,Ingestion,,,Japan,,,,,,,,,,,,,,,,,,,,,,,,
1353,"Guan, Chenggong","Zhang, Zhen; Wang, Lanting; Chen, Sheng-An","Luo, Xiaoqun",Successful treatment of Behçet's disease ulcers and skin lesions with hydrogen water ,2024,International Journal of Dermatology,10.1111/ijd.16958 ,No abstract available,Positive,Human,Whole Body,Wound Healing,Behcet's Disease,Water (Electrolysis),Neutral,Immersion,,,China,,,,,,,,,,,,,,,,,,,,,,,,
1354,"Hong, Yinglu","Bao, Dapeng; Manor, Brad; Zhou, Yuncong","Zhou, Junhong",Effects of endurance exercise on physiologic complexity of the hemodynamics in prefrontal cortex ,2024,Neurophotonics,10.1117/1.NPh.11.1.015009 ,"Significance: Prefrontal cortex (PFC) hemodynamics are regulated by numerous underlying neurophysiological components over multiple temporal scales. The pattern of output signals, such as functional near-infrared spectroscopy fluctuations (i.e., fNIRS), is thus complex. We demonstrate first-of-its-kind evidence that this fNIRS complexity is a marker that captures the influence of endurance capacity and the effects of hydrogen gas (H2) on PFC regulation. Aim: We aim to explore the effects of different physical loads of exercise as well as the intaking of hydrogen gas on the fNIRS complexity of the PFC. Approach: Twenty-four healthy young men completed endurance cycling exercise from 0 (i.e., baseline) to 100% of their physical loads after intaking 20 min of either H2 or placebo gas (i.e., control) on each of two separate visits. The fNIRS measuring the PFC hemodynamics and heart rate (HR) was continuously recorded throughout the exercise. The fNIRS complexity was quantified using multiscale entropy. Results: The fNIRS complexity was significantly greater in the conditions from 25% to 100% of the physical load (p<0.0005) compared with the baseline and after intaking H2 before exercise; this increase of fNIRS complexity was significantly greater compared with the control (p=0.001_0.01). At the baseline, participants with a greater fNIRS complexity had a lower HR (_=_0.35__0.33, p=0.008_0.02). Those with a greater increase of complexity had a lower increase of the HR (_=_0.30__0.28, p=0.001_0.002) during exercise. Conclusions: These observations suggest that fNIRS complexity would be a marker that captures the adaptive capacity of PFC to endurance exercise and to the effects of interventions on PFC hemodynamics. Keywords: endurance exercise; functional near-infrared spectroscopy; hemodynamics of prefrontal cortex; intaking hydrogen gas; multiscale entropy. ",Positive,Human,Brain,Excercise,Hemodynamics,Gas,N/A,Inhalation,,,China,,,,,,,,,,,,,,,,,,,,,,,,
1,"Alharbi, Ahad Abdulkarim D.","Ebine, Naoyuki; Nakae, Satoshi; Hojo, Tatsuya","Fukuoka, Yoshiyuki","Fukuoka, Yoshiyuki",2021,Nutrients,10.3390/nu13020459 ,"We investigated effects of molecular hydrogen (H2) supplementation on acid-base status, pulmonary gas exchange responses, and local muscle oxygenation during incremental exercise. Eighteen healthy, trained subjects in a randomized, double-blind, crossover design received H2-rich calcium powder (HCP) (1500 mg/day, containing 2.544 µg/day of H2) or H2-depleted placebo (1500 mg/day) for three consecutive days. They performed cycling incremental exercise starting at 20-watt work rate, increasing by 20 watts/2 min until exhaustion. Breath-by-breath pulmonary ventilation (V˙E) and CO2 output (V˙CO2) were measured and muscle deoxygenation (deoxy[Hb + Mb]) was determined via time-resolved near-infrared spectroscopy in the vastus lateralis (VL) and rectus femoris (RF). Blood gases' pH, lactate, and bicarbonate (HCO3-) concentrations were measured at rest and 120-, 200-, and 240-watt work rates. At rest, the HCP group had significantly lower V˙E, V˙CO2, and higher HCO3-, partial pressures of CO2 (PCO2) versus placebo. During exercise, a significant pH decrease and greater HCO3- continued until 240-watt workload in HCP. The V˙E was significantly lower in HCP versus placebo, but HCP did not affect the gas exchange status of V˙CO2 or oxygen uptake (V˙O2). HCP increased absolute values of deoxy[Hb + Mb] at the RF but not VL. Thus, HCP-induced hypoventilation would lead to lower pH and secondarily impaired balance between O2 delivery and utilization in the local RF during exercise, suggesting that HCP supplementation, which increases the at-rest antioxidant potential, affects the lower ventilation and pH status during incremental exercise. HPC induced a significantly lower O2 delivery/utilization ratio in the RF but not the VL, which may be because these regions possess inherently different vascular/metabolic control properties, perhaps related to fiber-type composition. ",Neutral,Human,Whole Body,Excercise,Performance Enhancement,Gas (Sustained Release),N/A,Ingestion,,Calcium,Japan,,,,,,,,,,,,,,,,,,,,,,,,
9,"Hirano, Shin-Ichi","Aoki, Yukimasa; Li, Xiao-Kang; Ichimaru, Naotsugu; Takahara, Shiro","Takefuji, Yoshiyasu",Protective effects of hydrogen gas inhalation on radiation-induced bone marrow damage in cancer patients: a retrospective observational study,2021,Medical Gas Research,10.4103/2045-9912.314329 ,"Although intensity-modulated radiation therapy (IMRT) has been developed as an alternative to conventional radiotherapy, reducing bone marrow damage is limited. Thus, a novel technology is needed to further mitigate IMRT-induced bone marrow damage. Molecular hydrogen (H2) was recently reported as a preventive and therapeutic antioxidant that selectively scavenges hydroxyl radical (·OH) and peroxynitrite (ONOO-). This observational study aimed to examine whether H2 gas treatment improves IMRT-induced bone marrow damage in cancer patients. The study was performed at Clinic C4 in Tokyo, Japan between May 2015 and November 2016. During this period, all enrolled patients received IMRT once per day for 1 to 4 weeks. After each time of IMRT, the patients of control group (n = 7, 3 men and 4 women, age range: 26-70 years) received mild hyperbaric oxygen therapy in health care chamber for 30 minutes, and the patients of H2 group (n = 16, 8 men and 8 women, age range: 35-82 years) received 5% H2 gas in health care chamber for 30 minutes once per day. Radiation-induced bone marrow damage was evaluated by hematological examination of peripheral blood obtained before and after IMRT, and the data were expressed by the ratio after to before treatment. The total number of radiation times and total exposure doses of radiation were similar between the control and H2 groups. IMRT with health care chamber therapy significantly reduced white blood cells and platelets, but not red blood cells, hemoglobin and hematocrit. In contrast, H2 gas treatment significantly alleviates the reducing effects of white blood cells and platelets (P = 0.0011 and P = 0.0275, respectively). Tumor responses to IMRT were similar between the two groups. The results obtained demonstrated that H2 gas inhalation therapy alleviated IMRT-induced bone marrow damage without compromising the anti-tumor effects of IMRT. The present study suggests that this novel approach of H2 gas inhalation therapy may be applicable to IMRT-induced bone marrow damage in cancer patients. The study protocol was approved by an Ethics Committee Review of Tokyo Clinic and Research Institute ICVS Incorporated (Tokyo, Japan) on February 1, 2019, and was registered in the University Hospital Medical Information Network (UMIN) Clinical Trials Registry (UMIN ID: UMIN000035864) on February 20, 2019. ",Positive,Human,Bone Marrow,Cancer,Radioprotection,Gas,N/A,Inhalation,,,Japan,,,,,,,,,,,,,,,,,,,,,,,,
13,"Kato, Shinya","Takada, Yuki","Miwa, Nobuhiko",Heat-retention effects of hydrogen-rich water bath assessed by thermography for humans ,2021,Journal of Thermal Biology,10.1016/j.jtherbio.2020.102805 ,"Hydrogen-rich water bath devices are commercially available, but have been scarcely clarified for heat-retention effects. In this study, heat-retention effects of hydrogen-rich water bath were assessed by thermographic clinical trials, which employed twenty-four healthy subjects. The thermograms indicated that, under the same conditions (41 °C, 10-min bathing), hydrogen-rich water bath (hydrogen concentrations: 185-548 _g/L; oxidation-reduction potentials: -167 to -91 mV, versus 0.8 _g/L and +479 mV for normal bath, respectively) brought about the heat-retention being more marked than those of normal water bath for several body-parts in the order as follows: abdomen > upper legs > arms > hands > feet, for 30- and 60-min post-bathing, being in contrast to scarce heat-retention for head, armpits and lower legs. Then, as reflection to promotive effects on blood stream, we also examined the thickness of fingertip-capillary in hands. The thickness was expanded in the hydrogen-rich water bath more markedly than that in the normal water bath, suggesting that the hydrogen-rich water bath may have the hydrogen-based promotive effect, exceeding over mere heat retention-based effects, on blood circulation of the whole body. Meanwhile, the heat-retention in hydrogen-rich water bath weakly or moderately correlated with contents of the subcutaneous fat, whole body fat and body mass index, and inversely correlated with skeletal muscle rates, although their correlation degrees did not obviously exceed over normal water bath, with a poor relation with the basal metabolism rate. Thus, the hydrogen-rich water bath was suggested to exert heat-retention effects exceeding over normal water bath, in diverse body-parts such as abdomen, upper legs, arms and hands, via promotion to blood flow which was reflected by expanding the thickness of capillary. The heat-retention after bathing can be noted as effects of the hydrogen-rich water bath, which is applicable for most of people widespread regardless of their body composition index. ",Positive,Human,Whole Body,Stress Resilience,Heat Retention,Water (Electrolysis),Neutral,Bath,,,Japan,,,,,,,,,,,,,,,,,,,,,,,,
14,"Kubota, Miyuki","Kawashima, Motoko; Inoue, Sachiko; Imada, Toshihiro; Nakamura, Shigeru; Kubota, Shunsuke; Watanabe, Mitsuhiro; Takemura, Ryo","Tsubota, Kazuo","Randomized, crossover clinical efficacy trial in humans and mice on tear secretion promotion and lacrimal gland protection by molecular hydrogen ",2021,Nature Scientific Reports,10.1038/s41598-021-85895-y ,"The incidence of dry eye disease is increasing worldwide because of the aging population and increasing use of information technology. Dry eye disease manifests as tear-layer instability and inflammation caused by osmotic hypersensitization in tear fluids; however, to our knowledge, no agent that treats both pathologies simultaneously is available. Molecular hydrogen (H2) is known to be effective against various diseases; therefore, we aimed to elucidate the effects of H2 on tear dynamics and the treatment of dry eye disease. We revealed that administering a persistent H2-generating supplement increased the human exhaled H2 concentration (p < 0.01) and improved tear stability (p < 0.01) and dry eye symptoms (p < 0.05) significantly. Furthermore, H2 significantly increased tear secretion in healthy mice (p < 0.05) and significantly suppressed tear reduction in a murine dry eye model (p = 0.007). H2 significantly and safely improved tear stability and dry eye symptoms in a small exploratory group of 10 human subjects, a subset of whom reported dry eye symptoms prior to treatment. Furthermore, it increased tear secretion rapidly in normal mice. Therefore, H2 may be a safe and effective new treatment for dry eye disease and thus larger trials are warranted. ",Positive,Human,Eye,Dry Eye,Inflammation,Gas (Sustained Release),N/A,Ingestion,,,Japan,,,,,,,,,,,,,,,,,,,,,,,,
28,"Si, Yanhong","Tian, Hua; Dong, Bingqing; Zhang, Ying; Wen, Yuanyuan; Jia, Xiubin; Li, Ying; Zhang, Aihua","Qin, Shucun",Effects of hydrogen as adjuvant treatment for unstable angina,2021,Experimental Biology and Medicine,10.1177/15353702211009138 ,"Oxidative stress and inflammation are closely related to atherosclerotic cardiovascular disease. It is established that hydrogen has significant protective effects on many diseases as a potential antioxidative and anti-inflammatory agent. The purpose of this study is to evaluate the effect of hydrogen on unstable angina in vitro and in vivo. An atherosclerosis model in vitro was constructed by ox-LDL-induced injury of human umbilical vein endothelial cells and in vitro testing indicated hydrogen inhibited ox-LDL-induced oxidative stress and inflammatory response by down-regulating LOX-1/NF-kB signaling pathway. Subsequently, the attenuating effect of hydrogen-rich water intake on unstable angina was further confirmed in clinic. Forty hospitalized subjects with unstable angina were enrolled and consumed either 1000-1200 mL/d hydrogen-rich water or the same amount of placebo pure water in addition to conventional drugs for three months. Clinical analysis showed hydrogen-rich water intake relieved angina symptoms in unstable angina patients. Serum analysis showed that hydrogen-rich water addition resulted in more effective reductions of total-cholesterol, low-density lipoprotein-cholesterol, and apolipoprotein B levels compared with conventional treatment. These results support that hydrogen as adjuvant treatment has a beneficial effect on unstable angina. ",Positive,Human,Heart,Atherosclerosis,Unstable Angina,Water (Dissolved),Neutral,Ingestion,,,China,,,,,,,,,,,,,,,,,,,,,,,,
30,"Takeuchi, Satoru","Kumagai, Kosuke; Toyooka, Terushige; Otani, Naoki; Wada, Kojiro","Mori, Kentaro",Intravenous Hydrogen Therapy With Intracisternal Magnesium Sulfate Infusion in Severe Aneurysmal Subarachnoid Hemorrhage ,2021,Stroke,10.1161/STROKEAHA.120.031260 ,"Background and purpose: Poor-grade subarachnoid hemorrhage still has a poor prognosis. This randomized controlled clinical trial evaluated intracisternal magnesium sulfate infusion combined with intravenous hydrogen therapy in patients with poor-grade subarachnoid hemorrhage. Methods: Thirty-seven patients with poor-grade subarachnoid hemorrhage were randomized to Mg+H2, Mg, and control groups. Mg and Mg+H2 groups received intracisternal magnesium sulfate infusion (2.5 mmol/L) at 20 mL/h for 14 days. Mg+H2 group also received intravenous hydrogen-rich solution infusion for 14 days. Primary outcome measures were occurrence of delayed cerebral ischemia and cerebral vasospasm. Secondary outcome measures were modified Rankin Scale and Karnofsky performance status at 3 and 12 months, Barthel index at 12 months, and serum and cerebrospinal fluid malondialdehyde and neuron-specific enolase. Results: Serum neuron-specific enolase levels were significantly lower in the Mg+H2 group from days 3 to 14 than in the control group. Cerebrospinal fluid neuron-specific enolase levels were also significantly lower in the Mg+H2 group from days 3 to 7 than in the control group. Incidences of cerebral vasospasm and delayed cerebral ischemia were significantly higher in the control group than in other groups. Modified Rankin Scale and Karnofsky performance status did not significantly differ between the three groups at 3 months. Modified Rankin Scale scores 0 to 2 were more common in the Mg and Mg+H2 groups at 1 year. Barthel index was higher in the Mg+H2 group than in the control group. Conclusions: Intracisternal magnesium sulfate infusion started immediately after surgery reduces the incidence of cerebral vasospasm and delayed cerebral ischemia and improves clinical outcomes without complications in patients with poor-grade subarachnoid hemorrhage. Intracisternal magnesium sulfate infusion combined with intravenous hydrogen therapy decreases serum malondialdehyde and neuron-specific enolase and improves Barthel index, indicating hydrogen has additional effects. Registration: URL: https://www.umin.ac.jp/ctr/index.htm. Unique identifier: UMIN000014696.
",Positive,Human,Brain,Stroke,Ischemia-Reperfusion (I/R) Injury,Solution (Electrolysis),Neutral,Injection,Magnesium Sulfate,Magnesium Sulfate,Japan,,,,,,,,,,,,,,,,,,,,,,,,
31,"Tong, Chien-Tai","Hu, Chaur-Jonh; Lin, Hung-Yu","Wu, Daen",Effects of concomitant use of hydrogen water and photobiomodulation on Parkinson disease: A pilot study ,2021,Medicine,10.1097/MD.0000000000024191 ,"Background: Parkinson disease (PD), the second most common neurodegenerative disease, has no cure or applicable disease-modifying approach, only symptomatic therapy. Oxidative stress and mitochondrial dysfunction play key roles in PD pathophysiology. Animal studies have demonstrated that photobiomodulation (PBM) may enhance mitochondrial function and boost adenosine triphosphate production, thus alleviating PD symptoms; however, this process can cause increased reactive oxygen species (ROS) production. Molecular hydrogen (H2) is a potent and possibly therapeutic antioxidant that can mitigate the effect of ROS. PBM targeting the brainstem may facilitate neuronal activity, and the concomitant H2 may clear additional ROS produced by PBM. Therefore, this study aimed to determine the safety and effectiveness of PBM + H2 in patients with PD. Methods: We included 18 patients with PD (age 30-80 years) who were at Hoehn and Yahr stages II-III. All the participants received daily PBM + H2 therapy for 2 weeks. The adverse event and the Unified Parkinson Disease Rating Scale (UPDRS) scores were recorded. Results: We noted that the UPDRS scores began significantly decreasing from the first week, and this improvement persisted until the end of therapy. Moreover, no adverse event was recorded. After 1 week of therapy cessation, UPDRS scores slightly increased but the improvement remained significant compared with the baseline. Conclusion: This novel, proof-of-concept study demonstrated that PBM+H2 therapy is safe and reduces disease severity. A larger-scaled clinical trial is warranted to completely investigate the effects of PBM + H2 therapy on PD.
",Positive,Human,Brain,Parkinson's Disease,Oxidative Stress,"Water, Commercial (I-Mizu Platinum)",Alkaline,Ingestion,,Photobiomodulation (PBM),Taiwan,,,,,,,,,,,,,,,,,,,,,,,,
41,"Zheng, Ze-Guang","Sun, Wu-Zhuang; Hu, Jie-Ying; Jie, Zhi-Jun; Xu, Jin-Fu; Cao, Jie; Song, Yuan-Lin; Wang, Chang-Hui; Wang, Jing; Zhao, Hui; Guo, Zhong-Liang","Zhong, Nan-Shan","Hydrogen/oxygen therapy for the treatment of an acute exacerbation of chronic obstructive pulmonary disease: results of a multicenter, randomized, double-blind, parallel-group controlled trial",2021,Respiratory Research,10.1186/s12931-021-01740-w ,"Background: To investigate whether the administration of hydrogen/oxygen mixture was superior to oxygen in improving symptoms in patients with acute exacerbation of chronic obstructive pulmonary disease (AECOPD). Methods: This prospective, randomized, double-blind, controlled clinical trial in 10 centres enrolled patient with AECOPD and a Breathlessness, Cough, and Sputum Scale (BCSS) score of at least 6 points. Eligible patients were randomly assigned (in a 1:1 ratio) to receive either hydrogen/oxygen mixture or oxygen therapy. Primary endpoint was the change from baseline in BCSS score at day 7. Adverse events (AEs) were recorded to evaluate safety. Results: Change of BCSS score in Hydrogen/oxygen group was larger than that in Oxygen group (- 5.3 vs. - 2.4 point; difference: - 2.75 [95% CI - 3.27 to - 2.22], meeting criteria for superiority). Similar results were observed in other time points from day 2 through day 6. There was a significant reduction of Cough Assessment Test score in Hydrogen/oxygen group compared to control (- 11.00 vs. - 6.00, p < 0.001). Changes in pulmonary function, arterial blood gas and noninvasive oxygen saturation did not differ significantly between groups as well as other endpoints. AEs were reported in 34 (63.0%) patients in Hydrogen/oxygen group and 42 (77.8%) in Oxygen group. No death and equipment defects were reported during study period. Conclusions: The trial demonstrated that hydrogen/oxygen therapy is superior to oxygen therapy in patient with AECOPD with acceptable safety and tolerability profile. Trial registration: Name of the registry: U.S National Library of Medicine Clinical Trials; Trial registration number: NCT04000451; Date of registration: June 27, 2019-Retrospectively registered; URL of trial registry record: https://www.clinicaltrials.gov/ct2/show/study/NCT04000451?term=04000451&draw=2&rank=1 . Keywords: Acute exacerbation; Chronic obstructive pulmonary disease; Hydrogen; Outcome; Oxygen. ",Positive,Human,Lung,Chronic Obstructive Pulmonary Disease (COPD),Inflammation,Gas,N/A,Inhalation,Oxygen,,China,,,,,,,,,,,,,,,,,,,,,,,,
43,"Akagi, Junji",,"Baba, Hideo","Hydrogen gas activates coenzyme Q10 to restore exhausted CD8 + T cells, especially PD-1 + Tim3 + terminal CD8 + T cells, leading to better nivolumab outcomes in patients with lung cancer ",2020,Oncology Letters,10.3892/ol.2020.12121 ,"As previously reported, hydrogen gas improves the prognosis of patients with cancer by restoring exhausted CD8+ T cells into active CD8+ T cells, possibly by activating mitochondria. As mitochondrial activators exhibit synergistic effects with nivolumab, the current study investigated whether hydrogen gas also affects the clinical outcomes of nivolumab. A total of 42 of 56 patients with lung cancer treated with nivolumab received hydrogen gas. Exhausted markers (PD-1 and Tim-3) on cell populations in the CD8+ T cell differentiation pathway were analyzed using flow cytometry. The concentration of coenzyme Q10 (CoQ10) was measured as a marker of mitochondrial function. The 42 patients treated with hydrogen gas and nivolumab (HGN) indicated a significantly longer overall survival (OS) compared with those treated with nivolumab only (n=14). In multivariate analysis, PD-1+Tim-3+terminal CD8+ T cells (PDT+) were an independent poor prognostic factor in OS, and CoQ10 showed a tendency to be associated with improved OS. The change in the rate of PDT+ and CoQ10 after vs. before HGN (PDT+ ratio and CoQ10 ratio, respectively) revealed that patients with low PDT+ ratio (<0.81) and high CoQ10 ratio (>1.175) had significantly longer OS compared with those with high PDT+ ratio and low CoQ10 ratio. Furthermore, PDT+, with a significant reverse correlation with CoQ10, was significantly lower in patients with high CoQ10 and/or CoQ10 ratio than in those low CoQ10 and/or CoQ10. Hydrogen gas has been suggested to enhance the clinical efficacy of nivolumab by increasing CoQ10 (mitochondria) to reduce PDT+, with PDT+ and CoQ10 as reliable negative and positive biomarkers of nivolumab, respectively. ",Positive,Human,Lung,Cancer,Immune Dysfunction,Gas,N/A,Inhalation,,,Japan,,,,,,,,,,,,,,,,,,,,,,,,
47,"Asada, Ryoko","Tazawa, Kenji; Sato, Shinkichi","Miwa, Nobuhiko","Effects of hydrogen-rich water prepared by alternating-current-electrolysis on antioxidant activity, DNA oxidative injuries, and diabetes-related markers ",2020,Medical Gas Research,10.4103/2045-9912.296041 ,"Hydrogen-rich water is conventionally prepared by direct current-electrolysis, but has been not or scarcely prepared by alternating current (AC)-electrolysis. The AC preparations from tap water for 20-30 minutes exhibit a dissolved hydrogen concentration of 1.55 mg/L, which was close to the theoretical maximum value of 1.6 mg/L. These preparations also displayed an oxidation-reduction potential of -270 mV (tap water: +576 mV) and pH of 7.7-7.8, being closer to physiological values of body fluids than general types of direct current-electrolytic hydrogen-rich water. We examined whether AC-electrolytic hydrogen-water is retained for hydrogen-abundance after boiling or for antioxidant abilities, and whether the oral administration of this water is clinically effective for diabetes and prevention against systemic DNA-oxidative injuries. 5,5-Dimethyl-1-pyrroline-N-oxide spin trapping and electron spin resonance revealed that the hydrogen-rich water generated by AC-electrolysis exhibited hydroxyl-radical-scavenging activities. Laser nanoparticle tracking method revealed that nanoparticle suspensions as abundant as 5.4 _ 107/mL were efficiently retained (up to 3.5 _ 107/mL) even after boiling for 10 minutes, being thermodynamically contrary to Henry's law. Oral intake of hydrogen-rich water, 1500 mL per day, lasted for 8 weeks in nine people with the diabetes-related serum markers beyond the normal ranges. The subjects exhibited significant tendencies for the decreased fasting blood glucose and fructosamine, and for the increased 1,5-anhydro-D-glucitol, concomitantly with significant decreases in urinary 8-hydroxy-2-deoxyguanosine contents and its rate of generation. Hydrogen-rich water prepared by AC-electrolysis may be effective in improving diverse diabetes-related markers and systemic DNA oxidative injuries through the formation of abundant heat-resistant nanobubbles and the increased hydrogen concentrations. The study protocol was officially approved by the Medical Ethics Committee of the Japanese Center for Anti-Aging Medical Sciences (approval No. 01S02) on September 15, 2009. ",Positive,Human,Whole Body,Diabetes,Oxidative Stress,Water (Electrolysis),Neutral,Ingestion,,,Japan,,,,,,,,,,,,,,,,,,,,,,,,
49,"Botek, Michal","Krejci, Jakub; McKune, Andrew J.","Sladeckova, Barbora",Hydrogen-Rich Water Supplementation and Up-Hill Running Performance: Effect of Athlete Performance Level ,2020,International Journal of Sports Physiology and Performance,10.1123/ijspp.2019-0507 ,"Purpose: Hydrogen-rich water (HRW) has been shown to have an antifatigue effect. This study assessed up-hill running performance, as well as physiological and perceptual responses after supplementation with 1680 mL HRW between 24 h and 40 min before running, in athletes of heterogeneous running ability. Methods: Sixteen males (mean [SD] age 31.6 [8.6] y, VO2max 57.2 [8.9] mL·kg-1·min-1, body fat 13.4% [4.4%]) participated in this study. Using a randomized, double-blind, placebo-controlled crossover design, participants consumed either HRW or placebo prior to performing two 4.2-km up-hill races separated by a week. Race time (RT), average race heart rate, and immediately postrace rating of perceived exertion were assessed. Results: After analysis of data for all runners, HRW effect was unclear (-10 to 7 s, 90% confidence interval) for RT, likely trivial for heart rate (-2 to 3 beats·min-1), and likely trivial for postrace rating of perceived exertion (-0.1 to 1.0). A possible negative correlation was found between RT differences and average RT (r = -.79 to -.15). HRW for the 4 slowest runners (RT = 1490 [91] s) likely improved the RT (-36 to -3 s), whereas for the 4 fastest runners (RT = 1069 [53] s) the performance effect of HRW was unclear (-10 to 26 s). Conclusions: HRW intake had an unclear antifatigue effect on performance in terms of mean group values. However, it appears that the magnitude of the antifatigue effect of HRW on performance depends on individual running ability.",Neutral,Human,Whole Body,Excercise,Performance Enhancement,"Water, Commercial (AquaStamina)",Neutral,Ingestion,,,Czech Republic,,,,,,,,,,,,,,,,,,,,,,,,
51,"Chaves, Juliana R.","de Souza, Carolina R.T.; Modesto, Antonio A.C.; Moreira, Fabiano C.; Teixeira, Eliel B.; Sarraf, Jonathan S.; Allen, Thais S.R.; Araujo, Taissa M.T.","Khayat, Andre S.","Effects of alkaline water intake on gastritis and miRNA expression (miR-7, miR-155, miR-135b and miR-29c)",2020,American Journal of Translational Research,32774757,"It is known that abnormal expression of miRNAs in the gastric cancer (GC) contributes to its carcinogenesis. Therefore, ingestion of commercial (usual) water on a daily basis may be a contributing factor for the occurrence of alterations in the gastric mucosal. In this study, it was evaluated the expression of the miRNAs miR-29c, miR-7, miR-155, and miR-135b in the gastric tissue of patients with gastritis before and after the consumption of alkaline water (pH range from 8.0 to 10.0), as well as the clinic pathological characteristics. Methods: 50 subjects from the Amazon region, diagnosed with gastritis that routinely used commercial (usual) water with a pH lower than 5.0, were enrolled to change the consume water to a pH of 8.5 to 10.0 for 5 months. Results: Endoscopic findings of gastritis were such different (less severe disease), P = 0.024; in 43% diagnosed with moderate gastritis upfront esophagogastroduodenoscopy (EGD) presented mild gastritis after the consumption of alkaline water, according to study methods; there were no worsening gastritis and there were a significant increase in the expression of miR-135b (P = 0.039) and miR-29c (P = 0.039). Conclusion: Modified pH range water (from 8.0 to 10.0) ingested for 5 months was able lead to a less severe gastritis according to the Sidney classification system, suggesting that this lifestyle change represented a clinical benefit in patients with gastritis on the Amazon region. In addition, higher expression of miR-135b and miR-29c was observed after the consumption of alkaline water for 5 months.",Positive,Human,Stomach,Cancer,Gastritis,Water (Electrolysis),Alkaline,Ingestion,Acidic Water,,Brazil,,,,,,,,,,,,,,,,,,,,,,,,
52,"Chen, Ji-Bing","Kong, Xiao-Feng; Qian, Wei; Mu, Feng; Lu, Tian-Yu; Lu, You-Yong","Xu, Ke-Cheng",Two weeks of hydrogen inhalation can significantly reverse adaptive and innate immune system senescence patients with advanced non-small cell lung cancer: a self-controlled study ,2020,Medical Gas Research,10.4103/2045-9912.304221 ,"Following standard treatments, the traditional model for enhancing anti-tumor immunity involves performing immune reconstitution (e.g., adoptive immune cell therapies or immunoenhancing drugs) to prevent recurrence. For patients with advanced non-small cell lung cancer, we report here on two objectives, the immunosenescence for advanced non-small cell lung cancer and hydrogen gas inhalation for immune reconstitution. From July 1st to September 25th, 2019, 20 non-small cell lung cancer patients were enrolled to evaluate the immunosenescence of peripheral blood lymphocyte subsets, including T cell, natural killer/natural killer T cell and gamma delta T cell. Two weeks of hydrogen inhalation was performed during the waiting period for treatment-related examination. All patients inhaled a mixture of hydrogen (66.7%) and oxygen (33.3%) with a gas flow rate of 3 L/min for 4 hours each day. None of the patients received any standard treatment during the hydrogen inhalation period. After pretreatment testing, major indexes of immunosenescence were observed. The abnormally higher indexes included exhausted cytotoxic T cells, senescent cytotoxic T cells, and killer V_1 cells. After 2 weeks of hydrogen therapy, the number of exhausted and senescent cytotoxic T cells decreased to within the normal range, and there was an increase in killer V_1 cells. The abnormally lower indexes included functional helper and cytotoxic T cells, Th1, total natural killer T cells, natural killer, and V_2 cells. After 2 weeks of hydrogen therapy, all six cell subsets increased to within the normal range. The current data indicate that the immunosenescence of advanced non-small cell lung cancer involves nearly all lymphocyte subsets, and 2 weeks of hydrogen treatment can significantly improve most of these indexes. The study was approved by the Ethics Committee of Fuda Cancer Hospital, Jinan University in China (approval No. Fuda20181207) on December 7th, 2018, and was registered on ClinicalTrials.gov (ID: NCT03818347) on January 24th, 2019.",Positive,Human,Lung,Cancer,Immune Dysfunction,Gas,N/A,Inhalation,,,China,,,,,,,,,,,,,,,,,,,,,,,,
58,"Delgado-Enciso, Ivan","Paz-Garzia, Juan; Barajas-Saucedo, Carlos E.; Mokay-Ramirez, Karen A.; Meza-Robles, Carmen; Lopez-Flores, Rodrigo; Delgado-Machuca, Marina; Murillo-Zamora, Efren; Toscano-Velazquez, Jose A.; Delgado-Enciso, Josuel; Melnikov, Valery; Walle-Guillen, Mireya; Galvan-Salazar, Hector R.; Dalgado-Enciso, Osiris G.; Cabrera-Licona, Ariana; Guzman-Esquivel, Jose; Montes-Galindo, Daniel A.; Hernandez-Rangel, Alejandra E.; Montes-Diaz, Patricia; Rodriguez-Sanchez, Iram P.; Martinez-Fierro, Margarita L.; Garza-Veloz, Idalia; Tiburcio-Jimenez, Daniel; Zaizar-Fregoso, Sergio A.; Ramirez-Flores, Mario; Gaytan-Sandoval, Gustavo; Martinez-Perez, Carlos R.; Espinoza-Gomez, Francisco; Rojas-Larios, Fabian; Hirsch-Meillon, Michael J.; Barrios-Navarro, Enrique; Oviedo-Rodriguez, Vladimir; Baltazar Rodriguez, Luz M.","Paz-Michel, Brenda A.","Patient-Reported Health Outcomes After Treatment of COVID-19 with Nebulized and/or Intravenous Neutral Electrolyzed Saline Combined with Usual Medical Care Versus Usual Medical care alone: A Randomized, Open-Label, Controlled Trial",2020,Research Square,10.21203/rs.3.rs-68403/v1,"Background: Coronavirus disease (COVID-19) is currently the main public health problem worldwide. The administration of neutral electrolyzed saline, a solution that contains reactive species of chlorine and oxygen (ROS), may be an effective therapeutic alternative due to its immunomodulating characteristics, in systemic inflammation control, as well as in immune response improvement, promoting control of the viral infection. The present study evaluated the efficacy of treatment with intravenous and/or nebulized neutral electrolyzed saline combined with usual medical care versus usual medical care alone, in ambulatory patients with COVID-19. Methods: A prospective, 2-arm, parallel group, randomized, open-label, phase I-II clinical trial included 39 patients in the control group (usual medical care alone) and 45 patients in the experimental group (usual medical care + intravenous and/or nebulized electrolyzed saline, with dose escalation). Two aspects were evaluated during the twenty-day follow-up: i) the number of patients with disease progression (hospitalization or death); and ii) the Patient Acceptable Symptom State (PASS), a single-question outcome that determines patient well-being thresholds for pain and function. Biochemical and hematologic parameters, as well as adverse effects, were evaluated in the experimental group. Results: The experimental treatment decreased the risk for hospitalization by 92% (adjusted RR=0.08, 95% CI: 0.01-0.50, P=0.007), with a 43-fold increase in the probability of achieving an acceptable symptom state on day 5 (adjusted RR= 42.96, 95% CI: 9.22-200.0, P<0.001). Intravenous + nebulized administration was better than nebulized administration alone, but nebulized administration was better than usual medical care alone. Clinical improvement correlated with a decrease in C-reactive protein, and aberrant monocytes and an increase of lymphocytes, and platelets. Cortisol and testosterone levels were also evaluated, observing a decrease in cortisol levels and an increment of testosterone-cortisol ratio, on days 2 and 4. Conclusions: The experimental treatment produced no serious adverse effects. In conclusion, intravenous and/or nebulized neutral electrolyzed saline importantly reduced the symptomatology and risk of progression (hospitalization and death), in ambulatory patients with COVID-19. Trial registration: Cuban Public Registry of Clinical Trials (RPCEC) Database RPCEC00000309. Registered: 05. May 2020. https://rpcec.sld.cu/en/trials/RPCEC00000309-En ",Positive,Human,Lung,SARS/COVID,Dyspnea,Saline (Electrolysis),Neutral,Injection,,,Mexico,,,,,,,,,,,,,,,,,,,,,,,,
62,"Guan, Wei-Jie","Wei, Chun-Hua; Chen, Ai-Lan; Sun, Xiao-Cong; Guo, Gaung-Yun; Zou, Xu; Shi, Jin-Dong; Lai, Pei-Zhen; Zheng, Ze-Guang","Zhong, Nan-Shan","Hydrogen/oxygen mixed gas inhalation improves disease severity and dyspnea in patients with Coronavirus disease 2019 in a recent multicenter, open-label clinical trial ",2020,Journal of Thoracic Disease,10.21037/jtd-2020-057 ,No abstract available,Positive,Human,Lung,SARS/COVID,Dyspnea,Gas,N/A,Inhalation,,Oxygen,China,,,,,,,,,,,,,,,,,,,,,,,,
72,"Javorac, Dejan","Stajer, Valdemar; Ratgeber, Laszlo; Olah, Andras; Betlehem, Jozsef; Acs, Pongras; Vukomanovic, Boris","Ostojic, Sergej M.",Hydrotherapy with hydrogen-rich water compared with RICE protocol following acute ankle sprain in professional athletes: a randomized non-inferiority pilot trial ,2020,Research in Sports Medicine,10.1080/15438627.2020.1868468 ,"We analysed the effects of an experimental novel protocol of intensive hydrotherapy with hydrogen-rich water (HRW) on injury recovery in athletic men who suffered an acute ankle sprain (AAS) and compared it with a RICE protocol (rest, ice, compression, elevation). Professional athletes (age 23.7 ± 4.0 years; weight 78.6 ± 5.7 kg, height 182.5 ± 4.3 cm; professional experience 5.9 ± 3.9 years) who incurred AAS during a sport-related activity were randomly assigned immediately after the injury to either hydrogen group (n = 9) or a conventional RICE treatment group (n = 9). Hydrogen group received six 30-min ankle baths with HRW throughout the first 24 h post-injury, with hydrotherapy administered every 4 hours during the intervention period. RICE group stood off the injured leg, with ice packs administered for 20 min every 3 hours, with the injured ankle compressed with an elastic bandage for 24 hours and elevated at all possible times above the level of the heart. HRW was equivalent to RICE protocol to reduce ankle swelling (2.1 ± 0.9% vs. 1.6 ± 0.8%; P = 0.26), range of motion (2.4 ± 1.3 cm vs. 2.7 ± 0.8 cm; P = 0.60), and single-leg balance with eyes opened (18.4 ± 8.2 sec vs. 10.7 ± 8.0 sec; P = 0.06) and closed (5.6 ± 8.4 sec vs. 3.9 ± 4.2 sec; P = 0.59). This non-inferiority pilot trial supports the use of HRW as an effective choice in AAS management. However, more studies are needed to corroborate these findings in other soft tissue injuries. ",Positive,Human,Bone,Excercise,Sprain,Water (Mg-Chemico),Alkaline,Bath,,,Serbia,,,,,,,,,,,,,,,,,,,,,,,,
73,"Javorac, Dejan","Stajer, Valdemar","Ostojic, Sergej M.",Case Report: Acute hydrotherapy with super-saturated hydrogen-rich water for ankle sprain in a professional athlete ,2020,F1000 Research,10.12688/f1000research.22850.1 ,"Background: The traditional treatment of soft tissue injuries consists of the RICE protocol - rest, ice, compression, and elevation, followed for up to 72 hours after a trauma. Although designed as an immediate therapy to reduce inflammation that occurs after an acute injury, the RICE protcol might not be the best way to promote healing due to limiting blood flow. Molecular hydrogen (H 2) has recently been put forward as a possible adjuvant treatment in musculoskeletal medicine, yet limited data are available concerning its effectiveness as a first-aid intervention. Case report: We report here a case of an elite professional athlete who suffered a grade II ankle sprain, and who subsequently received six sessions of ankle and foot hydrotherapy (e.g. 30-min at every four hours) with super-saturated hydrogen-rich water during the first 24 hours post-injury. The pain VAS self-completed by the patient dropped from 50 points (moderate pain) at baseline (immediately after injury) to 20 points (mild pain) at 24-h follow-up. Ankle swelling dropped by 2.8% and dorsiflexion range of movement improved by 27.9% from baseline to follow-up, respectively. Conclusions: Our case has indicated that an acute multi-session hydrotherapy with hydrogen-rich water might be a helpful treatment in terms of pain, swelling reduction and regaining range of motion after an ankle sprain. ",Positive,Human,Bone,Excercise,Sprain,Water (Mg-Chemico),Alkaline,Bath,,,Serbia,,,,,,,,,,,,,,,,,,,,,,,,
80,"Jin, Ling","Fan, Kai; Zhang, Xi; Zhao, Yihua; Ge, Qin; Wang, Yang","Yu, Shaoqing",Changes of nasal nitric oxide in the treatment of allergic rhinitis with hydrogen-rich saline lavage of nasal cavity,2020,"Journal of Clinical Otorhinolaryngology, Head, and Neck Surgery",10.13201/j.issn.2096-7993.2020.03.014 ,"Objective:To observe the effect of hydrogen-rich saline on the concentration of nitric oxide in the nose, and to explore the mechanism of its treatment of allergic rhinitis. Method:Twenty patients with moderate to severe persistent allergic rhinitis were enrolled in a randomized, double-blind, self-controlled study. The nasal cavity was lavaged with hydrogen-rich normal saline and normal saline, and the nasal nitric oxide_nNO_ value was tested weekly. Result:The test value of nNO was correlated with the diagnosis and curative effect of allergic rhinitis. The difference of nNO test values before and after treatment of the two lavage fluids was statistically significant_P<0.01_. Conclusion:Hydrogen-rich saline lavage can cause nNO change in nasal cavity which may be used in the treatment of allergic rhinitis. ",Positive,Human,Nose,Rhinitis,Inflammation,Saline (Dissolved),Neutral,Irrigation,,,China,,,,,,,,,,,,,,,,,,,,,,,,
93,"Chen, Ji-Bing","Kong, Xiao-Feng; Mu, Feng; Lu, Tian-Yu; Lu, You-Yong","Xu, Ke-Cheng",Hydrogen therapy can be used to control tumor progression and alleviate the adverse events of medications in patients with advanced non-small cell lung cancer,2020,Medical Gas Research,10.4103/2045-9912.285560,"Chemotherapy, targeted therapy, and immunotherapy are used against advanced non-small cell lung cancer. A clinically efficacious method for relieving the adverse events associated of such therapies is lacking. Fifty-eight adult patients were enrolled in our trial to relieve pulmonary symptoms or the adverse events of drugs. Twenty patients who refused drug treatment were assigned equally and randomly to a hydrogen (H2)-only group and a control group. According to the results of tumor-gene mutations and drug-sensitivity tests, 10, 18, and 10 patients were enrolled into chemotherapy, targeted therapy, and immunotherapy groups in which these therapies were combined with H2-therapy, respectively. Patients underwent H2 inhalation for 4–5 hours per day for 5 months or stopped when cancer recurrence. Before study initiation, the demographics (except for tumor-mutation genes) and pulmonary symptoms (except for moderate cough) of the five groups showed no significant difference. During the first 5 months of treatment, the prevalence of symptoms of the control group increased gradually, whereas that of the four treatment groups decreased gradually. After 16 months of follow-up, progression-free survival of the control group was lower than that of the H2-only group, and significantly lower than that of H2 + chemotherapy, H2 + targeted therapy, and H2 + immunotherapy groups. In the combined-therapy groups, most drug-associated adverse events decreased gradually or even disappeared. H2 inhalation was first discovered in the clinic that can be used to control tumor progression and alleviate the adverse events of medications for patients with advanced non-small cell lung cancer. This study was approved by the Ethics Committee of Fuda Cancer Hospital of Jinan University on December 7, 2018 (approval No. Fuda20181207), and was registered at ClinicalTrials.gov (Identifier: NCT03818347) on January 28, 2019.",Positive,Human,Lung,Cancer,Oncogenesis,Gas,N/A,Inhalation,,,China,,,,,,,,,,,,,,,,,,,,,,,,
112,"Ooi, Cheong Hwa","Ng, Siew Kit","Omar, Eshaifol Azam",Acute ingestion of hydrogen-rich water does not improve incremental treadmill running performance in endurance-trained athletes ,2020,"Applied Physiology, Nutrition, and Metabolsim",10.1139/apnm-2019-0553,"There is emerging evidence that hydrogen-rich water (H2-water) has beneficial effects on the physiological responses to exercise. However, few studies investigate its ergogenic potential. This randomized controlled trial examined the effects of H2-water ingestion on physiological responses and exercise performance during incremental treadmill running. In a double-blind crossover design, 14 endurance-trained male runners (age, 34 ± 4 years; body mass, 63.1 ± 7.2 kg; height, 1.72 ± 0.05 m) were randomly assigned to ingest 2 doses of 290-mL H2-water or placebo on each occasion. The first bolus was given before six 4-min submaximal running bouts, and the second bolus was consumed before the maximal incremental running test. Expired gas, heart rate (HR), and ratings of perceived exertion (RPE) were recorded; blood samples were collected at the end of each submaximal stage and post maximal running test. Cardiorespiratory responses, RPE, and blood gas indices were not significantly different at each submaximal running intensity (range: 34%-91% maximal oxygen uptake) between H2-water and placebo trials. No statistical difference was observed in running time to exhaustion (618 ± 126 vs. 619 ± 113 s), maximal oxygen uptake (56.9 ± 4.4 vs. 57.1 ± 4.7 mL·kg-1·min-1), maximal HR (184 ± 7 vs. 184 ± 7 beat·min-1), and RPE (19 ± 1 vs. 19 ± 1) in the runners between the trials. The results suggest that the ingestion of 290 mL of H2-water before submaximal treadmill running and an additional dose before the subsequent incremental running to exhaustion were not sufficiently ergogenic in endurance-trained athletes. Novelty Acute ingestion of H2-water does not seem to be ergogenic for endurance performance. A small dose of H2-water does not modulate buffering capacity during intense endurance exercise in athletes. ",Neutral,Human,Whole Body,Excercise,Performance Enhancement,Water (Electrolysis),Alkaline,Ingestion,,,Malaysia,,,,,,,,,,,,,,,,,,,,,,,,
114,"Qian, Liren","Liu, Miao; Shen, Jianliang; Cen, Jian","Zhao, Defeng","Hydrogen in Patients With Corticosteroid-Refractory/Dependent Chronic Graft-Versus-Host-Disease: A Single-Arm, Multicenter, Open-Label, Phase 2 Trial ",2020,Frontiers in Immunology,10.3389/fimmu.2020.598359 ,"Chronic graft-versus-host-disease (cGVHD) is the leading cause of late non-relapse mortality after allogeneic hematopoietic stem cell transplantation(HSCT). There is no standard therapy for patients refractory or dependent to corticosteroid treatment. We hypothesized that hydrogen may exert therapeutic effects on cGVHD patients with few side effects. A prospective open-label phase 2 study of hydrogen was conducted. Patients received hydrogen-rich water 4ml/kg orally three times a day. Responses were graded in the skin, mouth, Gastrointestinal(GI), liver, eyes, lungs and joints and fascia every 3 months. A total of 24 patients (median age 27) were enrolled. Of the 24 patients, 18 (75%; 95% CI, 55.1% to 88%) had an objective response. No significant toxicity was observed. The estimated 4-year overall survival rate was 74.7%(95% CI, 54.9%-94.5%). The survival time was significantly prolonged in the response group. The survival rate at 4 years in the response group is significantly higher than the nonresponse group (86.6% vs 0%; p= 0.000132). Hydrogen showed great efficacy on cGVHD patients and long-term administration of hydrogen was not associated with significant toxic effects. The trial was registered at www.ClinicalTrials.Gov, NCT02918188. ",Positive,Human,Bone Marrow,Surgery/Transplantation,Graft-Versus-Hose-Disease,"Water, Commercial (Beijing Huoliqingyuan)",Neutral,Ingestion,,,China,,,,,,,,,,,,,,,,,,,,,,,,
128,"Tamura, Tomoyoshi","Suzuki, Masaru; Hayashida, Kei; Kobayashi, Yosuke; Yoshizawa, Joe; Shibusawa, Takayuki; Sano, Motoaki; Hori, Shingo","Sasaki, Junichi",Hydrogen gas inhalation alleviates oxidative stress in patients with post-cardiac arrest syndrome,2020,Journal of Clinical Biochemistry and Nutrition,10.3164/jcbn.19-101,"Oxidative stress plays a key role in the pathophysiology of post-cardiac arrest syndrome. Molecular hydrogen reduces oxidative stress and exerts anti-inflammatory effects in an animal model of cardiac arrest. However, its effect on human post-cardiac arrest syndrome is unclear. We consecutively enrolled five comatose post-cardiac arrest patients (three males; mean age, 65 ± 15 years; four cardiogenic, one septic cardiac arrest) and evaluated temporal changes in oxidative stress markers and cytokines with inhaled hydrogen. All patients were treated with target temperature management. Hydrogen gas inhalation (2% hydrogen with titrated oxygen) was initiated upon admission for 18 h. Blood hydrogen concentrations, plasma and urine oxidative stress markers (derivatives of reactive oxygen metabolites, biological antioxidant potential, 8-hydroxy-2'-deoxyguanosine, N_-hexanoyl-lysine, lipid hydroperoxide), and cytokines (interleukin-6 and tumor necrosis factor-_) were measured before and 3, 9, 18, and 24 h after hydrogen gas inhalation. Arterial hydrogen concentration was measurable and it was equilibrated with inhaled hydrogen. Oxidative stress was reduced and cytokine levels were unchanged in cardiogenic patients, whereas oxidative stress was unchanged and cytokine levels were diminished in the septic patient. The effect of inhaled hydrogen on oxidative stress and cytokines in comatose post-cardiac arrest patients remains indefinite because of methodological weaknesses.",Positive,Human,Heart,Cardiac Arrest,Oxidative Stress,Gas,N/A,Inhalation,,,Japan,,,,,,,,,,,,,,,,,,,,,,,,
136,"Wang, Shao-Ting","Bao, Cheng; He, Yudi; Tian, Xinlun; Yang, Yanli; Zhang, Tengyue","Xu, Kai-Feng",Hydrogen gas (XEN) inhalation ameliorates airway inflammation in asthma and COPD patients,2020,QJM,10.1093/qjmed/hcaa164,"Background: Hydrogen was proven to have anti-oxidative and anti-inflammation effects to various diseases. Aim: We wish to investigate the acute effects of inhaled hydrogen on airway inflammation in patients with asthma and chronic obstructive pulmonary disease (COPD). Design: Prospective study. Methods: 2.4% hydrogen containing steam mixed gas (XEN) was inhaled once for 45 minutes in 10 patients with asthma and 10 patients with COPD. The levels of granulocyte-macrophage colony stimulating factor (GM-CSF), interferon-_ (IFN_), interleukin-1_ (IL-1_), interleukin-2 (IL-2), interleukin-4 (IL-4), interleukin-6 (IL-6), et al. in peripheral blood and exhaled breath condensate (EBC) before and after 'XEN' inhalation were measured. Results: 45 minutes 'XEN' inhalation once decreased monocyte chemotactic protein 1 (MCP1) level in both COPD (564.70 to 451.51pg/mL, P = 0.019) and asthma (386.39 to 332.76 pg/mL, P = 0.033) group, while decreased IL-8 level only in asthma group (5.25 to 4.49pg/mL, P = 0.023). The level of EBC soluble cluster of differentiation-40 ligand (sCD40L) in COPD group increased after inhalation (1.07 to 1.16pg/mL, P = 0.031), while IL-4 and IL-6 levels in EBC were significantly lower after inhalation in the COPD (0.80 to 0.64pg/mL, P = 0.025) and asthma (0.06 to 0.05pg/mL, P = 0.007) group respectively. Conclusions: A single inhalation of hydrogen for 45 minitues attenuated inflammatory status in airways in patients with asthma and COPD.",Positive,Human,Lung,Chronic Obstructive Pulmonary Disease (COPD),Inflammation,Gas,N/A,Inhalation,,,China,,,,,,,,,,,,,,,,,,,,,,,,
157,"Akagi, Junji",,"Baba, Hideo",Hydrogen gas restores exhausted CD8+ T cells in patients with advanced colorectal cancer to improve prognosis ,2019,Oncology Reports,10.3892/or.2018.6841,"Exhausted cluster of differentiation (CD)8+ T cells lose immunological activity due to mitochondrial dysfunction caused by peroxisome proliferator_activated receptor _ coactivator 1_ (PGC_1_) inactivation, resulting in a poor prognosis in patients with cancer. As hydrogen gas was recently reported to activate PGC_1_, the present study investigated whether it restores exhausted CD8+ T cells to improve prognosis in patients with stage IV colorectal cancer. A total of 55 patients with histologically and clinically diagnosed stage IV colorectal carcinoma were enrolled between July 2014 and July 2017. The patients inhaled hydrogen gas for 3 h/day at their own homes and received chemotherapy at the Tamana Regional Health Medical Center (Tamana, Kumamoto, Japan). The CD8+ T cells were isolated from the peripheral blood and their phenotype was analyzed by flow cytometry. It was found that exhausted terminal programmed cell death 1 (PD_1)+ CD8+ T cells in the peripheral blood are independently associated with worse progression_free survival (PFS) and overall survival (OS). Notably, hydrogen gas decreased the abundance of exhausted terminal PD_1+ CD8+ T cells, increased that of active terminal PD_1_ CD8+ T cells, and improved PFS and OS times, suggesting that the balance between terminal PD1+ and PD1_ CD8+ T cells is critical for cancer prognosis. Therefore, a novel system for patient classification (category 1_4) was developed in the present study based on these two indices to assist in predicting the prognosis and therapeutic response. Collectively, the present results suggested that hydrogen gas reverses imbalances toward PD_1+ CD8+ T cells to provide an improved prognosis.",Positive,Human,Intestine,Cancer,Immune Dysfunction,Gas,N/A,Inhalation,,,Japan,,,,,,,,,,,,,,,,,,,,,,,,
159,"Bajgai, Johny","Eunsook, Jeong; Kim, Cheol Su; Fadriquela, Ailyn; Kim, Dong-Heui","Lee, Kyu-Jae",Effect of Hydrogen Water Drinking on Dementia Patient through Mechanism of Oxidative Stress and Immune Redox Balance,2019,Korean Journal of Waters,https://www.earticle.net/Article/A354825,"Hydrogen water (HW) which is produced by electrolysis of water has characteristics of extremely low oxidation-reduction potential (ORP) value and high dissolved hydrogen (DH). It has been proved to have various beneficial effects including antioxidant and anti-inflammatory effects; however, HW effect on dementia that is associated with cognitive impairment and memory loss, is poorly documented. In the present study, we investigated the drinking effects of hydrogen water on dementia patient for prevention through oxidative stress and immuno redox mechanism. Dementia patients were administered with HW and purified water (PW) for 6 months. Further, we evaluated hydrogen water effect on the cognitive impairment by checking the serum concentration of Alzheimer's disease (AD) biomarkers [Amyloid _ (A_) 40, A_ 42 and tau], inflammatory cytokines such as IL-1_, IL-6, IL-13, TNF-_, IL-10 and IL-4, Th1/Th2 cytokines such as IL-2, IFN-_, IL-12p70 and IL-5, reactive oxygen species (ROS), and nitric oxide (NO) levels. We found that HW treatment significantly decreased the serum level of A_ 40 after 6 mon of treatment. In parallel, inflammatory cytokines were significantly inhibited in experimental group compared to control group. In line, Th1/Th2 cytokines were significantly decreased in HW than PW group. Furthermore, oxidative stress markers such as ROS and nitric oxide level were decreased in HW treated group than PW control group. Overall our clinical results strongly recommended that drinking hydrogen water might be a promising preventative approach for age-related neurodegenerative disease like dementia and have an enormous impact on future healthcare for the elderly patients. This might be the first note on the clinical application of drinking HW on the serum of dementia patients.",Positive,Human,Brain,Dementia,Cognitive Impairment,Water (Electrolysis),Neutral,Ingestion,,,South Korea,,,,,,,,,,,,,,,,,,,,,,,,
168,"Chen, Ji-Bing","Mu, Feng; Lu, Tianyu; Du, Duanming","Xu, Ke-Cheng",Brain Metastases Completely Disappear in Non-Small Cell Lung Cancer Using Hydrogen Gas Inhalation: A Case Report,2019,OncoTargets and Therapy,10.2147/OTT.S235195,"Lung cancer is the most common type of tumor, prone to contralateral lung, bone and brain metastasis. We report a 44-year-old woman diagnosed with lung cancer with multiple metastases in November 2015. Oral targeted drugs were initiated after the removal of brain metastases, and most lesions remained stable for 28 months. In March 2018, intracranial multiple metastases, as well as hydrocephalus accumulation in the third ventricle and lateral ventricles, and metastases in bone, adrenal gland, liver were noted. Hydrogen-gas monotherapy was started to control the tumor a month later. After 4 months, the size of multiple brain tumors was reduced significantly, and the amount of hydrocephalus in the third ventricle and lateral ventricles reduced significantly. After 1 year, all brain tumors had disappeared, and there were no significant changes in metastases in the liver and lung. These data show that, after standard treatments had failed, hydrogen-gas monotherapy elicited significant effective control of tumors (especially those in the brain), and survival time was lengthened. Keywords: hydrogen gas, lung cancer, brain metastasis, extrapulmonary metastasis",Positive,Human,Brain,Cancer,Oncogenesis,Gas,N/A,Inhalation,,,China,,,,,,,,,,,,,,,,,,,,,,,,
169,"Chen, Ji-Bing","Mu, Feng; Lu, Tianyu; Ma, Yangyang; Du, Duanming","Xu, Ke-Cheng",A Gallbladder Carcinoma Patient With Pseudo-Progressive Remission After Hydrogen Inhalation,2019,OncoTargets and Therapy,10.2147/OTT.S227217,"Background: Hydrogen therapy has been reported to convert exhausted programmed cell death receptor (PD-1)+CD8+ T cells to PD-1-CD8+ T cells, in advanced colorectal cancer patients, which is associated with significantly prolonged survival. Case presentation: A 72-year-old female patient presented with metastatic gallbladder cancer and underwent symptomatic treatment combined with hydrogen therapy. The tumors were initially enlarged and displayed increased tumor marker expression following hydrogen inhalation therapy, after which they continued to remit, similar to the pseudo-progression that occurs after anti-PD-1 treatment. During one month of hydrogen therapy, the patient's gallbladder and liver tumors continued to progress, and intestinal obstruction occurred. The intestinal obstruction was gradually relieved after symptomatic treatment, and the metastases in the abdominal cavity gradually decreased in size, anemia and hypoalbuminemia were corrected, and both the lymphocyte and tumor marker levels returned to normal. The patient was able to resume normal life two and a half months after hydrogen inhalation and survived over 10 months. Conclusion: This is the first report of pseudo-progression followed by sustained remission after hydrogen inhalation. This phenomenon is similar to the pseudo-progression-remission pattern that occurs following PD-1 antibody treatment. These findings suggest that hydrogen may have an inhibitory effect on PD-1 expression.",Positive,Human,Gallbladder,Cancer,Oncogenesis,Gas,N/A,Inhalation,,,China,,,,,,,,,,,,,,,,,,,,,,,,
170,"Chen, Ji-Bing","Pan, Zhong-Bao; Du, Duan-Ming; Qian, Wei; Ma, Yang-Yang; Mu, Feng","Xu, Ke-Cheng",Hydrogen gas therapy induced shrinkage of metastatic gallbladder cancer: A case report,2019,World Journal of Clinical Cases,10.12998/wjcc.v7.i15.2065 ,"Background: We present the case of a 72-year-old female patient with gallbladder cancer (GBC) who developed in situ recurrence and liver metastases 9 mo after irreversible electroporation ablation and oral tegafur (a fluoropyrimidine derivative) chemotherapy, which failed to control the progression of the disease. The patient further developed metastases in the lymph nodes around the head of the pancreas. The patient had severe anemia, requiring weekly blood transfusions. The gallbladder tumor invaded the descending part of the duodenum, causing intestinal leakage and hepatic colonic adhesion. Case summary: The patient refused other treatments and began daily hydrogen inhalation therapy. After 1 mo of treatment, the gallbladder and liver tumors continued to progress, and intestinal obstruction occurred. After continuous hydrogen therapy and symptomatic treatments including gastrointestinal decompression and intravenous nutrition support, the intestinal obstruction was gradually relieved. Three months after hydrogen therapy, the metastases in the abdominal cavity gradually reduced in size, her anemia and hypoalbuminemia were corrected, lymphocyte and tumor marker levels returned to normal, and the patient was able to resume normal life. Conclusion: This is the first report of an efficacy and safety study about hydrogen therapy in patient with metastatic GBC and a critical general condition, who has remained stable for more than 4 months.
",Positive,Human,Gallbladder,Cancer,Oncogenesis,Gas,N/A,Inhalation,,,China,,,,,,,,,,,,,,,,,,,,,,,,
171,"Chen, Ji-Bing","Kong, Xiao-Feng; Lv, You-Yong; Qin, Shu-Qun; Sun, Xue-Jun; Mu, Feng; Lu, Tian-Yu","Xu, Ke-Cheng",Real world survey' of hydrogen-controlled cancer: A follow-up report of 82 advanced cancer patients,2019,Medical Gas Research,10.4103/2045-9912.266985,"Advanced cancer treatment is a huge challenge and new ideas and strategies are required. Hydrogen exerts antioxidant and anti-inflammatory effects that may be exploited to control cancer, the occurrence and progression of which is closely related to peroxidation and inflammation. We conducted a prospective follow-up study of 82 patients with stage III and IV cancer treated with hydrogen inhalation using the 'real world evidence' method. After 3-46 months of follow-up, 12 patients died in stage IV. After 4 weeks of hydrogen inhalation, patients reported significant improvements in fatigue, insomnia, anorexia and pain. Furthermore, 41.5% of patients had improved physical status, with the best effect achieved in lung cancer patients and the poorest in patients with pancreatic and gynecologic cancers. Of the 58 cases with one or more abnormal tumor markers elevated, the markers were decreased at 13-45 days (median 23 days) after hydrogen inhalation in 36.2%. The greatest marker decrease was in achieved lung cancer and the lowest in pancreatic and hepatic malignancies. Of the 80 cases with tumors visible in imaging, the total disease control rate was 57.5%, with complete and partial remission appearing at 21-80 days (median 55 days) after hydrogen inhalation. The disease control rate was significantly higher in stage III patients than in stage IV patients (83.0% and 47.7%, respectively), with the lowest disease control rate in pancreatic cancer patients. No hematological toxicity was observed although minor adverse reactions that resolved spontaneously were seen in individual cases. In patients with advanced cancer, inhaled hydrogen can improve patients' quality-of-life and control cancer progression. Hydrogen inhalation is a simple, low-cost treatment with few adverse reactions that warrants further investigation as a strategy for clinical rehabilitation of patients with advanced cancer. The study protocol received ethical approval from the Ethics Committee of Fuda Cancer Hospital of Jinan University on December 7, 2018 (approval number: Fuda20181207).",Positive,Human,Whole Body,Cancer,Oncogenesis,Gas,N/A,Inhalation,,,China,,,,,,,,,,,,,,,,,,,,,,,,
188,"Hirano, Shin-Ichi","Aoki, Yukimasa; Kurokawa, Ryosuke; Li, Xiao-Kang; Ichimaru, Naotsugu; Takahara, Shiro","Takefuji, Yoshiyasu",Hydrogen Gas Inhalation Alleviates Radiation-Induced Bone Marrow Damage in Cancer Patients,2019,SSRN Electronic Journal,10.2139/ssrn.3349228,"Abstract: Background: Radiotherapy for cancer patients is one of the useful methods; however, it not only impairs the targeted tumor tissues but also damage the normal surrounding tissues. Intensity modulated radiation therapy (IMRT) for cancer patients has been recently performed to alleviate the adverse effects, but reducing bone marrow damage is limited in the patients with multiple tumor lesions and large irradiation volume. Molecular hydrogen (H2) was recently reported as a preventive and therapeutic antioxidant that selectively scavenges hydroxy radical (*OH) and peroxynitrite (ONOO-). This observational study aims to examine whether H2 gas treatment improves IMRT radiation-induced bone marrow damage in cancer patients. Methods: The patients with end stage of cancer were received IMRT once per day for 1 to 4 weeks except Saturday and Sunday. After each IMRT, the patients of control group (n = 7) were housed in health care chamber (HCC, mild hyperbaric oxygen chamber) for 30 minutes, and the patients of H2 group (n = 16) were also housed in HCC and received 5% H2 gas for 30 minutes once per day. Radiation-induced bone marrow damage was evaluated by hematological examination of peripheral blood obtained before and after IMRT. Results: IMRT with HCC therapy significantly reduced white blood cells (WBC) and platelets (PLT) respectively, but not red blood cells (RBC), hemoglobin (HGB) and hematocrit (HT). In contrast, H2 gas treatment significantly alleviates reducing effects of WBC and PLT respectively. There was no difference in anti-tumor effects between the two groups. Interpretation: Our study demonstrated that H2 gas inhalation therapy significantly alleviates IMRT radiation-induced bone marrow damage without compromising anti-tumor effects. These results suggest that H2 gas treatment would be a strategy for reducing IMRT bone marrow damage in cancer patients.",Positive,Human,Bone Marrow,Cancer,Radioprotection,Gas,N/A,Inhalation,,,Japan,,,,,,,,,,,,,,,,,,,,,,,,
189,"Hirayama, Masaaki","Ito, Mikako; Minato, Tomomi; Yoritaka, Asako; LeBaron, Tyler W.","Ohno, Kinji",Inhalation of hydrogen gas elevates urinary 8-hydroxy-2'-deoxyguanine in Parkinson's disease,2019,Medical Gas Research,10.4103/2045-9912.248264 ,"Hyposmia is one of the earliest and the most common symptoms in Parkinson's disease (PD). The benefits of hydrogen water on motor deficits have been reported in animal PD models and PD patients, but the effects of hydrogen gas on PD patients have not been studied. We evaluated the effect of inhalation of hydrogen gas on olfactory function, non-motor symptoms, activities of daily living, and urinary 8-hydroxy-2'-deoxyguanine (8-OHdG) levels by a randomized, double-blinded, placebo-controlled, crossover trial with an 8-week washout period in 20 patients with PD. Patients inhaled either ~1.2-1.4% hydrogen-air mixture or placebo for 10 minutes twice a day for 4 weeks. Inhalation of low dose hydrogen did not significantly influence the PD clinical parameters, but it did increase urinary 8-OHdG levels by 16%. This increase in 8-OHdG is markedly less than the over 300% increase in diabetes, and is more comparable to the increase after a bout of strenuous exercise. Although increased reactive oxygen species is often associated with toxicity and disease, they also play essential roles in mediating cytoprotective cellular adaptations in a process known as hormesis. Increases of oxidative stress by hydrogen have been previously reported, along with its ability to activate the Nrf2, NF-_B pathways, and heat shock responses. Although we did not observe any beneficial effect of hydrogen in our short trial, we propose that the increased 8-OHdG and other reported stress responses from hydrogen may indicate that its beneficial effects are partly or largely mediated by hormetic mechanisms. The study was approved by the ethics review committee of Nagoya University Graduate School of Medicine (approval number 2015-0295). The clinical trial was registered at the University Hospital Medical Information Network (identifier UMIN000019082). ",Positive,Human,Brain,Parkinson's Disease,Neurodegeneration,Gas,N/A,Inhalation,,,Japan,,,,,,,,,,,,,,,,,,,,,,,,
195,"Igarashi, Tsutomu","Ohsawa, Ikuroh; Kobayashi, Maika; Umemoto, Yusuke; Arima, Takeshi; Suzuki, Hisaharu; Igarashi, Toru; Otsuka, Toshiaki","Takahashi, Hiroshi",Effects of Hydrogen in Prevention of Corneal Endothelial Damage During Phacoemulsification: A Prospective Randomized Clinical Trial,2019,American Journal of Ophthalmology,10.1016/j.ajo.2019.04.014,"Purpose: Hydrogen (H2) has been reported to scavenge free radicals, particularly the hydroxyl radical (·OH). Ultrasound oscillation in an aqueous solution produces ·OH. Our recent study demonstrated that H2 dissolved in an irrigation solution prevented corneal endothelial damage during phacoemulsification in an animal model. We examined the effects of H2 during clinical phacoemulsification. Design: A single-center, prospective, randomized, double-masked clinical trial. Methods: Thirty-two patients who had cataracts of similar nucleus hardness in both eyes (age: 75.4±7.68 years; 17 males, 15 females) were recruited. Phacoemulsification was performed using a solution of dissolved H2 in one eye, and a conventional solution in the contralateral eye. Endothelial cell density (ECD) at the center of the cornea was measured using noncontact specular microscopy preoperatively and at 1 day, 1 week, and 3 weeks postoperatively. Results: Reduction rates of ECD (mean ± standard deviation) were 16.0%±15.7% at 1 day, 15.4%±16.1% at 1 week, and 18.4%±14.9% at 3 weeks in the control group, compared to 6.5%±8.7% at 1 day (P = .003), 9.3%±11.0% at 1 week (P = .039), and 8.5%±10.5% at 3 weeks (P = .004) in the H2 groups. These rates were significantly smaller in the H2 group at all time points. Conclusions: H2 dissolved in irrigation solution reduced corneal endothelial damage during phacoemulsification. This suggests that a considerable part of the corneal endothelial damage during phacoemulsification is caused by oxidative stress, and that H2 is useful in clinical phacoemulsification.",Positive,Human,Eye,Surgery/Transplantation,Surgical Injury,Saline (Dissolved),Neutral,Irrigation,,,Japan,,,,,,,,,,,,,,,,,,,,,,,,
198,"Javorac, Dejan","Stajer, Valdemar","Ostojic, Sergej M.",Case Report: Buccal administration of hydrogen-producing blend after a mild traumatic brain injury in a professional athlete,2019,F1000 Research,10.12688/f1000research.19739.1 ,"Background: Sport-related mild traumatic brain injury (TBI) is a serious trauma that could impair brain function of an injured athlete. Treatment solutions for mild TBI typically concentrate on complete rest, while non-traditional therapeutic options remain largely ineffective. Molecular hydrogen (H 2 ) is an innovative neuroprotective agent that can easily reach the brain, yet no data are available concerning its value as a first-aid intervention after a mild TBI. Case report: This case report demonstrates the efficacy and safety of a hydrogen-producing dissolving tablet administered buccally during the first 24 hours post-injury in a professional soccer player who suffered a mild TBI. The patient received a formulated dosage of hydrogen every 2 hours, with the first intervention given immediately after an initial examination (~ 15 min after the injury). The overall score for Sport Concussion Assessment Tool 2 (SCAT2), a standardized method of evaluating injured athletes for concussion, increased from 68 points (severe disruption) at baseline to 84 points (mild disruption) at 24-h follow-up. The patient reported no side effects of hydrogen intervention. Conclusions: This case has demonstrated that intensive consecutive therapy with oral transmucosal hydrogen formulation is a beneficial strategy with regard to the reduction of presence and severity of symptoms of sport-related mild TBI. ",Positive,Human,Brain,Traumatic Brain Injury,Novel Therapy,Gas (Sustained Release),N/A,Ingestion,,,Serbia,,,,,,,,,,,,,,,,,,,,,,,,
227,"Permadani, Agista Delima","Mardiyono, Mardiyono","Santjaka, Aris","The combination of alkaline water provision and asthma-induced gymnastics towards peak expiratory flow rate of asthma patients at Surakarta Lung Clinic, Indonesia",2019,Global Health Management Journal,10.35898/ghmj-31266,"Background: Asthma is an abnormality in the form of chronic airway inflammation which can be reduced by providing asthma-induced gymnastics and healthy lifestyle such as consuming alkaline water.Aims: The objective of this study is to examine a combination of alkaline water provision and asthma-induced gymnastics towards peak expiratory flow rate of asthma patients at Surakarta Lung Clinic, IndonesiaMethods: This research was a quasi-experimental pre-test-post-test design with control group. The number of respondents in this study was 30 respondents, divided equally into intervention group and control group. The control group was given asthma-induced gymnastics twice a week for 14 days with duration of 60 minutes, while the intervention group was provided with a combination of alkaline water pH9+ for 14 days as much as 1,200 ml/day and asthma-induced gymnastics 4 times a week for 14 days with a duration of 60 minutes.Results: There was a significant difference in the value of peak expiratory flow for 14 days in the intervention group and the control group (p < 0.001). There was an improvement in the average of peak expiratory flow rate values for each measurement in both groups, however, this study orchestrates that the intervention group has a higher improvement than the control group. The combination of alkaline water and asthma-induced gymnastics effectively and significantly improves the peak expiratory flow rate values at the Day 8 (p = 0.039) and the Day 14 (p = 0.012).Conclusion: The combination of alkaline water and asthma-induced gymnastics can be applied in nursing care management in patients with intermittent and persistent asthma. Keywords: Alkaline Water, Asthma Gymnastics, Peak Expiratory Flow Rate, Asthma.",Positive,Human,Lung,Asthma,Oxidative Stress,Water (Electrolysis),Alkaline,Ingestion,,,Indonesia,,,,,,,,,,,,,,,,,,,,,,,,
248,"Yang, Fanping","Chen, Zihua; Chen, Sheng-An; Zhu, Qinyuan; Wang, Lanting; Zhang, Wenhong","Luo, Xiaoqun",Skin ulcers infected with conditional pathogenic strains treated with local hydrogen water packing in two pemphigus vulgaris patients: Case reports with follow-up for 2 months ,2019,Dermatologic Therapy,10.1111/dth.13027,"We are the first to report on a new, safe, and effective treatment of infections induced by conditional pathogenic strains with local wet packing with hydrogen water. The new treatment method may also shed light on the therapy of chronic, inflammatory skin ulcers. ",Positive,Human,Skin,Wound Healing,Pemphigus,Water (Electrolysis),Alkaline,Pack,,,China,,,,,,,,,,,,,,,,,,,,,,,,
263,"Akagi, Junji",,,Immunological Effect of Hydrogen Gas-Hydrogen Gas Improves Clinical Outcomes of Cancer Patients,2018,Cancer and Chemotherapy,30382050,"It has been reported that PD-1-expressing CD8+ T cells in the peripheral blood of cancer patients are associated with poor cancer prognosis. In addition, these cells are in a state of energy shortage caused by mitochondrial dysfunction with a low level of PGC-1a. Recently, hydrogen gas was reported to activate PGC-1a, leading to the enhancement of mitochondrial activity. In the present study, we investigated whether hydrogen gas influences the proportion of PD-1+ CD8+ T cells in the peripheral blood of 55 Stage IV colorectal carcinoma patients. We found that the proportion of terminal PD-1+ CD8+ T cells was an independent factor for poor prognosis. We also found that the proportion of terminal PD-1+ CD8+ T cells was reduced in 35 out of 55 patients(63.6%)and was increased in 39 out of 55 patients(70.9%)after treatment with hydrogen gas. The ratio of the terminal PD-1+ CD8+ T cells after hydrogen gas treatment to that before hydrogen gas treatment(terminal PD-1+ CD8+ T cell ratio)was found to be an independent factor predicting PFS and OS. Out of another 26 patients treated with nivolumab, 14 patients treated with a combined therapy of hydrogen gas and nivolumab showed a significantly longer OS than the remaining 12 patients who were treated with nivolumab alone. These results suggest that hydrogen gas improves the prognosis of cancer patients by reducing the proportion of terminal PD-1+ CD8+ T cells. ",Positive,Human,Whole Body,Cancer,Immune Dysfunction,Gas,N/A,Inhalation,,,Japan,,,,,,,,,,,,,,,,,,,,,,,,
282,"Franceschelli, Sara","Pia Gatta, Daniela Maria; Pesce, Mirko; Ferrone, Alessio; Di Martino, Giuseppe; Di Nicola, Marta; De Lutiis, Maria Anna; Vitacolonna, Ester; Patruno, Antonia; Grilli, Alfredo; Felaco, Mario","Speranza, Lorenza",Modulation of the oxidative plasmatic state in gastroesophageal reflux disease with the addition of rich water molecular hydrogen: A new biological vision ,2018,Journal of Cellular and Molecular Medicine,10.1111/jcmm.13569 ,"Gastroesophageal reflux disease (GERD), a clinical condition characterized by reflux of gastroduodenal contents in the oesophagus, has proved to demonstrate a strong link between oxidative stress and the development of GERD. Proton pump inhibitors (PPIs) have been universally accepted as first-line therapy for management of GERD. The potential benefits of electrolysed reduced water (ERW), rich in molecular hydrogen, in improving symptoms and systemic oxidative stress associated with GERD was assessed. The study was performed on 84 GERD patients undergoing control treatment (PPI + tap water) or experimental treatment (PPI + ERW) for 3 months. These patients were subjected to the GERD-Health Related Quality of Life Questionnaire as well as derivatives reactive oxigen metabolites (d-ROMs) test, biological antioxidant potential (BAP) test, superoxide anion, nitric oxide and malondialdehyde assays, which were all performed as a proxy for the oxidative/nitrosative stress and the antioxidant potential status. Spearman's correlation coefficient was used to evaluate the correlation between scores and laboratory parameters. Overall results demonstrated that an optimal oxidative balance can be restored and GERD symptoms can be reduced rapidly via the integration of ERW in GERD patients. The relative variation of heartburn and regurgitation score was significantly correlated with laboratory parameters. Thus, in the selected patients, combination treatment with PPI and ERW improves the cellular redox state leading to the improvement of the quality of life as demonstrated by the correlation analysis between laboratory parameters and GERD symptoms. ",Positive,Human,Stomach,Gastroesophageal Reflux Disease (GERD),Oxidative Stress,Water (Electrolysis),Alkaline,Ingestion,,,Italy,,,,,,,,,,,,,,,,,,,,,,,,
300,"Jin, J.","Yu, S.Q.; Zhang, X.; Ge, Q.; Zhang, X.L.; Wang, Y.","Qin, M.L.",Clinical study of hydrogen-rich saline in the treatment of moderate to severe allergic rhinitis,2018,"Journal of Clinical Otorhinolaryngology, Head, and Neck Surgery",10.13201/j.issn.1001-1781.2018.07.004 ,"Objective:To investigate the effectiveness and safety of nasal lavage with hydrogen-rich saline in the treatment of moderate to severe allergic rhinitis.Method:Twenty patients with moderate to severe persistent allergic rhinitis were treated with normal saline and hydrogen-rich saline lavage the nasal cavity. The study was randomized doubl-blind self-control study. The symptoms and signs score, treatment index and total effective rate were evaluated before and after treatment, and the nasal conjunctivitis related quality of life questionnaire (BQLQ) was used to evaluate the life quality of patients.Result:There were significant differences of the symptoms, signs scores, the treatment index, the total efficiency and BQLQ between the two kinds of lavage fluid used for patients before and after treatment(P<0.05). No significant adverse reactions occurred during follow-up.Conclusion:Hydrogen-enriched saline is safe and effective for allergic rhinitis. ",Positive,Human,Nose,Rhinitis,Inflammation,Saline (Dissolved),Neutral,Irrigation,,,China,,,,,,,,,,,,,,,,,,,,,,,,
301,"Kawamura, Takuji","Suzuki, Katsuhiko; Takahashi, Masaki; Tomari, Miki; Hara, Reira; Gando, Yuko","Muraoka, Isao",Involvement of Neutrophil Dynamics and Function in Exercise-Induced Muscle Damage and Delayed-Onset Muscle Soreness: Effect of Hydrogen Bath ,2018,Antioxidants,10.3390/antiox7100127 ,"The purpose of this study was to investigate the involvement of neutrophil dynamics and function in exercise-induced muscle damage (EIMD) and delayed-onset muscle soreness (DOMS), and the effect of molecular hydrogen (H_) intake on these parameters. Nine healthy and active young men performed H_ and placebo bath trial in a crossover design. They carried out downhill running (-8% slope) for 30 min at a speed corresponding to 75~85% of peak oxygen uptake (VO_peak). Subsequently, they repeated bathing for 20 min per day for one week. Degree of muscle soreness (visual analogue scale: VAS), peripheral leukocyte counts, neutrophil dynamics and function, muscle damage, and inflammation markers were measured. Plasma interleukin (IL)-6 concentration was significantly correlated with peripheral neutrophil count, VAS, and serum creatine kinase activity, respectively, after downhill running. Peripheral neutrophil count and serum myoglobin concentration were also significantly correlated. Conversely, there were no effects of H_ bath. These results suggest that IL-6 may be involved in the mobilization of neutrophils into the peripheral blood and subsequent EIMD and DOMS after downhill running; however, it is not likely that H_ bath is effective for the inflammatory process that was centered on neutrophils after downhill running. ",Neutral,Human,Muscle,Excercise,Soreness,Water (Mg-Chemico),Alkaline,Bath,,,Japan,,,,,,,,,,,,,,,,,,,,,,,,
302,"Korovljev, Darinka","Stajer, Valdemar; Javorac, Dejan","Ostojic, Sergej M.",Hydrogen inhalation positively affects cardiometabolic risk factors in men and women aged 65 years or older: a preliminary report,2018,European Geriatric Medicine,10.1007/s41999-018-0087-6,No abstract available,Positive,Human,Heart,Aging,Lipid Metabolism,Gas,N/A,Inhalation,,,Serbia,,,,,,,,,,,,,,,,,,,,,,,,
305,"Kurylas, Anna","Zajac, Tomasz; Jakub, Chycki; Maszczyk, Adam","Zajac, Adam",Anaerobic Performance and Acid-Base Balance in Basketball Players after the Consumption of Highly Alkaline Water,2018,International Journal of Food and Nutritional Science,10.15436/2377-0619.18.1754,"Many researchers have unequivocally demonstrated that water of higher pH has a positive effect on the human body. In terms of undertaken research, the adjustment of acid-base balance during anaerobic effort, a decrease in the concentration of free radicals as well as the improvement of connective tissue condition is of primary importance. The aim of this study was to evaluate an influence of high alkaline water consumption on anaerobic performance and acid-base balance in professional basketball players. There was evaluating changes in parameters of blood and urine in laboratory tests (pH, pCO2, pO2, HCO3 act, HCO3 std, BE (ecf), BE(B), O2 std, and ctCO2). The group of fourteen adults male underwent in two experimental trials, before and after six weeks hydration tested water. Statistical analysis of blood tests showed that after ingestion of alkaline water there was a significant increase of blood pH at rest and after anaerobic exercise. The same results were obtained in urine tests, respectively 1.30 in rest and 0.93 after physical examination. The results of the specific anaerobic endurance test revealed a significant difference in performance between the tests performed after hydrating with highly alkaline water in comparison to table water. The average improvement of results equaled 0.71s. (p = 0.03). In conclusion the athletes hydrated with alkaline water showed a positive impact on acid-base balance with a significant increase of blood and urine pH. The daily intake of 2.5 - 3.0 l of highly alkalized water delay in muscular acidosis during anaerobic exercise, as well as prevention of dehydration, and faster recovery.",Positive,Human,Whole Body,Excercise,Performance Enhancement,"Water, Commercial (Humniska)",Alkaline,Ingestion,,,Poland,,,,,,,,,,,,,,,,,,,,,,,,
320,"Nakayama, Masaaki","Itami, Noritomo; Suzuki, Hodaka; Hamada, Hiromi; Yamamoto, Ryo; Tsunoda, Kazumasa; Osaka, Naoyuki; Nakano, Hirofumi; Maruyama, Yukio; Kabayama, Shigeru; Nakazawa, Ryoichi; Miyazaki, Mariko","Ito, Sadayoshi",Novel haemodialysis (HD) treatment employing molecular hydrogen (H 2)-enriched dialysis solution improves prognosis of chronic dialysis patients: A prospective observational study ,2018,Nature Scientific Reports,10.1038/s41598-017-18537-x ,"Recent studies have revealed unique biological characteristics of molecular hydrogen (H2) as an anti-inflammatory agent. We developed a novel haemodialysis (E-HD) system delivering an H2 (30-80 ppb)-enriched dialysis solution by water electrolysis, and conducted a non-randomized, non-blinded, prospective observational study exploring its clinical impact. Prevalent chronic HD patients were allocated to either the E-HD (n = 161) group or the conventional HD (C-HD: n = 148) group, and received the respective HD treatments during the study. The primary endpoint was a composite of all-cause mortality and development of non-lethal cardio-cerebrovascular events (cardiac disease, apoplexy, and leg amputation due to peripheral artery disease). During the 3.28-year mean observation period, there were no differences in dialysis parameters between the two groups; however, post-dialysis hypertension was ameliorated with significant reductions in antihypertensive agents in the E-HD patients. There were 91 events (50 in the C-HD group and 41 in the E-HD group). Multivariate analysis of the Cox proportional hazards model revealed E-HD as an independent significant factor for the primary endpoint (hazard ratio 0.59; [95% confidence interval: 0.38-0.92]) after adjusting for confounding factors (age, cardiovascular disease history, serum albumin, and C-reactive protein). HD applying an H2-dissolved HD solution could improve the prognosis of chronic HD patients. ",Positive,Human,Kidney,Haemodialysis,Life Expectancy,Solution (Dissolved),Alkaline,Injection,,,Japan,,,,,,,,,,,,,,,,,,,,,,,,
321,"Nakayama, Masaaki","Watanabe, Kimio; Hayashi, Yoshimitsu; Terawaki, Hiroyuki; Zhu, Wan-Jun; Kabayama, Shigeru","Ito, Sadayoshi",Translational Research of Peritoneal Dialysis Solution with Dissolved Molecular Hydrogen ,2018,Contributions to Nephrology,10.1159/000485717 ,"Background: Improved biocompatibility of peritoneal dialysis solution (PDS) is crucial for peritoneal membrane preservation, thereby ensuring long-term peritoneal dialysis (PD) and preventing encapsulating peritoneal sclerosis. We previously reported the protective effect of molecular hydrogen (H2) on mesothelial cells from PDS in nonuremic rats. Summary: In the present study, we examined the effect of H2-containing PDS (commercially available neutral pH type) regarding the protection of peritoneal tissue in experimental chronic kidney disease rats. Furthermore, we conducted a 2-week clinical trial in which H2-containing PDS was used in place of standard PDS and its feasibility was examined. In the experimental study, test solutions were injected through the subcutaneous port into the abdomen for 3 weeks. Histological study revealed a significant increase in the number of mesothelial cells and a significant decrease in peritoneal thickness in the H2-PD group as compared to the control and PD groups. Also, results of immunostaining analysis revealed increased vimentin and apoptotic cells in the membrane of the PD group, indicating that H2 may play a role in ameliorating PDS-induced peritoneal injury and preserving peritoneal integrity. In the clinical trial with 6 prevalent PD patients, all subjects completed the study with no adverse effects. Moreover, there were substantial changes in surrogate markers, such as increased CA125 and mesothelin, in the effluent in selected cases, suggesting enhanced mesothelial regeneration by H2. Key Message: H2-enriched PDS is a candidate novel PDS with improved biocompatibility. Further, our results support the significance of H2-PD clinical trials in the future.
",Positive,Human,Peritonium,Peritoneal Dialysis,Biocompatibility,Solution (Dissolved),Alkaline,Injection,,,Japan,,,,,,,,,,,,,,,,,,,,,,,,
324,"Nishimaki, Kiyomi","Asada, Takashi; Ohsawa, Ikuroh; Nakajima, Etsuko; Ikejima, Chaiki; Yokota, Takashi; Kamimura, Naomi","Ohta, Shigeo",Effects of Molecular Hydrogen Assessed by an Animal Model and a Randomized Clinical Study on Mild Cognitive Impairment ,2018,Current Alzheimer Research,10.2174/1567205014666171106145017 ,"Background: Oxidative stress is one of the causative factors in the pathogenesis of neurodegenerative diseases including mild cognitive impairment (MCI) and dementia. We previously reported that molecular hydrogen (H2) acts as a therapeutic and preventive antioxidant. Objective: We assess the effects of drinking H2-water (water infused with H2) on oxidative stress model mice and subjects with MCI. Methods: Transgenic mice expressing a dominant-negative form of aldehyde dehydrogenase 2 were used as a dementia model. The mice with enhanced oxidative stress were allowed to drink H2-water. For a randomized double-blind placebo-controlled clinical study, 73 subjects with MCI drank ~300 mL of H2-water (H2-group) or placebo water (control group) per day, and the Alzheimer's Disease Assessment Scale-cognitive subscale (ADAS-cog) scores were determined after 1 year. Results: In mice, drinking H2-water decreased oxidative stress markers and suppressed the decline of memory impairment and neurodegeneration. Moreover, the mean lifespan in the H2-water group was longer than that of the control group. In MCI subjects, although there was no significant difference between the H2- and control groups in ADAS-cog score after 1 year, carriers of the apolipoprotein E4 (APOE4) genotype in the H2-group were improved significantly on total ADAS-cog score and word recall task score (one of the sub-scores in the ADAS-cog score). Conclusion: H2-water may have a potential for suppressing dementia in an oxidative stress model and in the APOE4 carriers with MCI.
",Positive,Human,Brain,Dementia,Cognitive Impairment,"Water, Commercial (Blue Mercury)",Neutral,Ingestion,,,Japan,,,,,,,,,,,,,,,,,,,,,,,,
335,"Shin, Dong Woo","Yoon, Hyuk; Kim, Hyun Soo; Choi, Yoon Jin; Shin, Cheol Min; Park, Young Soo; Kim, Nayoung","Lee, Dong Ho","Effects of Alkaline-Reduced Drinking Water on Irritable Bowel Syndrome with Diarrhea: A Randomized Double-Blind, Placebo-Controlled Pilot Study ",2018,Evidence-Based Complementary and Alternative Medicine,10.1155/2018/9147914 ,"Objectives: The purpose of this study was to investigate whether the ingestion of alkaline-reduced water (ARW) is helpful in improving the symptoms of diarrhea-predominant irritable bowel syndrome (IBS). Methods: Twenty-seven patients (male, 25.9%; mean, 41.7 years old) with diarrhea-predominant IBS were randomly allocated to two groups. For eight weeks, the ARW group (n = 13) ingested at least 2 liters/day of ARW, while the control group (n = 14) ingested placebo water. IBS symptom scores (quality-of-life, abdominal pain/discomfort), stool form, and frequency were assessed before and after treatment via questionnaires. Results: Eight patients (61.5%) in the ARW group and six patients (42.9%) in the control group indicated that their symptoms had improved in more than four out of the eight weeks of treatment (p = 0.449). The IBS quality-of-life score significantly improved from 57.2 to 30.8 in the ARW group; this improvement was significantly greater than the slight improvement from 48.7 to 42.2 observed in the control group (p = 0.029). The abdominal pain score improved from 1.8 to 0.9 in the ARW group and from 1.8 to 1.1 in the control group, with no significant group difference (p = 0.232). Conclusions: Drinking ARW for eight weeks improves the quality of life in patients with diarrhea-predominant IBS.
",Positive,Human,Intestine,Irritable Bowel Syndrome (IBS),Diarrhea,Water (Electrolysis),Alkaline,Ingestion,,,South Korea,,,,,,,,,,,,,,,,,,,,,,,,
338,"Suzuki, Anzu","Ito, Mikako; Hamaguchi, Tomonori; Mori, Miroshi; Takeda, Yuka; Baba, Ryuko; Watanabe, Takeshi; Kurokawa, Ken; Asakawa, Susuma; Hirayama, Masaaki","Ohno, Kinji",Quantification of hydrogen production by intestinal bacteria that are specifically dysregulated in Parkinson's disease ,2018,PLoS One,10.1371/journal.pone.0208313 ,"Oral administration of hydrogen water ameliorates Parkinson's disease (PD) in rats, mice, and humans. We previously reported that the number of putative hydrogen-producing bacteria in intestinal microbiota is low in PD compared to controls. We also reported that the amount of hydrogen produced by ingestion of lactulose is low in PD patients. The decreased hydrogen production by intestinal microbiota may be associated with the development and progression of PD. We measured the amount of hydrogen production using gas chromatography by seven bacterial strains, which represented seven major intestinal bacterial groups/genera/species. Blautia coccoides and Clostridium leptum produced the largest amount of hydrogen. Escherichia coli and Bacteroides fragilis constituted the second group that produced hydrogen 34- to 93-fold lower than B. coccoides. Bifidobacterium pseudocatenulatum and Atopobium parvulum constituted the third group that produced hydrogen 559- to 2164-fold lower than B. coccoides. Lactobacillus casei produced no detectable hydrogen. Assuming that taxonomically neighboring strains have similar hydrogen production, we simulated hydrogen production using intestinal microbiota that we previously reported, and found that PD patients produce a 2.2-fold lower amount of intestinal hydrogen compared to controls. The lower amount of intestinal hydrogen production in PD was also simulated in cohorts of two other countries. The number of hydrogen-producing intestinal bacteria may be associated with the development and progression of PD. Further studies are required to prove its beneficial effect. ",Positive,Human,Intestine,Parkinson's Disease,Gut Microbiome,Gas,N/A,In Vivo Biotic Production,,,Japan,,,,,,,,,,,,,,,,,,,,,,,,
354,"Yoritaka, Asako","Ohtsuka, Chigumi; Maeda, Tetsuya; Hirayama, Masaaki; Abe, Takashi; Watanabe, Hirohisa; Saiki, Hidemoto; Oyama, Genko; Fukae, Jiro; Shimo, Yasushi; Hatano, Taku; Kawajiri, Sumihiro; Okuma, Yasuyuki; Machida, Yutaka; Miwa, Hideto; Suzuki, Chikako; Kazama, Asuka; Tomiyama, Masahiko; Kihara, Takeshi; Hirasawa, Motoyuki; Shumira, Hideki; Oda, Eisei; Ito, Mikako; Ohno, Kinji","Hattori, Nobutaka","Randomized, double-blind, multicenter trial of hydrogen water for Parkinson's disease: New Observations",2018,Movement Disorders,10.1002/mds.27472 ,"Background: Our previous randomized double-blind study showed that drinking hydrogen (H2) water for 48 weeks significantly improved the total Unified Parkinson’s Disease Rating Scale (UPDRS) score of Parkinson’s disease (PD) patients treated with levodopa. We aim to confirm this result using a randomized double-blind placebo-controlled multi-center trial. Methods: Changes in the total UPDRS scores from baseline to the 8th, 24th, 48th, and 72nd weeks, and after the 8th week, will be evaluated. The primary endpoint of the efficacy of this treatment in PD is the change in the total UPDRS score from baseline to the 72nd week. The changes in UPDRS part II, UPDRS part III, each UPDRS score, PD Questionnaire-39 (PDQ-39), and the modified Hoehn and Yahr stage at these same time-points, as well as the duration until the protocol is finished because additional levodopa is required or until the disease progresses, will also be analyzed. Adverse events and screening laboratory studies will also be examined. Participants in the hydrogen water group will drink 1000 mL/day of H2 water, and those in the placebo water group will drink normal water. One-hundred-and-seventy-eight participants with PD (89 women, 89 men; mean age: 64.2 [SD 9.2] years, total UPDRS: 23.7 [11.8], with levodopa medication: 154 participants, without levodopa medication: 24 participants; daily levodopa dose: 344.1 [202.8] mg, total levodopa equivalent dose: 592.0 [317.6] mg) were enrolled in 14 hospitals and were randomized. Discussion: This study will confirm whether H2 water can improve PD symptoms.",Neutral,Human,Brain,Parkinson's Disease,Oxidative Stress,Water (Dissolved),Neutral,Ingestion,,Levodopa,Japan,,,,,,,,,,,,,,,,,,,,,,,,
364,"Zhou, Zi-Qing","Zhong, Chang-Hao; Su, Zhu-Quan; Li, Ziao-Ying; Chen, Yu; Chen, Xiao-Bo; Tang, Chun-Li; Zhou, Lu-Qian","Li, Shi-Yue",Breathing Hydrogen-Oxygen Mixture Decreases Inspiratory Effort in Patients with Tracheal Stenosis,2018,Respiration,10.1159/000492031,"Background: Hydrogen-oxygen mixture (H2-O2) may reduce airway resistance in patients with acute severe tracheal stenosis, yet data supporting the clinical use of H2-O2 are insufficient. Objectives: To evaluate the efficacy and safety of breathing H2-O2 in acute severe tracheal stenosis. Methods: Thirty-five consecutive patients with severe acute tracheal stenosis were recruited in this prospective self-control study. Air, H2-O2 and O2 inhalation was given in 4 consecutive breathing steps: air for 15 min, H2-O2 (6 L per min, H2:O2 = 2: 1) for 15 min, oxygen (3 L per min) for 15 min, and H2-O2 for 120 min. The primary endpoint was inspiratory effort as assessed by diaphragm electromyography (EMGdi); the secondary endpoints were transdiaphragmatic pressure (Pdi), Borg score, vital signs, and impulse oscillometry (IOS). The concentration of H2 in the ambient environment was obtained with 12 monitors. Adverse reactions during the inhalation were recorded. Results: The mean reduction in the EMGdi under H2-O2 was 10.53 ± 6.83%. The EMGdi significantly decreased during 2 H2-O2 inhalation steps (Steps 2 and 4) compared with air (Step 1) and O2 (Step 3) (52.95 ± 15.00 vs. 42.46 ± 13.90 vs. 53.20 ± 14.74 vs. 42.50 ± 14.12% for Steps 1 through 4, p < 0.05). The mean reduction in the Pdi under H2-O2 was 4.77 ± 3.51 cmH2O. Breathing H2-O2 significantly improved the Borg score and resistance parameters of IOS but not vital signs. No adverse reactions occurred. H2 was undetectable in the environment throughout the procedure. Conclusions: Breathing H2-O2 may reduce the inspiratory effort in patients with acute severe tracheal stenosis and can be used for this purpose safely.",Positive,Human,Lung,Tracheal Stenosis,Novel Therapy,Gas,N/A,Inhalation,,Oxygen,China,,,,,,,,,,,,,,,,,,,,,,,,
365,"Zhu, Qinyuan","Wu, Yueshen; Li, Yongmei; Chen, Zihua; Wang, Lanting; Xiong, Hao; Dai, Erhong; Wu, Jianhua; Fan, Bin; Ping, Li","Luo, Xiaoqun",Positive effects of hydrogen-water bathing in patients of psoriasis and parapsoriasis en plaques ,2018,Nature Scientific Reports,10.1038/s41598-018-26388-3 ,"Psoriasis and parapsoriasis en plaques are chronic inflammatory skin diseases, both representing therapeutic challenge in daily practice and adversely affecting the quality of life. Reactive oxygen species (ROS) has been evidenced to be involved in the pathogenesis of the chronic inflammatory diseases. We now report that hydrogen water, an effective ROS scavenger, has significant and rapid improvement in disease severity and quality of life for patients with psoriasis and parapsoriasis en plaques. At week 8, our parallel-controlled trial revealed 24.4% of patients (10/41) receiving hydrogen-water bathing achieved at least 75% improvement in Psoriasis Area Severity Index (PASI) score compared with 2.9% of patients (1/34) of the control group (Pc = 0.022, OR = 0.094, 95%CI = [0.011, 0.777]). Of patients, 56.1% (23/41) who received bathing achieved at least 50% improvement in PASI score compared with only 17.7%(6/34) of the control group (P = 0.001, OR = 0.168, 95%CI = [0.057, 0.492]). The significant improvement of pruritus was also observed (P = 3.94 _ 10-4). Besides, complete response was observed in 33.3% of patients (2/6) of parapsoriasis en plaques and partial response in 66.7% (4/6) at week 8. Our findings suggested that hydrogen-water bathing therapy could fulfill the unmet need for these chronic inflammatory skin diseases. ",Positive,Human,Skin,Psoriasis,Inflammation,Water (Dissolved),Neutral,Bath,,,China,,,,,,,,,,,,,,,,,,,,,,,,
396,"Katsumata, Yoshinori","Sano, Fumiya; Abe, Takayuki; Tamura, Tomoyoshi; Fujisawa, Taishi; Shiraishi, Yasuyuki; Kohsaka, Shun; Ueda, Ikuko; Homma, Koichiro; Suzuki, Masaru; Okuda, Shigeo; Maekawa, Yuichiro; Kobayashi, Eiji; Hori, Shingo; Sasaki, Junichi; Fukuda, Keiichi","Sano, Motoaki",The Effects of Hydrogen Gas Inhalation on Adverse Left Ventricular Remodeling After Percutaneous Coronary Intervention for ST-Elevated Myocardial Infarction - First Pilot Study in Humans ,2017,Circulation Journal,10.1253/circj.CJ-17-0105 ,"Background: Hydrogen gas inhalation (HI) reduced infarct size and mitigated adverse left ventricular (LV) remodeling in a rat model of acute myocardial infarction (AMI). We designed a prospective, open-label, rater-blinded clinical pilot study in patients experiencing ST-elevated MI (STEMI).Methods and Results:The 20 patients with an initial diagnosis of STEMI were assigned to either an HI group (1.3% H2with 26% oxygen) or a control group (26% oxygen). There were no HI-related severe adverse events. In the full analysis set, the cardiac salvage index as evaluated using cardiac magnetic resonance imaging at 7 days after primary percutaneous coronary intervention (PCI), showed no significant between-group difference (HI: 50.0±24.3%; control: 60.1±20.1%; P=0.43). However, the improvement from day 7 in the HI group was numerically greater than that in the control group in some of the surrogate outcomes at 6-month follow-up, including the LV stroke volume index (HI: 9.2±7.1 mL/m2; control: -1.4±7.2 mL/m2; P=0.03) and the LV ejection fraction (HI: 11.0%±9.3%; control: 1.7%±8.3%; P=0.11). Conclusions: The first clinical study has shown that HI during PCI is feasible and safe and may also promote LV reverse remodeling at 6 months after STEMI. The study was not powered to test efficacy and a further large-scale trial is warranted. (Clinical trials registration: UMIN00006825).
",Positive,Human,Heart,Surgery/Transplantation,Angioplasty,Gas,N/A,Inhalation,,,Japan,,,,,,,,,,,,,,,,,,,,,,,,
413,"Matsumoto, Mitsuharu","Fujita, Ayoka; Yamashita, Ayano; Kameoka, Shoichiro; Shimomura, Yumi; Kitada, Yusuke; Tamada, Kazuki; Nakamura, Shigeru","Tsubota, Kazuo","Effects of functional milk containing galactooligosaccharide, maltitol, and glucomannan on the production of hydrogen gas in the human intestine",2017,Journal of Functional Foods,10.1016/j.jff.2017.05.013,"Hydrogen gas (H2) reacts with strong oxidants, and the effectiveness of H2 inhalation or ingestion of H2 water has been demonstrated for many diseases. H2 produced by the intestinal microbiome from indigestible components is the major source of exogenous H2. In this study, we screened a wide variety of indigestible components that induce H2 production by the intestinal microbiome, which exhibits large diversity, and developed a beverage composed of cows’ milk with galactooligosaccharide, maltitol, and glucomannan (H2-producing milk). In clinical trials, the breath H2 concentration of most volunteers was increased by consumption of H2-producing milk 1 (each material: 1%) and H2-producing milk 2 (galactooligosaccharide: 1.5%, maltitol: 1%, and glucomannan: 0.1%). The total range of H2 production (area under the curve) increased and a higher peak concentration was observed compared with consumption of H2 water or pure cows’ milk. Thus, this material may be a desirable functional milk.",Positive,Human,Intestine,Hydrogen Biology,Gut Microbiome,Gas,N/A,In Vivo Biotic Production,,Sugar Alcohol,Japan,,,,,,,,,,,,,,,,,,,,,,,,
418,"Nakayama, Masaaki","Itami, Noritomo; Suzuki, Hodaka; Hamada, Hiromi; Osaka, Naoyuki; Yamamoto, Ryo; Tsunoda, Kazumasa; Nakano, Hirofumi; Watanabe, Kimio; Zhu, Wan-Jun; Maruyama, Yukio; Terawaki, Hiroyuki; Kabayama, Shigeru; Nakazawa, Ryoichi; Miyazaki, Mariko","Ito, Sadayoshi",Possible clinical effects of molecular hydrogen (H2) delivery during hemodialysis in chronic dialysis patients: Interim analysis in a 12 month observation,2017,PLoS One,10.1371/journal.pone.0184535 ,"Background and aim: It is supposed that enhanced oxidative stress and inflammation are involved with the poor clinical outcomes in patients on chronic dialysis treatment. Recent studies have shown that molecular hydrogen (H2) is biologically active as an anti-inflammatory agent. Thus, we developed a novel hemodialysis (E-HD) system which delivers H2 (30 to 80 ppb)-enriched dialysis solution, to conduct a prospective observational study (UMIN000004857) in order to compare the long-term outcomes between E-HD and conventional-HD (C-HD) in Japan. The present interim analysis aimed to look at potential clinical effects of E-HD during the first 12 months observation. Subjects and method: 262 patients (140, E-HD; 122, C-HD) were subjected for analysis for comprehensive clinical profiles. They were all participating in the above mentioned study, and they had been under the respective HD treatment for 12 consecutive months without hospitalization. Collected data, such as, physical and laboratory examinations, medications, and self-assessment questionnaires on subjective symptoms (i.e., fatigue and pruritus) were compared between the two groups. Results: In a 12-month period, no clinical relevant differences were found in dialysis-related parameters between the two groups. However, there were differences in the defined daily dose of anti-hypertensive agents, and subjective symptoms, such as severe fatigue, and pruritus, which were all less in the E-HD group. Multivariate analysis revealed E-HD was an independent significant factor for the reduced use of anti-hypertensive agents as well as the absence of severe fatigue and pruritus at 12 months after adjusting for confounding factors. Conclusion: The data indicates E-HD could have substantial clinical benefits beyond conventional HD therapy, and support the rationale to conduct clinical trials of H2 application to HD treatment.
",Positive,Human,Kidney,Haemodialysis,Biocompatibility,Water (Electrolysis),Alkaline,Injection,,,Japan,,,,,,,,,,,,,,,,,,,,,,,,
428,"Siswantoro, Edy","Purwanto, Nasrul Hadi",Sutomo,Effectiveness of Alkali Water Consumption to Reduce Blood Sugar Levels in Diabetes Mellitus Type 2,2017,Journal of Diabetes Mellitus,10.4236/jdm.2017.74020,"Background: Non-Communicable Diseases (NCDs) have become a public health problem, globally, regionally, nationally and locally. Non-Communicable Diseases (NCDs) that took a lot of attention was diabetes mellitus. In Indonesia diabetes mellitus is a serious threat to health development. Efforts developed to overcome the problems of diabetes mellitus type 2 is to apply four pillars of therapy namely education, nutrition therapy, physical activity and pharmacology. However, these efforts have not been able to achieve optimal results due to many obstacles encountered. One of the non-pharmacological treatments that can be utilized is to consume alkaline water to reduce blood sugar levels in diabetes mellitus type 2. Methods: The research design used was quasy experiment with pre-post control group design approach. The variables observed in this study were random blood sugar changes in people with diabetes mellitus type 2 prior to intervention and after intervention. Intervention is given over a period of 14 days. To measure the demand of drinking water on the respondents, the measurement was done using Water Drink Reminder - Hydro application. The alkaline water used in this study is alkaline water produced from Kangen Water Type SD501 Platinum Machine. Test analysis used is paired t test to determine the effectiveness of alkaline water consumption to decrease random blood sugar level of diabetes mellitus type 2. To know the difference of effectiveness of alkaline water consumption to decrease of blood sugar level, it uses one way anova test with significance value _: 0.05. Results: From result of the one way anova test with significance value _: 0.05, we have got significance 0.039. Since the significance probability value is 0.039 < 0.05, the research hypothesis is accepted which means that there is a significant difference in the level of random blood sugar of diabetes mellitus type 2 performed by using four kinds of intervention of alkaline water treatment (Alkali Water PH 7.0, PH 8.0, PH 9.5 and PH 9.5 and PH 11.5) for a period of 14 days. Conclusion: Support from health personnel and adherence to diabetes mellitus is required to utilize alkaline water as nonpharmacologic therapy to control blood sugar levels in people with type 2 diabetes mellitus. To achieve maximum results from nonfarmakologi therapy performed, people with diabetes mellitus type 2 should routinely consume antidiabetic drugs provided by health personnel and always strive for a healthy life. ",Positive,Human,Whole Body,Diabetes (Type II),Glucose Metabolism,Water (Electrolysis),Alkaline,Ingestion,,,Indonesia,,,,,,,,,,,,,,,,,,,,,,,,
451,"Yang, Qingxi","Ji, Guangdong; Pan, Rongtao; Zhao, Yinghui","Yan, Peng",Protective effect of hydrogen_rich water on liver function of colorectal cancer patients treated with mFOLFOX6 chemotherapy,2017,Molecular and Clinical Oncology,10.3892/mco.2017.1409,"The present study was conducted to investigate the protective effect of hydrogen-rich water on the liver function of colorectal cancer (CRC) patients treated with mFOLFOX6 chemotherapy. A controlled, randomized, single-blind clinical trial was designed. A total of 152 patients with CRC were recruited by the Department of Oncology of Taishan Hospital (Taian, China) between June 2010 and February 2016, among whom 146 met the inclusion criteria. Subsequently, 144 patients were randomized into the treatment (n=80) and placebo (n=64) groups. At the end of the study, 76 patients in the hydrogen treatment group and 60 patients in the placebo group were included in the final analysis. The changes in liver function after the chemotherapy, such as altered levels of alanine aminotransferase (ALT), aspartate transaminase (AST), alkaline phosphatase, indirect bilirubin (IBIL) and direct bilirubin, were observed. The damaging effects of the mFOLFOX6 chemotherapy on liver function were mainly represented by increased ALT, AST and IBIL levels. The hydrogen-rich water group exhibited no significant differences in liver function before and after treatment, whereas the placebo group exhibited significantly elevated levels of ALT, AST and IBIL. Thus, hydrogen-rich water appeared to alleviate the mFOLFOX6-related liver injury.",Positive,Human,Liver,Cancer,Chemotherapy Toxicity (mFOLFOX6),Water (Dissolved),Neutral,Ingestion,,,China,,,,,,,,,,,,,,,,,,,,,,,,
478,"Gong, Z.J.","Guan, J.T.; Ren, X.Z.; Meng, D.Y.; Zhang, H.R.; Wang, B.L.","Yan, X.X.",Protective effect of hydrogen on the lung of sanitation workers exposed to haze,2016,Chinese Journal of Tuberculosis and Respiratory Diseases,10.3760/cma.j.issn.1001-0939.2016.12.003,"Objective: To study the protective effect of hydrogen inhalation on the lungs of sanitation workers exposed to haze. Methods: In this randomized, double-blind, placebo controlled clinical trial, 96 sanitation workers living in Shijiazhuang urban area were recruited during January to February, 2016. All enrolled participants were randomized to 2 groups; the treatment group inhaled H2_O2 mixture (66.67%_33.33%) 1 hour per day for 30 days, while the control group inhaled N2_O2 mixture (66.67%_33.33%) 1 hour per day for 30 days. Respiratory symptoms were evaluated and fractional exhaled nitric oxide(FeNO), biochemical indexes, lung function were measured at baseline(the 0th day) and during treatment (the 8th day, 15th day, and 30th day). Results: (1)The FeNO levels of the treatment group (16±5)_109 were lower than those of the control group(21±14)_109 on 8th day of treatment, with significant difference(F=6.94, P<0.05). (2)The levels of FEV1 were significantly higher in participants from the treatment group as compared to the control group on both 8th [(96±13)% vs(94±14)%(F=3.96, P<0.05)] and 30th day [(97±14)% vs (95±12)%(F=8.5, P<0.05)] of treatment, while PEF was also increased on 15th day [(73±15)% vs(67±18)%(F=8.68, P<0.05)]. (3)The sputum levels of MMP-12 and SOD3 were consistently lower in the treatment group as compared to the control group at each time point, and the levels of IL-10 were higher in the treatment group as compared to the control group on the 15th and 30th day. MDA and IL-2 levels were lower in the treatment group than in the control group on the 30th day(P<0.05). The sputum levels of CRP and TGF-_1 at each time point were not different between the 2 groups (P>0.05). (4)The serum levels of IL-2 and SOD3 were lower in the treatment group as compared to the control group while IL-10 was higher than in the control group at each time point, and MMP-12 was lower in the treatment group than that in the control group on the 30th day(P<0.05). The relative ratios of CRP, TGF-_1 and MDA in serum at each time point between the 2 groups were not significantly different (P>0.05). (5)Hydrogen inhalation improved respiratory symptoms such as cough. Conclusions: Inhalation of hydrogen gas could alleviate airway inflammation and oxidative stress of sanitation workers exposed to air pollution. There was even a significant inhibitory effect on the level of systemic inflammatory response. Importantly, inhalation of hydrogen could improve respiratory symptoms such as cough.",Positive,Human,Lung,Environmental Pollution,Smog Exposure,Gas,N/A,Inhalation,,Oxygen,China,,,,,,,,,,,,,,,,,,,,,,,,
492,"Johansson, Benny",,"Sukhotskya, Svetlana","Drinking functional coherent mineral water accompanies a strengthening of the very low frequency impact on heart rate variability, and mono and multifractal heart rhythm dynamics in healthy humans",2016,Functional Foods in Health and Disease,10.31989/ffhd.v6i6.265,"Background:Research onfunctional water has revealed itsphysiological functions and health-beneficial effects.Accordingly, thisstudyexploredthe effects of drinking an average dietary volume of functional coherentmineral water (FCMW) on blood pressure, short-term cardiovascular variables,fractal heart rhythm dynamics,and salivary immunoglobulin A.Methods:Fifteenhealthy subjectswere randomized in a pre-post crossover design, selectedthe morning after an overnight fast. Short-term electrocardiography (ECG) was measured before and after drinking either control mineral water (CMW) or FCMWon two separate occasions.Saliva was collected for fourminutes before the start of each ECG measurement. Blood pressure was monitored in five-minute intervalsfor one hour.Results:Drinking 100 ml of FCMWtemporarily increasedarterial blood pressure at 20 to 25 minutes in the60 minutes post-drinking. Drinking CMWled to a significant reductionin the heart rate, while all-time domain and Power Spectral Density parameters (PSD) were unaffected. Consumption of FCMWresulted in a highly significant difference and decrease in heart rate, and an increase in NN interbeat intervals,and in two of the PSD parameters.A large increase in total power had a significant increasing effect on 2–3-minute oscillations of thevery low frequency(VLF)power, indicating a specific changein theheart_sintrinsic cardiac rhythm that isfundamental to health and well-being. An extension in mono and multifractalscaling of heart rate dynamics definesa healthy function and non-local adaptability,indicatinga higher capacity to respond to unpredictable stimuli and stresses, a function which improves autonomic stability. The effect on the heart rate and VLF power suggest anefficient cellular metabolismanda stabilizing effect onmucosal immunoglobulin A.Conclusions:Functional coherent mineral waterwith an apparent non-local electromagnetic identitytriggeredin healthy subjectsa sustainablesympathetic responseincardiac VLF power, which is consideredan intrinsichealth-promotingrhythm produced by theheart itselfthataccompaniesadaptive mono and multifractal heartrhythm dynamics.Keywords: functional water, VLF-power, heart rate variability, fractal scaling, health improvement",Positive,Human,Heart,Hypertension,Heart Rhythm,Water (Mg-Chemico),Alkaline,Ingestion,,,Sweden,,,,,,,,,,,,,,,,,,,,,,,,
502,"Maeda, Kenji","Yoshizaki, Shigehito; Iida, Toshiro; Terada, Tomoyoshi; Era, Seiichi; Sakashita, Keiichiro","Arikawa, Hajime",Improvement of the fraction of human mercaptalbumin on hemodialysis treatment using hydrogen-dissolved hemodialysis fluid: a prospective observational study,2016,Renal Replacement Therapy,10.1186/s41100-016-0054-y,"Background Oxidative stress (OS) is said to increase in hemodialysis therapy, so that the electrolyzed water-hemodialysis (EW-HD) dissolving hydrogen in hemodialysis fluid has been tried for the reduction of OS. It is reported that the risk of cardiovascular disease events increased if the fraction of reduced albumin (human mercaptalbumin (f(HMA))) was low and that the f(HMA) rose at the dialyzer outlet on EW-HD. Therefore, we studied whether the f(HMA) of hemodialysis patients was improved when they received long-term EW-HD treatment. Methods We produced hydrogen-dissolved hemodialysis fluid with EW-C81-HD and carried out EW-HD treatment for 12 patients. The serum albumin redox states of pre- and post-HD were measured in the summer of 2014 (EWHD2014) and in the winter of 2015 (EWHD2015) after 6 months by high-performance liquid chromatography using Shodex-Asahipak ES-502N 7C column. For comparison, 38 conventional hemodialysis (C-HD) patients and 24 healthy subjects were selected. ResultsThe f(HMA) of EWHD2015 significantly increased from EWHD2014 on both pre- and post-HD (pre, 51.32 ± 5.63 % _ 58.03 ± 7.43 %; post, 72.04 ± 5.73 % _ 76.42 ± 4.67 %). The f(HMA) of C-HD at pre- and post-HD were 51.07 ± 9.07 and 70.53 ± 8.05 %, respectively. The f(HMA) of healthy subjects was 79.11 ± 5.46 %. The f(HMA) of EWHD2014 at pre-HD evidenced no significant difference with that of C-HD at pre-HD, but the f(HMA) of EWHD2015 at pre-HD was significantly higher than that of C-HD at pre-HD. The f(HMA) of C-HD at post-HD was significantly lower than that of both EWHD2015 at post-HD and healthy subjects, but the f(HMA) of EWHD2015 at post-HD showed no significant difference with that of healthy subjects. Conclusions Our data suggest that the f(HMA) may be raised with long-term hemodialysis treatment using hydrogen-dissolved hemodialysis fluid.",Positive,Human,Kidney,Haemodialysis,Oxidative Stress,Solution (Dissolved),Alkaline,Injection,,,Japan,,,,,,,,,,,,,,,,,,,,,,,,
508,"Nakamoto, Kembu","Takeshige, Motohiro; Fujii, Toshiyuki; Hashiyada, Hiroshi; Yoshida, Kazuya","Kawamoto, Sadahiro",Electrolyzed Saline Irrigation for Elimination of Bacterial Colonization in the Empyema Space,2016,Surgical Infections,10.1089/sur.2015.267,"Background: The empyema space is refractory to elimination of bacterial colonization. Electrolyzed saline (ES) was used as intra-pleural irrigation for rapid disinfection of the empyema space. Patients and methods: Twenty consecutive patients with para-pneumonic empyema were reviewed in this study from 2007 to 2015. The empyema space was irrigated by miniaturized thoracoscopic surgery (mini VATS), and the efficacy and safety of the use of ES were evaluated. Results: Sixteen patients were male and four were female, with a mean age of 66.5 ± 9.5 y (27-90 y). Bacterial cultures of the purulent effusions from all 20 patients had positive results. Seventeen patients subsequently underwent continuous catheter irrigation and drainage. No patient had chest pain during ES irrigation. Fever duration after mini VATS was 2.8 ± 1.8 d (0-5 d). Catheter indwelling time was 10.3 ± 7.2 d (3-33 d). Inflammatory markers significantly improved (p < 0.05) within a week after mini VATS. Eighteen patients achieved pleural disinfection, and two patients had residual pathogens, one of whom later died of lung abscess. Space closure was successful in 14 patients. No patient underwent subsequent open drainage. Nineteen (95%) patients were discharged from the hospital. This treatment was successful in 18 (90%) patients, and one (5.6%) patient experienced recurrence. Conclusions: The ES irrigation facilitates the rapid disinfection and closure of the empyema space.",Positive,Human,Lung,Surgery/Transplantation,Pathogenic Bacterial Load,Water (Electrolysis),Acidic,Irrigation,,,Japan,,,,,,,,,,,,,,,,,,,,,,,,
511,"Qian, Li-Ren",,"Shen, Jian-Liang",Successful treatment with hydrogen rich water in a case of chronic graft-versus-host-disease,2016,Medical Gas Research,10.4103/2045-9912.191366 ,"The incidence of chronic graft-versus-host-disease is rising year by year, which has become the leading cause of non-transplantation related death and has become the most difficult complication of allogeneic hematopoietic stem cell transplantation to deal with. Inflammation and fibrosis play dominant roles in the pathogenesis of chronic graft-versus-host-disease. Studies have shown that molecular hydrogen has anti-inflammatory, antioxidant, anti-fibrosis effects. Therefore, we hypothesized that molecular hydrogen may have therapeutic effects on chronic graft-versus-host-disease. Here, we report a patient with severe chronic graft-versus-host-disease successfully treated by drinking hydrogen rich water which may be a safe and effective method for chronic graft-versus-host-disease. ",Positive,Human,Bone Marrow,Surgery/Transplantation,Graft-Versus-Hose-Disease,Water (Dissolved),Neutral,Ingestion,,,China,,,,,,,,,,,,,,,,,,,,,,,,
520,"Tamura, Tomoyoshi","Hayashida, Kei; Sano, Motoaki; Suzuki, Masaru; Shibusawa, Takayuki; Yoshizawa, Joe; Kobayashi, Yosuke; Suzuki, Takeshi; Ohta, Shigeo; Morisaki, Hiroshi; Fukuda, Keiichi","Hori, Shingo",Feasibility and Safety of Hydrogen Gas Inhalation for Post-Cardiac Arrest Syndrome – First-in-Human Pilot Study,2016,Circulation Journal,10.1253/circj.CJ-16-0127,"Background: Hydrogen gas inhalation (HI) ameliorates cerebral and cardiac dysfunction in animal models of post-cardiac arrest syndrome (PCAS). HI for human patients with PCAS has never been studied.Methods and Results:Between January 2014 and January 2015, 21 of 107 patients with out-of-hospital cardiac arrest achieved spontaneous return of circulation. After excluding 16 patients with specific criteria, 5 patients underwent HI together with target temperature management (TTM). No undesirable effects attributable to HI were observed and 4 patients survived 90 days with a favorable neurological outcome. Conclusions: HI in combination with TTM is a feasible therapy for patients with PCAS.",Positive,Human,Heart,Cardiac Arrest,Hydrogen Safety,Gas,N/A,Inhalation,,,Japan,,,,,,,,,,,,,,,,,,,,,,,,
527,"Yang, Lin","Li, Dunchen","Chen, Shuying","Hydrogen water reduces NSE, IL-6, and TNF-_ levels in hypoxic-ischemic encephalopathy",2016,Open Medicine,10.1515/med-2016-0072 ,"This study retrospectively analyzed the efficacy of hydrogen water in the treatment of neonatal hypoxic-ischemic encephalopathy (HIE) and its effect on serum neuron-specific enolase (NSE), interleukin-6 (IL-6), and tumor necrosis factor-_ (TNF-_) levels. Forty newborns with HIE who received treatment from April 2014 to April 2015 were divided into a conventional care group and a hydrogen water group according to the different treatment methods applied. Twenty healthy full-term newborns comprised the control group. In the hydrogen water group, 5-mL/kg hydrogen water was orally administered two days after birth daily for 10 days in addition to conventional treatment. After 10 days, efficacy indicators were examined in the HIE groups. The NSE, IL-6, and TNF-_ levels were compared among all three groups. The efficacy indicators were significantly lower in the hydrogen water group compared with the conventional group. Before treatment, the serum NSE, IL-6, and TNF-_ levels in the HIE groups were higher than those in the control group. After treatment, these levels in the hydrogen water group were lower than those in the conventional group. Hydrogen water lowers serum NSE, IL-6, and TNF-_ levels in HIE newborns, thereby exerting a protective effect. ",Positive,Human,Brain,Brain Injury,Hypoxia-Ischemia,Water (Dissolved),Neutral,Ingestion,,,China,,,,,,,,,,,,,,,,,,,,,,,,
529,"Yoritaka, Asako","Abe, Takashi; Ohtsuka, Chigumi; Maeda, Tetsuya; Hirayama, Masaaki; Watanabe, Hirohisa; Saiki, Hidemoto; Oyama, Genko; Fukae, Jiro; Shimo, Yasushi; Hatano, Taku; Kawajiri, Sumihiro; Okuma, Yasuyuki; Machida, Yutaka; Miwa, Hideto; Suziki, Chikako; Kazama, Asuka; Tomiyama, Masahiko; Kihara, Takeshi; Mirasawa, Motoyuki; Shimura, Hideki","Hattori, Nobutaka",A randomized double-blind multi-center trial of hydrogen water for Parkinson's disease: protocol and baseline characteristics ,2016,BMC Neuroscience,10.1186/s12883-016-0589-0,"Background: Our previous randomized double-blind study showed that drinking hydrogen (H2) water for 48 weeks significantly improved the total Unified Parkinson's Disease Rating Scale (UPDRS) score of Parkinson's disease (PD) patients treated with levodopa. We aim to confirm this result using a randomized double-blind placebo-controlled multi-center trial. Methods: Changes in the total UPDRS scores from baseline to the 8(th), 24(th), 48(th), and 72(nd) weeks, and after the 8(th) week, will be evaluated. The primary endpoint of the efficacy of this treatment in PD is the change in the total UPDRS score from baseline to the 72(nd) week. The changes in UPDRS part II, UPDRS part III, each UPDRS score, PD Questionnaire-39 (PDQ-39), and the modified Hoehn and Yahr stage at these same time-points, as well as the duration until the protocol is finished because additional levodopa is required or until the disease progresses, will also be analyzed. Adverse events and screening laboratory studies will also be examined. Participants in the hydrogen water group will drink 1000 mL/day of H2 water, and those in the placebo water group will drink normal water. One-hundred-and-seventy-eight participants with PD (88 women, 90 men; mean age: 64.2 [SD 9.2] years, total UPDRS: 23.7 [11.8], with levodopa medication: 154 participants, without levodopa medication: 24 participants; daily levodopa dose: 344.1 [202.8] mg, total levodopa equivalent dose: 592.0 [317.6] mg) were enrolled in 14 hospitals and were randomized. Discussion: This study will confirm whether H2 water can improve PD symptoms. ",Neutral,Human,Brain,Parkinson's Disease,Oxidative Stress,Water (Dissolved),Neutral,Ingestion,,Levodopa,Japan,,,,,,,,,,,,,,,,,,,,,,,,
559,"Kubota, Akio","Goda, Taro; Tsuru, Tomomitsu; Yonekura, Takeo; Yagi, Makoto; Kawahara, Hisayoshi; Yoneda, Akihiro; Tazuke, Yuko; Tani, Gakuto; Ishii, Tomohiro; Umeda, Satoshi","Hirano, Katsuhisa",Efficacy and safety of strong acid electrolyzed water for peritoneal lavage to prevent surgical site infection in patients with perforated appendicitis ,2015,Surgery Today,10.1007/s00595-014-1050-x ,"Purpose: Our previous experimental study of perforated peritonitis in rats proved that peritoneal lavage with strong acid electrolyzed water (SAEW) has no adverse effects, reduces the bacteria count in the ascitic fluid more effectively than saline, and increases the survival rate significantly. Thus, we conducted a randomized controlled study, applying SAEW in the treatment of perforated appendicitis in children. Methods: Forty-four patients, aged 3-14 years, were randomly divided into two groups: Group S (n = 20), in which the peritoneal cavity was lavaged with 100 ml/kg saline and the wound was washed out with 200 ml saline; and Group E (n = 24), in which the peritoneal cavity was lavaged with 100 ml/kg SAEW and the wound was washed out with 200 ml SAEW. Results: No adverse effect of SAEW was observed in Group E. There was no difference in the bacterial evanescence ratio of ascitic fluid after lavage between Groups S and E (11.1 and 15.8%, respectively). A residual abscess developed in one patient from each group (5.0 and 4.2%, respectively). The incidence of surgical site infection (SSI) was significantly lower in Group E than in Group S (0 and 20%, respectively; P < 0.05). There was no difference in the duration of pyrexia, positive C-reactive protein, leukocytosis, or hospital stay between the groups. Conclusion: Peritoneal lavage and wound washing with SAEW have no adverse effects and are effective for preventing SSI.
",Positive,Human,Peritonium,Surgery/Transplantation,Pathogenic Bacterial Load,Water (Electrolysis),Acidic,Irrigation,,,Japan,,,,,,,,,,,,,,,,,,,,,,,,
593,"Terawaki, Hiroyuki","Nakano, Hirofumi; Zhu, Wan-Jun","Nakayama, Masaaki",Successful Treatment of Encapsulating Peritoneal Sclerosis by Hemodialysis and Peritoneal Lavage Using Dialysate Containing Dissolved Hydrogen,2015,Peritoneal Dialysis International,10.3747/pdi.2013.00255,No abstract available,Positive,Human,Peritonium,Peritoneal Dialysis,Encapsulating Peritoneal Sclerosis,Solution (Dissolved),Neutral,Injection,,,Japan,,,,,,,,,,,,,,,,,,,,,,,,
636,"Ishibashi, Toru","Sato, Bunpei; Shibata, Shinji; Sakai, Takaaki; Hara, Yuichi; Naritomi, Yuji; Koyanagi, Samon; Hara, Hiroshi","Nagao, Tetsuhiko","Therapeutic efficacy of infused molecular hydrogen in saline on rheumatoid arthritis: a randomized, double-blind, placebo-controlled pilot study ",2014,International Immunopharmacology,10.1016/j.intimp.2014.06.001 ,"The aim of this study was to demonstrate the safety and efficacy of H2-saline infusion for treatment of rheumatoid arthritis (RA). We conducted a randomized, double-blind, placebo-controlled investigation of the infusion of 1 ppm H2-dissolved saline (H2-saline) in 24 RA patients. Patients were randomized 1:1 to receive 500 ml of either H2-saline or placebo-saline, which was drop infused intravenously (DIV) daily for 5 days. The disease activity score in 28 joints (DAS28) was measured at baseline, immediately post infusion, and after 4 weeks. Therapeutic effects of H2-saline on joint inflammation were estimated by measuring serum biomarkers for RA, tumor necrosis factor-_ (TNF_), interleukin-6 (IL-6), matrix metalloproteinase-3 (MMP-3), and urinary 8-hydroxydeoxyguanosine (8-OHdG). In the H2-infused group, average DAS28 decreased from 5.18 ± 1.16 to 4.02 ± 1.25 immediately post infusion and reached 3.74 ± 1.22 after 4 weeks. No significant decrease in DAS28 was observed in the placebo group throughout the study. IL-6 levels in the H2 group significantly decreased in 4 weeks by 37.3 ± 62.0% compared to baseline, whereas it increased by 33.6 ± 34.4% in the placebo group. TNF_ levels did not change remarkably in the H2 or placebo groups in 4 weeks post-infusion compared to baseline. The relative ratio of 8-OHdG in the H2 group also significantly decreased by 4.7%. After 4 weeks, MMP3 was significantly reduced by 19.2% ± 24.6% in the H2 group, and increased by 16.9% ± 50.2% in the placebo group. Drop infusion of H2 safely and effectively reduced RA disease activity. ",Positive,Human,Bone,Rheumatoid Arthritis (RA),Oxidative Stress,Saline (Dissolved),Neutral,Injection,,,Japan,,,,,,,,,,,,,,,,,,,,,,,,
637,"Jiang, Rong-San","Liang, Kai-Li; Wu, Shang-Heng; Su, Mao-Chang; Chen, Wen-Kang","Lu, Fung-Jou",Electrolyzed acid water nasal irrigation after functional endoscopic sinus surgery,2014,American Journal of Rhinology,10.2500/ajra.2014.28.4015,"Electrolyzed acid water (EAW) has been recognized to have strong bactericidal activity, and the feasibility and safety of EAW irrigation in body cavities has been reported in the literature. This study was conducted to evaluate the effect of EAW nasal irrigation on the postoperative care of functional endoscopic sinus surgery (FESS). Patients with chronic rhinosinusitis who received FESS for treatment were recruited and randomly assigned to three groups at 1 month postoperatively. Patients in group 1 received EAW for nasal irrigation daily for 2 months, those in group 2 received neutral normal saline (NS) daily for 2 months, and those in group 3 did not receive nasal irrigation after surgery. Before and 3 months after FESS, sinonasal symptoms were assessed by questionnaire and patients received endoscopic examination, acoustic rhinometry, smell test, saccharine transit test, and bacterial culture from middle meatus. There were 185 patients enrolled between May 2009 and March 2012. Among the patients who completed the study, 36 received EWA irrigation, 35 received NS irrigation, and 39 (group 3) received no irrigation. Patients with nasal irrigation had a better outcome based on questionnaire score and saccharine transit time. However, there was no difference in outcome between patients who received irrigation with EAW and NS. Our study showed that EWA irrigation did not confer a greater benefit than that of NS irrigation in post-FESS care.",Positive,Human,Nose,Rhinosinusitis,Pathogenic Bacterial Load,Water (Electrolysis),Acidic,Irrigation,,,Taiwan,,,,,,,,,,,,,,,,,,,,,,,,
643,"Kunos, Charles A.","Abdallah, Rita R.","Lyons, Janice A.",Hydration During Breast Radiotherapy May Lower Skin Toxicity,2014,Breast Journal,10.1111/tbj.12348,No abstract available,Positive,Human,Skin,Cancer,Radioprotection,Water (Electrolysis),Alkaline,Ingestion,,,United States,,,,,,,,,,,,,,,,,,,,,,,,
667,"Terawaki, Hiroyuki","Zhu, Wan-Jun; Matsuyama, Yukie; Terada, Tomoyoshi; Takahashi, Yasuhito; Sakurai, Kaoru; Kabayama, Shigeru; Miyazaki, Mariko; Itami, Noritomo; Nakazawa, Ryoichi; Ito, Sadayoshi; Era, Seiichi","Nakayama, Masaaki",Effect of a hydrogen (H2)-enriched solution on the albumin redox of hemodialysis patients ,2014,Hemodialysis International,10.1111/hdi.12112 ,"Elevated oxidative stress (OS) is associated with severe cardiovascular disease and premature death among patients treated with hemodialysis (HD). Oxidative stress is enhanced by contact between blood and dialysis membranes during HD sessions. This study aimed to clarify whether hydrogen (H2), which is a known antioxidant, is capable of suppressing increased OS induced during HD sessions. Eight patients on regular HD treatment were studied. Two HD sessions were performed in a cross-over design trial using standard and hydrogen-enriched solutions (mean of 50 p.p.b. H2; H2-HD). Blood samples were obtained from the inlet and outlet of the dialyzer during HD to determine changes in plasma levels of glutathione, hydrogen peroxide, and albumin redox state as a marker of OS. Comparison of inlet and outlet blood revealed significant decreases in total glutathione and reduced glutathione, as well as significant increases in hydrogen peroxide in both HD treatments. However, the mean proportion of reversibly oxidized albumin in outlet serum was significantly lower than that in inlet serum following the H2-HD session, whereas no significant changes were found in the standard solution session, suggesting that 'intra-dialyzer' OS is reduced by H2 -HD. In conclusion, the application of H2-enriched solutions could ameliorate OS during HD. ",Positive,Human,Blood,Haemodialysis,Oxidative Stress,Solution (Dissolved),Neutral,Injection,,,Japan,,,,,,,,,,,,,,,,,,,,,,,,
719,"Matsumoto, Seiji","Ueda, Tomohiro","Kakizaki, Hidehiro",Effect of supplementation with hydrogen-rich water in patients with interstitial cystitis/painful bladder syndrome,2013,Urology,10.1016/j.urology.2012.10.026,"To investigate the efficacy of hydrogen-rich water for the treatment of patients with interstitial cystitis/painful bladder syndrome (IC/PBS). We conducted a prospective, randomized, double-blind, placebo-controlled clinical trial of hydrogen-rich water in patients with IC/PBS. Inclusion criteria were stable symptoms of IC/PBS for ≥12 weeks after bladder hydrodistension, Interstitial Cystitis Symptom Index score of ≥7 and bladder pain (question 4 on Interstitial Cystitis Symptom Index) of ≥4. They were randomized by a 2:1 ratio to receive hydrogen-rich water or placebo water for 8 weeks. The symptoms were assessed using the Interstitial Cystitis Symptom Index, Interstitial Cystitis Problem Index, Parsons' Pelvic Pain and Urgency/Frequency Patient Symptom Scale, visual analog scale bladder pain scores, and a standard 3-day voiding diary. The primary outcome was improvement of patient-reported symptoms evaluated after treatment. A total of 30 participants (29 women and 1 man, age 64.0 ± 14.8 years) were enrolled in the present study, and 2 patients (both women) were withdrawn from the study. The score of bladder pain was significantly reduced in both groups. However, the effect of hydrogen-rich water on symptoms was not significantly different from that of placebo, although supplementation with hydrogen-rich water was extremely effective in improving the bladder pain score in 11% of the patients. The results of the present study do not support the use of supplementation with hydrogen-rich water for treating patients with IC/PBS.",Neutral,Human,Bladder,Painful Bladder Syndrome,Intersitial Cystitis,Water (Dissolved),Neutral,Ingestion,,,Japan,,,,,,,,,,,,,,,,,,,,,,,,
722,"Nagatani, Kimihiro","Nawashito, Hiroshi; Takeuchi, Satoru; Tomura, Satoshi; Otani, Naoki; Osada, Hideo; Wada, Kojiro; Kaoth, Hiroshi; Tzuzuki, Nobosuke","Mori, Kentaro",Safety of intravenous administration of hydrogen-enriched fluid in patients with acute cerebral ischemia: Initial clinical studies,2013,Medical Gas Research,10.1186/2045-9912-3-13,"Most of the results regarding hydrogen (H2) therapy for acute cerebral ischemia are derived from in vitro studies and animal experiments, with only a few obtained from human trials with a limited number of subjects. Thus, there is a paucity of information regarding both the beneficial therapeutic effects as well as the side effects of H2 on acute cerebral ischemia in humans. We designed a pilot study to investigate single dose intravenous H2-administration in combination with edaravone, aiming to provide an initial estimate of the possible risks and benefits in select patients presenting with acute ischemic stroke. An open-label, prospective, non-randomized study of intravenous H2-administration was performed in 38 patients hospitalized for acute ischemic stroke. All patients received an H2-enriched intravenous solution in addition to edaravone immediately after the diagnosis of acute ischemic stroke. Acute stroke patients within 3 h of onset received intravenous tissue plasminogen activator (t-PA) (0.6 mg/kg) treatment, and patients receiving t-PA had to commence the administration of the H2-enriched intravenous solution and edaravone before or at the same time as the t-PA was infused. Complications were observed in 2 patients (5.3%), which consisted of diarrhea in 1 patient (2.6%) and cardiac failure in 1 patient (2.6%). No deterioration in laboratory tests, urinary tests, ECG, or chest X-ray radiograms occurred in any patient in this study. In all patients, the mean National Institutes of Health Stroke Scale (NIHSS) scores at baseline, and 7, 30, and 90 d after admission were 8.2 +/- 7.5, 5.6 +/- 7.1, 4.9 +/- 6.5, and 4.5 +/- 6.3, respectively. The early recanalization was identified in 4 of 11 patients (36.4%) who received intravenous t-PA administration. Hemorrhagic transformation was observed in 2 patients (18.2%). None of the patients in this study that were treated with t-PA developed symptomatic intracranial hemorrhage. Data from the current study indicate that an H2-enriched intravenous solution is safe for patients with acute cerebral infarction, including patients treated with t-PA.",Positive,Human,Brain,Stroke,Hydrogen Safety,Water (Dissolved),Neutral,Injection,,,Japan,,,,,,,,,,,,,,,,,,,,,,,,
734,"Terawaki, Hiroyuki","Hayashi, Yoshimitsu; Zhu, Wan-Jun; Matsuyama, Yukie; Terada, Tomoyoshi; Kbayama, Shigeru; Watanabe, Tsuyoshi; Era, Seiichi; Sato, Bunpei","Nakayama, Masaaki",Transperitoneal administration of dissolved hydrogen for peritoneal dialysis patients: a novel approach to suppress oxidative stress in the peritoneal cavity ,2013,Medical Gas Research,10.1186/2045-9912-3-14 ,"Background: Oxidative stress (OS) related to glucose degradation products such as methylglyoxal is reportedly associated with peritoneal deterioration in patients treated with peritoneal dialysis (PD). However, the use of general antioxidant agents is limited due to their harmful effects. This study aimed to clarify the influence of the novel antioxidant molecular hydrogen (H2) on peritoneal OS using albumin redox state as a marker. Methods: Effluent and blood samples of 6 regular PD patients were obtained during the peritoneal equilibrium test using standard dialysate and hydrogen-enriched dialysate. The redox state of albumin in effluent and blood was determined using high-performance liquid chromatography. Results: Mean proportion of reduced albumin (ƒ(HMA)) in effluent was significantly higher in H2-enriched dialysate (62.31 ± 11.10%) than in standard dialysate (54.70 ± 13.08%). Likewise, serum ƒ(HMA) after administration of hydrogen-enriched dialysate (65.75 ± 7.52%) was significantly higher than that after standard dialysate (62.44 ± 7.66%). Conclusions: Trans-peritoneal administration of H2 reduces peritoneal and systemic OS.
",Positive,Human,Peritonium,Peritoneal Dialysis,Oxidative Stress,Saline (Dissolved),Neutral,Injection,,,Japan,,,,,,,,,,,,,,,,,,,,,,,,
740,"Xia, Chunxiang","Liu, Wenwu; Zeng, Dongxiao; Zhu, Liyao; Sun, Xiaoli","Sun, Xue-Jun","Effect of hydrogen-rich water on oxidative stress, liver function, and viral load in patients with chronic hepatitis B ",2013,Clinical and Translational Science,10.1111/cts.12076 ,"Objective: To investigate effects of hydrogen-rich water (HRW) on oxidative stress, liver function and HBV DNA in patients with chronic hepatitis B (CHB). Methods: Sixty patients with CHB were randomly assigned into routine treatment group or hydrogen treatment group in which patients received routine treatment alone or additional oral HRW (1200-1800 mL/day, twice daily), respectively, for 6 consecutive weeks. Serum oxidative stress, liver function, and HBV DNA level were detected before and after treatment. Thirty healthy subjects served as controls. Results: When compared with controls, oxidative stress was obvious in CHB patients, and the liver function also significantly impaired. After treatment, the oxidative stress remained unchanged in routine treatment group, but markedly improved in hydrogen treatment group. The liver function was improved significantly and the HBV DNA reduced markedly after corresponding treatments. Although a significant difference was noted in the oxidative stress between two groups after treatment, the liver function and HBV DNA level were comparable after treatment and both had improved tendencies. Conclusion: HRW significantly attenuates oxidative stress in CHB patients, but further study with long-term treatment is required to confirm the effect of HRW on liver function and HBV DNA level.
",Positive,Human,Liver,Hepatitis B,Oxidative Stress,Water (Mg-Chemico),Alkaline,Ingestion,,,China,,,,,,,,,,,,,,,,,,,,,,,,
748,"Yoritaka, Asako","Takanashi, Masashi; Hirayama, Masaaki; Nakahara, Toshiki; Ohta, Shigeo","Hattori, Nobutaka",Pilot study of H-2 therapy in Parkinson's disease: A randomized double-blind placebo-controlled trial,2013,Movement Disorders,10.1002/mds.25375,"Background: Oxidative stress is involved in the progression of Parkinson's disease (PD). Recent studies have confirmed that molecular hydrogen (H_) functions as a highly effective antioxidant in cultured cells and animal models. Drinking H_-dissolved water (H_-water) reduced oxidative stress and improved Parkinson's features in model animals. Methods: In this a placebo-controlled, randomized, double-blind, parallel-group clinical pilot study, the authors assessed the efficacy of H_ -water in Japanese patients with levodopa-medicated PD. Participants drank 1,000 mL/day of H_-water or pseudo water for 48 weeks. Results: Total Unified Parkinson's Disease Rating Scale (UPDRS) scores in the H_-water group (n=9) improved (median, -1.0; mean ± standard deviation, -5.7 ± 8.4), whereas UPDRS scores in the placebo group (n=8) worsened (median, 4.5; mean ± standard deviation, 4.1 ± 9.2). Despite the minimal number of patients and the short duration of the trial, the difference was significant (P<0.05). Conclusions: The results indicated that drinking H_-water was safe and well tolerated, and a significant improvement in total UPDRS scores for patients in the H_-water group was demonstrated.",Positive,Human,Brain,Parkinson's Disease,Oxidative Stress,Water (Dissolved),Neutral,Ingestion,,Levodopa,Japan,,,,,,,,,,,,,,,,,,,,,,,,
770,"Ishibashi, Toru","Sato, Bunpei; Rikitake, Mariko; Seo, Tomoki; Kurokawa, Ryosuke; Hara, Yuichi; Naritomi, Yuji; Hara, Hiroshi","Nagao, Tetsuhiko",Consumption of water containing a high concentration of molecular hydrogen reduces oxidative stress and disease activity in patients with rheumatoid arthritis: an open-label pilot study ,2012,Medical Gas Research,10.1186/2045-9912-2-27 ,"Background: Rheumatoid arthritis (RA) is a chronic inflammatory disease characterized by the destruction of bone and cartilage. Although its etiology is unknown, the hydroxyl radical has been suggested to be involved in the pathogenesis of RA. Recently, molecular hydrogen (H2) was demonstrated to be a selective scavenger for the hydroxyl radical. Also, the method to prepare water containing extremely high concentration of H2 has been developed. We hypothesized that H2 in the water could complement conventional therapy by reducing the oxidative stress in RA. Methods: Twenty patients with rheumatoid arthritis (RA) drank 530 ml of water containing 4 to 5 ppm molecular hydrogen (high H2 water) every day for 4 weeks. After a 4-week wash-out period, the patients drank the high H2 water for another 4 weeks. Urinary 8-hydroxydeoxyguanine (8-OHdG) and disease activity (DAS28, using C-reactive protein [CRP] levels) was estimated at the end of each 4-week period. Results: Drinking high H2 water seems to raise the concentration of H2 more than the H2 saturated (1.6 ppm) water in vivo. Urinary 8-OHdG was significantly reduced by 14.3% (p < 0.01) on average. DAS28 also decreased from 3.83 to 3.02 (p < 0.01) during the same period. After the wash-out period, both the urinary 8-OHdG and the mean DAS28 decreased, compared to the end of the drinking period. During the second drinking period, the mean DAS28 was reduced from 2.83 to 2.26 (p < 0.01). Urinary 8-OHdG was not further reduced but remained below the baseline value. All the 5 patients with early RA (duration < 12 months) who did not show antibodies against cyclic citrullinated peptides (ACPAs) achieved remission, and 4 of them became symptom-free at the end of the study. Conclusions: The results suggest that the hydroxyl radical scavenger H2 effectively reduces oxidative stress in patients with this condition. The symptoms of RA were significantly improved with high H2 water.
",Positive,Human,Bone,Rheumatoid Arthritis (RA),Oxidative Stress,Water (Dissolved),Neutral,Ingestion,,,Japan,,,,,,,,,,,,,,,,,,,,,,,,
839,"Ito, Mikako","Ibi, Tohru; Sahashi, Ko; Ichihara, Masashi; Ito, Masafumi","Ohno, Kinji","Open-label trial and randomized, double-blind, placebo-controlled, crossover trial of hydrogen-enriched water for mitochondrial and inflammatory myopathies ",2011,Medical Gas Research,10.1186/2045-9912-1-24 ,"Background: Molecular hydrogen has prominent effects on more than 30 animal models especially of oxidative stress-mediated diseases and inflammatory diseases. In addition, hydrogen effects on humans have been reported in diabetes mellitus type 2, hemodialysis, metabolic syndrome, radiotherapy for liver cancer, and brain stem infarction. Hydrogen effects are ascribed to specific radical-scavenging activities that eliminate hydroxyl radical and peroxynitrite, and also to signal-modulating activities, but the detailed molecular mechanisms still remain elusive. Hydrogen is a safe molecule that is largely produced by intestinal bacteria in rodents and humans, and no adverse effects have been documented. Methods: We performed open-label trial of drinking 1.0 liter per day of hydrogen-enriched water for 12 weeks in five patients with progressive muscular dystrophy (PMD), four patients with polymyositis/dermatomyositis (PM/DM), and five patients with mitochondrial myopathies (MM), and measured 18 serum parameters as well as urinary 8-isoprostane every 4 weeks. We next conducted randomized, double-blind, placebo-controlled, crossover trial of 0.5 liter per day of hydrogen-enriched water or placebo water for 8 weeks in 10 patients with DM and 12 patients with MM, and measured 18 serum parameters every 4 weeks. Results: In the open-label trial, no objective improvement or worsening of clinical symptoms was observed. We, however, observed significant effects in lactate-to-pyruvate ratios in PMD and MM, fasting blood glucose in PMD, serum matrix metalloproteinase-3 (MMP3) in PM/DM, and serum triglycerides in PM/DM. In the double-blind trial, no objective clinical effects were observed, but a significant improvement was detected in lactate in MM. Lactate-to-pyruvate ratios in MM and MMP3 in DM also exhibited favorable responses but without statistical significance. No adverse effect was observed in either trial except for hypoglycemic episodes in an insulin-treated MELAS patient, which subsided by reducing the insulin dose. Conclusions: Hydrogen-enriched water improves mitochondrial dysfunction in MM and inflammatory processes in PM/DM. Less prominent effects with the double-blind trial compared to the open-label trial were likely due to a lower amount of administered hydrogen and a shorter observation period, which implies a threshold effect or a dose-response effect of hydrogen.
",Positive,Human,Muscle,Muscular Dystrophy,Oxidative Stress,Water (Electrolysis),Neutral,Ingestion,,,Japan,,,,,,,,,,,,,,,,,,,,,,,,
844,"Kang, Ki-Mun","Kang, Young-Nam; Choi, Ihil-Bong; Gu, Yuenwa; Kawamura, Tomohiro; Toyoda, Yoshiya","Nakao, Atsunori",Effects of drinking hydrogen-rich water on the quality of life of patients treated with radiotherapy for liver tumors ,2011,Medical Gas Research,10.1186/2045-9912-1-11 ,"Background: Cancer patients receiving radiotherapy often experience fatigue and impaired quality of life (QOL). Many side effects of radiotherapy are believed to be associated with increased oxidative stress and inflammation due to the generation of reactive oxygen species during radiotherapy. Hydrogen can be administered as a therapeutic medical gas, has antioxidant properties, and reduces inflammation in tissues. This study examined whether hydrogen treatment, in the form of hydrogen-supplemented water, improved QOL in patients receiving radiotherapy. Methods: A randomized, placebo-controlled study was performed to evaluate the effects of drinking hydrogen-rich water on 49 patients receiving radiotherapy for malignant liver tumors. Hydrogen-rich water was produced by placing a metallic magnesium stick into drinking water (final hydrogen concentration; 0.55~0.65 mM). The Korean version of the European Organization for Research and Treatment of Cancer's QLQ-C30 instrument was used to evaluate global health status and QOL. The concentration of derivatives of reactive oxidative metabolites and biological antioxidant power in the peripheral blood were assessed. Results: The consumption of hydrogen-rich water for 6 weeks reduced reactive oxygen metabolites in the blood and maintained blood oxidation potential. QOL scores during radiotherapy were significantly improved in patients treated with hydrogen-rich water compared to patients receiving placebo water. There was no difference in tumor response to radiotherapy between the two groups. Conclusions: Daily consumption of hydrogen-rich water is a potentially novel, therapeutic strategy for improving QOL after radiation exposure. Consumption of hydrogen-rich water reduces the biological reaction to radiation-induced oxidative stress without compromising anti-tumor effects.
",Positive,Human,Liver,Cancer,Radioprotection,Water (Mg-Chemico),Alkaline,Ingestion,,,South Korea,,,,,,,,,,,,,,,,,,,,,,,,
865,"Ono, Hirohisa","Nishijima, Yoji; Adachi, Naoto; Tachibana, Shigekuni; Chitoku, Shiroh; Mukaihara, Shigeo; Sakamoto, Masaki; Kudo, Yohei; Nakazawa, Jun; Kaneko, Kumi","Nawashiro, Hiroshi","Improved brain MRI indices in the acute brain stem infarct sites treated with hydroxyl radical scavengers, Edaravone and hydrogen, as compared to Edaravone alone. A non-controlled study",2011,Medical Gas Research,10.1186/2045-9912-1-12,"In acute stage of cerebral infarction, MRI indices (rDWI & rADC) deteriorate during the first 3-7 days after the ictus and then gradually normalize in approximately 10 days (pseudonormalization time), although the tissue is already infarcted. Since effective treatments improve these indices significantly and in less than the natural pseudonormalization time, a combined analysis of these changes provides an opportunity for objective evaluation on the effectiveness of various treatments for cerebral infarction. Hydroxyl radicals are highly destructive to the tissue and aggravate cerebral infarction. We treated brainstem infarction patients in acute stage with hydroxyl radical scavengers (Edaravone and hydrogen) by intravenous administration and evaluated the effects of the treatment by a serial observation and analysis of these MRI indices. The effects of the treatment were evaluated and compared in two groups, an Edaravone alone group and a combined group with Edaravone and hydrogen, in order to assess beneficial effects of addition of hydrogen. The patients were divided in Edaravone only group (E group. 26 patients) and combined treatment group with Edaravone and hydrogen enriched saline (EH group. 8 patients). The extent of the initial hump of rDWI, the initial dip of rADC and pseudo-normalization time were determined in each patient serially and averages of these data were compared in these two groups and also with the natural course in the literatures. The initial hump of rDWI reached 2.0 in the E group which was better than 2.5 of the natural course but was not as good as 1.5 of the EH group. The initial dip of rADC was 0.6 in the E group which was close to the natural course but worse than 0.8 of the EH group. Pseudonormalization time of rDWI and rADC was 9 days only in EH group but longer in other groups. Addition of hydrogen caused no side effects. Administration of hydroxyl radical scavengers in acute stage of brainstem infarction improved MRI indices against the natural course. The effects were more obvious and significant in the EH group. These findings may imply the need for more frequent daily administration of hydroxyl scavenger, or possible additional hydrogen effects on scavenger mechanisms.",Positive,Human,Brain,Brain Injury,Ischemia-Reperfusion (I/R) Injury,Saline (Dissolved),Neutral,Injection,,,Japan,,,,,,,,,,,,,,,,,,,,,,,,
897,"Huang, Kuo-Chin","Hsu, Shih-Ping; Yang, Chih-Ching; Ou-Yang, Pu; Lee, Kun-Tai; Morisawa, Shinkatsu; Otsubo, Kazumichi","Chien, Chiang-Ting",Electrolysed-reduced water dialysate improves T-cell damage in end-stage renal disease patients with chronic haemodialysis ,2010,"Nephrology, Dialysis, and Transplantation",10.1093/ndt/gfq082 ,"Background: T-cell damage by increased oxidative stress in end-stage renal disease (ESRD) patients undergoing chronic haemodialysis (HD) led to the increased T-cell apoptosis and the alteration of surface markers and Th1/Th2 ratio in CD4(+) T lymphocytes. Antioxidant electrolysed-reduced water (ERW) was used as the dialysate in ESRD patients undergoing chronic HD to test for improved oxidative stress-related T-cell apoptosis, alterations of surface markers and intracellular cytokine profile. Methods: We evaluated apoptosis formation by annexin V, CD25-related surface markers, and cytokine ratio of Th1/Th2 in CD4(+) T lymphocytes and Tc1/Tc2 in CD8(+) T lymphocytes of 42 ESRD patients haemodialysed with ERW for 1 year. Results: In comparison to 12 healthy individuals, the ESRD patients had more T-cell apoptosis and less CD3(+), CD4(+) and CD8(+) T cells and CD25/CD69/CD94/CD3(+) phenotypes at baseline. Lower intracellular IL-2 and IFN-gamma levels in the Th1/CD4(+) and Tc1/CD8(+) cells and higher intracellular IL-4, IL-6 and IL-10 levels in the Th2/CD4(+) and Tc2/CD8(+) cells were also noted in the ESRD patients. After a 1-year ERW treatment, the patients had a decrease in T-cell apoptosis and increases in CD3(+), CD4(+) and CD8(+) cell numbers and CD25/CD69/CD94/CD3(+) phenotypes in the T cells. The intracellular IL-2 and IFN-gamma levels in the Th1/Tc1 cells significantly (P < 0.05) increased and the intracellular IL-4, IL-6 and IL-10 levels in the Th2/Tc2 cells decreased. Furthermore, the Th1/Th2 and Tc1/Tc2 cytokine ratios were improved toward a normal status. Conclusion: One-year ERW treatment effectively ameliorated T-cell apoptosis, altered CD25-related surface markers and intracellular cytokine profile in the HD patients.
",Positive,Human,Kidney,Haemodialysis,Immune Dysfunction,Water (Electrolysis),Alkaline,Injection,,,Taiwan,,,,,,,,,,,,,,,,,,,,,,,,
899,"Jiang, Rong-San","Wu, S.H.; Liang, K.L.; Lin, J.F.; Su, M.C.; Chen, W.K.","Lu, Fung-Jou",Antibacterial effect of electrolysed acid water on the nasal discharge from patients with chronic rhinosinusitis,2010,European Journal of Clinical Microbiology,10.1007/s10096-010-0894-2,"This study was conducted to determine whether electrolysed acid water (EAW) increased the antibacterial effect of irrigating solution used in the management of chronic rhinosinusitis (CRS). One hundred CRS patients were recruited from April 2008 to February 2009. Four swab specimens were taken from the ipsilateral middle meatus of each patient and one was placed in a Thanswab tube, while the other three were each placed randomly in one of three glass tubes containing either 5 ml of EAW, distilled water or 70% alcohol. They were immediately sent to the laboratory for aerobic and anaerobic cultures. Bacteria grew from 36 specimens when they were placed in a Thanswab tube, from four when placed in a tube with EAW, 30 when placed in distilled water and two when placed in alcohol. The culture rate was significantly lower when the specimens were placed in a tube with EAW as compared with distilled water or in a Thanswab tube, but was not different compared with alcohol. The bacteria that grew from four specimens after first being processed by EAW were all anaerobes. This study showed that EAW exhibited an increased antibacterial effect on bacteria grown from the nasal discharge of CRS patients.",Positive,Human,Nose,Rhinosinusitis,Pathogenic Bacterial Load,Water (Electrolysis),Acidic,Irrigation,,,Taiwan,,,,,,,,,,,,,,,,,,,,,,,,
909,"Nakayama, Masaaki","Nakano, Hirofumi; Hamada, Hiromi; Itami, Noritomo; Nakazawa, Ryoichi","Ito, Sadayoshi",A novel bioactive haemodialysis system using dissolved dihydrogen (H2) produced by water electrolysis: a clinical trial,2010,"Nephrology, Dialysis, and Transplantation",10.1093/ndt/gfq196 ,"Background: Chronic inflammation in haemodialysis (HD) patients indicates a poor prognosis. However, therapeutic approaches are limited. Hydrogen gas (H(2)) ameliorates oxidative and inflammatory injuries to organs in animal models. We developed an HD system using a dialysis solution with high levels of dissolved H(2) and examined the clinical effects. Methods: Dialysis solution with H(2) (average of 48 ppb) was produced by mixing dialysate concentrates and reverse osmosis water containing dissolved H(2) generated by a water electrolysis technique. Subjects comprised 21 stable patients on standard HD who were switched to the test HD for 6 months at three sessions a week. Results: During the study period, no adverse clinical signs or symptoms were observed. A significant decrease in systolic blood pressure (SBP) before and after dialysis was observed during the study, and a significant number of patients achieved SBP <140 mmHg after HD (baseline, 21%; 6 months, 62%; P < 0.05). Changes in dialysis parameters were minimal, while significant decreases in levels of plasma monocyte chemoattractant protein 1 (P < 0.01) and myeloperoxidase (P < 0.05) were identified. Conclusions: Adding H(2) to haemodialysis solutions ameliorated inflammatory reactions and improved BP control. This system could offer a novel therapeutic option for control of uraemia.
",Positive,Human,Kidney,Haemodialysis,Oxidative Stress,Water (Electrolysis),Alkaline,Injection,,,Japan,,,,,,,,,,,,,,,,,,,,,,,,
943,"Nakayama, Masaaki","Kabayama, S.; Nakano, H.; Zhu, W.J.; Terawaki, H.; Nakayama, K.; Katoh, K.; Satoh, T.","Ito, Sadayoshi",Biological Effects of Electrolyzed Water in Hemodialysis,2009,Nephron Clinical Practice,10.1159/000210569,"Background: Chronic inflammation in haemodialysis (HD) patients indicates a poor prognosis. However, therapeutic approaches are limited. Hydrogen gas (H(2)) ameliorates oxidative and inflammatory injuries to organs in animal models. We developed an HD system using a dialysis solution with high levels of dissolved H(2) and examined the clinical effects. Methods: Dialysis solution with H(2) (average of 48 ppb) was produced by mixing dialysate concentrates and reverse osmosis water containing dissolved H(2) generated by a water electrolysis technique. Subjects comprised 21 stable patients on standard HD who were switched to the test HD for 6 months at three sessions a week. Results: During the study period, no adverse clinical signs or symptoms were observed. A significant decrease in systolic blood pressure (SBP) before and after dialysis was observed during the study, and a significant number of patients achieved SBP <140 mmHg after HD (baseline, 21%; 6 months, 62%; P < 0.05). Changes in dialysis parameters were minimal, while significant decreases in levels of plasma monocyte chemoattractant protein 1 (P < 0.01) and myeloperoxidase (P < 0.05) were identified. Conclusions: Adding H(2) to haemodialysis solutions ameliorated inflammatory reactions and improved BP control. This system could offer a novel therapeutic option for control of uraemia.
",Positive,Human,Kidney,Haemodialysis,Inflammation,Water (Electrolysis),Alkaline,Injection,,,Japan,,,,,,,,,,,,,,,,,,,,,,,,
969,"Huang, Kuo-Chin","Yang, C.-C.; Hsu, S.-P.; Lee, K.-T.; Liu, H.-W.; Morisawa, S.; Otsubo, K.","Chien, Chiang-Ting",Electrolyzed-reduced water reduced hemodialysis-induced erythrocyte impairment in end-stage renal disease patients ,2006,Kidney International,10.1038/sj.ki.5001576 ,"Chronic hemodialysis (HD) patients increase erythrocyte susceptibility to hemolysis and impair cell survival. We explored whether electrolyte-reduced water (ERW) could palliate HD-evoked erythrocyte impairment and anemia. Forty-three patients undergoing chronic HD were enrolled and received ERW administration for 6 month. We evaluated oxidative stress in blood and plasma, erythrocyte methemoglobin (metHb)/ferricyanide reductase activity, plasma metHb, and proinflammatory cytokines in the chronic HD patients without treatment (n=15) or with vitamin C (VC)- (n=15), vitamin E (VE)-coated dialyzer (n=15), or ERW treatment (n=15) during an HD course. The patients showed marked increases (15-fold) in blood reactive oxygen species, mostly H(2)O(2), after HD without any treatment. HD resulted in decreased plasma VC, total antioxidant status, and erythrocyte metHb/ferricyanide reductase activity and increased erythrocyte levels of phosphatidylcholine hydroperoxide (PCOOH) and plasma metHb. Antioxidants treatment significantly palliated single HD course-induced oxidative stress, plasma and RBC PCOOH, and plasma metHb levels, and preserved erythrocyte metHb /ferricyanide reductase activity in an order VC>ERW>VE-coated dialyzer. However, ERW had no side effects of oxalate accumulation easily induced by VC. Six-month ERW treatment increased hematocrit and attenuated proinflammatory cytokines profile in the HD patients. In conclusion, ERW treatment administration is effective in palliating HD-evoked oxidative stress, as indicated by lipid peroxidation, hemolysis, and overexpression of proinflammatory cytokines in HD patients. ",Positive,Human,Kidney,Haemodialysis,Inflammation,Water (Electrolysis),Alkaline,Injection,,,Taiwan,,,,,,,,,,,,,,,,,,,,,,,,
985,"Huang, Kuo-Chin","Yang, Chih-Ching; Lee, Kun-Tai","Chien, Chiang-Ting",Reduced hemodialysis-induced oxidative stress in end-stage renal disease patients by electrolyzed reduced water ,2003,Kidney International,10.1046/j.1523-1755.2003.00118.x ,"Background: Increased oxidative stress in end-stage renal disease (ESRD) patients may oxidize macromolecules and consequently lead to cardiovascular events during chronic hemodialysis. Electrolyzed reduced water (ERW) with reactive oxygen species (ROS) scavenging ability may have a potential effect on reduction of hemodialysis-induced oxidative stress in ESRD patients. Methods: We developed a chemiluminescence emission spectrum and high-performance liquid chromatography analysis to assess the effect of ERW replacement on plasma ROS (H2O2 and HOCl) scavenging activity and oxidized lipid or protein production in ESRD patients undergoing hemodialysis. Oxidized markers, dityrosine, methylguanidine, and phosphatidylcholine hydroperoxide, and inflammatory markers, interleukin 6 (IL-6), and C-reactive protein (CRP) were determined. Results: Although hemodialysis efficiently removes dityrosine and creatinine, hemodialysis increased oxidative stress, including phosphatidylcholine hydroperoxide, and methylguanidine. Hemodialysis reduced the plasma ROS scavenging activity, as shown by the augmented reference H2O2 and HOCl counts (Rh2o2 and Rhocl, respectively) and decreased antioxidative activity (expressed as total antioxidant status in this study). ERW administration diminished hemodialysis-enhanced Rh2o2 and Rhocl, minimized oxidized and inflammatory markers (CRP and IL-6), and partly restored total antioxidant status during 1-month treatment. Conclusion: This study demonstrates that hemodialysis with ERW administration may efficiently increase the H2O2- and HOCl-dependent antioxidant defense and reduce H2O2- and HOCl-induced oxidative stress.
",Positive,Human,Kidney,Haemodialysis,Oxidative Stress,Water (Electrolysis),Alkaline,Injection,,,Taiwan,,,,,,,,,,,,,,,,,,,,,,,,
988,"Ohuchi, Shingo","Kawazoe, Kohei; Ishihara, Kazuaki; Izumoto, Hiroshi","Eishi, Kiyoyuki",Management with Closed Irrigation for Post-Sternotomy Mediastinitis: Experience with the Use of Electrolyzed Strong Acid Aqueous Solution,2003,Japanese Journal of Thoracic and Cardiovascular Surgery,10.1007/s11748-003-0112-6,"The aim of this study was to assess the adequacy of our treatment strategy for patients with post-sternotomy mediastinitis. Between May 1997 and December 2000, 1,045 consecutive adult cardiac operations were performed at our center. Mediastinitis occurred in 8 patients (0.77%) and as treatment, they underwent (1) aggressive debridement, (2) closed irrigation and drainage, and (3) transvenous administration of antibiotics. We irrigated the mediastinum with 0.1-1.0% povidone-iodine solution, alternating with electrolyzed strong acid aqueous solution. We subsequently reviewed the outcome after the closed irrigation treatment for patients with post-sternotomy mediastinitis. In four of the 8 patients, the culture specimen grew Methicillin-resistant Staphylococcus aureus. In the others, Serratia marcescens, Staphylococcus epidermidis, Pseudomonas aeruginosa and Gram-negative rods were cultured. The mean period between primary surgery and the diagnosis of mediastinitis was 16.3 (8 -57) days. The mean period between diagnosis of mediastinitis and the start of the irrigation treatment was 0.8 (0-3) days. The mean irrigation period was 30.0 (14-47) days. The irrigation complications were mild hepatic dysfunction in 2 patients, hyponatremia in 2 and protracted wound infection in 1. The hospital mortality was 1/8 (12.5%). Seven survivors are free from recurrent mediastinitis. Our experience of closed irrigation and drainage suggests that it can yield satisfactory results after post-sternotomy mediastinitis, comparable to other reported results with or without muscle flaps.",Positive,Human,Whole Body,Surgery/Transplantation,Pathogenic Bacterial Load,Water (Electrolysis),Acidic,Irrigation,,,Japan,,,,,,,,,,,,,,,,,,,,,,,,
1003,"Fontanari, Pierre","Badier, M.; Guillot, Ch.; Tomei, Charles; Burnet, H.; Gardette, B.","Jammes, Y.",Changes in maximal performance of inspiratory and skeletal muscles during and after the 7.1-MPa Hydra 10 record human dive,2000,European Journal of Applied Physiology,10.1007/s004210050050,"During the 7.1-MPa hydrogen-helium-oxygen record human dive, we tested the hypothesis that the increased ambient pressure would alter the maximal muscle performance, specifically that breathing dense gas would lead to fatigue of the respiratory muscle. A group of hand muscles (adductor pollicis, AP) and the inspiratory muscles (IM) were studied in three professional divers. Maximal voluntary contractions (MVC) of AP and maximal inspiratory pressure (P imax) generated by IM were measured prior to the dive, during compression and decompression, and then 1 and 2 months after the dive. The decrease in MVC (_22%) was significant at 3.1 MPa, i.e. at the beginning of the introduction of hydrogen into the breathing mixture, whereas P imax fell progressively during the dive and decompression (maximal _P imax = _55%), a significant reduction still being measured 1 month after the dive. The altered IM function was attributed to the consequences of long-term ventilatory loading, a condition associated with breathing a dense gas. The transient decrease in MVC of the skeletal muscle would indicate a possible effect of the hyperbaric environment, possibly the high partial pressure of hydrogen, on neuromuscular drive.",Neutral,Human,Whole Body,Diving,Fatigue,Gas,N/A,Inhalation,,Helium; Oxygen,France,,,,,,,,,,,,,,,,,,,,,,,,
1006,"Ogino, H.","Ueda, Y.; Sugita, T.; Matsuyama, K.; Matsubayashi, K.; Nomoto, T.; Yoshimura, S.","Yoshioka, T.","Treatment for Abdominal Aortic Graft Infection: Irrigation with Electrolyzed Strong Aqueous Acid, In-situ Grafting, and Omentoplasty",2000,Thoracic and Cardiovascular Surgeon,10.1055/s-2000-8889,"We report on successful surgical treatment of consecutive three patients with infection of an abdominal aortic graft, Therapy involved a combination of removal of the infected graft, elaborate debridement, irrigation with electrolyzed strongly acidic aqueous solution (ESAAS), in-situ regrafting, and omentoplasty. The use of ESAAS is discussed.",Positive,Human,Heart,Surgery/Transplantation,Transplantation/Graft Injury,Water (Electrolysis),Acidic,Irrigation,,,Japan,,,,,,,,,,,,,,,,,,,,,,,,
1016,"Hayashi, Hideaki","Kumon, Keiji; Yahagi, Naoki; Haruna, Masaki; Watanbe, Yasuhiko; Matsui, Junki","Hattori, Reiji",Successful Treatment of Mediastinitis after Cardiovascular Surgery Using Electrolyzed Strong Acid Aqueous Solution,1997,Artificial Organs,10.1111/j.1525-1594.1997.tb00697.x,"Dilute povidone-iodine solution has been widely used as an irrigant for the treatment of mediastinitis. However, its use is not without adverse effects and often cause? poor growth of pinulation tissues. To avoid the problems seen with the use of povidone-iodine solution, we applied electrolyzed strong acid aqueous solution (ESAAS) to mediastinal irrigation in 4 patients (2 infants and 2 adults) who developed mediastinitis after cardiovascular surgery. According to the “open” method, the mediastinal wound was left open and irrigated with ESAAS 1 to 3 times a day until the infection was eradicated. Satisfactory growth of granulation tissues was observed in all patients treated with no evidence of adverse effects attributable to ESAAS. Delayed primary sternum closure was performed for 2 patients. and musculocutaneous transposition of rectus abdominis for 1. Our experience suggests that irrigation with ESAAS is a safe and effective method of therapy for mediastinitis. Keg Words: Electrolyzed strong acid aqueous solution—Mediastinitis—Median sternotomy—Povidone-iodine— Cardiovascular surgery—Postoperative complication.",Positive,Human,Whole Body,Surgery/Transplantation,Pathogenic Bacterial Load,Saline (Electrolysis),Acidic,Irrigation,,,Japan,,,,,,,,,,,,,,,,,,,,,,,,
1017,"Inoue, Yoshihiro","Endo, Shigeatsu; Kondo, Koryo; Ito, Hironobu; Omori, Hiroaki","Saito, Kazuyoshi",Trial of Electrolyzed Strong Acid Aqueous Solution Lavage in the Treatment of Peritonitis and Intraperitoneal Abscess,1997,Artificial Organs,10.1111/j.1525-1594.1997.tb00695.x,"Electrolyzed strong acid aqueous solution is acidic water that contains active oxygen and active chlorine and possesses a redox potential. We performed peritoneal and abscess lavages with an electrolyzed strong acid aqueous solution to treat 7 patients with peritonitis and intraperitoneal abscesses, who were seen in our department between December 1994 and April 1995. The underlying disease was duodenal ulcer perforation in 4 of these 7 patients and gastric ulcer perforation, acute enteritis, and intraperitoneal perforation of pyometrium in 1 patient each. Irrigation was performed twice a day. Micro biological studies of the paracentesis fluid were negative in 3 cases, and the irrigation period was 2–4 days. Anaerobic bacteria were isolated in 3 of the 4 positive cases (Bacteroides in 2, Prevotella in l), and a fungus (Candida) was isolated in the remaining patient. The period of irrigation in these patients ranged from 9 to 12 days, but conversion to a microorganism negative state was observed in 3–7 days.",Positive,Human,Peritonium,Sepsis,Peritonitis,Water (Electrolysis),Acidic,Irrigation,,,Japan,,,,,,,,,,,,,,,,,,,,,,,,
1021,"Lafay, V.","Barthelemy, P.; Comet, B.; Frances, Y.","Jammes, Y.","ECG changes during the experimental human dive HYDRA 10 (71 atm/7,200 kPa) ",1995,Undersea and Hyperbaric Medicine,7742710,"Electrocardiogram (ECG) analysis was performed in three human divers during a 71 atm (7,200 kPa) saturation dive (COMEX HYDRA 10 experiment). The inhaled gas mixture was slightly hyperoxic; its composition was basically helium and oxygen. Hydrogen was introduced during compression and its partial pressure reached 20 atm. ECG changes were the same in the three divers. Marked bradycardia rapidly appeared at the beginning of compression, then this response adapted throughout the dive. P-R, QRS, and Q-T intervals and the S-T segment did not change significantly. The QRS axis remained stable. However, a rightward shift occurred in P and T vector angles. These changes were correlated with time and gas density, respectively. The modifications of ventricular repolarization during compression are similar to those we observed during the HYDRA 9 COMEX dive. They may correspond to changes in duration of myocardial cell repolarization due to increased intrathoracic pressure changes with dense-gas breathing. A marked global diminution of voltage occurred during the decompression period. This suggests that accumulation of micro bubbles in tissues may influence the impedance, causing an artifact in the amplitude of ECG complexes. ",Neutral,Human,Whole Body,Diving,High-Pressure Nervous Syndrome,Gas,N/A,Inhalation,,Helium; Oxygen,France,,,,,,,,,,,,,,,,,,,,,,,,
1023,"Abraini, J.H.","Gardette-Chauffor, M.C.; Martinez, E.; Rostain, J.C.","Lemaire, C.",Psychophysiological reactions in humans during an open sea dive to 500 m with a hydrogen-helium-oxygen mixture,1994,Journal of Applied Physiology,10.1152/jappl.1994.76.3.1113,"Six commercial divers were investigated for neurological and psychosensorimotor responses during an open sea dive to 500 m with a hydrogen-helium-oxygen mixture containing 49% hydrogen. Results showed only moderate neurological symptoms of high-pressure nervous syndrome, whereas the narcotic effect of hydrogen was detectable, as investigated by psychosensorimotor tests. Nevertheless, the divers successfully carried out the main purpose of the operational dive, which was to prove the feasability of such diving methods by connecting specific elements of an offshore oil installation. Finally, these data support the hypothesis that hydrogen can alleviate some of the symptoms of the high-pressure nervous syndrome and can constitute a useful gas for commercial diving, as it decreases the density of the breathing mixture and therefore improves the living conditions, work, and comfort of the divers. Nevertheless, the present results underscore the relevance of research on individual susceptibility to pressure environment regardless of the composition of the breathing mixture.",Positive,Human,Whole Body,Diving,High-Pressure Nervous Syndrome,Gas,N/A,Inhalation,,Helium; Oxygen,France,,,,,,,,,,,,,,,,,,,,,,,,
1026,"Pilcher, J.E.",,,Senn on the Diagnosis of Gastro-Intestinal Perforation by the Rectal Insufflation of Hydrogen Gas,1888,Annals of Surgery,10.1097/00000658-188807000-00087,No abstract available,Positive,Human,Intestine,Surgery/Transplantation,Diagnosis,Gas,N/A,Ventilation,,,United States,,,,,,,,,,,,,,,,,,,,,,,,
1049,"Yoritaka, Asako","Kobayashi, Yasuko; Hayashi, Tetsuo; Saiki, Shinji","Hattori, Nobutaka",Randomized double-blind placebo-controlled trial of hydrogen inhalation for Parkinson's disease: a pilot study ,2021,Neurological Sciences,10.1007/s10072-021-05489-4,"Background: Oxidative stress is involved in the progression of Parkinson's disease (PD). Recent studies have confirmed that molecular hydrogen (H2) functions as a highly effective antioxidant in animal models of PD. A placebo-controlled, randomized, double-blind, parallel-group clinical pilot study was conducted to assess the efficacy of hydrogen gas inhalation in Japanese patients with PD on treatment with levodopa. Methods: Twenty participants fulfilling the Movement Disorder Society criteria were enrolled. Participants inhaled 6.5 (0.1) vol% hydrogen gas in 2 L/min of mixed air or placebo air for 16 weeks, twice a day for 1 h. Results: Five participants were excluded due to deviation from the protocol of the total duration of inhalation < 112 h. No significant differences were seen in the change in the total Movement Disorder Society Unified Parkinson's Disease Rating Scale score from baseline to the 16th week between the group that inhaled hydrogen gas and the group that inhaled placebo air (Mann-Whitney U test, p > 0.05). No adverse events were seen. The compliance to the protocol-based duration of inhalation time in all participants decreased with the elderly participants, the higher daily dose of levodopa, and the higher PDQ-39 items on emotions (n = 20, p < 0.05). Conclusion: This pilot study revealed that the inhalation of molecular hydrogen gas was safe, but did not show any beneficial effects in patients with PD. Trial registration: UMIN ID: 000,039,217 (October 6, 2018).
",Neutral,Human,Brain,Parkinson's Disease,Neurodegeneration,Gas,N/A,Inhalation,,Levodopa,Japan,,,,,,,,,,,,,,,,,,,,,,,,
1084,"Danilova, D.A.","Brichkin, Yu.D.; Medvedev, A.P.; Pichugin, V.V.; Fedorov, S.A.; Taranov, E.V.; Nazarov, E.I.; Ryazanov, M.V.; Bolshukhin, G.V.","Deryugina, A.V.",Application of Molecular Hydrogen in Heart Surgery under Cardiopulmonary Bypass,2021,Sovremennye Teknologii v Meditsine,10.17691/stm2021.13.1.09,"The aim of this work was to study the effect of molecular hydrogen on oxidative processes in cardiac surgery patients with acquired valve heart disease applied during surgery under cardiopulmonary bypass (CPB). Materials and methods: The study involved 20 patients (16 men and 4 women) with acquired heart valve disease who were operated on under CPB. Two groups of patients were formed. In group 1 (n=11), anesthesia included inhalations of molecular hydrogen, which was supplied to the breathing circuit of the ventilator at a concentration of 1.5-2.0% immediately after tracheal intubation and throughout the operation. In group 2 (n=9), inhalation of molecular hydrogen was not performed. Blood sampling was taken at 4 stages: immediately after anesthesia induction, before CPB and after its termination, and also one day after the operation. The intensity of the processes of lipid peroxidation was evaluated by the level of diene (DC) and triene (TC) conjugates, Schiff bases (SB). Results: In the patients of group 1, the arterial blood samples showed a decrease in the level of TC and SB, as compared to the first stage of the study, before the initiation of CPB and one day after the operation. An increase in the level of DC and TC was detected after the termination of CPB (p<0.05). In the venous blood samples, an increase in the level of DC was noted before the initiation of CPB, which was restored by the third stage of the study (p<0.05). At the same time, after the termination of CPB, a tendency towards a decrease in TC and SB was observed, which persisted one day after the operation.In the patients of group 2, an increase in the concentration of SB in the arterial blood samples was recorded during the study as compared to the first stage. The level of TC and SB in the venous blood samples increased one day after the operation. Conclusion: Intraoperative inhalation of molecular hydrogen leads to a decrease in the oxidative stress manifestation, it being most pronounced one day after the operation. This suggests that molecular hydrogen can be used in cardiac surgery as an effective and safe antioxidant.
",Positive,Human,Heart,Surgery/Transplantation,Cardiopulmonary Bypass,Gas,N/A,Inhalation,,,Russia,,,,,,,,,,,,,,,,,,,,,,,,
1094,"LeBaron, Tyler W.","Kharman, Jason","McCullough, Michael L.","An H2-infused, nitric oxide-producing functional beverage as a neuroprotective agent for TBIs and concussions",2021,Journal of Integrative Neuroscience,10.31083/j.jin2003071,"Traumatic brain injuries (TBIs) are a leading cause of death and disability. Sports-related TBIs are estimated to be more than several million per year. The pathophysiology of TBIs involves high levels of inflammation, oxidative stress, dysregulation of ion homeostasis, mitochondrial dysfunction, and apoptosis. There is also a reduction in cerebral blood flow, leading to hypoxia and reduced removal of metabolic waste, which further exacerbates the injury. There is currently no recognized effective medical treatment or intervention for TBIs, which may in part be due to the difficulty of drug delivery through the blood-brain barrier. Molecular hydrogen has recently emerged as a neuroprotective medical gas against cerebral infarction and neurodegenerative diseases including TBIs. Its small molecular size and nonpolar nature allow it to easily diffuse through the blood-brain barrier, cell membranes and subcellular compartments. Hydrogen has been shown to exert selective anti-inflammatory, antioxidant, and anti-apoptotic effects by regulating various transcription factors and protein phosphorylation cascades. Nitric oxide is another well-recognized medical gas that plays divergent roles in protecting from and in the recovery of TBIs, as well as in contributing to their pathophysiology and injury. Excessive activation of inducible nitric oxide synthase leads to excess inflammation and oxidative/nitrosative damage as well as a paradoxical nitric oxide depletion in the locations it is needed. Hydrogen regulates nitric oxide production and metabolism, which enhances its benefits while reducing its harms. A novel H2-infused, nitric oxide producing beverage, Hydro Shot, may have important neuroprotective benefits for TBIs. We report preliminary indications that Hydro Shot may be a meaningful adjuvant treatment for TBIs. ",Positive,Human,Brain,Traumatic Brain Injury,Concussion,"Water, Commercial (Hydro Shot)",Neutral,Ingestion,,,United States,,,,,,,,,,,,,,,,,,,,,,,,
1107,"Singh, Ram B.","Halabi, Ghazi; Fatima, Ghizal; Rai, Richa H.; Tarnava, Alexander T.","LeBaron, Tyler W.",Molecular hydrogen as an adjuvant therapy may be associated with increased oxygen saturation and improved exercise tolerance in a COVID-19 patient,2021,Clinical Case Reports,10.1002/ccr3.5039 ,Administration of molecular hydrogen dissolved in water to patient with COVID-19-like symptoms may improve oxygen levels and exercise capacity. ,Positive,Human,Lung,SARS/COVID,Fatigue,Water (Mg-Chemico),Alkaline,Ingestion,,,India,,,,,,,,,,,,,,,,,,,,,,,,
1117,"Kaibori, Masaki",,"Kosaka, Hisashi",Effect of hydrogen gas inhalation on patient QOL after hepatectomy: protocol for a randomized controlled trial ,2021,Trials,10.1186/s13063-021-05697-5 ,"Introduction: Molecular hydrogen had been considered inactive in vivo but is an antioxidant that selectively reduces highly toxic reactive oxygen species (ROS). Animal studies have reported that hydrogen gas inhalation helped alleviate cerebral and cardiac ischemia-reperfusion injuries. In humans, hydrogen inhalation therapy is presently approved as a treatment under Advanced Medical Care B in Japan (jRCTs031180352: limited to adult patients who suffered out-of-hospital cardiac arrest and are in a continuous coma) and its effectiveness is being examined in a clinical trial. The Japanese government has introduced the 'Advanced Medical Care System' to promote the development of drugs and devices under governmental regulations. Advanced Medical Care B is a system designed for unapproved or off-label drugs or medical technologies used in a clinical trial setting. Hepatectomy is generally performed with repeated hepatic blood-flow occlusion and then reperfusion (ischemia and reperfusion). No report, however, has been made on ROS inhibition by hydrogen inhalation therapy or its effectiveness in post-hepatectomy patients. Hydrogen gas inhalation in the early stages after hepatectomy is anticipated to inhibit liver dysfunction by inhibiting ROS. Methods and analysis: This study is a randomized, controlled, double-blind superiority trial, which will be conducted as a 'specified clinical trial' in accordance with the Clinical Trials Act in Japan. Trial registration was prospectively completed before the first participant was enrolled. The subjects will be patients who will undergo hepatectomy and will be allocated randomly into group A with hydrogen gas inhalation or group B with air inhalation after hepatectomy. The study will examine if hydrogen gas inhalation improves QOL of post-hepatectomy patients. The primary endpoint is patient QOL (score of a 40-item quality of recovery questionnaire, QoR40) on postoperative day 3 and the secondary endpoints are QoR40s besides that on postoperative day 3, grade of postoperative complications (Clavien-Dindo score), level of pain (Numerical Rating Scale (NRS)), amount of dietary intake, liver function, inflammation level, 8-hydroxydeoxyguanosine (urinary 8-OHdG) level, and number of pedometer-assessed steps. Ethics and dissemination: The study protocol has been approved by the Niigata University Central Review Board of Clinical Research. The findings of this study will be widely disseminated through peer-reviewed publications and conference presentations. Trial registration: jRCTs 03220332 . Registered on 21 January 2021.
",Neutral,Human,Liver,Surgery/Transplantation,Postoperative Liver Failure,Gas,N/A,Inhalation,,,Japan,,,,,,,,,,,,,,,,,,,,,,,,
1118,"Cortan, C.",,"Delauze, H.G.",Hydra V Hydrogen Experimental Dive To 450 Meters,1986,Offshore Technology Conference,10.4043/5261-MS,"HYDRAV was performed in COMEX Marseille hyperbaric Research Center in May and June 1985.During this Experiment, 6 divers lived at a simulated depth of 450 meters in a hyperbaric atmosphere composed of hydrogen, helium and oxygen (hydreliox). Tradition deep diving with helium is limited by 2 Factor: – High Pressure Nervous syndrome (HENS) that causes Motricity disorders beyond 300 meters. – Gas density that impairs pulmonary ventilation. Hydrogen should extend these limits thanks to its Narcotic potency that has an antagonistic effect on the HPNS syndrome and thanks to its light molecular mass. HYDRAV, first hydrogen experimental saturation dive, was successfully performed. All the equipment and techniques especially developed to use hydrogen have proved entirely satisfactory. From the biomedical standpoint the improvement with reference to Heliox is outstanding: – No High Pressure nervous Syndrome, – Easier breathing. The very promising results of HYDRAV will hopefully lead to quick offshore industrial applications. Hydrogen will enable divers to work in water depths Ranging from 400 to 600 meter and certainly beyond. INTRODUCTION: For more than 20 years now, all deep commercial Dives have been carried out using breathing mixtures Made up essentially of helium and oxygen. Helium has allowed the professional diver to work on the continental shelf area down to depths of 300 meters. In this range, equipments and methods are now relatively well established. However, in spite of its remarkable qualities helium alone cannot be the vector of oxygen in breathing mixtures beyond a certain depth. Indeed, deep divers must cope with 2 limiting Factors: – The High Pressure Nervous Syndrome(HPNS), linked to the effects of hydrostatic pressure on the central nervous system. These appear in the 250 /300 meter range and increase with depth, Causing motor disturbance that may seriously Impairs work efficiency. – The density of breathing mixtures, which increases proportionally to pressure, demands a subsequent increase in breathing efforts, which hinders work capacity. The following countermeasure may be proposed: – The effects of pressure can be reduced by adding to the breathing mixture a given amount of narcotic as (helium is not). – Gas density can be reduced by using a vector that has a lower molecular mass than helium. Hydrogen is the only gas that satisfies both these criteria. Because of the progress in the search and exploitation of deep offshore oilfields, C0OMEX decided to launch a new program for developing hydrogen diving. Experiment have been carried out both at sea and at Its research center in Marseille. – Hydra III- June1$&x dives at sea at depths of 75 and 91 meters. – Hydra IV - November 1983: chamber dives at depths of 120,150,183,240and 300 meter. – Hydra V - May and June 1985: chamber saturation Dives at 450 meters. The positive results of these series of experiments lead us to envision a rapid industrialization of deep diving using hydrogen breathing mixtures.",Positive,Human,Lung,Diving,High-Pressure Nervous Syndrome,Gas,N/A,Inhalation,,Helium; Oxygen,France,,,,,,,,,,,,,,,,,,,,,,,,
1145,"Luo, Peng","Ding, Yuanfang; He, Yuan; Chen, Dafeng; He, Qing; Huang, Zufeng; Huang, Shian","Lei, Wei",Hydrogen-oxygen therapy alleviates clinical symptoms in twelve patients hospitalized with COVID-19: A retrospective study of medical records,2022,Medicine,10.1097/MD.0000000000027759 ,"A global public health crisis caused by the 2019 novel coronavirus disease (COVID-19) leads to considerable morbidity and mortality, which bring great challenge to respiratory medicine. Hydrogen-oxygen therapy contributes to treat severe respiratory diseases and improve lung functions, yet there is no information to support the clinical use of this therapy in the COVID-19 pneumonia.A retrospective study of medical records was carried out in Shishou Hospital of Traditional Chinese Medicine in Hubei, China. COVID-19 patients (aged ≥ 30 years) admitted to the hospital from January 29 to March 20, 2020 were subjected to control group (n = 12) who received routine therapy and case group (n = 12) who received additional hydrogen-oxygen therapy. The clinical characteristics of COVID-19 patients were analyzed. The physiological and biochemical indexes, including immune inflammation indicators, electrolytes, myocardial enzyme profile, and functions of liver and kidney, were examined and investigated before and after hydrogen-oxygen therapy.The results showed significant decreases in the neutrophil percentage and the concentration and abnormal proportion of C-reactive protein in COVID-19 patients received additional hydrogen-oxygen therapy.This novel therapeutic may alleviate clinical symptoms of COVID-19 patients by suppressing inflammation responses. ",Positive,Human,Whole Body,SARS/COVID,Inflammation,Gas,N/A,Inhalation,Oxygen,Oxygen,China,,,,,,,,,,,,,,,,,,,,,,,,
1147,"Huang, Yan","Xiao, Feng-Ming; Tang, Wen-Jie; Qiao, Jing; Wei, Hai-Feng; Xie, Yuan-Yun","Wei, You-Zhen",Hydrogen inhalation promotes recovery of a patient in persistent vegetative state from intracerebral hemorrhage: A case report and literature review ,2022,World Journal of Clinical Cases,10.12998/wjcc.v10.i4.1311 ,"Background: Persistent vegetative state (PVS) is a devastating and long-lasting clinical condition with high morbidity and mortality; currently, there are no available effective interventions. Case summary: We report the case of an 11-year-old boy with PVS caused by severe intracerebral bleeding in the left hemisphere following anticoagulation treatment. The patient's PVS severity showed no notable improvement after 2-mo neuroprotective treatment and rehabilitation, including nerve growth factor and baclofen, hyperbaric oxygen, and comprehensive bedside rehabilitation therapies. Daily inhalation treatment (4-6 h) of high-concentration hydrogen (H2) gas (66.6% H2 + 33.3% O2) was provided. Surprisingly, the patient's orientation, consciousness, ability to speak, facial expressions, and locomotor function were significantly restored, along with improvements in essential general health status, after H2 gas inhalation treatment, which was consistent with stabilized neuropathology in the left hemisphere and increased Hounsfield unit values of computed tomography in the right hemisphere. The patient finally recovered to a near normal conscious state with a Coma Recovery Scale-Revised Score of 22 from his previous score of 3. Conclusion: Phase 1 clinical trials are needed to explore the safety and efficacy of H2 gas inhalation in patients with PVS.",Positive,Human,Brain,Coma,Intracranial Hemorrhage,Gas,N/A,Inhalation,,,China,,,,,,,,,,,,,,,,,,,,,,,,
1148,"Botek, Michal","Krejci, Jakub; Valenta, Michal; McKune, Andrew; Sladeckova, Barbora; Konecny, Petr; Klimesova, Iva","Pastucha, Dalibor",Molecular Hydrogen Positively Affects Physical and Respiratory Function in Acute Post-COVID-19 Patients: A New Perspective in Rehabilitation ,2022,International Journal of Environmental Research and Public Health,10.3390/ijerph19041992 ,"Molecular hydrogen (H2) is potentially a novel therapeutic gas for acute post-coronavirus disease 2019 (COVID-19) patients because it has antioxidative, anti-inflammatory, anti-apoptosis, and antifatigue properties. The aim of this study was to determine the effect of 14 days of H2 inhalation on the respiratory and physical fitness status of acute post-COVID-19 patients. This randomized, single-blind, placebo-controlled study included 26 males (44 ± 17 years) and 24 females (38 ± 12 years), who performed a 6-min walking test (6 MWT) and pulmonary function test, specifically forced vital capacity (FVC) and expiratory volume in the first second (FEV1). Symptomatic participants were recruited between 21 and 33 days after a positive polymerase chain reaction test. The experiment consisted of H2/placebo inhalation, 2 _ 60 min/day for 14 days. Results showed that H2 therapy, compared with placebo, significantly increased 6 MWT distance by 64 ± 39 m, FVC by 0.19 ± 0.24 L, and, in FEV1, by 0.11 ± 0.28 L (all p ≤ 0.025). In conclusion, H2 inhalation had beneficial health effects in terms of improved physical and respiratory function in acute post-COVID-19 patients. Therefore, H2 inhalation may represent a safe, effective approach for accelerating early function restoration in post-COVID-19 patients. ",Positive,Human,Lung,SARS/COVID,Inflammation,Gas,N/A,Inhalation,,,Czech Republic,,,,,,,,,,,,,,,,,,,,,,,,
1173,"Kong, Xiaofeng","Lu, Tianyu; Lu, You-Yong; Yin, Zhinan","Xu, Kecheng",Effect of Hydrogen Inhalation Therapy on Hearing Loss of Patients With Nasopharyngeal Carcinoma After Radiotherapy ,2022,Frontiers in Medicine,10.3389/fmed.2022.828370 ,"Objective: To evaluate the clinical efficacy and safety of hydrogen inhalation in improving hearing loss in patients with long-term survival of nasopharyngeal carcinoma after radiotherapy. Methods: The eustachian tube dysfunction score, pure tone air conduction threshold, bone conduction threshold, the score of tympanogram and otoscope were prospectively observed in patients with deafness after radiotherapy only or combined radiotherapy and chemotherapy for nasopharyngeal carcinoma. Paired t test and one-way analysis of variance were used to analyze the data before and after treatment. Results: A total of 17 patients were observed. The median time from radiotherapy to now was 228 months, and the median time from the diagnose of deafness to now was 92 months. After 4 weeks of hydrogen inhalation, the score of eustachian tube dysfunction, air conduction and bone conduction hearing thresholds were significantly reduced, P values were 0.0293, 0.0027, 0.0404, respectively. The mean air-bone gap, the score of otoendoscopy and tympanogram were also decreased, but the differences were not significant (P = 0.2079, P = 0.0536, P = 0.1056). Patients with radiotherapy alone and concurrent chemo-radiotherapy had significantly lower air conduction hearing threshold after hydrogen absorption (P = 0.0142, P = 0.0495). The results of air and bone hearing thresholds before, 4 and 12 weeks after hydrogen inhalation showed a descending trend. The air and bone hearing thresholds before hydrogen inhalation were 74.69 ± 27.03 dB and 45.70 ± 21.58 dB, respectively. At the 12th week, the mean values of air and bone hearing thresholds were the lowest, which were 66.88 ± 20.88 dB and 40.94 ± 18.93 dB, respectively, but there was no significant difference in air and bone hearing thresholds among all groups (P = 0.6755, P = 0.7712). After hydrogen inhalation treatment, no adverse reactions such as nosebleed, chest pain, dyspnea, nausea, vomiting, dizziness, earache and allergic reaction were observed. Conclusion: This is the first prospective study on the effect of hydrogen inhalation on hearing improvement in patients with deafness after radiotherapy/chemotherapy for nasopharyngeal carcinoma, suggesting that continuous hydrogen inhalation may be an alternative rehabilitation therapy for these patients. Keywords: chemotherapy; hearing impairment; hearing loss; hydrogen inhalation; hydrogen oxygen inhalation; nasopharyngeal carcinoma; radiotherapy. ",Positive,Human,Ear,Cancer,Hearing Loss,Gas,N/A,Inhalation,,,China,,,,,,,,,,,,,,,,,,,,,,,,
1181,"Tao, Geru","Zhang, Guangjie; Chen, Wei; Yang, Chao; Xue, Yazhuo; Song, Guohua","Qin, Shucun","A randomized, placebo-controlled clinical trial of hydrogen/oxygen inhalation for non-alcoholic fatty liver disease ",2022,Journal of Cellular and Molecular Medicine,10.1111/jcmm.17456 ,"Non-alcoholic fatty liver disease (NAFLD) is the most common chronic liver disease worldwide with increasing incidence consistent with obesity, type 2 diabetes and cardiovascular diseases. No approved medication was currently available for NAFLD treatment. Molecular hydrogen (H2 ), an anti-oxidative, anti-inflammatory biomedical agent is proved to exhibit therapeutic and preventive effect in various diseases. The purpose of this study was to investigate the effect of hydrogen/oxygen inhalation on NAFLD subjects and explore the mechanism from the perspective of hepatocyte autophagy. We conducted a randomized, placebo-controlled clinical trial of 13-week hydrogen/oxygen inhalation (China Clinical Trial Registry [#ChiCTR-IIR-16009114]) including 43 subjects. We found that inhalation of hydrogen/oxygen improved serum lipid and liver enzymes. Significantly improved liver fat content detected by ultrasound and CT scans after hydrogen/oxygen inhalation was observed in moderate-severe cases. We also performed an animal experiment based on methionine and choline-deficient (MCD) diet-induced mice model to investigate effect of hydrogen on mouse NASH. Hydrogen/oxygen inhalation improved systemic inflammation and liver histology. Promoted autophagy was observed in mice inhaled hydrogen/oxygen and treatment with chloroquine blocked the beneficial effect of hydrogen. Moreover, molecular hydrogen inhibited lipid accumulation in AML-12 cells. Autophagy induced by palmitic acid (PA) incubation was further promoted by 20% hydrogen incubation. Addition of 3-methyladenine (3-MA) partially blocked the inhibitory effect of hydrogen on intracellular lipid accumulation. Collectively, hydrogen/oxygen inhalation alleviated NAFLD in moderate-severe patients. This protective effect of hydrogen was possibly by activating hepatic autophagy. Keywords: MCD-induced NASH; NAFLD; autoph",Positive,Human,Liver,Liver Disease,Fatty Liver Disease (Nonalcoholic),Gas,N/A,Inhalation,,Oxygen,China,,,,,,,,,,,,,,,,,,,,,,,,
1186,"Jin, Ling","Fan, Kai; Tan, Shiwang; Liu, Shangxi; Ge, Qin; Wang, Yang; Ai, Zisheng","Yu, Shaoqing","The Beneficial Effects of Hydrogen-Rich Saline Irrigation on Chronic Rhinitis: A Randomized, Double-Blind Clinical Trial ",2022,Journal of Inflammation Research,10.2147/JIR.S365611 ,"Purpose: Chronic rhinitis (CR) is a common chronic inflammation of the nasal mucosa. Nasal saline irrigation has been demonstrated to be an effective treatment for CR. In this study, we investigated the beneficial effects of hydrogen-rich saline irrigation as an anti-inflammatory irrigation therapy for CR and compared its effectiveness over saline irrigation. Hydrogen-rich saline (HRS) was investigated due to its antioxidant and anti-inflammatory properties. Methods: A total of 120 patients with CR were randomly divided into two groups, patients irrigated with HR (HRS group) and the control group irrigated with saline (NS group). A randomized, double-blind control study was performed. The main observation index in this study was the total score of nasal symptoms (TNSS). In addition, eosinophilic protein (ECP) of the nasal secretions, nasal nitric oxide (nNO) levels, and levels of regulatory T cells (Treg) and regulatory B cells (Breg) were also compared between the two groups. Furthermore, patients with allergic rhinitis (AR) and non-allergic rhinitis (NAR) were also evaluated based on serum-specific IgE positivity. Results: After treatment, TNSS and nasal ECP in the two groups decreased significantly (P<0.05), with patients in the HRS group showing significantly lower levels compared to the NS group (P<0.05). There were no significant differences in Treg and Breg levels between the two groups. Subgroup analysis showed that TNSS in the AR-HRS group showed a more significant reduction compared to the AR-NS group (P<0.05); however, there were no significant differences for the other inflammatory biomarkers (P>0.05). ECP levels were reduced significantly in the NAR subgroup compared to NS irrigation (P<0.05). There were no obvious adverse events observed in patients during the entire treatment period. Conclusion: Compared to saline irrigation, HRS nasal irrigation was found to improve CR clinical symptoms, especially in patients with AR. HRS could effectively be used for the clinical treatment of patients with CR. Keywords: allergic rhinitis; chronic rhinitis; hydrogen-rich; nasal irrigation; non-allergic rhinitis. ",Positive,Human,Nose,Rhinitis,Inflammation,Saline (Dissolved),Neutral,Irrigation,,,China,,,,,,,,,,,,,,,,,,,,,,,,
1188,"Milovancev, Aleksandra","Avakumovic, Jovana; Drid, Partik; Todorovic, Nikola; Stajer, Valdemar","Ostojic, Sergej M.",Hydrogen-rich water alleviates inflammation and fatigue in COVID-19: A pilot study,2022,European Journal of Inflammation,10.1177/1721727X221094197,No abstract available,Positive,Human,Whole Body,SARS/COVID,Inflammation,Water (Mg-Chemico),Alkaline,Ingestion,Mg Water,,Serbia,,,,,,,,,,,,,,,,,,,,,,,,
1189,"Ryabokon, Anna","Kononikhin, Alexey; Kozyr, Anna; Zakharova, Natalia; Indeykina, Maria; Brzhozovskiy, Alexander; Shogenova, Ludmila; Nikolaev, Eugene; Varfolomeev, Sergey","Chuchalin, Alexander",Abstract: Effect of hydrogen therapy on the proteomic profile of exhaled breath condensate after recovery from COVID-19,2022,European Respiratory Journal,10.1183/13993003.congress-2021.OA4115 ,"Exhaled breath condensate (EBC) is a promising object for biomarkers search as it contains compounds reflecting changes of biological processes caused by various respiratory diseases including COVID-19. Molecular hydrogen was recently discovered as a new effective antioxidant that can restore lung function after COVID-19. The effect of molecular hydrogen on lung function was studied by comparing EBC protein profiles before and after hydrogen therapy in volunteers who had recovered from COVID-19. Total 108 EBC samples were collected with RTube devices from recovered volunteers before and after hydrogen inhalation. The collecting tube was additionally rinsed with methanol. Peptides obtained after tryptic digestion were analyzed by LC-MS/MS using a nano-LC Dionex system coupled to tims TOF Pro (Bruker) tandem high-resolution mass-spectrometer located in Skoltech. Totally 478 proteins and 1350 peptides were revealed. It was shown that in EBC of the group after the hydrogen therapy, the concentration of structural and protective proteins increased significantly, as well as the average number of detected proteins increased by 15% (from 349 to 398), and the intensity of the 36 most common proteins increased ~3 times compared with the group, which did not receive the therapy. Dermcidin, an antibiotic and proteolytic protein, was found one of the most often found proteins in the group after therapy. Overall, mass spectrometry based analysis showed both quantitative and qualitative EBC proteome changes before and after the hydrogen therapy. This work was partially supported by the RFBR grant 18-29-09158 MK.",Positive,Human,Lung,SARS/COVID,Inflammation,Gas,N/A,Inhalation,,,Russia,,,,,,,,,,,,,,,,,,,,,,,,
1195,"Deryugina, A.V.","Danilova, D.A.; Skokova, A.A.; Brichkin, Yu. D.; Pichugin, V.V.; Medvedev, A.P.; Ryazanov, M.V.","Fedorov, S.A.",Dynamics of Metabolic and Oxidative Parameters of Erythrocytes during Treatment of Chronic Heart Failure with Molecular Hydrogen ,2022,Bulletin of Experimental Biology and Medicine,10.1007/s10517-022-05595-z ,"We studied the effect of molecular hydrogen (H2) on the content of 2,3-diphosphoglyceric acid (2,3-DPG), ATP, malondialdehyde, and catalase activity in erythrocytes in chronic heart failure. Inhalation of 2% molecular hydrogen H2 was carried out for 40 min repeatedly (5 days) or once. Inhalation of H2 caused an increase in ATP concentration in both research groups, but was more pronounced after repeated inhalation. The content of 2,3-DPG increased after repeated exposure to H2. The increase in metabolic activity under the effect of H2 was accompanied by a decrease in malondialdehyde concentration and an increase in catalase activity. Thus, the application of H2 in chronic heart failure reduced oxidative stress and improved metabolism of erythrocytes, which contributes to improvement of microcirculation. This allows us to recommend H2 for protection against ischemic and reperfusion damage to the myocardium. ",Positive,Human,Heart,Heart Failure,Oxidative Stress,Gas,N/A,Inhalation,,,Russia,,,,,,,,,,,,,,,,,,,,,,,,
1198,"Deryugina, Anna Vaycheslavovna","Danilova, Darya Andreevna; Brichkin, Yurii Dmitrievich; Taranov, Evgenii Vladimirovich; Nazarov, Evgenii Ivanovich; Pichugin, Vladimir Viktorovich; Medvedev, Aleksandr Pavlovich; Riazanov, Michail Valerevich; Fedorov, Sergey Andreevich; Andrej, Yurevich Smorkalov","Makarov, Evgenii Vladomirovich",Molecular hydrogen exposure improves functional state of red blood cells in the early postoperative period: a randomized clinical study ,2023,Medical Gas Research,10.4103/2045-9912.356473 ,"Molecular hydrogen (H2) has been considered a preventive and therapeutic medical gas in numerous diseases. The study aimed to investigate the potential role of molecular hydrogen as a component of anesthesia in surgical treatment with cardiopulmonary bypass (CPB) of acquired valve defects on the functional state of red blood cells (RBC) and functional indicators of cardiac activity. This clinical trial was conducted with 20 patients referring to the Specialized Cardiosurgical Clinical Hospital, Nizhny Novgorod, Russian Federation, who underwent elective surgery with CPB. Twenty-four patients were randomly assigned to two groups. First group included 12 patients (research group) who received H2 at a concentration of 1.5-2.0% through a facemask using a breathing circuit of the ventilator together with anesthesia immediately after tracheal intubation and throughout the operation. Second group (control group) included 12 patients who were not given H2. Blood samples were withdrawn from peripheral veins and radial artery at four stages: immediately after the introduction of anesthesia (stage 1), before the start of CPB (stage 2), immediately after its termination (stage 3) and 24 hours after the operation (the early postoperative period) (stage 4). An increase in electrophoretic mobility, an increase in the metabolism of red blood cells, and a decrease in the aggregation of red blood cells relative to the corresponding indicators of the control group were observed in the research group. Patients in the research group had a decrease in oxidative stress manifestations most pronounced one day after the operation. There was a statistically significant difference between the indicators of myocardial contractile function in the research and control group on the 1st and 3rd days after surgery. H2 inhalation leads to improvement of functional state of red blood cells, which is accompanied by a more favorable course of the early postoperative period. These data show the presence of protective properties of molecular hydrogen. ",Positive,Human,Heart,Surgery/Transplantation,Cardiopulmonary Bypass,Gas,N/A,Inhalation,,,Russia,,,,,,,,,,,,,,,,,,,,,,,,
1202,"Zhao, Peng-Xiang","Luo, Rui-Liu; Dang, Zheng; Wang, You-Bin; Zhang, Xu-Juan; Liu, Zi-Yi; Wen, Xiao-Hu; Liu, Meng-Yu; Zhang, Ming-Zi; Advazon, Yao Mawulikplimi","Ma, Xue-Mei",Effect of hydrogen intervention on refractory wounds after radiotherapy: A case report ,2022,World Journal of Clinical Cases,10.12998/wjcc.v10.i21.7545 ,"Background: Patients with keloids who receive radiotherapy (RT) after surgery can develop refractory wounds that cannot be healed by the patient's own repair system. Such chronic wounds are uneven and complex due to persistent abscess and ulceration. Without external intervention, they can easily result in local tissue necrosis or, in severe cases, large area tissue resection, amputation, and even death. Case summary: This article describes the use of hydrogen to treat a 42-year-old female patient with a chronic wound on her left shoulder. The patient had a skin graft that involved implanting a dilator under the skin of her left shoulder, and then transferring excess skin from her shoulder onto scar tissue on her chest. The skin grafting was followed by two rounds of RT, after which the shoulder wound had difficulty healing. For six months, the patient was treated with 2 h of hydrogen inhalation (HI) therapy per day, in addition to application of sterile gauze on the wound and periodic debridement. We also performed one deep, large, sharp debridement to enlarge the wound area. The wound healed completely within 6 mo of beginning the HI treatment. Conclusion: After HI therapy, the patient showed superior progress in reepithelialization and wound repair, with eventual wound closure in 6 mo, in comparison with the previous failures of hyperbaric oxygen and recombinant bovine basic fibroblast growth factor therapies. Our work showed that HI therapy could be a new strategy for wound healing that is cleaner, more convenient, and less expensive than other therapies, as well as easily accessible for further application in clinical wound care.",Positive,Human,Skin,Radioprotection,Wound Healing,Gas,N/A,Inhalation,,,China,,,,,,,,,,,,,,,,,,,,,,,,
1214,"Svitich, O.A.","Baranova, I.A.; Kryukova, N.O.; Poddubikov, A.V.; Vinnitskaya, A.B.; Abramova, N.D.; Zakharova, V.V.; Shogenova, L.V.; Kostinov, M.P.","Chuchalin, A.G.",Hydrogen effect on the mechanisms of mucosal immunity in patients with COVID-19,2022,Terapevticheskii Arkhiv,10.26442/00403660.2022.03.201398,"Aim: To study the inhalation of an active form of hydrogen effect to mucosal and system immunity in a rehabilitation program for health workers. Materials and methods: The study involved patients that survived COVID-19 after therapy with inhaled hydrogen for 90 minutes (n=30), and a control group of patients treated according to standard protocol for managing patients that survived COVID-19 during the rehabilitation period (n=30). Biomaterial was carried out in 2 stages: on the first day of the study, before the accepted therapy and on the 10th day of the study. The indicators of humoral and cellular immunity were studied. The levels of secretory immunoglobulin A (sIgA) and IgG were investigated using the method of enzyme-linked immunosorbent assay. Phagocytosis was assessed on a Beckman Coulter FC-500 flow cytometer. Statistical data processing was carried out in the GraphPad Prism 7.00 software using nonparametric methods. Results: It was shown that the phagocytic index (PI) of monocytes in nasal scrapings after inhaled hydrogen treatment did not significantly change relative to the first day of treatment and control, while the PI of granulocytes in nasal scrapings significantly increased relative to the first day by 2.5 times (p=0.000189), as well as relative to the control by 1.1 times (p=0.047410). PI of monocytes in pharyngeal scrapings showed a significant increase relative to the first day of treatment by 2.8 times (p=0.041103), however, did not differ relative to the control. PI of granulocytes of pharyngeal scraping did not differ significantly relative to the first day and control. PI of granulocytes and blood monocytes of the studied group did not change significantly. PI of granulocytes and monocytes of peripheral blood relative to control during therapy did not change. The sIgA level in nasal scrapings significantly increased by 2.9 times, while in pharyngeal scrapings the level of sIgA significantly decreased by 2 times. _onclusion. We have shown an increase in granulocytes PI in the nasal cavity and oral monocytes, as well as in the level of sIgA in the nasal cavity during therapy with active hydrogen. The data obtained indicate the effectiveness of therapy, which can be used both in the treatment of COVID-19, and in post-COVID syndrome as an additional therapy. The absence of changes in blood parameters, as well as individual links in nasal and pharyngeal scrapings, requires further study to develop ways to overcome treatment tolerance.",Positive,Human,Whole Body,SARS/COVID,Immune Dysfunction,Gas,N/A,Inhalation,,,Russia,,,,,,,,,,,,,,,,,,,,,,,,
1220,"Okada, Masahiro","Ogawa, Hideo; Takagi, Taro; Nishihara, Eriko; Yoshida, Tadashi; Hyodo, Jun; Shinomori, Yusuke; Honda, Nobumitsu; Fujiwara, Takashi; Teraoka, Masato; Yamada, Hiroyuki; Hirano, Shin-Ichi","Hato, Naohito","A double-blinded, randomized controlled clinical trial of hydrogen inhalation therapy for idiopathic sudden sensorineural hearing loss ",2022,Frontiers in Neuroscience,10.3389/fnins.2022.1024634 ,"Background: Hydrogen (H2) has been reported to be effective in reducing hearing loss due to several causes in animal studies. However, no study has examined the effectiveness of H2 in treating hearing loss in humans. Thus, we investigated whether H2 is effective for the treatment of idiopathic sudden sensorineural hearing loss (ISSNHL). Materials and methods: We conducted a double-blind randomized controlled trial at six hospitals between June 2019 and March 2022. The study protocol and trial registration have been published in the Japan Registry of Clinical Trials (jRCT, No. jRCTs06119004). We randomly assigned patients with ISSNHL to receive either H2 (H2 group) or air as a placebo (control group) through inhalation combined with the administration of systemic glucocorticoids and prostaglandin E1. The primary outcome was the hearing threshold and changes in hearing threshold 3 months after therapy. In contrast, the secondary outcomes included the proportion of patients with a good prognosis (complete recovery or marked improvement). Results: Sixty-five patients with ISSNHL (31 and 34 in the H2 and control groups, respectively) were included in this study. The hearing threshold 3 months after treatment was not significantly different between the groups; 39.0 decibels (dB) (95% confidence interval [CI]: 28.7-49.3) and 49.5 dB (95% CI: 40.3-58.7) in the H2 and control groups, respectively. In contrast, the changes in hearing threshold 3 months after treatment was 32.7 dB (95% CI: 24.2-41.3) and 24.2 dB (95% CI: 18.1-30.3) in the H2 and control groups, respectively. Consequently, the changes in hearing threshold were significantly better in the H2 group than in the control group (P = 0.048). However, no adverse effects due to the inhalation of H2 gas have been reported. Conclusion: This is the first study to investigate the efficacy of H2 for the treatment of ISSNHL in humans. The results suggest that H2 therapy may be effective for ISSNHL treatment. Clinical trial registration: [https://jrct.niph.go.jp/re/reports/detail/10442], identifier [jRCTs06119004]. Keywords: free radical; hearing loss; hydrogen; inner ear; sudden deafness. ",Positive,Human,Ear,Hearing Loss,Idiopathic Sudden Sensorineural Hearing Loss,Gas,N/A,Inhalation,,,Japan,,,,,,,,,,,,,,,,,,,,,,,,
1253,"Ono, Hirohisa","Nishijima, Yoji","Ohta, Shigeo",Therapeutic Inhalation of Hydrogen Gas for Alzheimer's Disease Patients and Subsequent Long-Term Follow-Up as a Disease-Modifying Treatment: An Open Label Pilot Study ,2023,Pharmaceuticals,10.3390/ph16030434 ,"(1) Background: Alzheimer's disease (AD) is a progressive and fatal neurodegenerative disorder. Hydrogen gas (H2) is a therapeutic medical gas with multiple functions such as anti-oxidant, anti-inflammation, anti-cell death, and the stimulation of energy metabolism. To develop a disease-modifying treatment for AD through multifactorial mechanisms, an open label pilot study on H2 treatment was conducted. (2) Methods: Eight patients with AD inhaled 3% H2 gas for one hour twice daily for 6 months and then followed for 1 year without inhaling H2 gas. The patients were clinically assessed using the Alzheimer's Disease Assessment Scale-cognitive subscale (ADAS-cog). To objectively assess the neuron integrity, diffusion tensor imaging (DTI) with advanced magnetic resonance imaging (MRI) was applied to neuron bundles passing through the hippocampus. (3) Results: The mean individual ADAS-cog change showed significant improvement after 6 months of H2 treatment (-4.1) vs. untreated patients (+2.6). As assessed by DTI, H2 treatment significantly improved the integrity of neurons passing through the hippocampus vs. the initial stage. The improvement by ADAS-cog and DTI assessments were maintained during the follow-up after 6 months (significantly) or 1 year (non-significantly). (4) Conclusions: This study suggests that H2 treatment not only relieves temporary symptoms, but also has disease-modifying effects, despite its limitations. ",Positive,Human,Brain,Alzheimer's Disease (AD),Cognitive Impairment,Gas,N/A,Inhalation,,,Japan,,,,,,,,,,,,,,,,,,,,,,,,
1257,"Tamura, Tomoyoshi","Suzuki, Masaru; Homma, Koichiro; Sano, Motoaki",HYBRID II Study Group,"Efficacy of inhaled hydrogen on neurological outcome following brain ischaemia during post-cardiac arrest care (HYBRID II): a multi-centre, randomised, double-blind, placebo-controlled trial",2023,eClinicalMedicine,10.1016/j.eclinm.2023.101907 ,"Background: Inhaled molecular hydrogen gas (H2) has been shown to improve outcomes in animal models of cardiac arrest (CA). H2 inhalation is safe and feasible in patients after CA. We investigated whether inhaled H2 would improve outcomes after out-of-hospital CA (OHCA). Methods: HYBRID II is a prospective, multicentre, randomised, double-blind, placebo-controlled trial performed at 15 hospitals in Japan, between February 1, 2017, and September 30, 2021. Patients aged 20-80 years with coma following cardiogenic OHCA were randomly assigned (1:1) using blinded gas cylinders to receive supplementary oxygen with 2% H2 or oxygen (control) for 18 h. The primary outcome was the proportion of patients with a 90-day Cerebral Performance Category (CPC) of 1 or 2 assessed in a full-analysis set. Secondary outcomes included the 90-day score on a modified Rankin scale (mRS) and survival. HYBRID II was registered with the University Hospital Medical Information Network (registration number: UMIN000019820) and re-registered with the Japan Registry for Clinical Trials (registration number: jRCTs031180352). Findings: The trial was terminated prematurely because of the restrictions imposed on enrolment during the COVID-19 pandemic. Between February 1, 2017, and September 30, 2021, 429 patients were screened for eligibility, of whom 73 were randomly assigned to H2 (n = 39) or control (n = 34) groups. The primary outcome, i.e., a CPC of 1 or 2 at 90 days, was achieved in 22 (56%) and 13 (39%) patients in the H2 and control groups (relative risk compared with the control group, 0.72; 95% CI, 0.46-1.13; P = 0.15), respectively. Regarding the secondary outcomes, median mRS was 1 (IQR: 0-5) and 5 (1-6) in the H2 and control groups, respectively (P = 0.01). An mRS score of 0 was achieved in 18 (46%) and 7 (21%) patients in the H2 and control groups, respectively (P = 0.03). The 90-day survival rate was 85% (33/39) and 61% (20/33) in the H2 and control groups, respectively (P = 0.02). Interpretation: The increase in participants with good neurological outcomes following post-OHCA H2 inhalation in a selected population of patients was not statistically significant. However, the secondary outcomes suggest that H2 inhalation may increase 90-day survival without neurological deficits. ",Positive,Human,Brain,Cardiac Arrest,Ischemia-Reperfusion (I/R) Injury,Gas,N/A,Inhalation,,,Japan,,,,,,,,,,,,,,,,,,,,,,,,
1262,"Lin, Hua","Du, Jian; Tian, Zhigang; Yu, Yonghao; Cui, Yan","Xie, Keliang",Hydrogen Gas Treatment Improves Postoperative Delirium and Cognitive Dysfunction in Elderly Noncardiac Patients ,2022,Journal of Personalized Medicine,10.3390/jpm13010067 ,"Purpose: Postoperative delirium is a state of acute brain dysfunction characterized by fluctuating mental status that affects millions of patients each year. We used prophylactic inhalation of hydrogen gas in elderly patients undergoing elective surgery to compare their occurrence of postoperative delirium with that of controls. Methods: A total of 184 patients aged ≥ 65 years were enrolled and randomized into either a control group or a hydrogen inhalation group. The quality of sleep was assessed 1 day before and 1, 3, and 7 days after surgery at 8 A.M. The Confusion Assessment Method (CAM) was used as a screening tool for delirium and assessed the patients’ state of consciousness 1_7 days after surgery. Results: Postoperative delirium occurred in 17 (24%) of 70 patients without hydrogen inhalation and in 10 (12%) of 83 patients after hydrogen inhalation. The incidence of delirium was decreased in the hydrogen group. No significant differences were found between length of stay in hospital after surgery and sleep quality at 1, 3, and 7 days postoperatively between the two groups. The numerical rating scale (NRS) pain scores were higher in the hydrogen group (4.08 ± 1.77) than the control group (3.54 ± 1.77) on day 1 (p < 0.05); however, the mean difference between the two groups was small (1 to 1.6). There were no significant differences on day 3 and 7. The postoperative C-reactive protein level was significantly lower in the hydrogen group than the control group. Conclusions: This study suggests that hydrogen inhalation can prevent postoperative delirium in elderly noncardiac patients by reducing the inflammatory response. ",Positive,Human,Brain,Surgery/Transplantation,Postoperative Delerium,Gas,N/A,Inhalation,,,China,,,,,,,,,,,,,,,,,,,,,,,,
1274,"Peng, Zheng","Li, Xiao-Jian; Pang, Cong; Zhang, Jia-Tong; Zhu, Qi; Sun, Jia-Qing; Wang, Juan; Cao, Bo-Qiang; Zhang, Yu-Hua; Lu, Yue; Li, Wei; Hang, Chun-Hua","Zhuang, Zong",Hydrogen inhalation therapy regulates lactic acid metabolism following subarachnoid hemorrhage through the HIF-1_ pathway ,2023,Biochemical and Biophysical Research Communications,10.1016/j.bbrc.2023.04.072 ,"The neuroprotective effects of hydrogen have been demonstrated, but the mechanism is still poorly understood. In a clinical trial of inhaled hydrogen in patients with subarachnoid hemorrhage (SAH), we found that hydrogen reduced the accumulation of lactic acid in the nervous system. There are no studies demonstrating the regulatory effect of hydrogen on lactate and in this study we hope to further clarify the mechanism by which hydrogen regulates lactate metabolism. In cell experiments, PCR and Western Blot showed that HIF-1_ was the target related to lactic acid metabolism that changed the most before and after hydrogen intervention. HIF-1_ levels were suppressed by hydrogen intervention treatment. Activation of HIF-1_ inhibited the lactic acid-lowering effect of hydrogen. We have also demonstrated the lactic acid-lowering effect of hydrogen in animal studies. Our work clarifies that hydrogen can regulate lactate metabolism via the HIF-1_pathway, providing new insights into the neuroprotective mechanisms of hydrogen. ",Positive,Human,Brain,Neuroprotection,Stroke,Gas,N/A,Inhalation,,,China,,,,,,,,,,,,,,,,,,,,,,,,
1287,"Dan, Zhaojun","Li, Haifeng","Xie, Jin",Efficacy of donepezil plus hydrogen-oxygen mixture inhalation for treatment of patients with Alzheimer disease: A retrospective study ,2023,Medicine,10.1097/MD.0000000000034382 ,"To investigate the clinical effect of donepezil combined with hydrogen-oxygen mixture inhalation in the treatment of patients with Alzheimer disease (AD), a total of 273 AD patients admitted to our hospital from March 2018 to March 2022 were retrospectively analyzed and assigned into an observation group (n = 138) and a control group (n = 135) according to the different treatment that they received. The control group was treated with donepezil tablets, while the observation group was treated with donepezil tablets combined with hydrogen-oxygen mixture inhalation. The scores of mini-mental state examination (MMSE), Montreal Cognitive Assessment (MoCA), Alzheimer's Disease Assessment Scale-Cognition, activity of daily living scale (ADL) and the P300 event-related potential were compared between the 2 groups. After treatment, MMSE score, MoCA score, and ADL score in both groups increased after treatment (P < .01), while the improvement in the observation group was more significant than that in the control group (P < .001 for MMSE, P = .003 for MoCA, and P = .013 for ADL). The scores of Alzheimer's Disease Assessment Scale-Cognition in the observation group decreased after treatment (P < .05), while the improvement in the observation group was more significant than that in the control group (P = .005). After treatment, the latency of P300 in both groups was shortened (P < .01), and the improvement in the observation group was more significant than that in the control group (P < .001). The amplitude of the observation group increased after treatment (P < .01), and the improvement of the observation group was significant than that of the control group (P = .007). The clinical efficacy of donepezil combined with hydrogen-oxygen mixture inhalation in the treatment of AD is better than that of donepezil alone, which is worthy of further study. ",Positive,Human,Brain,Alzheimer's Disease (AD),Cognitive Impairment,Gas,N/A,Inhalation,,"Oxygen, Donepezil",China,,,,,,,,,,,,,,,,,,,,,,,,
1300,"Rahman, Md Habibur","Bajgal, Johny; Sharma, Subham; Jeong, Eun-Sook; Goh, Seong Hoon; Jang, Yeon-Gyu; Kim, Cheol-Su","Lee, Kyu-Jae","Effects of Hydrogen Gas Inhalation on Community-Dwelling Adults of Various Ages: A Single-Arm, Open-Label, Prospective Clinical Trial ",2023,Antioxidants,10.3390/antiox12061241 ,"Molecular hydrogen (H2) is a versatile therapeutic agent. H2 gas inhalation is reportedly safe and has a positive impact on a range of illnesses, including Alzheimer's disease (AD). Herein, we investigated the effects of 4 weeks of H2 gas inhalation on community-dwelling adults of various ages. Fifty-four participants, including those who dropped out (5%), were screened and enrolled. The selected participants were treated as a single group without randomization. We evaluated the association between total and differential white blood cell (WBC) counts and AD risk at individual levels after 4 weeks of H2 gas inhalation treatment. The total and differential WBC counts were not adversely affected after H2 gas inhalation, indicating that it was safe and well tolerated. Investigation of oxidative stress markers such as reactive oxygen species and nitric oxide showed that their levels decreased post-treatment. Furthermore, evaluation of dementia-related biomarkers, such as beta-site APP cleaving enzyme 1 (BACE-1), amyloid beta (A_), brain-derived neurotrophic factor (BDNF), vascular endothelial growth factor A (VEGF-A), T-tau, monocyte chemotactic protein-1 (MCP-1), and inflammatory cytokines (interleukin-6), showed that their cognitive condition significantly improved after treatment, in most cases. Collectively, our results indicate that H2 gas inhalation may be a good candidate for improving AD with cognitive dysfunction in community-dwelling adults of different ages. ",Positive,Human,Brain,Alzheimer's Disease (AD),Cognitive Impairment,Gas,N/A,Inhalation,,,South Korea,,,,,,,,,,,,,,,,,,,,,,,,
1304,"Zeng, Yingying","Guan, Weijie; Wang, Kai; Jie, Zhijun; Zou, Xu; Tan, Xiaoping; Li, Xinyu; Chen, Xiaohua; Ren, Xiaoting; Jiang, Junhong; Zheng, Zeguang; Shi, Jindong","Zhong, Nanshan",Effect of hydrogen/oxygen therapy for ordinary COVID-19 patients: a propensity-score matched case-control study ,2023,BMC Infectious Diseases,10.1186/s12879-023-08424-4 ,"Background: Hydrogen/oxygen therapy contribute to ameliorate dyspnea and disease progression in patients with respiratory diseases. Therefore, we hypothesized that hydrogen/oxygen therapy for ordinary coronavirus disease 2019 (COVID-19) patients might reduce the length of hospitalization and increase hospital discharge rates. Methods: This retrospective, propensity-score matched (PSM) case-control study included 180 patients hospitalized with COVID-19 from 3 centers. After assigned in 1:2 ratios by PSM, 33 patients received hydrogen/oxygen therapy and 55 patients received oxygen therapy included in this study. Primary endpoint was the length of hospitalization. Secondary endpoints were hospital discharge rates and oxygen saturation (SpO2). Vital signs and respiratory symptoms were also observed. Results: Findings confirmed a significantly lower median length of hospitalization (HR = 1.91; 95% CIs, 1.25-2.92; p < 0.05) in the hydrogen/oxygen group (12 days; 95% CI, 9-15) versus the oxygen group (13 days; 95% CI, 11-20). The higher hospital discharge rates were observed in the hydrogen/oxygen group at 21 days (93.9% vs. 74.5%; p < 0.05) and 28 days (97.0% vs. 85.5%; p < 0.05) compared with the oxygen group, except for 14 days (69.7% vs. 56.4%). After 5-day therapy, patients in hydrogen/oxygen group exhibited a higher level of SpO2 compared with that in the oxygen group (98.5%±0.56% vs. 97.8%±1.0%; p < 0.001). In subgroup analysis of patients received hydrogen/oxygen, patients aged < 55 years (p = 0.028) and without comorbidities (p = 0.002) exhibited a shorter hospitalization (median 10 days). Conclusion: This study indicated that hydrogen/oxygen might be a useful therapeutic medical gas to enhance SpO2 and shorten length of hospitalization in patients with ordinary COVID-19. Younger patients or those without comorbidities are likely to benefit more from hydrogen/oxygen therapy. ",Positive,Human,Whole Body,SARS/COVID,Hospitalization time,Gas,N/A,Inhalation,,Oxygen,China,,,,,,,,,,,,,,,,,,,,,,,,
1311,"Najmanova, E.","Manethova, H.; Botek, M.","Pluhacek, F.",EFFECT OF ACUTE HYDROGEN-RICH WATER INTAKE ON INTRAOCULAR PRESSURE IN HEALTHY SUBJECTS ,2023,Ceska a Slovenska Oftalmologie,10.31348/2023/23 ,"Purposes: The primary aim of the study was to assess the response of intraocular pressure (IOP) to the acute ingestion of hydrogen-rich water (HRW) compared to hydrogen-free water (placebo) in healthy subjects. The effect of HRW intake on central corneal thickness (CCT) was also monitored. Subjects and methods: Twenty-four healthy volunteers (5 men, 19 women) aged between 20 and 33 were included in the study, in which one eye of each subject was measured. The study was prospective, randomized and double-blind, with crossover design. Each subject underwent two parts of the experiment, each part on a different day and in random order. In each part of experiment, a total volume of 1260 ml of HRW or placebo was administered over 15 minutes in three doses. IOP and CCT were measured before and during the course of 75 minutes from the start of the HRW or placebo intake. Results: Administration of both HRW and the placebo caused a significant increase in IOP. The maximum IOP increase was 2.7 mmHg ±2.0 mmHg in minute 25 after the commencement of the experiment (HRW intake), and 1.4 mmHg ±2.0 mmHg in minute 35 (placebo intake). The values of IOP did not differ significantly between both parts, but there were significantly more clinically significant individual IOP increases after HRW intake (58%) compared to the placebo (25%). CCT did not change significantly during the experiment. Conclusion: The rapid intake of 1260 ml of both HRW and hydrogen-free water causes a statistically significant increase in IOP compared to the baseline in healthy individuals. In the case of HRW, the increase was also clinically significant in most of the subjects. Thus, the results indicate that acute intake of HRW may pose a higher risk than placebo intake in terms of IOP. However, in the case of risk groups such as subjects with glaucoma, ocular hypertension or suspected glaucoma, it is necessary to verify this conclusion by further studies.",Positive,Human,Eye,Intraocular Pressure,Corneal Thickness,Water (Electrolysis),Neutral,Ingestion,,,Czech Republic,,,,,,,,,,,,,,,,,,,,,,,,
1318,"Chen, Jibing","Kong, Xiaofeng; Mu, Feng; Lu, Tianyu; Du, Duanming","Xu, Kecheng",Hydrogen–oxygen therapy can alleviate radiotherapy-induced hearing loss in patients with nasopharyngeal cancer,2019,Annals of Palliative Medicine,10.21037/apm.2019.11.18,"Three patients with nasopharyngeal carcinoma developed binaural secretory otitis media 12, 2, and 0.5 years after radiotherapy, respectively. The secretions subsided after conventional drug and drainage treatments, but hearing continued to deteriorate until severe loss was documented in both ears. After examination of the eardrum and tympanum, patients were enrolled in a clinical trial in the first half of 2019 (ClinicalTrials.gov: NCT03818347). After 0.5, 1 and 2 months of continuous hydrogen–oxygen therapy, our first three patients reported different levels of improvement in binaural hearing. This is the first report to show that, after treatment for nasopharyngeal carcinoma, hearing loss can be alleviated using hydrogen–oxygen therapy.",Positive,Human,Ear,Cancer,Hearing Loss,Gas,N/A,Inhalation,,Oxygen,China,,,,,,,,,,,,,,,,,,,,,,,,
1320,"Deryugina, A.V.",,"Danilova, D.A.",Molecular Hydrogen Reduces the Degree of Endothelial Alteration under Conditions of Chronic Heart Failure ,2023,Bulletin of Experimental Biology and Medicine,10.1007/s10517-023-05880-5 ,"We studied the effect of molecular hydrogen H2 on the content of circulating endothelial cells and the macrohistological structure of the heart in rats with simulated chronic heart failure. Inhalation with 2% H2 was carried out repeatedly (40 min per day for 5 consecutive days) or once (40 min). Molecular hydrogen inhalations in both regimens caused a decrease in the number of circulating endothelial cells; the most pronounced effect was observed after repeated inhalations on day 14 after chronic heart failure modeling. The decrease in the count of circulating endothelial cells under the action of H2 was accompanied by recovery of the myocardial structure and a decrease in its weight. Molecular hydrogen in chronic heart failure limited the damage to endothelial cells and improved the structure of rat myocardium, which allows us to consider H2 inhalations as the means reducing the progression of chronic heart failure. ",Positive,Human,Heart,Chronic Heart Failure,Endothelial Injury,Gas,N/A,Inhalation,,,Russia,,,,,,,,,,,,,,,,,,,,,,,,
1324,"Chen, Xiaohong","Chen, Yanjian; Lin, Xingchui; Ye, Qian; Zhang, Sheng; Wang, Yunpeng; Chen, Meizhu","Yan, Weiming",The clinical research on the effect of hydrogen-rich water on primary retinitis pigmentosa ,2023,Heliyon,10.1016/j.heliyon.2023.e20671 ,"Objective: To investigate the feasibility and effectiveness of hydrogen in the treatment of retinitis pigmentosa (RP) patients through the drinking of hydrogen-rich water (HRW). Methods: RP patients clinically diagnosed in our hospital were selected and given HRW for drinking at 400-500 ml twice a day for four consecutive weeks. Changes in best corrected visual acuity (BCVA), intraocular pressure, the retinal thickness, and choroidal thickness, as well as the amplitude and peak time of visual electrophysiological examinations before and after HRW drinking were observed. Data were statistically analyzed. Results: In total, 24 eyes of 13 patients with RP (3 males and 10 females aged-27-65 years old, were enrolled in the study. The BCVA after HRW drinking was 0.34 ± 0.25, which was statistically improved compared with that before (P < 0.05). There were no significant differences in intraocular pressure, retinal lhickness, or choroidal thickness before and after HRW drinking (all P > 0.05). The amplitudes of the b-wave in Dark-adaptation 0.01 response, a and b waves in Dark-adaptation 3.0 response, the Dark-adaptation Ops total wave, a and b waves in Light-adaptation 3.0 response, and the Light-adaptation Flicker response of electroretinogram (ERG) were significantly higher than those before HRW drinking (all P < 0.05). The corresponding peak times iwere mproved to some extent compared to those before HRW consumption (all P < 0.05). Six patients with RP (11 eyes) had a BCVAm ore than 20/200. The amplitude and peak time of the P100 -ave from the 1°p attern visual evoked potentials (PVEP) were not significantly different from those before HRW drinking (P > 0.05), while the data from the 15' PVEP were statistically different (P < 0.05). Seven patients with RP (13 eyes) had a BCVA less than. 20/200 No significant differences were found in the amplitude and peak time of the P2 wave from the 1.0 Hz flash visual evoked potentials (FVEP) and the amplitude from the 12 Hz FVEP compared with those before HRW drinking (all P > 0.05). Conclusion: Short-term HRW drinking slightly improved visual function in patients with primary RP, whereas no significant improvement was found in the thickness of the retina and choroid. Keywords: Choroid; Electrophysiology; Hydrogen-rich water; Retina; Retinitis pigmentosa. ",Positive,Human,Eye,Retinal Injury,Retinitis Pigmentosa,Water (Dissolved),Neutral,Ingestion,,,China,,,,,,,,,,,,,,,,,,,,,,,,
1325,"Singh, Ram B.","Tarnava, Alex; Fatima, Ghizal; Fedacko, Jan; Mojto, Viliam","LeBaron, Tyler W.","Can Hydrogen Water Enhance Oxygen Saturation in Patients with Chronic Lung Disease? A Non-Randomized, Observational Pilot Study ",2023,Diseases,10.3390/diseases11040127 ,"Background: Recently, chronic lung diseases have been found to be associated with marked inflammation and oxidative stress, which leads to fibrosis in the lungs and chronic respiratory failure. This study aims to determine if hydrogen-rich water (HRW) can enhance oxygen saturation among patients with chronic lung diseases. Methods: Ten patients with chronic lung diseases due to COPD (n = 7), bronchial asthma (n = 2), and tuberculosis of the lung (n = 1) with oxygen saturation of 90-95% were provided high-concentration (>5 mM) HRW using H2-producing tablets for 4 weeks. Oxygen saturation was measured via oximeter and blood pressure via digital automatic BP recorder. Results: HRW administration was associated with a significant increase in oxygen saturation (SpO2) and decrease in TBARS, MDA, and diene conjugates, with an increase in vitamin E and nitrite levels, compared to baseline levels. Physical training carried out after HRW therapy appeared to increase exercise tolerance and decrease hypoxia, as well as delay the need for oxygen therapy. Conclusion: Treatment with HRW in patients with hypoxia from chronic lung diseases may decrease oxidative stress and improve oxygen saturation in some patients. HRW therapy may also provide increased exercise tolerance in patients with chronic hypoxia, but further research is needed. Keywords: COPD; COVD-19; antioxidant; hydrogen-rich water; hypoxia; inflammation; oxidative stress. ",Positive,Human,Lung,Chronic Obstructive Pulmonary Disease (COPD),Oxygen Saturation,Water (Mg-Chemico),Alkaline,Ingestion,,,India,,,,,,,,,,,,,,,,,,,,,,,,
1329,"Shi, Meng-Meng","Chen, Yun-Tian; Wang, Xiao-Dan; Zhang, Yun-Feng; Cheng, Ting; Chen, Hui; Sun, Feng; Bao, Hong; Chen, Rong; Xiong, Wei-Ning; Song, Yuan-Lin; Li, Qing-Yun","Qu, Jie-Ming","The efficacy of hydrogen/oxygen therapy favored the recovery of omicron SARS-CoV-2 variant infection: results of a multicenter, randomized, controlled trial ",2023,Journal of Clinical Biochemistry and Nutrition,10.3164/jcbn.23-32 ,"Clinical studies had found that hydrogen/oxygen mixed inhalation was beneficial to ameliorate the respiratory symptoms in the adjuvant treatment of patients with COVID-19. We aimed to explore the efficacy of hydrogen/oxygen therapy in favoring the recovery of Omicron SARS-CoV-2 variant infection. There were 64 patients who randomly assigned to receive hydrogen/oxygen inhalation (32 patients) and oxygen inhalation (32 patients). The average shedding duration of Omicron in hydrogen/oxygen group was shorter than oxygen group. The trend of cumulative negative conversion rate of Omicron increased gradually after the third day. The IL-6 levels in hydrogen/oxygen group decreased by 22.8% compared with the baseline. After hydrogen/oxygen mixed gas inhalation, the lymphocyte count increased to 61.1% of the baseline on the 3rd day in the hydrogen/oxygen group. More patients in the hydrogen/oxygen group had resolution of pulmonary lesions. Our study showed the beneficial trends of molecular hydrogen in treating patients with COVID-19, which may offer a prospective solution to adjuvant therapy for COVID-19 Patients. ",Positive,Human,Lung,SARS/COVID,Inflammation,Gas,N/A,Inhalation,,Oxygen,China,,,,,,,,,,,,,,,,,,,,,,,,
1332,"Hirano, Shin-Ichi","Ichikawa, Yusuke; Sato, Bunpei; Takefuji, Yoshiyasu","Satoh, Fumitake",Successful treatment of myalgic encephalomyelitis/chronic fatigue syndrome using hydrogen gas: four case reports ,2024,Medical Gas Research,10.4103/2045-9912.385441 ,No abstract available,Positive,Human,Brain,Myalgic Encephalomyelitis,Chronic Fatigue Syndrome,Gas,N/A,Inhalation,,,Japan,,,,,,,,,,,,,,,,,,,,,,,,
1334,"Tang, Chang","Wang, Lanting; Chen, Zihua; Yang, Jin; Gao, Haiqing; Guan, Chenggong; Gu, Qiaozhi; He, Shan; Yang, Fanping; Chen, Shengan; Ma, Li; Zhang, Zhen; Zhao, Ying; Tang, Lin; Xu, Yu; Hu, Yue","Luo, Xiaoqun","Efficacy and Safety of Hydrogen Therapy in Patients with Early-Stage Interstitial Lung Disease: A Single-Center, Randomized, Parallel-Group Controlled Trial",2023,Therapeutics and Clinical Risk Management,10.2147/TCRM.S438044 ,"Purpose: Several in vivo experiments have shown that molecular hydrogen is a promising therapeutic agent for interstitial lung diseases (ILD). In this study, hydrogen therapy was investigated to determine whether it is superior to N-Acetylcysteine (NAC) for the treatment of patients with early-stage ILD. Patients and methods: A prospective, single-center, randomized, controlled clinical trial was conducted in 87 patients with early-stage ILD. Hydrogen or NAC therapy was randomly assigned (1:1 ratio) to the eligible patients. The primary endpoint was the change in the high-resolution computed tomography (HRCT) and composite physiologic index (CPI) scores from baseline to week 48. Pulmonary function was evaluated as a secondary endpoint, and adverse events were recorded for safety analysis. Results: The rate of HRCT image improvement from the baseline in the HW group (63.6%) was higher than that in the NAC group (39.5%). A significant decrease in CPI and improvement in DLCO-sb were observed in the hydrogen group compared with those in the control group. Changes in other pulmonary function parameters, including FVC, FEV1, FEV1/FVC%, and TLC, were not significantly different between the two groups. Adverse events were reported in 7 (15.9%) patients in the HW group and 10 (23.3%) patients in the NAC group, but the difference was not significant (P=0.706). Conclusion: Hydrogen therapy exhibits superior efficacy and acceptable safety compared with NAC therapy in patients with early-stage ILD.",Positive,Human,Lung,Interstitial Lung Disease,Oxidative Stress,Gas,N/A,Inhalation,N-Acetylcysteine (NAC),,China,,,,,,,,,,,,,,,,,,,,,,,,
1348,"Liu, Shih-Feng","Li, Chin-Ling; Lee, Hui-Ching; Chang, Hui-Chuan; Liu, Jui-Fang","Kuo, Ho-Chang",The Benefit of Hydrogen Gas as an Adjunctive Therapy for Chronic Obstructive Pulmonary Disease ,2024,Medicina,10.3390/medicina60020245 ,The Benefit of Hydrogen Gas as an Adjunctive Therapy for Chronic Obstructive Pulmonary Disease ,Positive,Human,Lung,Chronic Obstructive Pulmonary Disease (COPD),Inflammation,Gas,N/A,Inhalation,,,Taiwan,,,,,,,,,,,,,,,,,,,,,,,,
1355,"Harris, Richard J.","Challen, Craig J.","Mitchell, Simon J.",The first deep rebreather dive using hydrogen: case report ,2024,Diving and Hyperbaric Medicine,10.28920/dhm54.1.65-68 ,"Bounce diving with rapid descents to very deep depths may provoke the high-pressure neurological syndrome (HPNS). The strategy of including small fractions of nitrogen in the respired gas to produce an anti-HPNS narcotic effect increases the gas density which may exceed recommended guidelines. In 2020 the 'Wetmules' dive team explored the Pearse Resurgence cave (New Zealand) to 245 m breathing trimix (approximately 4% oxygen, 91% helium and 5% nitrogen). Despite the presence of nitrogen, one diver experienced HPNS tremors beyond 200 m. The use of hydrogen (a light yet slightly narcotic gas) has been suggested as a solution to this problem but there are concerns, including the potential for ignition and explosion of hydrogen-containing gases, and accelerated heat loss. In February 2023 a single dive to 230 m was conducted in the Pearse Resurgence to experience hydrogen as a breathing gas in a deep bounce dive. Using an electronic closed-circuit rebreather, helihydrox (approximately 3% oxygen, 59% helium and 38% hydrogen) was breathed between 200 and 230 m. This was associated with amelioration of HPNS symptoms in the vulnerable diver and no obvious adverse effects. The use of hydrogen is a potential means of progressing deeper with effective HPNS amelioration while maintaining respired gas density within advised guidelines. ",Positive,Human,Brain,Diving,High-Pressure Nervous Syndrome,Gas,N/A,Inhalation,,,New Zealand,,,,,,,,,,,,,,,,,,,,,,,,